Store Name,City,State,Country,Website,Instagram,Email,Phone,Carries Supreme,Carries Hellstar,Carries Godspeed,Last Order Date,Outreach Status,Outreach Channel,Notes,Date Added,Lead Score,Priority Tier,Brands Carried,Score Reasons,Score Breakdown
HYP Miami,Miami (Brickell),FL,USA,hypmiami.com,@hypmiami,No,No,No,,New Lead,Premium streetwear Brickell - Chrome Hearts/Fear of God/GV Gallery - TOP PRIORITY,,,,,50,B-Tier,,,Contact:10/Brand:5/Market:25/Reach:10
UNKNWN Miami,Miami,FL,USA,unknwn.com,@unknwn,No,No,No,,New Lead,Iconic Miami streetwear destination - KEY ACCOUNT,,,,,50,B-Tier,,,Contact:10/Brand:5/Market:25/Reach:10
SoleFly South Miami,Miami,FL,USA,solefly.com,305-661-3423,No,No,No,,New Lead,8099 S Dixie Hwy #2 Miami FL 33143 - Collab boutique,,,,,50,B-Tier,,,Contact:10/Brand:5/Market:25/Reach:10
SoleFly Cutler Bay,Cutler Bay,FL,USA,solefly.com,305-800-3423,No,No,No,,New Lead,18433 S Dixie Hwy Cutler Bay FL 33157,,,,,30,C-Tier,,,Contact:10/Brand:5/Market:5/Reach:10
SoleFly Doral,Doral,FL,USA,solefly.com,@solefly,No,No,No,,New Lead,8405 NW 53 St Ste E106 Doral FL 33166,,,,,30,C-Tier,,,Contact:10/Brand:5/Market:5/Reach:10
Survival Miami,Miami,FL,USA,survivalmiami.com,(786) 705-3777,info@survivalmiami.com,No,No,,New Lead,4 South Florida locations - multi-door deal potential,,,,,72,B-Tier,,,Contact:22/Brand:5/Market:25/Reach:20
BASE Miami,Miami (Wynwood),FL,USA,,@basemiami,No,No,No,,New Lead,Yelp Top 10 Miami streetwear - Wynwood location,,,,,50,B-Tier,,,Contact:10/Brand:5/Market:25/Reach:10
Sniper Gang Hotbox,Miami,FL,USA,,@snipergang,No,No,No,,New Lead,Rap/streetwear lifestyle store - Yelp Top 10,,,,,50,B-Tier,,,Contact:10/Brand:5/Market:25/Reach:10
ReUp Miami,Miami,FL,USA,,@reupmiami,No,No,No,,New Lead,Resale + streetwear boutique - Yelp Top 10,,,,,50,B-Tier,,,Contact:10/Brand:5/Market:25/Reach:10
D-Koncept,Miami,FL,USA,,@dkoncept_,No,No,No,,New Lead,Miami streetwear boutique - Yelp Top 10,,,,,50,B-Tier,,,Contact:10/Brand:5/Market:25/Reach:10
Lower East Coast,Miami,FL,USA,,@lowereastcoastmiami,No,No,No,,New Lead,Miami streetwear - culture-forward,,,,,50,B-Tier,,,Contact:10/Brand:5/Market:25/Reach:10
Cool J's,Miami,FL,USA,,@cooljsmiami,No,No,No,,New Lead,Streetwear + urban - Yelp Top 10 Miami,,,,,50,B-Tier,,,Contact:10/Brand:5/Market:25/Reach:10
Wynwood Shop,Miami (Wynwood),FL,USA,wynwoodshop.com,@wynwoodshop,No,No,No,,New Lead,Wynwood - high tourist + local traffic,,,,,50,B-Tier,,,Contact:10/Brand:5/Market:25/Reach:10
305 Streetwear,Miami,FL,USA,305streetwear.com,@305streetwear,No,No,No,,New Lead,Miami-born streetwear brand + retail,,,,,50,B-Tier,,,Contact:10/Brand:5/Market:25/Reach:10
The Webster Miami,Miami Beach,FL,USA,thewebster.us,@thewebster,Yes,No,No,,New Lead,1220 Collins Ave - Luxury streetwear - Off-White/Fear of God,,,,,52,B-Tier,,,Contact:22/Brand:5/Market:5/Reach:20
Supply & Advise,Miami Beach,FL,USA,supplyandadvise.com,@supplyandadvise,No,No,No,,New Lead,Premium menswear + streetwear Miami Beach,,,,,30,C-Tier,,,Contact:10/Brand:5/Market:5/Reach:10
Addict Miami,Miami (Wynwood),FL,USA,,@addictmiami,No,No,No,,New Lead,2271 NW 2nd Ave Miami FL 33127 - Wynwood institution,,,,,50,B-Tier,,,Contact:10/Brand:5/Market:25/Reach:10
Local Motion Miami,Miami,FL,USA,,@localmotionmiami,No,No,No,,New Lead,Miami lifestyle + streetwear boutique,,,,,50,B-Tier,,,Contact:10/Brand:5/Market:25/Reach:10
The Sneaker Don,Miami,FL,USA,,@thesneakerdonmiami,No,No,No,,New Lead,Miami luxury sneaker boutique,,,,,50,B-Tier,,,Contact:10/Brand:5/Market:25/Reach:10
Miami Thread,Miami,FL,USA,,@miamithread,No,No,No,,New Lead,Miami streetwear + fashion boutique,,,,,50,B-Tier,,,Contact:10/Brand:5/Market:25/Reach:10
Kicks Miami,Miami,FL,USA,,@kicksmiami,No,No,No,,New Lead,Miami sneaker retail boutique,,,,,50,B-Tier,,,Contact:10/Brand:5/Market:25/Reach:10
Elite Kicks Miami,Miami,FL,USA,,@elitekicksmiami,No,No,No,,New Lead,Miami premium sneaker boutique,,,,,50,B-Tier,,,Contact:10/Brand:5/Market:25/Reach:10
Fresh Prince Kicks,Miami,FL,USA,,@freshprincekicks,No,No,No,,New Lead,Miami sneaker boutique,,,,,50,B-Tier,,,Contact:10/Brand:5/Market:25/Reach:10
786 Sneakers,Miami,FL,USA,,@786sneakers,No,No,No,,New Lead,Miami sneaker boutique - 305 culture,,,,,50,B-Tier,,,Contact:10/Brand:5/Market:25/Reach:10
SBRK (Streetbreak),Miami,FL,USA,,@sbrk_miami,No,No,No,,New Lead,Miami streetwear boutique,,,,,50,B-Tier,,,Contact:10/Brand:5/Market:25/Reach:10
Overdose Miami,Miami (Wynwood),FL,USA,,@overdosemiami,No,No,No,,New Lead,Wynwood streetwear boutique,,,,,50,B-Tier,,,Contact:10/Brand:5/Market:25/Reach:10
Streetwear Exchange,Miami,FL,USA,,@streetwearexchangemiami,No,No,No,,New Lead,Miami streetwear resale + retail,,,,,50,B-Tier,,,Contact:10/Brand:5/Market:25/Reach:10
Kicks Factory,Miami,FL,USA,,@kicksfactorymiami,No,No,No,,New Lead,Miami sneaker boutique + streetwear,,,,,50,B-Tier,,,Contact:10/Brand:5/Market:25/Reach:10
SneakerHead Miami,Miami,FL,USA,,@sneakerheadmiami,No,No,No,,New Lead,Miami sneaker lifestyle boutique,,,,,50,B-Tier,,,Contact:10/Brand:5/Market:25/Reach:10
Concepts Miami,Miami,FL,USA,cncpts.com,@cncpts,No,No,No,,New Lead,Premium sneaker boutique with Miami distribution,,,,,50,B-Tier,,,Contact:10/Brand:5/Market:25/Reach:10
Hialeah Kicks,Hialeah,FL,USA,,@hialehakicks,No,No,No,,New Lead,Hialeah sneaker boutique - dense market,,,,,30,C-Tier,,,Contact:10/Brand:5/Market:5/Reach:10
North Miami Beach Streetwear,North Miami Beach,FL,USA,,@nmbstreetwear,No,No,No,,New Lead,North Miami Beach streetwear boutique,,,,,30,C-Tier,,,Contact:10/Brand:5/Market:5/Reach:10
Aventura Kicks,Aventura,FL,USA,,@aventurakicks,No,No,No,,New Lead,Near Aventura Mall - affluent customer base,,,,,30,C-Tier,,,Contact:10/Brand:5/Market:5/Reach:10
Sneaker Circle,Hollywood,FL,USA,,@sneakercircle,No,No,No,,New Lead,Hollywood FL sneaker boutique,,,,,30,C-Tier,,,Contact:10/Brand:5/Market:5/Reach:10
The Plug HTB,Hollywood,FL,USA,,@theplughtb,No,No,No,,New Lead,Hollywood FL streetwear boutique,,,,,30,C-Tier,,,Contact:10/Brand:5/Market:5/Reach:10
Hallandale Kicks,Hallandale Beach,FL,USA,,@hallandalekicks,No,No,No,,New Lead,Hallandale Beach sneaker boutique,,,,,30,C-Tier,,,Contact:10/Brand:5/Market:5/Reach:10
The Vault FL,Fort Lauderdale,FL,USA,thevaultfl.com,954-882-7481,No,No,No,,New Lead,3920 Riverland Rd FTL 33312 - VERIFIED - TOP PRIORITY,,,,,30,C-Tier,,,Contact:10/Brand:5/Market:5/Reach:10
Knotty Boy,Fort Lauderdale,FL,USA,,@knottyboyfitments,No,No,No,,New Lead,Fort Lauderdale streetwear + lifestyle,,,,,30,C-Tier,,,Contact:10/Brand:5/Market:5/Reach:10
Broward Thread,Fort Lauderdale,FL,USA,,@browardthread,No,No,No,,New Lead,Fort Lauderdale streetwear boutique,,,,,30,C-Tier,,,Contact:10/Brand:5/Market:5/Reach:10
Dope City Apparel,Fort Lauderdale,FL,USA,,@dopecityapparel,No,No,No,,New Lead,Fort Lauderdale urban + streetwear,,,,,30,C-Tier,,,Contact:10/Brand:5/Market:5/Reach:10
Lucre,Pompano Beach,FL,USA,lucreindustries.com,@lucreindustries,No,No,No,,New Lead,2306 E Atlantic Blvd Pompano Beach FL 33062 - VERIFIED,,,,,30,C-Tier,,,Contact:10/Brand:5/Market:5/Reach:10
The Hook Up,Pompano Beach,FL,USA,,@thehookupfl,No,No,No,,New Lead,Pompano Beach streetwear - Yelp Top 10,,,,,30,C-Tier,,,Contact:10/Brand:5/Market:5/Reach:10
Cr8tive Outfitters,Pompano Beach,FL,USA,,@cr8tiveoutfitters,No,No,No,,New Lead,Pompano Beach streetwear,,,,,30,C-Tier,,,Contact:10/Brand:5/Market:5/Reach:10
Sneaker Lovers,Pompano Beach,FL,USA,,@sneakerloversfl,No,No,No,,New Lead,Pompano Beach sneaker boutique,,,,,30,C-Tier,,,Contact:10/Brand:5/Market:5/Reach:10
Soul Society Boutique,Pompano Beach,FL,USA,,@soulsocietyboutique,No,No,No,,New Lead,Lifestyle + streetwear - Pompano Beach,,,,,30,C-Tier,,,Contact:10/Brand:5/Market:5/Reach:10
Boca Kickz,Boca Raton,FL,USA,,@bocakickz,No,No,No,,New Lead,Boca Raton sneaker boutique - affluent market,,,,,30,C-Tier,,,Contact:10/Brand:5/Market:5/Reach:10
Fresh Kicks Boca,Boca Raton,FL,USA,,@freshkicksboca,No,No,No,,New Lead,Boca Raton sneaker boutique,,,,,30,C-Tier,,,Contact:10/Brand:5/Market:5/Reach:10
Delray Kicks,Delray Beach,FL,USA,,@delraykicks,No,No,No,,New Lead,Delray Beach - Atlantic Ave traffic,,,,,30,C-Tier,,,Contact:10/Brand:5/Market:5/Reach:10
Palm Beach Streetwear,West Palm Beach,FL,USA,,@palmbeachstreetwear,No,No,No,,New Lead,West Palm Beach streetwear boutique,,,,,30,C-Tier,,,Contact:10/Brand:5/Market:5/Reach:10
SoleCity WPB,West Palm Beach,FL,USA,,@solecitywpb,No,No,No,,New Lead,West Palm Beach sneaker + streetwear,,,,,30,C-Tier,,,Contact:10/Brand:5/Market:5/Reach:10
The Hookup WPB,West Palm Beach,FL,USA,,@thehookupwpb,No,No,No,,New Lead,West Palm Beach urban + streetwear,,,,,30,C-Tier,,,Contact:10/Brand:5/Market:5/Reach:10
Lake Worth Threads,Lake Worth,FL,USA,,@lakewortththreads,No,No,No,,New Lead,Lake Worth streetwear boutique,,,,,30,C-Tier,,,Contact:10/Brand:5/Market:5/Reach:10
Riviera Beach Kicks,Riviera Beach,FL,USA,,@rivierabeachkicks,No,No,No,,New Lead,Riviera Beach sneaker boutique,,,,,30,C-Tier,,,Contact:10/Brand:5/Market:5/Reach:10
Boynton Beach Kicks,Boynton Beach,FL,USA,,@boyntonbeachkicks,No,No,No,,New Lead,Boynton Beach sneaker + streetwear,,,,,30,C-Tier,,,Contact:10/Brand:5/Market:5/Reach:10
HYP Miami,Miami (Brickell),FL,USA,hypmiami.com,@hypmiami,No,No,No,,New Lead,Premium streetwear Brickell - Chrome Hearts/Fear of God/GV Gallery - TOP PRIORITY,,,,,50,B-Tier,,,Contact:10/Brand:5/Market:25/Reach:10
UNKNWN Miami,Miami,FL,USA,unknwn.com,@unknwn,No,No,No,,New Lead,Iconic Miami streetwear destination - KEY ACCOUNT,,,,,50,B-Tier,,,Contact:10/Brand:5/Market:25/Reach:10
SoleFly South Miami,Miami,FL,USA,solefly.com,305-661-3423,No,No,No,,New Lead,8099 S Dixie Hwy #2 Miami FL 33143 - Collab boutique,,,,,50,B-Tier,,,Contact:10/Brand:5/Market:25/Reach:10
SoleFly Cutler Bay,Cutler Bay,FL,USA,solefly.com,305-800-3423,No,No,No,,New Lead,18433 S Dixie Hwy Cutler Bay FL 33157,,,,,30,C-Tier,,,Contact:10/Brand:5/Market:5/Reach:10
SoleFly Doral,Doral,FL,USA,solefly.com,@solefly,No,No,No,,New Lead,8405 NW 53 St Ste E106 Doral FL 33166,,,,,30,C-Tier,,,Contact:10/Brand:5/Market:5/Reach:10
Survival Miami,Miami,FL,USA,survivalmiami.com,(786) 705-3777,No,No,No,,New Lead,4 South Florida locations - multi-door deal potential. Email: info@survivalmiami.com,,,,,50,B-Tier,,,Contact:10/Brand:5/Market:25/Reach:10
BASE Miami,Miami (Wynwood),FL,USA,,@basemiami,No,No,No,,New Lead,Yelp Top 10 Miami streetwear - Wynwood location,,,,,50,B-Tier,,,Contact:10/Brand:5/Market:25/Reach:10
Sniper Gang Hotbox,Miami,FL,USA,,@snipergang,No,No,No,,New Lead,Rap/streetwear lifestyle store - Yelp Top 10,,,,,50,B-Tier,,,Contact:10/Brand:5/Market:25/Reach:10
ReUp Miami,Miami,FL,USA,,@reupmiami,No,No,No,,New Lead,Resale + streetwear boutique - Yelp Top 10,,,,,50,B-Tier,,,Contact:10/Brand:5/Market:25/Reach:10
D-Koncept,Miami,FL,USA,,@dkoncept_,No,No,No,,New Lead,Miami streetwear boutique - Yelp Top 10,,,,,50,B-Tier,,,Contact:10/Brand:5/Market:25/Reach:10
Lower East Coast,Miami,FL,USA,,@lowereastcoastmiami,No,No,No,,New Lead,Miami streetwear - culture-forward,,,,,50,B-Tier,,,Contact:10/Brand:5/Market:25/Reach:10
Cool J's,Miami,FL,USA,,@cooljsmiami,No,No,No,,New Lead,Streetwear + urban - Yelp Top 10 Miami,,,,,50,B-Tier,,,Contact:10/Brand:5/Market:25/Reach:10
Wynwood Shop,Miami (Wynwood),FL,USA,wynwoodshop.com,@wynwoodshop,No,No,No,,New Lead,Wynwood - high tourist + local traffic,,,,,50,B-Tier,,,Contact:10/Brand:5/Market:25/Reach:10
305 Streetwear,Miami,FL,USA,305streetwear.com,@305streetwear,No,No,No,,New Lead,Miami-born streetwear brand + retail,,,,,50,B-Tier,,,Contact:10/Brand:5/Market:25/Reach:10
The Webster Miami,Miami Beach,FL,USA,thewebster.us,@thewebster,Yes,No,No,,New Lead,1220 Collins Ave - Luxury streetwear - Off-White/Fear of God,,,,,52,B-Tier,,,Contact:22/Brand:5/Market:5/Reach:20
Supply & Advise,Miami Beach,FL,USA,supplyandadvise.com,@supplyandadvise,No,No,No,,New Lead,Premium menswear + streetwear Miami Beach,,,,,30,C-Tier,,,Contact:10/Brand:5/Market:5/Reach:10
Addict Miami,Miami (Wynwood),FL,USA,,@addictmiami,No,No,No,,New Lead,2271 NW 2nd Ave Miami FL 33127 - Wynwood institution,,,,,50,B-Tier,,,Contact:10/Brand:5/Market:25/Reach:10
Local Motion Miami,Miami,FL,USA,,@localmotionmiami,No,No,No,,New Lead,Miami lifestyle + streetwear boutique,,,,,50,B-Tier,,,Contact:10/Brand:5/Market:25/Reach:10
The Sneaker Don,Miami,FL,USA,,@thesneakerdonmiami,No,No,No,,New Lead,Miami luxury sneaker boutique,,,,,50,B-Tier,,,Contact:10/Brand:5/Market:25/Reach:10
Miami Thread,Miami,FL,USA,,@miamithread,No,No,No,,New Lead,Miami streetwear + fashion boutique,,,,,50,B-Tier,,,Contact:10/Brand:5/Market:25/Reach:10
Kicks Miami,Miami,FL,USA,,@kicksmiami,No,No,No,,New Lead,Miami sneaker retail boutique,,,,,50,B-Tier,,,Contact:10/Brand:5/Market:25/Reach:10
Elite Kicks Miami,Miami,FL,USA,,@elitekicksmiami,No,No,No,,New Lead,Miami premium sneaker boutique,,,,,50,B-Tier,,,Contact:10/Brand:5/Market:25/Reach:10
Fresh Prince Kicks,Miami,FL,USA,,@freshprincekicks,No,No,No,,New Lead,Miami sneaker boutique,,,,,50,B-Tier,,,Contact:10/Brand:5/Market:25/Reach:10
786 Sneakers,Miami,FL,USA,,@786sneakers,No,No,No,,New Lead,Miami sneaker boutique - 305 culture,,,,,50,B-Tier,,,Contact:10/Brand:5/Market:25/Reach:10
SBRK (Streetbreak),Miami,FL,USA,,@sbrk_miami,No,No,No,,New Lead,Miami streetwear boutique,,,,,50,B-Tier,,,Contact:10/Brand:5/Market:25/Reach:10
Overdose Miami,Miami (Wynwood),FL,USA,,@overdosemiami,No,No,No,,New Lead,Wynwood streetwear boutique,,,,,50,B-Tier,,,Contact:10/Brand:5/Market:25/Reach:10
Streetwear Exchange,Miami,FL,USA,,@streetwearexchangemiami,No,No,No,,New Lead,Miami streetwear resale + retail,,,,,50,B-Tier,,,Contact:10/Brand:5/Market:25/Reach:10
Kicks Factory,Miami,FL,USA,,@kicksfactorymiami,No,No,No,,New Lead,Miami sneaker boutique + streetwear,,,,,50,B-Tier,,,Contact:10/Brand:5/Market:25/Reach:10
SneakerHead Miami,Miami,FL,USA,,@sneakerheadmiami,No,No,No,,New Lead,Miami sneaker lifestyle boutique,,,,,50,B-Tier,,,Contact:10/Brand:5/Market:25/Reach:10
Concepts Miami,Miami,FL,USA,cncpts.com,@cncpts,No,No,No,,New Lead,Premium sneaker boutique with Miami distribution,,,,,50,B-Tier,,,Contact:10/Brand:5/Market:25/Reach:10
Hialeah Kicks,Hialeah,FL,USA,,@hialehakicks,No,No,No,,New Lead,Hialeah sneaker boutique - dense market,,,,,30,C-Tier,,,Contact:10/Brand:5/Market:5/Reach:10
North Miami Beach Streetwear,North Miami Beach,FL,USA,,@nmbstreetwear,No,No,No,,New Lead,North Miami Beach streetwear boutique,,,,,30,C-Tier,,,Contact:10/Brand:5/Market:5/Reach:10
Aventura Kicks,Aventura,FL,USA,,@aventurakicks,No,No,No,,New Lead,Near Aventura Mall - affluent customer base,,,,,30,C-Tier,,,Contact:10/Brand:5/Market:5/Reach:10
Sneaker Circle,Hollywood,FL,USA,,@sneakercircle,No,No,No,,New Lead,Hollywood FL sneaker boutique,,,,,30,C-Tier,,,Contact:10/Brand:5/Market:5/Reach:10
The Plug HTB,Hollywood,FL,USA,,@theplughtb,No,No,No,,New Lead,Hollywood FL streetwear boutique,,,,,30,C-Tier,,,Contact:10/Brand:5/Market:5/Reach:10
Hallandale Kicks,Hallandale Beach,FL,USA,,@hallandalekicks,No,No,No,,New Lead,Hallandale Beach sneaker boutique,,,,,30,C-Tier,,,Contact:10/Brand:5/Market:5/Reach:10
The Vault FL,Fort Lauderdale,FL,USA,thevaultfl.com,954-882-7481,No,No,No,,New Lead,3920 Riverland Rd FTL 33312 - VERIFIED - TOP PRIORITY,,,,,30,C-Tier,,,Contact:10/Brand:5/Market:5/Reach:10
Knotty Boy,Fort Lauderdale,FL,USA,,@knottyboyfitments,No,No,No,,New Lead,Fort Lauderdale streetwear + lifestyle,,,,,30,C-Tier,,,Contact:10/Brand:5/Market:5/Reach:10
Broward Thread,Fort Lauderdale,FL,USA,,@browardthread,No,No,No,,New Lead,Fort Lauderdale streetwear boutique,,,,,30,C-Tier,,,Contact:10/Brand:5/Market:5/Reach:10
Dope City Apparel,Fort Lauderdale,FL,USA,,@dopecityapparel,No,No,No,,New Lead,Fort Lauderdale urban + streetwear,,,,,30,C-Tier,,,Contact:10/Brand:5/Market:5/Reach:10
Lucre,Pompano Beach,FL,USA,lucreindustries.com,@lucreindustries,No,No,No,,New Lead,2306 E Atlantic Blvd Pompano Beach FL 33062 - VERIFIED,,,,,30,C-Tier,,,Contact:10/Brand:5/Market:5/Reach:10
The Hook Up,Pompano Beach,FL,USA,,@thehookupfl,No,No,No,,New Lead,Pompano Beach streetwear - Yelp Top 10,,,,,30,C-Tier,,,Contact:10/Brand:5/Market:5/Reach:10
Cr8tive Outfitters,Pompano Beach,FL,USA,,@cr8tiveoutfitters,No,No,No,,New Lead,Pompano Beach streetwear,,,,,30,C-Tier,,,Contact:10/Brand:5/Market:5/Reach:10
Sneaker Lovers,Pompano Beach,FL,USA,,@sneakerloversfl,No,No,No,,New Lead,Pompano Beach sneaker boutique,,,,,30,C-Tier,,,Contact:10/Brand:5/Market:5/Reach:10
Soul Society Boutique,Pompano Beach,FL,USA,,@soulsocietyboutique,No,No,No,,New Lead,Lifestyle + streetwear - Pompano Beach,,,,,30,C-Tier,,,Contact:10/Brand:5/Market:5/Reach:10
Boca Kickz,Boca Raton,FL,USA,,@bocakickz,No,No,No,,New Lead,Boca Raton sneaker boutique - affluent market,,,,,30,C-Tier,,,Contact:10/Brand:5/Market:5/Reach:10
Fresh Kicks Boca,Boca Raton,FL,USA,,@freshkicksboca,No,No,No,,New Lead,Boca Raton sneaker boutique,,,,,30,C-Tier,,,Contact:10/Brand:5/Market:5/Reach:10
Delray Kicks,Delray Beach,FL,USA,,@delraykicks,No,No,No,,New Lead,Delray Beach - Atlantic Ave traffic,,,,,30,C-Tier,,,Contact:10/Brand:5/Market:5/Reach:10
Palm Beach Streetwear,West Palm Beach,FL,USA,,@palmbeachstreetwear,No,No,No,,New Lead,West Palm Beach streetwear boutique,,,,,30,C-Tier,,,Contact:10/Brand:5/Market:5/Reach:10
SoleCity WPB,West Palm Beach,FL,USA,,@solecitywpb,No,No,No,,New Lead,West Palm Beach sneaker + streetwear,,,,,30,C-Tier,,,Contact:10/Brand:5/Market:5/Reach:10
The Hookup WPB,West Palm Beach,FL,USA,,@thehookupwpb,No,No,No,,New Lead,West Palm Beach urban + streetwear,,,,,30,C-Tier,,,Contact:10/Brand:5/Market:5/Reach:10
Lake Worth Threads,Lake Worth,FL,USA,,@lakewortththreads,No,No,No,,New Lead,Lake Worth streetwear boutique,,,,,30,C-Tier,,,Contact:10/Brand:5/Market:5/Reach:10
Riviera Beach Kicks,Riviera Beach,FL,USA,,@rivierabeachkicks,No,No,No,,New Lead,Riviera Beach sneaker boutique,,,,,30,C-Tier,,,Contact:10/Brand:5/Market:5/Reach:10
Boynton Beach Kicks,Boynton Beach,FL,USA,,@boyntonbeachkicks,No,No,No,,New Lead,Boynton Beach sneaker + streetwear,,,,,30,C-Tier,,,Contact:10/Brand:5/Market:5/Reach:10
Men's Closet,Orlando,FL,USA,https://mensclosetclothing.com,(407) 578-4878,No,No,No,,Not Contacted,"Original streetwear boutique since 1988. OFF White, Palm Angels, ASSC. 5510 W Colonial Dr Ste 102.",,,,,30,C-Tier,,,Contact:10/Brand:5/Market:5/Reach:10
Aphonics Kicks (Florida Mall),Orlando,FL,USA,https://www.aphonicss.com,(321) 247-5020,Yes,No,No,,Not Contacted,8001 S Orange Blossom Trl. Supreme carrier. Tier 1.,,,,,52,B-Tier,,,Contact:22/Brand:5/Market:5/Reach:20
Aphonics Kicks (Int'l Dr),Orlando,FL,USA,https://www.aphonicss.com,(407) 851-6255,Yes,No,No,,Not Contacted,5263 International Dr. Orlando Outlet Marketplace. 2nd location.,,,,,52,B-Tier,,,Contact:22/Brand:5/Market:5/Reach:20
The Bodega Vintage/Streetwear,Orlando,FL,USA,,@TheBodegaOrlando,No,No,No,,Not Contacted,Vintage + streetwear boutique in Orlando.,,,,,30,C-Tier,,,Contact:10/Brand:5/Market:5/Reach:10
Lovely Kickz Boutique,Orlando,FL,USA,,,No,No,No,,Not Contacted,Sneaker boutique in Orlando area.,,,,,10,C-Tier,,,Contact:0/Brand:5/Market:5/Reach:0
813 Designer World,Tampa,FL,USA,https://813designerworld.com,(813) 252-8585,No,No,No,,Not Contacted,6202 N 40th St. Authorized retailer. New merch daily.,,,,,30,C-Tier,,,Contact:10/Brand:5/Market:5/Reach:10
FLY,Tampa,FL,USA,,(813) 853-6712,No,No,No,,Not Contacted,3904 Corporex Park Dr Ste 102. Exclusive brands since 2009. Tier 1.,,,,,30,C-Tier,,,Contact:10/Brand:5/Market:5/Reach:10
Entourage Streetwear,Tampa,FL,USA,https://entouragestreetwear.com,,No,No,No,,Not Contacted,Tampa-based premium streetwear and sneakers.,,,,,10,C-Tier,,,Contact:0/Brand:5/Market:5/Reach:0
Secured Tampa,Lutz,FL,USA,https://www.securedtampa.com,@securedtampa,Yes,No,No,,Not Contacted,Tampa Premium Outlets. Supreme + Bape carrier. Tier 1.,,,,,52,B-Tier,,,Contact:22/Brand:5/Market:5/Reach:20
Hotbins Tampa,Tampa,FL,USA,https://hotbins.com,(813) 915-5771,No,No,No,,Not Contacted,4001 E Busch Blvd. Buy/sell/trade sneaker chain.,,,,,30,C-Tier,,,Contact:10/Brand:5/Market:5/Reach:10
Impossible Kicks Tampa,Tampa,FL,USA,https://impossiblekicks.com,@impossiblekicks,Yes,No,No,,Not Contacted,International Plaza & Bay Street. Premium boutique.,,,,,52,B-Tier,,,Contact:22/Brand:5/Market:5/Reach:20
KickzR4Us Sneaker Boutique,Tampa,FL,USA,,,No,No,No,,Not Contacted,Sneaker boutique in Tampa Bay area.,,,,,10,C-Tier,,,Contact:0/Brand:5/Market:5/Reach:0
Hotbins Brandon,Brandon,FL,USA,https://hotbins.com,(813) 278-8793,No,No,No,,Not Contacted,1423 E Brandon Blvd.,,,,,30,C-Tier,,,Contact:10/Brand:5/Market:5/Reach:10
Hotbins St. Petersburg,St. Petersburg,FL,USA,https://hotbins.com,@hotbinssaintpete,No,No,No,,Not Contacted,1055 62nd Ave N.,,,,,30,C-Tier,,,Contact:10/Brand:5/Market:5/Reach:10
Matter of Fact,St. Petersburg,FL,USA,https://shopmatteroffact.com,@shopmatteroffact,No,No,No,,Not Contacted,Contemporary streetwear boutique in St Pete.,,,,,30,C-Tier,,,Contact:10/Brand:5/Market:5/Reach:10
Hotbins Holiday,Holiday,FL,USA,https://hotbins.com,(727) 935-1323,No,No,No,,Not Contacted,2599 US-19. North Pinellas area.,,,,,30,C-Tier,,,Contact:10/Brand:5/Market:5/Reach:10
Soleciety Sneaker Boutique,Wesley Chapel,FL,USA,https://solecietyshop.com,@solecietyshop,No,No,No,,Not Contacted,28211 Paseo Dr. Closed due to Hurricane Milton - monitor reopen.,,,,,30,C-Tier,,,Contact:10/Brand:5/Market:5/Reach:10
Hotbins Sarasota,Sarasota,FL,USA,https://hotbins.com,(941) 706-2650,No,No,No,,Not Contacted,935 N Beneva Rd Ste 802.,,,,,30,C-Tier,,,Contact:10/Brand:5/Market:5/Reach:10
Urban Culture Boutique,Sarasota,FL,USA,https://shopurbanculture.com,,No,No,No,,Not Contacted,478 John Ringling Blvd. Downtown Sarasota boutique.,,,,,10,C-Tier,,,Contact:0/Brand:5/Market:5/Reach:0
Graffiti SRQ,Sarasota,FL,USA,https://graffitisrq.com,,No,No,No,,Not Contacted,Custom streetwear shop in Sarasota.,,,,,10,C-Tier,,,Contact:0/Brand:5/Market:5/Reach:0
T. Georgiano's Boutique,Sarasota,FL,USA,https://tgeorgianos.com,(941) 870-3727,No,No,No,,Not Contacted,Designer sneaker boutique. Vintage + modern. Email: info@tgeorgianos.com | Instagram: @tgeorgianos,,,,,30,C-Tier,,,Contact:10/Brand:5/Market:5/Reach:10
Hyped Lounge,Sarasota,FL,USA,,@hyped_lounge,No,No,No,,Not Contacted,Sarasota-based streetwear brand/boutique.,,,,,30,C-Tier,,,Contact:10/Brand:5/Market:5/Reach:10
Sole Culture,Sarasota,FL,USA,,@soleculturej,No,No,No,,Not Contacted,3.3K Instagram. Sneaker boutique.,,,,,30,C-Tier,,,Contact:10/Brand:5/Market:5/Reach:10
Hotbins Fort Myers,Fort Myers,FL,USA,https://hotbins.com,(239) 689-1163,No,No,No,,Not Contacted,4650 S Cleveland Ave Suite 12.,,,,,30,C-Tier,,,Contact:10/Brand:5/Market:5/Reach:10
Steps Shoe Retailer,Fort Myers,FL,USA,https://stepsshoeretailer.com,,No,No,No,,Not Contacted,Exclusive shoes and clothing in SW Florida.,,,,,10,C-Tier,,,Contact:0/Brand:5/Market:5/Reach:0
Envyus Shop,Cape Coral,FL,USA,,,No,No,No,,Not Contacted,Streetwear boutique in Cape Coral.,,,,,10,C-Tier,,,Contact:0/Brand:5/Market:5/Reach:0
RDRNNR Curated,Cape Coral,FL,USA,,,No,No,No,,Not Contacted,Curated streetwear/fashion boutique.,,,,,10,C-Tier,,,Contact:0/Brand:5/Market:5/Reach:0
Just Kicks,Cape Coral,FL,USA,,,No,No,No,,Not Contacted,Sneaker shop in Cape Coral.,,,,,10,C-Tier,,,Contact:0/Brand:5/Market:5/Reach:0
Jsncustoms,Cape Coral,FL,USA,,,No,No,No,,Not Contacted,Custom streetwear and kicks.,,,,,10,C-Tier,,,Contact:0/Brand:5/Market:5/Reach:0
Swag Shop,Gainesville,FL,USA,,,No,No,No,,Not Contacted,Top Gainesville streetwear shop per Yelp.,,,,,10,C-Tier,,,Contact:0/Brand:5/Market:5/Reach:0
Hotbins Daytona Beach,Daytona Beach,FL,USA,https://hotbins.com,(386) 333-9190,No,No,No,,Not Contacted,872 N Nova Rd.,,,,,30,C-Tier,,,Contact:10/Brand:5/Market:5/Reach:10
Duval Kickz,Jacksonville,FL,USA,duvalkickz.com,@duvalkickz,Yes,Yes,Yes,,Not Contacted,"150 Riverside Ave Suite 301, Jacksonville FL 32202. CONFIRMED carries Godspeed + Hellstar. TOP PRIORITY.",,,,,70,B-Tier,,,Contact:30/Brand:15/Market:5/Reach:20
APB Sneaker + Apparel Boutique,Jacksonville,FL,USA,apbstore.com,(904) 619-2987,No,No,No,,Not Contacted,"817 Lomax St, Jacksonville FL 32204. Men's streetwear + sneakers boutique.",,,,,30,C-Tier,,,Contact:10/Brand:5/Market:5/Reach:10
Soul2Sole,Jacksonville,FL,USA,,(904) 999-8551,No,No,No,,Not Contacted,"14866 Old St Augustine Rd Ste 106, Jacksonville FL 32258. Buy/sell/trade sneaker shop.",,,,,30,C-Tier,,,Contact:10/Brand:5/Market:5/Reach:10
Leveled Up Sneaker Boutique (Jax Beach),Jacksonville Beach,FL,USA,leveledupstore.com,@leveledupjaxbeach,No,No,No,,Not Contacted,"14181 Beach Blvd Suite 3, Jacksonville FL 32250. Buy/Sell/Trade sneakers.",,,,,30,C-Tier,,,Contact:10/Brand:5/Market:5/Reach:10
Leveled Up Sneaker Boutique (Orange Park),Orange Park,FL,USA,leveledupstore.com,@leveledupstore,No,No,No,,Not Contacted,"Orange Park Mall, Orange Park FL. Buy/Sell/Trade sneakers & streetwear.",,,,,30,C-Tier,,,Contact:10/Brand:5/Market:5/Reach:10
Onassis Krown,Jacksonville,FL,USA,onassiskrown.com,@onassiskrown,No,No,No,,Not Contacted,Jacksonville FL. Streetwear/urban fashion brand with local retail presence.,,,,,30,C-Tier,,,Contact:10/Brand:5/Market:5/Reach:10
Strange CVLT,Jacksonville,FL,USA,strangecvlt.com,,No,No,No,,Not Contacted,Jacksonville FL area. Alternative/niche streetwear boutique.,,,,,10,C-Tier,,,Contact:0/Brand:5/Market:5/Reach:0
The Hype Section,St. Augustine,FL,USA,,(904) 840-1892,No,No,No,,Not Contacted,"104 Ashourian Ave Ste 104, St. Johns FL 32092. Sneaker boutique near St. Augustine. Sat 11AM-7PM, buy/sell/trade.",,,,,30,C-Tier,,,Contact:10/Brand:5/Market:5/Reach:10
KicksFromFlorida,Gainesville,FL,USA,,@kicksfromflorida,No,No,No,,Not Contacted,Gainesville FL. Student-owned sneaker resell business.,,,,,30,C-Tier,,,Contact:10/Brand:5/Market:5/Reach:10
City Gear,Tallahassee,FL,USA,citygear.com,,No,No,No,,Not Contacted,"1215 Apalachee Pkwy Space 270, Tallahassee FL. Urban streetwear chain (Hibbett Sports).",,,,,10,C-Tier,,,Contact:0/Brand:5/Market:5/Reach:0
Hype Sneakers & Streetwear,Tallahassee,FL,USA,,,No,No,No,,Not Contacted,"Tallahassee FL. Licensed retailer: G-Star, Lacoste, Timberland. High-end sneaker resale. 6 locations.",,,,,10,C-Tier,,,Contact:0/Brand:5/Market:5/Reach:0
Backstage Boutique,Pensacola,FL,USA,,(850) 607-0292,No,No,No,,Not Contacted,"Cordova Mall, 5100 N 9th Ave, Pensacola FL 32504. High-end sneakers and hype streetwear. Carries Nike, Jordan, Yeezy.",,,,,30,C-Tier,,,Contact:10/Brand:5/Market:5/Reach:10
Garden Street Vintage,Pensacola,FL,USA,,@gardenstreetvtg,No,No,No,,Not Contacted,"7 E Gregory St, Pensacola FL 32502. Hand-curated vintage & streetwear. Locally owned.",,,,,30,C-Tier,,,Contact:10/Brand:5/Market:5/Reach:10
Coastal Kicks Pensacola,Pensacola,FL,USA,shopcoastalkicks.com,@coastalkickspcola,No,No,No,,Not Contacted,Pensacola FL. Sister location to Fort Walton Beach. Moved to FWB - verify current status.,,,,,30,C-Tier,,,Contact:10/Brand:5/Market:5/Reach:10
Coastal Kicks,Fort Walton Beach,FL,USA,shopcoastalkicks.com,(850) 200-0699,No,No,No,,Not Contacted,"170 Miracle Strip Pkwy SE, Fort Walton Beach FL 32548. Sneaker & clothing boutique. Connected to @destinhype.",,,,,30,C-Tier,,,Contact:10/Brand:5/Market:5/Reach:10
Awoken Kicks,Panama City Beach,FL,USA,awokenkicks.com,@awoken__kicks,No,No,No,,Not Contacted,"205 Bluefish Drive Suite 100, Panama City Beach FL 32413 (Pier Park). Sneaker/Streetwear/Vintage. Largest selection in the Panhandle.",,,,,30,C-Tier,,,Contact:10/Brand:5/Market:5/Reach:10
The Shops at Amelia Market,Fernandina Beach,FL,USA,,,No,No,No,,Research Needed,Amelia Island/Fernandina Beach FL. Boutique complex downtown. Verify streetwear presence.,,,,,10,C-Tier,,,Contact:0/Brand:5/Market:5/Reach:0
Store Name,City,State,Instagram,Website,Phone,Carries Supreme,Carries Hellstar,Carries Godspeed,Last Order Date,Outreach Status,Notes,,,,,80,A-Tier,,,Contact:30/Brand:25/Market:5/Reach:20
Undefeated - La Brea,Los Angeles,CA,USA,undefeated.com,(323) 937-6077,No,Unknown,No,,Not Contacted,111 S La Brea Ave LA 90036,,,,,58,B-Tier,,,Contact:18/Brand:5/Market:25/Reach:10
Undefeated - Silver Lake,Los Angeles,CA,USA,undefeated.com,(323) 668-1315,No,Unknown,No,,Not Contacted,3827 Sunset Blvd LA 90026,,,,,58,B-Tier,,,Contact:18/Brand:5/Market:25/Reach:10
Undefeated - UACTP,Los Angeles,CA,USA,undefeated.com,(213) 354-4042,No,Unknown,No,,Not Contacted,2200 Beverly Blvd LA 90057,,,,,58,B-Tier,,,Contact:18/Brand:5/Market:25/Reach:10
Undefeated - Santa Monica,Santa Monica,CA,USA,undefeated.com,(310) 399-4195,No,Unknown,No,,Not Contacted,2654 Main St #B Santa Monica 90405,,,,,38,C-Tier,,,Contact:18/Brand:5/Market:5/Reach:10
Undefeated - Glendale,Glendale,CA,USA,undefeated.com,(818) 696-2751,No,Unknown,No,,Not Contacted,114 N Brand Blvd Unit C Glendale 91203,,,,,38,C-Tier,,,Contact:18/Brand:5/Market:5/Reach:10
Blends - Downtown LA,Los Angeles,CA,USA,blendsus.com,(714) 477-0628,No,Unknown,No,,Not Contacted,1218 S Flower St DTLA | contact@blendsus.com,,,,,58,B-Tier,,,Contact:18/Brand:5/Market:25/Reach:10
Blends - Costa Mesa,Costa Mesa,CA,USA,blendsus.com,(714) 477-0628,No,Unknown,No,,Not Contacted,Costa Mesa CA | contact@blendsus.com,,,,,38,C-Tier,,,Contact:18/Brand:5/Market:5/Reach:10
Blends - San Diego,San Diego,CA,USA,blendsus.com,(714) 477-0628,No,Unknown,No,,Not Contacted,San Diego CA | contact@blendsus.com,,,,,38,C-Tier,,,Contact:18/Brand:5/Market:5/Reach:10
Supreme Los Angeles,Los Angeles,CA,USA,supreme.com,@supremenewyork,Yes,No,No,,Not Contacted,439 N Fairfax Ave LA 90036,,,,,72,B-Tier,,,Contact:22/Brand:5/Market:25/Reach:20
Brain Dead,Los Angeles,CA,USA,braindead.world,@braindead,No,Unknown,No,,Not Contacted,927 N Fairfax Ave LA 90046,,,,,58,B-Tier,,,Contact:18/Brand:5/Market:25/Reach:10
The Hundreds,Los Angeles,CA,USA,thehundreds.com,@thehundreds,No,Unknown,No,,Not Contacted,7909 Rosewood Ave LA 90048,,,,,58,B-Tier,,,Contact:18/Brand:5/Market:25/Reach:10
Born x Raised,Los Angeles,CA,USA,bxr.la,@bornxraised,No,Unknown,No,,Not Contacted,4637 Hollywood Blvd LA 90027,,,,,58,B-Tier,,,Contact:18/Brand:5/Market:25/Reach:10
Pleasures,Los Angeles,CA,USA,pleasures.us,@pleasures,No,Unknown,No,,Not Contacted,7969 Santa Monica Blvd LA 90046,,,,,58,B-Tier,,,Contact:18/Brand:5/Market:25/Reach:10
Babylon LA,Los Angeles,CA,USA,babylonla.com,@babylonla,No,Unknown,No,,Not Contacted,1026 S Fairfax Ave LA 90019,,,,,58,B-Tier,,,Contact:18/Brand:5/Market:25/Reach:10
Stussy Chapter LA,Los Angeles,CA,USA,stussy.com,@stussy,No,Unknown,No,,Not Contacted,408 N Fairfax Ave LA 90036,,,,,58,B-Tier,,,Contact:18/Brand:5/Market:25/Reach:10
Sportie LA,Los Angeles,CA,USA,sportiela.com,(323) 655-3137,No,Unknown,No,,Not Contacted,7753 Melrose Ave LA 90046,,,,,58,B-Tier,,,Contact:18/Brand:5/Market:25/Reach:10
H Lorenzo,West Hollywood,CA,USA,hlorenzo.com,(310) 855-0030,No,Unknown,No,,Not Contacted,8660 Sunset Blvd WeHo 90069,,,,,38,C-Tier,,,Contact:18/Brand:5/Market:5/Reach:10
The Webster LA,Los Angeles,CA,USA,thewebster.us,(323) 272-1165,No,Unknown,No,,Not Contacted,8820 Melrose Ave LA 90069,,,,,58,B-Tier,,,Contact:18/Brand:5/Market:25/Reach:10
424,Los Angeles,CA,USA,424online.com,@424,No,Unknown,No,,Not Contacted,424 W Olympic Blvd LA 90015,,,,,58,B-Tier,,,Contact:18/Brand:5/Market:25/Reach:10
Stampd,Los Angeles,CA,USA,stampd.com,@stampd,No,Unknown,No,,Not Contacted,Los Angeles CA,,,,,58,B-Tier,,,Contact:18/Brand:5/Market:25/Reach:10
Round Two Vintage,Los Angeles,CA,USA,roundtwovintage.com,@roundtwovintage,No,Unknown,No,,Not Contacted,1214 N Highland Ave Hollywood 90038,,,,,58,B-Tier,,,Contact:18/Brand:5/Market:25/Reach:10
American Rag Cie,Los Angeles,CA,USA,amrag.com,@americanragcie,No,Unknown,No,,Not Contacted,150 S La Brea Ave LA 90036,,,,,58,B-Tier,,,Contact:18/Brand:5/Market:25/Reach:10
Carre WeHo,West Hollywood,CA,USA,carrewh.com,@carrewh,No,Unknown,No,,Not Contacted,West Hollywood CA,,,,,38,C-Tier,,,Contact:18/Brand:5/Market:5/Reach:10
Chrome Hearts LA,West Hollywood,CA,USA,chromehearts.com,(310) 659-8625,No,Unknown,No,,Not Contacted,931 N Fairfax Ave WeHo 90046,,,,,38,C-Tier,,,Contact:18/Brand:5/Market:5/Reach:10
CLSC LA,Los Angeles,CA,USA,clscworldwide.com,@clscworldwide,No,Unknown,No,,Not Contacted,California streetwear brand,,,,,58,B-Tier,,,Contact:18/Brand:5/Market:25/Reach:10
Crooks & Castles,Los Angeles,CA,USA,crooksncastles.com,@crooksncastles,No,Unknown,No,,Not Contacted,LA streetwear brand retail,,,,,58,B-Tier,,,Contact:18/Brand:5/Market:25/Reach:10
LRG,Los Angeles,CA,USA,lrgclothing.com,@lrgclothing,No,Unknown,No,,Not Contacted,Lifted Research Group - LA streetwear,,,,,58,B-Tier,,,Contact:18/Brand:5/Market:25/Reach:10
BAIT,Los Angeles,CA,USA,baitme.com,@baitme,No,Unknown,No,,Not Contacted,support@baitme.com | Anime streetwear,,,,,58,B-Tier,,,Contact:18/Brand:5/Market:25/Reach:10
Off The Hook SD,San Diego,CA,USA,offthehooksd.com,(619) 291-2099,No,Unknown,No,,Not Contacted,3776 5th Ave San Diego 92103,,,,,38,C-Tier,,,Contact:18/Brand:5/Market:5/Reach:10
Social Status San Diego,San Diego,CA,USA,socialstatusshop.com,@socialstatusshop,No,Unknown,No,,Not Contacted,San Diego CA,,,,,38,C-Tier,,,Contact:18/Brand:5/Market:5/Reach:10
Anchor & Bridge,San Diego,CA,USA,anchorandbridge.com,(619) 255-3690,No,Unknown,No,,Not Contacted,4050 Voltaire St San Diego 92107,,,,,38,C-Tier,,,Contact:18/Brand:5/Market:5/Reach:10
Bodega Skateboards SD,San Diego,CA,USA,,(619) 544-1516,No,Unknown,No,,Not Contacted,San Diego CA,,,,,38,C-Tier,,,Contact:18/Brand:5/Market:5/Reach:10
Endemic Surf SD,San Diego,CA,USA,endemicsurf.com,(619) 334-7873,No,Unknown,No,,Not Contacted,San Diego CA | Surf + streetwear,,,,,38,C-Tier,,,Contact:18/Brand:5/Market:5/Reach:10
HUF San Francisco,San Francisco,CA,USA,hufworldwide.com,(415) 551-0383,No,Unknown,No,,Not Contacted,924 Valencia St SF 94110 | support@hufworldwide.com,,,,,38,C-Tier,,,Contact:18/Brand:5/Market:5/Reach:10
Stussy Chapter SF,San Francisco,CA,USA,stussy.com,@stussy,No,Unknown,No,,Not Contacted,2300 Fillmore St SF 94115,,,,,38,C-Tier,,,Contact:18/Brand:5/Market:5/Reach:10
FTC Skateboarding,San Francisco,CA,USA,ftcskate.com,(415) 553-8900,No,Unknown,No,,Not Contacted,1632 Haight St SF 94117,,,,,38,C-Tier,,,Contact:18/Brand:5/Market:5/Reach:10
Upper Playground SF,San Francisco,CA,USA,upperplayground.com,@upperplayground,No,Unknown,No,,Not Contacted,220 Fillmore St SF 94117,,,,,38,C-Tier,,,Contact:18/Brand:5/Market:5/Reach:10
DLX Superfunk,San Francisco,CA,USA,dlxsf.com,(415) 626-1627,No,Unknown,No,,Not Contacted,1831 Market St SF 94103,,,,,38,C-Tier,,,Contact:18/Brand:5/Market:5/Reach:10
Archive SF,San Francisco,CA,USA,archivesf.com,(415) 861-2004,No,Unknown,No,,Not Contacted,San Francisco CA,,,,,38,C-Tier,,,Contact:18/Brand:5/Market:5/Reach:10
Kicks Lab SF,San Francisco,CA,USA,kickslab.com,@kickslab,No,Unknown,No,,Not Contacted,San Francisco CA | Japanese sneaker boutique,,,,,38,C-Tier,,,Contact:18/Brand:5/Market:5/Reach:10
Wasteland SF,San Francisco,CA,USA,shopwasteland.com,(415) 863-3150,No,Unknown,No,,Not Contacted,1660 Haight St SF 94117,,,,,38,C-Tier,,,Contact:18/Brand:5/Market:5/Reach:10
Round Two SF,San Francisco,CA,USA,roundtwovintage.com,@roundtwovintage,No,Unknown,No,,Not Contacted,San Francisco CA,,,,,38,C-Tier,,,Contact:18/Brand:5/Market:5/Reach:10
Sneaker Politics Oakland,Oakland,CA,USA,sneakerpolitics.com,@sneakerpolitics,No,Unknown,No,,Not Contacted,Oakland CA,,,,,38,C-Tier,,,Contact:18/Brand:5/Market:5/Reach:10
BnB Kicks Oakland,Oakland,CA,USA,,(510) 452-0100,No,Unknown,No,,Not Contacted,Oakland CA,,,,,38,C-Tier,,,Contact:18/Brand:5/Market:5/Reach:10
Shoe Game Oakland,Oakland,CA,USA,,@shoegameoakland,No,Unknown,No,,Not Contacted,Oakland CA,,,,,38,C-Tier,,,Contact:18/Brand:5/Market:5/Reach:10
Oaktown Kicks,Oakland,CA,USA,,@oaktownkicks,No,Unknown,No,,Not Contacted,Oakland CA,,,,,38,C-Tier,,,Contact:18/Brand:5/Market:5/Reach:10
Sole Supremacy,San Jose,CA,USA,solesupremacy.com,(408) 800-4950,No,Unknown,No,,Not Contacted,San Jose CA,,,,,38,C-Tier,,,Contact:18/Brand:5/Market:5/Reach:10
West Coast Kicks,San Jose,CA,USA,,@westcoastkicks,No,Unknown,No,,Not Contacted,San Jose CA,,,,,38,C-Tier,,,Contact:18/Brand:5/Market:5/Reach:10
Solestop Sacramento,Sacramento,CA,USA,solestop.com,@solestop,No,Unknown,No,,Not Contacted,Sacramento CA,,,,,38,C-Tier,,,Contact:18/Brand:5/Market:5/Reach:10
Sole Addicts,Sacramento,CA,USA,soleaddicts.com,@soleaddicts,No,Unknown,No,,Not Contacted,Sacramento CA,,,,,38,C-Tier,,,Contact:18/Brand:5/Market:5/Reach:10
Kicks and Threads,Sacramento,CA,USA,,@kicksandthreadsca,No,Unknown,No,,Not Contacted,Sacramento CA,,,,,38,C-Tier,,,Contact:18/Brand:5/Market:5/Reach:10
Sneaker Junkies,Fresno,CA,USA,,@sneakerjunkies,No,Unknown,No,,Not Contacted,Fresno CA,,,,,38,C-Tier,,,Contact:18/Brand:5/Market:5/Reach:10
Heat Wave CV,Fresno,CA,USA,,@heatwavecv,No,Unknown,No,,Not Contacted,Fresno CA | Central Valley streetwear,,,,,38,C-Tier,,,Contact:18/Brand:5/Market:5/Reach:10
GOAT Los Angeles,Los Angeles,CA,USA,goat.com,@goatapp,No,Unknown,No,,Not Contacted,Culver City/LA | Sneaker marketplace,,,,,58,B-Tier,,,Contact:18/Brand:5/Market:25/Reach:10
Shoe City LA,Los Angeles,CA,USA,shoecityusa.com,@shoecityusa,No,Unknown,No,,Not Contacted,Multiple LA locations,,,,,58,B-Tier,,,Contact:18/Brand:5/Market:25/Reach:10
Vans Venice Beach,Venice Beach,CA,USA,vans.com,(310) 305-9940,No,Unknown,No,,Not Contacted,1800 Pacific Ave Venice 90291,,,,,38,C-Tier,,,Contact:18/Brand:5/Market:5/Reach:10
Carnival Shoes,Los Angeles,CA,USA,carnivalshoes.com,(323) 936-4220,No,Unknown,No,,Not Contacted,5452 W Pico Blvd LA 90019,,,,,58,B-Tier,,,Contact:18/Brand:5/Market:25/Reach:10
Hoop City,Los Angeles,CA,USA,,(323) 731-9008,No,Unknown,No,,Not Contacted,Los Angeles CA,,,,,58,B-Tier,,,Contact:18/Brand:5/Market:25/Reach:10
Kitson Beverly Hills,Beverly Hills,CA,USA,shopkitson.com,(310) 859-2652,No,Unknown,No,,Not Contacted,115 S Robertson Blvd BH 90048,,,,,38,C-Tier,,,Contact:18/Brand:5/Market:5/Reach:10
Fred Segal Santa Monica,Santa Monica,CA,USA,fredsegal.com,(310) 256-6110,No,Unknown,No,,Not Contacted,420 Broadway Santa Monica 90401,,,,,38,C-Tier,,,Contact:18/Brand:5/Market:5/Reach:10
New Era Flagship LA,Los Angeles,CA,USA,neweracap.com,(213) 683-0970,No,Unknown,No,,Not Contacted,700 S Grand Ave LA 90017,,,,,58,B-Tier,,,Contact:18/Brand:5/Market:25/Reach:10
Proper Footwear Long Beach,Long Beach,CA,USA,proper.la,(562) 433-1500,No,Unknown,No,,Not Contacted,241 Pine Ave Long Beach 90802,,,,,38,C-Tier,,,Contact:18/Brand:5/Market:5/Reach:10
Sole Collector LA,Los Angeles,CA,USA,solecollector.com,@solecollector,No,Unknown,No,,Not Contacted,Los Angeles CA,,,,,58,B-Tier,,,Contact:18/Brand:5/Market:25/Reach:10
The RealReal LA,Los Angeles,CA,USA,therealreal.com,(888) 737-4273,No,Unknown,No,,Not Contacted,Multiple CA | Luxury consignment,,,,,58,B-Tier,,,Contact:18/Brand:5/Market:25/Reach:10
Cross Colours LA,Los Angeles,CA,USA,crosscolours.com,@crosscolours,No,Unknown,No,,Not Contacted,Iconic LA streetwear flagship,,,,,58,B-Tier,,,Contact:18/Brand:5/Market:25/Reach:10
Gauntlet Gallery,Los Angeles,CA,USA,,(323) 904-9039,No,Unknown,No,,Not Contacted,LA art-inspired streetwear gallery,,,,,58,B-Tier,,,Contact:18/Brand:5/Market:25/Reach:10
UNIF LA,Los Angeles,CA,USA,unif.com,@unif,No,Unknown,No,,Not Contacted,Alternative/dark streetwear boutique,,,,,58,B-Tier,,,Contact:18/Brand:5/Market:25/Reach:10
Store Name,City,State,Instagram,Website,Phone,Carries Supreme,Carries Hellstar,Carries Godspeed,Last Order Date,Outreach Status,Notes,,,,,80,A-Tier,,,Contact:30/Brand:25/Market:5/Reach:20
Feature LV Chinatown,Las Vegas,NV,USA,https://feature.com,(702) 489-6060,No,No,Prospect,,Not Contacted,3735 W Spring Mountain Rd #205 Las Vegas NV 89102,,,,,50,B-Tier,,,Contact:10/Brand:15/Market:15/Reach:10
Feature at Wynn Las Vegas,Las Vegas,NV,USA,https://feature.com,(702) 770-7000,No,No,Prospect,,Not Contacted,3131 S Las Vegas Blvd Suite 206 Las Vegas NV 89109,,,,,50,B-Tier,,,Contact:10/Brand:15/Market:15/Reach:10
Fruition Las Vegas,Las Vegas,NV,USA,https://www.fruitionlv.com,(702) 202-0170,No,No,Prospect,,Not Contacted,Chinatown area Las Vegas NV. Est 2005. Exclusive streetwear/sneaker boutique,,,,,50,B-Tier,,,Contact:10/Brand:15/Market:15/Reach:10
Urban Necessities Las Vegas,Las Vegas,NV,USA,https://urbannecessities.com,(702) 570-0005,No,No,Prospect,,Not Contacted,7465 S Rainbow Blvd Las Vegas NV 89139,,,,,50,B-Tier,,,Contact:10/Brand:15/Market:15/Reach:10
BAIT Las Vegas,Las Vegas,NV,USA,https://www.baitme.com,(702) 589-2248,No,No,Prospect,,Not Contacted,Las Vegas NV. Street culture boutique anime collabs,,,,,50,B-Tier,,,Contact:10/Brand:15/Market:15/Reach:10
Waves Las Vegas,Las Vegas,NV,USA,https://wearewaves.com,(702) 425-9350,No,No,Prospect,,Not Contacted,4000 S Eastern Ave Las Vegas NV 89119,,,,,50,B-Tier,,,Contact:10/Brand:15/Market:15/Reach:10
Keep New York Everywhere LV,Las Vegas,NV,USA,https://keepnewyorkeverywhere.com,(702) 998-6969,No,No,Prospect,,Not Contacted,Chinatown Plaza Las Vegas NV. NY-inspired streetwear,,,,,50,B-Tier,,,Contact:10/Brand:15/Market:15/Reach:10
DTLV Collective,Las Vegas,NV,USA,https://dtlvcollective.com,(702) 830-4920,No,No,Prospect,,Not Contacted,Downtown Las Vegas. Streetwear art collective,,,,,50,B-Tier,,,Contact:10/Brand:15/Market:15/Reach:10
Hype Exclusive LV,Las Vegas,NV,USA,,(702) 333-3545,No,No,Prospect,,Not Contacted,Chinatown area Las Vegas NV. Independent streetwear/sneaker,,,,,50,B-Tier,,,Contact:10/Brand:15/Market:15/Reach:10
LV Kicks 702,Las Vegas,NV,USA,,(702) 560-4330,No,No,Prospect,,Not Contacted,Las Vegas NV. Limited release sneakers,,,,,50,B-Tier,,,Contact:10/Brand:15/Market:15/Reach:10
Feature Summerlin,Summerlin,NV,USA,https://feature.com,(702) 489-6070,No,No,Prospect,,Not Contacted,1980 Festival Plaza Dr Las Vegas NV 89135,,,,,40,C-Tier,,,Contact:10/Brand:15/Market:5/Reach:10
Kicks Henderson,Henderson,NV,USA,,(702) 450-8880,No,No,Prospect,,Not Contacted,Henderson NV. Independent sneaker boutique,,,,,40,C-Tier,,,Contact:10/Brand:15/Market:5/Reach:10
Fresh Kicks North Las Vegas,North Las Vegas,NV,USA,,(702) 642-0900,No,No,Prospect,,Not Contacted,North Las Vegas NV. Sneaker/streetwear boutique,,,,,40,C-Tier,,,Contact:10/Brand:15/Market:5/Reach:10
Sneaker Pawn Reno,Reno,NV,USA,,(775) 200-5290,No,No,Prospect,,Not Contacted,Reno NV. Sneaker consignment boutique,,,,,40,C-Tier,,,Contact:10/Brand:15/Market:5/Reach:10
Limited Reno,Reno,NV,USA,,(775) 287-0434,No,No,Prospect,,Not Contacted,Reno NV. Streetwear boutique,,,,,40,C-Tier,,,Contact:10/Brand:15/Market:5/Reach:10
Kicks Paradise LV,Paradise,NV,USA,,(702) 438-4242,No,No,Prospect,,Not Contacted,Paradise NV Las Vegas area. Streetwear boutique,,,,,40,C-Tier,,,Contact:10/Brand:15/Market:5/Reach:10
Vintage 702 Las Vegas,Las Vegas,NV,USA,,@vintage702lv,No,No,Prospect,,Not Contacted,Las Vegas NV. Vintage/streetwear boutique,,,,,50,B-Tier,,,Contact:10/Brand:15/Market:15/Reach:10
Sole Food Vegas,Las Vegas,NV,USA,,(702) 388-8040,No,No,Prospect,,Not Contacted,Las Vegas NV. Sneaker/streetwear boutique,,,,,50,B-Tier,,,Contact:10/Brand:15/Market:15/Reach:10
WaveRunner LV,Las Vegas,NV,USA,,(702) 755-3370,No,No,Prospect,,Not Contacted,Las Vegas NV. Streetwear collective,,,,,50,B-Tier,,,Contact:10/Brand:15/Market:15/Reach:10
Trophy Room Vegas,Las Vegas,NV,USA,https://trophyroomstore.com,@trophyroomstore,No,No,Prospect,,Not Contacted,Las Vegas NV. Premium sneaker/streetwear,,,,,50,B-Tier,,,Contact:10/Brand:15/Market:15/Reach:10
OFF-WHITE Las Vegas Forum,Las Vegas,NV,USA,https://www.off---white.com,@off____white,No,No,Prospect,,Not Contacted,3200 Las Vegas Blvd S Las Vegas NV 89109. Forum Shops,,,,,50,B-Tier,,,Contact:10/Brand:15/Market:15/Reach:10
Sneaker Plug Vegas,Las Vegas,NV,USA,,@sneakerplugvegas,No,No,Prospect,,Not Contacted,Las Vegas NV. Resale/boutique sneaker shop,,,,,50,B-Tier,,,Contact:10/Brand:15/Market:15/Reach:10
Street Force ABQ,Albuquerque,NM,USA,,(505) 875-0450,No,No,Prospect,,Not Contacted,3600 Osuna Rd NE Albuquerque NM 87109. Streetwear boutique,,,,,40,C-Tier,,,Contact:10/Brand:15/Market:5/Reach:10
Vault ABQ,Albuquerque,NM,USA,,(505) 433-9090,No,No,Prospect,,Not Contacted,Albuquerque NM. Sneaker/streetwear boutique,,,,,40,C-Tier,,,Contact:10/Brand:15/Market:5/Reach:10
Culture ABQ 505,Albuquerque,NM,USA,,(505) 503-4455,No,No,Prospect,,Not Contacted,Albuquerque NM. Streetwear boutique,,,,,40,C-Tier,,,Contact:10/Brand:15/Market:5/Reach:10
ABQ Kicks,Albuquerque,NM,USA,,(505) 884-5300,No,No,Prospect,,Not Contacted,Albuquerque NM. Independent sneaker shop,,,,,40,C-Tier,,,Contact:10/Brand:15/Market:5/Reach:10
Urban Threads Nob Hill ABQ,Albuquerque,NM,USA,,(505) 265-5700,No,No,Prospect,,Not Contacted,Nob Hill Albuquerque NM 87106. Streetwear/lifestyle,,,,,40,C-Tier,,,Contact:10/Brand:15/Market:5/Reach:10
The Shop ABQ,Albuquerque,NM,USA,,(505) 314-0780,No,No,Prospect,,Not Contacted,Albuquerque NM. Streetwear accessories lifestyle,,,,,40,C-Tier,,,Contact:10/Brand:15/Market:5/Reach:10
New Mexico Dry Goods,Albuquerque,NM,USA,https://www.nmdrygoods.com,(505) 266-5050,No,No,Prospect,,Not Contacted,112 Richmond Dr SE Albuquerque NM 87106. Lifestyle/streetwear,,,,,40,C-Tier,,,Contact:10/Brand:15/Market:5/Reach:10
Sole ABQ,Albuquerque,NM,USA,,(505) 232-7653,No,No,Prospect,,Not Contacted,Albuquerque NM. Consignment sneaker boutique,,,,,40,C-Tier,,,Contact:10/Brand:15/Market:5/Reach:10
Duke City Kicks,Albuquerque,NM,USA,,(505) 262-1100,No,No,Prospect,,Not Contacted,Albuquerque NM. Named after Duke City. Sneaker boutique,,,,,40,C-Tier,,,Contact:10/Brand:15/Market:5/Reach:10
Kicks 505 ABQ,Albuquerque,NM,USA,,(505) 503-8800,No,No,Prospect,,Not Contacted,Albuquerque NM. Streetwear/sneaker boutique,,,,,40,C-Tier,,,Contact:10/Brand:15/Market:5/Reach:10
Supply and Demand Santa Fe,Santa Fe,NM,USA,,(505) 670-4487,No,No,Prospect,,Not Contacted,Santa Fe NM. Streetwear boutique,,,,,40,C-Tier,,,Contact:10/Brand:15/Market:5/Reach:10
Thread Santa Fe,Santa Fe,NM,USA,,(505) 982-1585,No,No,Prospect,,Not Contacted,Santa Fe NM. Independent boutique carrying lifestyle/streetwear,,,,,40,C-Tier,,,Contact:10/Brand:15/Market:5/Reach:10
Kicks Rio Rancho,Rio Rancho,NM,USA,,(505) 892-5530,No,No,Prospect,,Not Contacted,Rio Rancho NM. Sneaker boutique,,,,,40,C-Tier,,,Contact:10/Brand:15/Market:5/Reach:10
Sole-idarity Las Cruces,Las Cruces,NM,USA,,(575) 524-0320,No,No,Prospect,,Not Contacted,Las Cruces NM. Sneaker/streetwear boutique,,,,,40,C-Tier,,,Contact:10/Brand:15/Market:5/Reach:10
Urban Native Las Cruces,Las Cruces,NM,USA,,(575) 523-4489,No,No,Prospect,,Not Contacted,Las Cruces NM. Streetwear cultural boutique,,,,,40,C-Tier,,,Contact:10/Brand:15/Market:5/Reach:10
Kicks Roswell,Roswell,NM,USA,,(575) 622-3378,No,No,Prospect,,Not Contacted,Roswell NM. Sneaker shop,,,,,40,C-Tier,,,Contact:10/Brand:15/Market:5/Reach:10
Step Up Farmington,Farmington,NM,USA,,(505) 325-3411,No,No,Prospect,,Not Contacted,Farmington NM. Streetwear sneaker boutique,,,,,40,C-Tier,,,Contact:10/Brand:15/Market:5/Reach:10
Taos Shoe Company,Taos,NM,USA,https://www.taosshoeco.com,(575) 758-3535,No,No,Prospect,,Not Contacted,107 Bent St Taos NM 87571. Premium footwear boutique,,,,,40,C-Tier,,,Contact:10/Brand:15/Market:5/Reach:10
Wired Taos,Taos,NM,USA,,(575) 758-3799,No,No,Prospect,,Not Contacted,Taos NM. Streetwear/lifestyle boutique,,,,,40,C-Tier,,,Contact:10/Brand:15/Market:5/Reach:10
The Hop Shop Taos,Taos,NM,USA,,@thehopshoptaos,No,No,Prospect,,Not Contacted,Taos NM. Independent streetwear boutique,,,,,40,C-Tier,,,Contact:10/Brand:15/Market:5/Reach:10
Supply and Demand ABQ,Albuquerque,NM,USA,,(505) 262-0044,No,No,Prospect,,Not Contacted,Albuquerque NM. Streetwear boutique,,,,,40,C-Tier,,,Contact:10/Brand:15/Market:5/Reach:10
Nob Hill Sneakers,Albuquerque,NM,USA,,(505) 266-7743,No,No,Prospect,,Not Contacted,Nob Hill district Albuquerque NM. Curated sneaker boutique,,,,,40,C-Tier,,,Contact:10/Brand:15/Market:5/Reach:10
BAIT Denver Blake St,Denver,CO,USA,https://www.baitme.com,(720) 550-5025,No,No,Prospect,,Not Contacted,1962 Blake St Denver CO 80202. Street culture boutique,,,,,50,B-Tier,,,Contact:10/Brand:15/Market:15/Reach:10
Sole Street Shoes Denver,Denver,CO,USA,,(720) 328-2200,No,No,Prospect,,Not Contacted,500 16th St Mall Denver CO 80202,,,,,50,B-Tier,,,Contact:10/Brand:15/Market:15/Reach:10
Colfax Athletic Denver,Denver,CO,USA,,(303) 832-5555,No,No,Prospect,,Not Contacted,3200 E Colfax Ave Denver CO 80206. Athletic/streetwear,,,,,50,B-Tier,,,Contact:10/Brand:15/Market:15/Reach:10
The Shoebox Denver,Denver,CO,USA,,(303) 295-7463,No,No,Prospect,,Not Contacted,Denver CO. Sneaker/streetwear boutique,,,,,50,B-Tier,,,Contact:10/Brand:15/Market:15/Reach:10
Fresh Denim Denver,Denver,CO,USA,,(720) 328-3080,No,No,Prospect,,Not Contacted,Denver CO. Streetwear denim boutique,,,,,50,B-Tier,,,Contact:10/Brand:15/Market:15/Reach:10
Level Denver,Denver,CO,USA,,(303) 399-6070,No,No,Prospect,,Not Contacted,Denver CO. Premium streetwear boutique,,,,,50,B-Tier,,,Contact:10/Brand:15/Market:15/Reach:10
Kicker Denver RiNo,Denver,CO,USA,,(303) 534-5470,No,No,Prospect,,Not Contacted,2301 Blake St Denver CO 80205. Streetwear/sneaker RiNo district,,,,,50,B-Tier,,,Contact:10/Brand:15/Market:15/Reach:10
Aviator Nation Cherry Creek,Denver,CO,USA,https://aviatornation.com,(303) 395-7170,No,No,Prospect,,Not Contacted,2760 E 2nd Ave Denver CO 80206. Lifestyle/streetwear,,,,,50,B-Tier,,,Contact:10/Brand:15/Market:15/Reach:10
Sneaker Plug Denver,Denver,CO,USA,,@sneakerplugdenver,No,No,Prospect,,Not Contacted,Denver CO. Sneaker/streetwear resale boutique,,,,,50,B-Tier,,,Contact:10/Brand:15/Market:15/Reach:10
Denver Kicks,Denver,CO,USA,,(720) 639-4520,No,No,Prospect,,Not Contacted,Denver CO. Premium sneaker boutique,,,,,50,B-Tier,,,Contact:10/Brand:15/Market:15/Reach:10
Oak Street Bootmakers Denver,Denver,CO,USA,https://www.oakstreetbootmakers.com,(303) 355-2000,No,No,Prospect,,Not Contacted,Cherry Creek Denver CO. Premium footwear,,,,,50,B-Tier,,,Contact:10/Brand:15/Market:15/Reach:10
Innersection Boulder,Boulder,CO,USA,,(303) 444-4200,No,No,Prospect,,Not Contacted,2027 Broadway Boulder CO 80302. Streetwear/lifestyle,,,,,40,C-Tier,,,Contact:10/Brand:15/Market:5/Reach:10
Weekends Boutique Boulder,Boulder,CO,USA,,(303) 444-0577,No,No,Prospect,,Not Contacted,Boulder CO. Premium streetwear boutique,,,,,40,C-Tier,,,Contact:10/Brand:15/Market:5/Reach:10
Western Slope Kicks Boulder,Boulder,CO,USA,,(303) 402-0340,No,No,Prospect,,Not Contacted,Boulder CO. Sneaker boutique,,,,,40,C-Tier,,,Contact:10/Brand:15/Market:5/Reach:10
Sneaker Box Colorado Springs,Colorado Springs,CO,USA,,(719) 277-9360,No,No,Prospect,,Not Contacted,Colorado Springs CO. Sneaker/streetwear boutique,,,,,40,C-Tier,,,Contact:10/Brand:15/Market:5/Reach:10
The Hive Fort Collins,Fort Collins,CO,USA,,(970) 225-6500,No,No,Prospect,,Not Contacted,Fort Collins CO. Streetwear/lifestyle boutique,,,,,40,C-Tier,,,Contact:10/Brand:15/Market:5/Reach:10
Vault Kicks Centennial,Centennial,CO,USA,,(720) 213-9870,No,No,Prospect,,Not Contacted,Centennial CO. Sneaker/streetwear boutique,,,,,40,C-Tier,,,Contact:10/Brand:15/Market:5/Reach:10
Fresh Kicks Commerce City,Commerce City,CO,USA,,(720) 441-3200,No,No,Prospect,,Not Contacted,Commerce City CO. Independent sneaker/streetwear,,,,,40,C-Tier,,,Contact:10/Brand:15/Market:5/Reach:10
TopShelf SLC,Salt Lake City,UT,USA,https://topshelfslc.com,(801) 532-9220,No,No,Prospect,,Not Contacted,258 E 900 S Salt Lake City UT 84111. Premium sneaker boutique,,,,,40,C-Tier,,,Contact:10/Brand:15/Market:5/Reach:10
FICE Gallery SLC,Salt Lake City,UT,USA,https://www.ficegallery.com,(801) 532-0440,No,No,Prospect,,Not Contacted,Salt Lake City UT. Art gallery + sneaker/streetwear boutique,,,,,40,C-Tier,,,Contact:10/Brand:15/Market:5/Reach:10
Doused Shop SLC,Salt Lake City,UT,USA,,(801) 448-5600,No,No,Prospect,,Not Contacted,Salt Lake City UT. Streetwear/sneaker boutique,,,,,40,C-Tier,,,Contact:10/Brand:15/Market:5/Reach:10
The Salty Sole SLC,Salt Lake City,UT,USA,,(801) 359-4420,No,No,Prospect,,Not Contacted,Salt Lake City UT. Sneaker boutique/consignment,,,,,40,C-Tier,,,Contact:10/Brand:15/Market:5/Reach:10
Utah Threads SLC,Salt Lake City,UT,USA,,(801) 487-7743,No,No,Prospect,,Not Contacted,Salt Lake City UT. Streetwear boutique,,,,,40,C-Tier,,,Contact:10/Brand:15/Market:5/Reach:10
KOI Clothing SLC,Salt Lake City,UT,USA,https://koiclothing.com,(801) 534-0060,No,No,Prospect,,Not Contacted,Salt Lake City UT. Premium streetwear boutique,,,,,40,C-Tier,,,Contact:10/Brand:15/Market:5/Reach:10
Kicks On Fire SLC,Salt Lake City,UT,USA,,(801) 505-0990,No,No,Prospect,,Not Contacted,Salt Lake City UT. Sneaker boutique,,,,,40,C-Tier,,,Contact:10/Brand:15/Market:5/Reach:10
Sole Collective SLC,Salt Lake City,UT,USA,,(801) 266-0220,No,No,Prospect,,Not Contacted,Salt Lake City UT. Streetwear/sneaker boutique,,,,,40,C-Tier,,,Contact:10/Brand:15/Market:5/Reach:10
The Vault Provo,Provo,UT,USA,,(801) 374-2200,No,No,Prospect,,Not Contacted,Provo UT. Sneaker/streetwear near BYU campus,,,,,40,C-Tier,,,Contact:10/Brand:15/Market:5/Reach:10
Sneaker Attic Provo,Provo,UT,USA,,(801) 373-3414,No,No,Prospect,,Not Contacted,Provo UT. Independent sneaker/streetwear boutique,,,,,40,C-Tier,,,Contact:10/Brand:15/Market:5/Reach:10
Kicks Orem,Orem,UT,USA,,(801) 224-4500,No,No,Prospect,,Not Contacted,Orem UT. Sneaker boutique,,,,,40,C-Tier,,,Contact:10/Brand:15/Market:5/Reach:10
Street Kicks Sandy,Sandy,UT,USA,,(801) 569-5521,No,No,Prospect,,Not Contacted,Sandy UT. Streetwear/sneaker boutique,,,,,40,C-Tier,,,Contact:10/Brand:15/Market:5/Reach:10
Fresh Kicks Ogden,Ogden,UT,USA,,(801) 627-3344,No,No,Prospect,,Not Contacted,Ogden UT. Independent sneaker/streetwear,,,,,40,C-Tier,,,Contact:10/Brand:15/Market:5/Reach:10
Kicks St George,St. George,UT,USA,,(435) 656-8900,No,No,Prospect,,Not Contacted,St George UT. Sneaker boutique,,,,,40,C-Tier,,,Contact:10/Brand:15/Market:5/Reach:10
Taylorsville Sneakers,Taylorsville,UT,USA,,(801) 966-3344,No,No,Prospect,,Not Contacted,Taylorsville UT. Sneaker boutique,,,,,40,C-Tier,,,Contact:10/Brand:15/Market:5/Reach:10
LIKELIHOOD Seattle,Seattle,WA,USA,https://likelihood.us,(206) 420-4282,No,No,Prospect,,Not Contacted,2201 7th Ave Seattle WA 98121. Premier Seattle streetwear boutique. Carries: Stussy Needles Nike Salomon,,,,,50,B-Tier,,,Contact:10/Brand:15/Market:15/Reach:10
BAIT Seattle Capitol Hill,Seattle,WA,USA,https://www.baitme.com,(206) 568-9200,No,No,Prospect,,Not Contacted,915 E Pike St Seattle WA 98122. Streetwear/anime collab boutique,,,,,50,B-Tier,,,Contact:10/Brand:15/Market:15/Reach:10
Goods Store Seattle,Seattle,WA,USA,,(206) 838-6262,No,No,Prospect,,Not Contacted,Capitol Hill Seattle WA. Streetwear/lifestyle boutique,,,,,50,B-Tier,,,Contact:10/Brand:15/Market:15/Reach:10
Haven Seattle,Seattle,WA,USA,,(206) 325-4730,No,No,Prospect,,Not Contacted,Seattle WA. Premium streetwear/lifestyle boutique,,,,,50,B-Tier,,,Contact:10/Brand:15/Market:15/Reach:10
Sole Food Seattle,Seattle,WA,USA,,(206) 325-0020,No,No,Prospect,,Not Contacted,Seattle WA. Sneaker/streetwear boutique,,,,,50,B-Tier,,,Contact:10/Brand:15/Market:15/Reach:10
Crane and Lion Seattle,Seattle,WA,USA,https://craneandlion.com,(206) 682-5020,No,No,Prospect,,Not Contacted,Seattle WA. Premium menswear/streetwear,,,,,50,B-Tier,,,Contact:10/Brand:15/Market:15/Reach:10
Trophy Sneakers Seattle,Seattle,WA,USA,,(206) 625-0011,No,No,Prospect,,Not Contacted,Seattle WA. Sneaker boutique,,,,,50,B-Tier,,,Contact:10/Brand:15/Market:15/Reach:10
Concepts Seattle,Seattle,WA,USA,https://cncpts.com,@cncpts,No,No,Prospect,,Not Contacted,Seattle WA. Premium sneaker/streetwear boutique,,,,,50,B-Tier,,,Contact:10/Brand:15/Market:15/Reach:10
NAVIS Seattle,Seattle,WA,USA,https://navis-workwear.com,(206) 682-3234,No,No,Prospect,,Not Contacted,2nd Ave Seattle WA. Work/lifestyle crossover boutique,,,,,50,B-Tier,,,Contact:10/Brand:15/Market:15/Reach:10
Limited Addition Seattle,Seattle,WA,USA,,(206) 568-9480,No,No,Prospect,,Not Contacted,Seattle WA. Limited edition sneaker boutique,,,,,50,B-Tier,,,Contact:10/Brand:15/Market:15/Reach:10
Kicks Spokane,Spokane,WA,USA,,(509) 325-4420,No,No,Prospect,,Not Contacted,Spokane WA. Independent sneaker/streetwear shop,,,,,40,C-Tier,,,Contact:10/Brand:15/Market:5/Reach:10
The Sneaker Exchange Spokane,Spokane,WA,USA,,(509) 327-0810,No,No,Prospect,,Not Contacted,Spokane WA. Sneaker consignment/boutique,,,,,40,C-Tier,,,Contact:10/Brand:15/Market:5/Reach:10
Kicks Kirkland,Kirkland,WA,USA,,(425) 827-2340,No,No,Prospect,,Not Contacted,Kirkland WA. Sneaker/streetwear shop,,,,,40,C-Tier,,,Contact:10/Brand:15/Market:5/Reach:10
Bellingham Kicks,Bellingham,WA,USA,,(360) 734-9870,No,No,Prospect,,Not Contacted,Bellingham WA. Independent sneaker/streetwear boutique,,,,,40,C-Tier,,,Contact:10/Brand:15/Market:5/Reach:10
Nike Redmond Town Center,Redmond,WA,USA,https://www.nike.com,(425) 882-6453,No,No,Prospect,,Not Contacted,7825 Leary Way NE Redmond WA 98052. Near Microsoft campus,,,,,40,C-Tier,,,Contact:10/Brand:15/Market:5/Reach:10
Hellstar Logo Tees Available @origins305 179 NW 25th St ...,Miami,Florida,USA,https://www.instagram.com/p/DOeQRyXicZS/,@origins305,,1037483433,,,2026-04-16,,,,,,58,B-Tier,,,Contact:18/Brand:5/Market:25/Reach:10
#Hellstar 🚨 New arrivals available in store & on our site ...,Miami,Florida,USA,https://www.instagram.com/p/DJou9v_Nb9c/,@rsrc.php,,1037483433,,,2026-04-16,,,,,,58,B-Tier,,,Contact:18/Brand:5/Market:25/Reach:10
Studios – HELLSTAR,Miami,Florida,USA,https://hellstar.com/collections/studios,@HELLSTAR,,5230780330,,,2026-04-16,,,,,,58,B-Tier,,,Contact:18/Brand:5/Market:25/Reach:10
Hellstar shirts / S-XL Best RESELLER IN MIAMI FL 🔥🌴,Miami,Florida,USA,https://www.instagram.com/p/DNQul0lOxB-/,@rsrc.php,,1037483433,,,2026-04-16,,,,,,58,B-Tier,,,Contact:18/Brand:5/Market:25/Reach:10
HellStar hats & leopard claws available in multiple sizes and ...,Miami,Florida,USA,https://www.instagram.com/reel/DOjYekYEV_q/,@rsrc.php,,1037483433,,,2026-04-16,,,,,,58,B-Tier,,,Contact:18/Brand:5/Market:25/Reach:10
"Coppra Miami - Discover curated luxury menswear, designer ...",Miami,Florida,USA,https://coppramiami.com/,@coppramiami,info@coppra.us,1776280003,,,2026-04-16,,,,,,80,A-Tier,,,Contact:30/Brand:5/Market:25/Reach:20
Supreme Miami – News,Miami,Florida,USA,https://supreme.com/news/992,@context,,(305) 831 0176,,,2026-04-16,,,,,,58,B-Tier,,,Contact:18/Brand:5/Market:25/Reach:10
Supreme Has Just Opened Its First-Ever Miami Store,Miami,Florida,USA,https://secretmiami.com/supreme-first-miami-store/,@SecretMiami_,miami@secretmedianetwork.com,7115053420,,,2026-04-16,,,,,,80,A-Tier,,,Contact:30/Brand:5/Market:25/Reach:20
Supreme: Shop,Miami,Florida,USA,https://us.supreme.com/pages/shop,,,1421991361,,,2026-04-16,,,,,,38,C-Tier,,,Contact:8/Brand:5/Market:25/Reach:0
"From @vetements_official, @rhude, to @alyxstudio, ...",Miami,Florida,USA,https://www.instagram.com/p/B684WdtBiu-/,@vetements_official,,1037483433,,,2026-04-16,,,,,,58,B-Tier,,,Contact:18/Brand:5/Market:25/Reach:10
Rhude Archives - Coppra Miami,Miami,Florida,USA,https://coppramiami.com/brand/rhude/,@coppramiami,info@coppra.us,1776280003,,,2026-04-16,,,,,,80,A-Tier,,,Contact:30/Brand:5/Market:25/Reach:20
Rhude Archives - Page 2 of 2 - Coppra Miami,Miami,Florida,USA,https://coppramiami.com/brand/rhude/page/2/,@coppra.us.,info@coppra.us,1776280003,,,2026-04-16,,,,,,80,A-Tier,,,Contact:30/Brand:5/Market:25/Reach:20
Rhude now available in multiple styles in store & online!🌎🔥,Miami,Florida,USA,https://www.instagram.com/p/DOMRXkCkQ7f/,@rsrc.php,,1037483433,,,2026-04-16,,,,,,58,B-Tier,,,Contact:18/Brand:5/Market:25/Reach:10
Players Closet Miami Gardens (@playerscloset305),Miami,Florida,USA,https://www.instagram.com/playerscloset305/,@playerscloset954,,1037483433,,,2026-04-16,,,,,,58,B-Tier,,,Contact:18/Brand:5/Market:25/Reach:10
Men's Fashion,Miami,Florida,USA,https://www.miamidesigndistrict.com/shops/2/mens-fashion/,@miamidesigndistrict,,(305) 722-7100,,,2026-04-16,,,,,,58,B-Tier,,,Contact:18/Brand:5/Market:25/Reach:10
Supreme Sets Up Shop in Miami,Miami,Florida,USA,https://hypebeast.com/2025/4/supreme-miami-store-opening-info,@hypebeast,app-store-en@2x.png,3702846231,,,2026-04-16,,,,,,80,A-Tier,,,Contact:30/Brand:5/Market:25/Reach:20
Sneak Peek Luxury,Miami,Florida,USA,https://sneakpeekmiami.com/,@theme,,7823523422,,,2026-04-16,,,,,,58,B-Tier,,,Contact:18/Brand:5/Market:25/Reach:10
John Elliott Miami Design District Flagship Store,Miami,Florida,USA,https://hypebeast.com/2021/3/john-elliott-miami-flagship-store-info,,,,,,2026-04-16,,,,,,30,C-Tier,,,Contact:0/Brand:5/Market:25/Reach:0
Coppra Miami - Discover curated luxury menswear ...,Miami,Florida,USA,https://coppramiami.com/,@coppramiami,info@coppra.us,1776280003,,,2026-04-16,,,,,,80,A-Tier,,,Contact:30/Brand:5/Market:25/Reach:20
"Survival - Miami, Fort Lauderdale",Miami,Florida,USA,https://aventuramall.com/shops/survival/,@aventuramall,bootstrap-select@1.13.14,1776356256,,,2026-04-16,,,,,,80,A-Tier,,,Contact:30/Brand:5/Market:25/Reach:20
SNEAKER TOWN – SNEAKER TOWN,Miami,Florida,USA,https://www.sneakertownmia.com/?srsltid=AfmBOoqYfgH0TThk1in5vdPaXBedSrfaX5xp0Z70YKOFZApUyN6aN-wL,@sneakertown,help@sneakertown.com,1613663062,,,2026-04-16,,,,,,80,A-Tier,,,Contact:30/Brand:5/Market:25/Reach:20
LEGENDS MIAMI SNEAKER STORE WYNWOOD ...,Miami,Florida,USA,https://www.instagram.com/legendsmiami/?hl=en,@rsrc.php,,1037483433,,,2026-04-16,,,,,,58,B-Tier,,,Contact:18/Brand:5/Market:25/Reach:10
SoleFly: Sneakers and Apparel,Miami,Florida,USA,https://www.solefly.com/?srsltid=AfmBOorjX9uNxEj0MCOPcDM2bdb-n5ObaKFj7DblF8Ji2YFmJM2DkpTQ,@solefly,,1000005370,,,2026-04-16,,,,,,58,B-Tier,,,Contact:18/Brand:5/Market:25/Reach:10
NEW @hellstar IN STOCK AT LEGEND ORLANDO ...,Orlando,Florida,USA,https://www.instagram.com/p/C3jVe_GMrkx/?hl=en,@legendfla,,1037483433,,,2026-04-16,,,,,,38,C-Tier,,,Contact:18/Brand:5/Market:5/Reach:10
Hellstar Logo Hoodie Black,Orlando,Florida,USA,https://releaseorlando.com/products/hellstar-logo-hoodie-black,@releaseorlando,,1734559548,,,2026-04-16,,,,,,38,C-Tier,,,Contact:18/Brand:5/Market:5/Reach:10
Some Of The Hellstar Available At Our Grand Opening ...,Orlando,Florida,USA,https://www.instagram.com/p/C-GuA5KsTXw/,@rsrc.php,,1037483433,,,2026-04-16,,,,,,38,C-Tier,,,Contact:18/Brand:5/Market:5/Reach:10
"Legend at The Florida Mall® - A Shopping Center in Orlando, FL",Orlando,Florida,USA,https://www.simon.com/mall/the-florida-mall/stores/legend,@shopfloridamall,,1766078725,,,2026-04-16,,,,,,38,C-Tier,,,Contact:18/Brand:5/Market:5/Reach:10
hellstar studios hoodie,Orlando,Florida,USA,https://midnightloungeorlando.com/products/hellstar-studios-hoodie-69bcb7fee34c0-un3qi558,@media,,2303606389,,,2026-04-16,,,,,,38,C-Tier,,,Contact:18/Brand:5/Market:5/Reach:10
Supreme Mid Air Forces Are here ✈️ ✅ 📍The Florida Mall ...,Orlando,Florida,USA,https://www.instagram.com/p/DA1bBkdJtw0/,@rsrc.php,,1037483433,,,2026-04-16,,,,,,38,C-Tier,,,Contact:18/Brand:5/Market:5/Reach:10
Supreme Detailing Super Store Orlando Florida |Resellers,Orlando,Florida,USA,https://www.dirtkiller.com/partners/da-superstore-24825?srsltid=AfmBOooh_SwMsvStjNiMAaNuUYw0upFF0lMC4L9un_idsr6qqb9Uskxc,@supremedetailingsuperstore.com,info@dirtkiller.com,1807892371,,,2026-04-16,,,,,,60,B-Tier,,,Contact:30/Brand:5/Market:5/Reach:20
Rhude T-Shirts - Various Styles & Sizes,Orlando,Florida,USA,https://www.instagram.com/p/C8ulAqdA4pT/,@rsrc.php,,1037483433,,,2026-04-16,,,,,,38,C-Tier,,,Contact:18/Brand:5/Market:5/Reach:10
rhude shirt | Buy Online at Midnightloungeorlando,Orlando,Florida,USA,https://midnightloungeorlando.com/products/rhude-shirt-69bcb82932eb1-00t5eoyq,@media,,2303606389,,,2026-04-16,,,,,,38,C-Tier,,,Contact:18/Brand:5/Market:5/Reach:10
RHUDE Men,Orlando,Florida,USA,https://www.therealreal.com/designers/rhude/men,@therealreal,,2953943037,,,2026-04-16,,,,,,38,C-Tier,,,Contact:18/Brand:5/Market:5/Reach:10
Best Spots for Streetwear Shopping in Orlando,Orlando,Florida,USA,https://www.mensclosetclothing.com/blogs/news/spots-for-streetwear-shopping-in-orlando?srsltid=AfmBOoqhX0oAjxR7mfUng98pUwdGsKVOWRsva1CtmoleonWKwOSshTeS,,,,,,2026-04-16,,,,,,10,C-Tier,,,Contact:0/Brand:5/Market:5/Reach:0
LEGEND | ORLANDO FL (@legendfla),Orlando,Florida,USA,https://www.instagram.com/legendfla/,@legendfla,,1037483433,,,2026-04-16,,,,,,38,C-Tier,,,Contact:18/Brand:5/Market:5/Reach:10
Mindstreet – MINDS STREET FASHION,Orlando,Florida,USA,https://mindsstreet.com/,@minds__tm,INFO@MINDSSTREET.COM,1760469680,,,2026-04-16,,,,,,60,B-Tier,,,Contact:30/Brand:5/Market:5/Reach:20
Men's Closet | Authentic Jordan Sneakers & Streetwear ...,Orlando,Florida,USA,https://www.mensclosetclothing.com/?srsltid=AfmBOooERPEsbxR3pZ9KjhR-M6i_hr-9nD1tzZa1BI-LVqHMESp5IlQx,,,,,,2026-04-16,,,,,,10,C-Tier,,,Contact:0/Brand:5/Market:5/Reach:0
Aphonics - Aphonics,Orlando,Florida,USA,https://www.aphonicss.com/,,,2025110411,,,2026-04-16,,,,,,18,C-Tier,,,Contact:8/Brand:5/Market:5/Reach:0
Impossible Kicks,Orlando,Florida,USA,https://impossiblekicks.com/?srsltid=AfmBOooREsjKIw6XJaVw1zZLl3rDRwCjGUzSzqjNeiAMUniG9jue-8qp,,,,,,2026-04-16,,,,,,10,C-Tier,,,Contact:0/Brand:5/Market:5/Reach:0
Aphonics at The Florida Mall - Simon,Orlando,Florida,USA,https://www.simon.com/mall/the-florida-mall/stores/aphonics,@shopfloridamall,,1766078725,,,2026-04-16,,,,,,38,C-Tier,,,Contact:18/Brand:5/Market:5/Reach:10
Release Orlando,Orlando,Florida,USA,https://releaseorlando.com/,@releaseorlando,,1722993885,,,2026-04-16,,,,,,38,C-Tier,,,Contact:18/Brand:5/Market:5/Reach:10
Orlando,Orlando,Florida,USA,https://hypebeast.com/tags/orlando,@hypebeast,screenshot-adblock@2x.c415715a.png,3702846231,,,2026-04-16,,,,,,60,B-Tier,,,Contact:30/Brand:5/Market:5/Reach:20
"Shop This Store on N Orange Blossom Trail in Orlando, FL",Orlando,Florida,USA,https://www.hibbett.com/storedetails/FL/Orlando/1580,@hibbettrosemontfl,,1776352493,,,2026-04-16,,,,,,38,C-Tier,,,Contact:18/Brand:5/Market:5/Reach:10
(@sneakersicarios) • Instagram photos and videos,Orlando,Florida,USA,https://www.instagram.com/sneakersicarios/,@sneakersicarios,,1037483433,,,2026-04-16,,,,,,38,C-Tier,,,Contact:18/Brand:5/Market:5/Reach:10
"Shoe Store Orlando, FL | Sneakers and Apparel",Orlando,Florida,USA,https://www.hibbett.com/storedetails/FL/Orlando/1260,@hibbettorlandonorth,,1776352493,,,2026-04-16,,,,,,38,C-Tier,,,Contact:18/Brand:5/Market:5/Reach:10
Orlando Fashion Square,Orlando,Florida,USA,https://stores.finishline.com/fl/orlando/orlando-fashion-square.html,@finishline,,(407) 896-3058,,,2026-04-16,,,,,,38,C-Tier,,,Contact:18/Brand:5/Market:5/Reach:10
@hellstar now available in store #hellstar #dctampa,Tampa,Florida,USA,https://www.instagram.com/p/C5HBlhrPWV3/,@hellstar,,1037483433,,,2026-04-16,,,,,,38,C-Tier,,,Contact:18/Brand:5/Market:5/Reach:10
"Designers Closet Tampa on Instagram: ""come shop with us at ...",Tampa,Florida,USA,https://www.instagram.com/reel/DBJ0hwjvxQA/,@rsrc.php,,1037483433,,,2026-04-16,,,,,,38,C-Tier,,,Contact:18/Brand:5/Market:5/Reach:10
"Citrus Park Mall Tampa, FL 8130 Citrus Park Dr ➡️ Near ...",Tampa,Florida,USA,https://www.instagram.com/reel/DAd29jUPTB7/,@rsrc.php,,1037483433,,,2026-04-16,,,,,,38,C-Tier,,,Contact:18/Brand:5/Market:5/Reach:10
New Bape and Hellstar tees in stock come shop today until ...,Tampa,Florida,USA,https://www.instagram.com/p/DCZukCsRyg4/,@rsrc.php,,1037483433,,,2026-04-16,,,,,,38,C-Tier,,,Contact:18/Brand:5/Market:5/Reach:10
HELLSTAR RESTOCK AT BOTH LOCATIONS HITTING THE ...,Tampa,Florida,USA,https://www.instagram.com/reel/DMh-PORpFO5/,@rsrc.php,,1037483433,,,2026-04-16,,,,,,38,C-Tier,,,Contact:18/Brand:5/Market:5/Reach:10
New furry supreme in stock we have a couple left tap ...,Tampa,Florida,USA,https://www.instagram.com/p/DR7mxEoj-3p/,@rsrc.php,,1037483433,,,2026-04-16,,,,,,38,C-Tier,,,Contact:18/Brand:5/Market:5/Reach:10
The World's Most Exclusive Urban Clothing Brand,Tampa,Florida,USA,https://swiftfoxmedia.com/2024/07/25/the-worlds-most-exclusive-urban-clothing-brand/,@context,admin@swiftfoxmedia.com,2167951930,,,2026-04-16,,,,,,60,B-Tier,,,Contact:30/Brand:5/Market:5/Reach:20
Salt Pines,Tampa,Florida,USA,https://hydeparkvillage.com/tenants/salt-pines/,@hydeparkvillage,Monica.Doyle@wsdevelopment.com,1134619875,,,2026-04-16,,,,,,60,B-Tier,,,Contact:30/Brand:5/Market:5/Reach:20
Entourage (@entouragekicksandgear),Tampa,Florida,USA,https://www.instagram.com/entouragekicksandgear/?hl=en,@onyxbyentourage,,1037483433,,,2026-04-16,,,,,,38,C-Tier,,,Contact:18/Brand:5/Market:5/Reach:10
"Seasons Street Wear (@seasonstampa) · Tampa, FL",Tampa,Florida,USA,https://www.instagram.com/seasonstampa/,@seasonstampa,,1037483433,,,2026-04-16,,,,,,38,C-Tier,,,Contact:18/Brand:5/Market:5/Reach:10
Entourage Streetwear | Premium Streetwear and Shoes,Tampa,Florida,USA,https://entouragestreetwear.com/,@font,,4900651358,,,2026-04-16,,,,,,38,C-Tier,,,Contact:18/Brand:5/Market:5/Reach:10
Tampa bay designer world,Tampa,Florida,USA,https://813designerworld.com/,@font,,1329837617,,,2026-04-16,,,,,,38,C-Tier,,,Contact:18/Brand:5/Market:5/Reach:10
Impossible Kicks,Tampa,Florida,USA,https://www.impossiblekicks.com/?srsltid=AfmBOorw8d8gkPJhRJz-Jev4OBiwfXtEgB5W7GXsd0t71dJtQvpjxiro,,,,,,2026-04-16,,,,,,10,C-Tier,,,Contact:0/Brand:5/Market:5/Reach:0
Soleciety,Tampa,Florida,USA,https://solecietyshop.com/?srsltid=AfmBOop5bogAsj1CgCByvNWUeYUt7BFOu_V85XQdrPPiTYUIfSwg3OAR,@Soleciety_,,8083580528,,,2026-04-16,,,,,,38,C-Tier,,,Contact:18/Brand:5/Market:5/Reach:10
On Point has officially opened our 4th location at Tampa ...,Tampa,Florida,USA,https://www.instagram.com/reel/DNgNK2Tt33t/,@rsrc.php,,1037483433,,,2026-04-16,,,,,,38,C-Tier,,,Contact:18/Brand:5/Market:5/Reach:10
Tampa Shoes & Sneaker Store | Eastgate Shopping Center ...,Tampa,Florida,USA,https://locations.dtlr.com/fl/tampa/eastgate-shopping-center.html,@dtlrofficial,custserv@dtlr.com,1537521453,,,2026-04-16,,,,,,60,B-Tier,,,Contact:30/Brand:5/Market:5/Reach:20
"iCon – Premium Men's Fashion: Tees, Bottoms, Shoes ...",Tampa,Florida,USA,https://www.theiconclothingshop.com/?srsltid=AfmBOorLPd855Kj2J0WXawmwnBhBHybDcbUARGJzom6xzppoKrUx-cpA,@iconflorida,,1718207225,,,2026-04-16,,,,,,38,C-Tier,,,Contact:18/Brand:5/Market:5/Reach:10
For the Bay Clothing Co.: For the Bay Clothing Company ...,Tampa,Florida,USA,https://www.forthebayclothingco.com/?srsltid=AfmBOorEdE5LI6BwFwFjUjCBAvJlFeip5atJ76KwdlqSdKxN_-spTD7R,@forthebayclothingco,Dave@4TBClothingCo.com,4527422579,,,2026-04-16,,,,,,60,B-Tier,,,Contact:30/Brand:5/Market:5/Reach:20
"Home Supreme Marine Inc. Fort Lauderdale, FL (954) 797-1818",Fort Lauderdale,Florida,USA,https://www.suprememarineinc.com/,@suprememarineinc,jquery.maskedinput@1.4.1,(954) 797-1818,,,2026-04-16,,,,,,60,B-Tier,,,Contact:30/Brand:5/Market:5/Reach:20
Supreme Men's Wear,Fort Lauderdale,Florida,USA,https://www.linkedin.com/company/supreme-men's-wear,@linkedin,,1693196074,,,2026-04-16,,,,,,38,C-Tier,,,Contact:18/Brand:5/Market:5/Reach:10
Supreme International Corporation,Fort Lauderdale,Florida,USA,https://www.encyclopedia.com/books/politics-and-business-magazines/supreme-international-corporation,@media,,(305) 592-2830,,,2026-04-16,,,,,,38,C-Tier,,,Contact:18/Brand:5/Market:5/Reach:10
Supreme Auto Imports: Used Cars Oakland Park FL | Used ...,Fort Lauderdale,Florida,USA,https://www.supremeautoimports.com/,@example.com,,954-907-7527,,,2026-04-16,,,,,,38,C-Tier,,,Contact:18/Brand:5/Market:5/Reach:10
"Heat Check: Rhude, Triple Sevens ...",Fort Lauderdale,Florida,USA,https://www.instagram.com/p/DND8aAVObRA/,@rsrc.php,,1037483433,,,2026-04-16,,,,,,38,C-Tier,,,Contact:18/Brand:5/Market:5/Reach:10
Buttafly Rhude Collection - Fashion & Apparel Boutique,Fort Lauderdale,Florida,USA,https://yobuttafly.com/collections/rhude?srsltid=AfmBOorbMWhzxYSBVlEvwhtSamx7mp2wLbiJNCOuyRlauQcnzVxocAtV,@shopbuttafly,info@yobuttafly.com,1656788507,,,2026-04-16,,,,,,60,B-Tier,,,Contact:30/Brand:5/Market:5/Reach:20
NEW ARRIVAL! Rhude Tee's AVAILABLE NOW! UNDER ...,Fort Lauderdale,Florida,USA,https://www.instagram.com/p/DL-dIPdMPJy/,@rsrc.php,,1037483433,,,2026-04-16,,,,,,38,C-Tier,,,Contact:18/Brand:5/Market:5/Reach:10
FTL- Cold Shoulder Kicks: High-end sneaker & clothing ...,Fort Lauderdale,Florida,USA,https://cskicksftl.com/?srsltid=AfmBOooXFMD2zlNvgZ9wEuPt5O0p-mQI5I6Rs0mpZQrgCUydRbqzztCm,@coldshoulderkicksftl,,1725024684,,,2026-04-16,,,,,,38,C-Tier,,,Contact:18/Brand:5/Market:5/Reach:10
"Cold Shoulder Kicks - Fort Lauderdale, FL",Fort Lauderdale,Florida,USA,https://www.instagram.com/coldshoulderkicksftl/,@coldshoulderkicks,,1037483433,,,2026-04-16,,,,,,38,C-Tier,,,Contact:18/Brand:5/Market:5/Reach:10
THE VAULT,Fort Lauderdale,Florida,USA,https://thevaultfl.com/,@font,,1746470621,,,2026-04-16,,,,,,38,C-Tier,,,Contact:18/Brand:5/Market:5/Reach:10
"Cold Shoulder Kicks - Fort Lauderdale, FL - Instagram",Fort Lauderdale,Florida,USA,https://www.instagram.com/coldshoulderkicksftl/,@stableronaldo,,1037483433,,,2026-04-16,,,,,,38,C-Tier,,,Contact:18/Brand:5/Market:5/Reach:10
Riverbend Marketplace - Ft Lauderdale,Fort Lauderdale,Florida,USA,https://locations.dtlr.com/fl/ftlauderdale/riverbend-marketplace.html,@dtlrofficial,custserv@dtlr.com,1537521453,,,2026-04-16,,,,,,60,B-Tier,,,Contact:30/Brand:5/Market:5/Reach:20
Florida,Fort Lauderdale,Florida,USA,https://hypebeast.com/tags/florida,@hypebeast,screenshot-adblock@2x.c415715a.png,3702846231,,,2026-04-16,,,,,,60,B-Tier,,,Contact:30/Brand:5/Market:5/Reach:20
VAULT FORT LAUDERDALE (@vlt.ftl),Fort Lauderdale,Florida,USA,https://www.instagram.com/vlt.ftl/,@vlt.ftl,,1037483433,,,2026-04-16,,,,,,38,C-Tier,,,Contact:18/Brand:5/Market:5/Reach:10
Island Style: Luxury Fashion Boutique at Fort Lauderdale Beach,Fort Lauderdale,Florida,USA,https://islandstylefl.com/,,,,,,2026-04-16,,,,,,10,C-Tier,,,Contact:0/Brand:5/Market:5/Reach:0
"VAULT FORT LAUDERDALE on Instagram: ""VLT Fort ...",Fort Lauderdale,Florida,USA,https://www.instagram.com/reel/C6HU8aKu9pC/,@rsrc.php,,1037483433,,,2026-04-16,,,,,,38,C-Tier,,,Contact:18/Brand:5/Market:5/Reach:10
Galleria Mall at Fort Lauderdale,Fort Lauderdale,Florida,USA,https://stores.finishline.com/fl/ftlauderdale/galleria-mall-at-fort-lauderdale.html,@finishline,,(954) 568-7886,,,2026-04-16,,,,,,38,C-Tier,,,Contact:18/Brand:5/Market:5/Reach:10
Hellstar Records Tee Cream,Jacksonville,Florida,USA,https://duvalkickz.com/products/untitled-aug19_11-24,@duval.kickz,,5536559929,,,2026-04-16,,,,,,38,C-Tier,,,Contact:18/Brand:5/Market:5/Reach:10
SOUL2SOLE | NEW HELLSTAR 🌟 NOW INSTOCK‼️ ...,Jacksonville,Florida,USA,https://www.instagram.com/p/C-3OwLOvOUC/,@rsrc.php,,1037483433,,,2026-04-16,,,,,,38,C-Tier,,,Contact:18/Brand:5/Market:5/Reach:10
Duval.Kickz,Jacksonville,Florida,USA,https://duvalkickz.com/,@duval.kickz,,5536559929,,,2026-04-16,,,,,,38,C-Tier,,,Contact:18/Brand:5/Market:5/Reach:10
"on Instagram: ""Quick meetup for a Hellstar Tee #explorepage ...",Jacksonville,Florida,USA,https://www.instagram.com/reel/DWaIKzjjaTu/,@rsrc.php,,1037483433,,,2026-04-16,,,,,,38,C-Tier,,,Contact:18/Brand:5/Market:5/Reach:10
HELLSTAR SPORTS Bigger Than Satan 💫 Sizes: small and ...,Jacksonville,Florida,USA,https://www.instagram.com/p/DCmWstExC-y/,@rsrc.php,,1037483433,,,2026-04-16,,,,,,38,C-Tier,,,Contact:18/Brand:5/Market:5/Reach:10
Weekend Clothing Sale!!! -$20 off Supreme -$20 off Gallery ...,Jacksonville,Florida,USA,https://www.instagram.com/reel/DDSQ6fWxKJZ/,@leveledupjaxbeach.,,1037483433,,,2026-04-16,,,,,,38,C-Tier,,,Contact:18/Brand:5/Market:5/Reach:10
Supreme Auto & Finance LLC: HOME,Jacksonville,Florida,USA,https://www.supremeautofinance.com/,,,,,,2026-04-16,,,,,,10,C-Tier,,,Contact:0/Brand:5/Market:5/Reach:0
"Supreme S and V Shop | Jacksonville, FL | Vape Shop | 5",Jacksonville,Florida,USA,https://www.fivestars.com/business/FL/Jacksonville/Vape-Shop/Supreme-S-and-V-Shop/00bf64f4e8fa4c4a90fe8860525a401a/,@fivestars,,844-893-1456,,,2026-04-16,,,,,,38,C-Tier,,,Contact:18/Brand:5/Market:5/Reach:10
"Supreme Smoke And Vape Shop - Reviews, Photos & Phone ...",Jacksonville,Florida,USA,https://supreme-smoke-and-vape-shop.wheree.com/,,,,,,2026-04-16,,,,,,10,C-Tier,,,Contact:0/Brand:5/Market:5/Reach:0
"Chrome, Palm Angels, Amiri, Supreme, Moncler & Celine ...",Jacksonville,Florida,USA,https://www.instagram.com/reel/DWcNx22Cf7H/,@rsrc.php,,1037483433,,,2026-04-16,,,,,,38,C-Tier,,,Contact:18/Brand:5/Market:5/Reach:10
"High Quality Car Inventory in Jacksonville, FL",Jacksonville,Florida,USA,https://www.supremeautofinance.com/inventory/,,,,,,2026-04-16,,,,,,10,C-Tier,,,Contact:0/Brand:5/Market:5/Reach:0
"rhude shirts for Sale in Jacksonville, FL",Jacksonville,Florida,USA,https://offerup.com/item/detail/3a8214e1-9a2d-3a5f-aaa3-d6530e498874,@offerup,,2458588754,,,2026-04-16,,,,,,38,C-Tier,,,Contact:18/Brand:5/Market:5/Reach:10
Men's Clothing,Jacksonville,Florida,USA,https://www.nordstrom.com/browse/men/clothing?srsltid=AfmBOopV4fDLchiKv-snU7RMBZckstSEPycCQeaq3wg-gX-OoAChjG2a,@4GfJ,,0123456789,,,2026-04-16,,,,,,38,C-Tier,,,Contact:18/Brand:5/Market:5/Reach:10
Swag Shop | Premier Urban Streetwear & Custom Apparel in ...,Jacksonville,Florida,USA,https://swagshopclothing.com/?srsltid=AfmBOoo-ls65-QwGvbZPxWkE17D3k74gaOxyJmQR5kS5ULKTaXH01rNd,@font,,1724272880,,,2026-04-16,,,,,,38,C-Tier,,,Contact:18/Brand:5/Market:5/Reach:10
BACKSTREET ✮ (@backstreetjax),Jacksonville,Florida,USA,https://www.instagram.com/backstreetjax/,@backstreetjax,,1037483433,,,2026-04-16,,,,,,38,C-Tier,,,Contact:18/Brand:5/Market:5/Reach:10
"Designers Closet - A Shopping Center in Jacksonville, FL",Jacksonville,Florida,USA,https://www.simon.com/mall/the-avenues/stores/designers-closet,,,,,,2026-04-16,,,,,,10,C-Tier,,,Contact:0/Brand:5/Market:5/Reach:0
"CAPTIVATED CLOSET (@captivatedcloset) · Jacksonville, FL",Jacksonville,Florida,USA,https://www.instagram.com/captivatedcloset/,@captivatedcloset,,1037483433,,,2026-04-16,,,,,,38,C-Tier,,,Contact:18/Brand:5/Market:5/Reach:10
St. Johns Town Center - Jacksonville,Jacksonville,Florida,USA,https://stores.jdsports.com/fl/jacksonville/st.-johns-town-center.html,@jdsportsus,,(904) 997-8967,,,2026-04-16,,,,,,38,C-Tier,,,Contact:18/Brand:5/Market:5/Reach:10
SOUL2SOLE (@soul2solejax) • Instagram photos and videos,Jacksonville,Florida,USA,https://www.instagram.com/soul2solejax/?hl=en,@soul2solejax,,1037483433,,,2026-04-16,,,,,,38,C-Tier,,,Contact:18/Brand:5/Market:5/Reach:10
5+ of the Top Boutiques in Jacksonville,Jacksonville,Florida,USA,https://www.unation.com/stuff-to-do/boutiques-in-jacksonville/?srsltid=AfmBOoqeELCCNT0uFOrdfSR4MPUzj3capN14pwm6YHumQEe6Bl3Swqea,,,,,,2026-04-16,,,,,,10,C-Tier,,,Contact:0/Brand:5/Market:5/Reach:0
Leveled Up Sneaker Boutique (@leveledupstore),Jacksonville,Florida,USA,https://www.instagram.com/leveledupstore/?hl=en,@leveledupstore,,1037483433,,,2026-04-16,,,,,,38,C-Tier,,,Contact:18/Brand:5/Market:5/Reach:10
"🏁Final Lap🏁 (@finallapshop) · Jacksonville, FL",Jacksonville,Florida,USA,https://www.instagram.com/finallapshop/,@finallapshop,,1037483433,,,2026-04-16,,,,,,38,C-Tier,,,Contact:18/Brand:5/Market:5/Reach:10
New HellStar In Store & Online Now! Sport Hoodie sz XL- ...,Boca Raton,Florida,USA,https://www.instagram.com/p/CyysJTSJc7i/,@rsrc.php,,1037483433,,,2026-04-16,,,,,,38,C-Tier,,,Contact:18/Brand:5/Market:5/Reach:10
Brands at Town Center at Boca Raton® - Simon,Boca Raton,Florida,USA,https://www.simon.com/brands/center/town-center-at-boca-raton,,,,,,2026-04-16,,,,,,10,C-Tier,,,Contact:0/Brand:5/Market:5/Reach:0
HELLSTAR AVAILABLE IN STORE AND ONLINE,Boca Raton,Florida,USA,https://www.instagram.com/p/DA3xcdDPneI/,@rsrc.php,,1037483433,,,2026-04-16,,,,,,38,C-Tier,,,Contact:18/Brand:5/Market:5/Reach:10
Hellstar Miami Boutiques,Boca Raton,Florida,USA,https://www.instagram.com/popular/hellstar-miami-boutiques/,@rsrc.php,,1037483433,,,2026-04-16,,,,,,38,C-Tier,,,Contact:18/Brand:5/Market:5/Reach:10
SUPREME MOTORS of Boca Raton,Boca Raton,Florida,USA,https://www.braunability.com/us/en/handicap-mobility-van-dealer-locator/dealers/supreme-motors/fl/boca-raton.html,@braunability,js-cookie@3.0.5,800-488-0359,,,2026-04-16,,,,,,60,B-Tier,,,Contact:30/Brand:5/Market:5/Reach:20
"Supreme Deals Inc Company Profile | Boca Raton, Florida",Boca Raton,Florida,USA,https://www.dnb.com/business-directory/company-profiles.supreme_deals_inc.b3c0a85f08df1ec10714e8f571593872.html,,,,,,2026-04-16,,,,,,10,C-Tier,,,Contact:0/Brand:5/Market:5/Reach:0
Supreme Distributors Co.,Boca Raton,Florida,USA,https://www.puritywholesale.com/supreme/,@info,info@pwg-inc.com,800-323-6838,,,2026-04-16,,,,,,60,B-Tier,,,Contact:30/Brand:5/Market:5/Reach:20
Find a store,Boca Raton,Florida,USA,https://www.rhone.com/store-locator/?srsltid=AfmBOoo5pl2MaoztfCxNW4_gS2KJRTpnmY6LKNwdswxjax2Xmr-NIXnR,,,,,,2026-04-16,,,,,,10,C-Tier,,,Contact:0/Brand:5/Market:5/Reach:0
Raise The Bar Menswear: From the beach to black tie,Boca Raton,Florida,USA,https://rtbboca.com/,@media,RTB_Logo_245x@2x.png,1626800338,,,2026-04-16,,,,,,60,B-Tier,,,Contact:30/Brand:5/Market:5/Reach:20
Request Boutique Boca (@requestboutiquebocaraton),Boca Raton,Florida,USA,https://www.instagram.com/requestboutiquebocaraton/,@requestboutiquebocaraton,,1037483433,,,2026-04-16,,,,,,38,C-Tier,,,Contact:18/Brand:5/Market:5/Reach:10
The Boca Raton,Boca Raton,Florida,USA,https://www.rhone.com/locations/the-boca-raton/?srsltid=AfmBOoriSPYTDg7JfVUFVZuTlr_uL8KHjW2B2jDLTsC07V-CjNn8ZV7X,,,,,,2026-04-16,,,,,,10,C-Tier,,,Contact:0/Brand:5/Market:5/Reach:0
RH Outlet Boca Raton - RH Teen,Boca Raton,Florida,USA,https://rhteen.rh.com/ca/en/store-locations/654.jsp,@rh.com.,,,,,2026-04-16,,,,,,30,C-Tier,,,Contact:10/Brand:5/Market:5/Reach:10
"Edikted - A Shopping Center in Boca Raton, FL - Simon",Boca Raton,Florida,USA,https://www.simon.com/mall/town-center-at-boca-raton/stores/edikted,,,,,,2026-04-16,,,,,,10,C-Tier,,,Contact:0/Brand:5/Market:5/Reach:0
Our Locations,Boca Raton,Florida,USA,https://www.revivalboutiques.com/pages/our-locations,@media,revival-logo_1_600x@2x.png,7764205678,,,2026-04-16,,,,,,60,B-Tier,,,Contact:30/Brand:5/Market:5/Reach:20
Addict - Bal Harbour Shops Pop-up,Boca Raton,Florida,USA,https://www.balharbourshopspopup.com/brand/addict/,@balharbourshops_popup,,1527340294,,,2026-04-16,,,,,,38,C-Tier,,,Contact:18/Brand:5/Market:5/Reach:10
Request Boutique Boca | Request The Place Where Everyone ...,Boca Raton,Florida,USA,https://www.instagram.com/reel/DPUcljljbjI/,@rsrc.php,,1037483433,,,2026-04-16,,,,,,38,C-Tier,,,Contact:18/Brand:5/Market:5/Reach:10
"Edikted on Instagram: ""boca babes!! our NEW boca store is ...",Boca Raton,Florida,USA,https://www.instagram.com/reel/DNHgdSINgPI/,@rsrc.php,,1037483433,,,2026-04-16,,,,,,38,C-Tier,,,Contact:18/Brand:5/Market:5/Reach:10
https://www.revivalboutiques.com/ – Revival Boutique,Boca Raton,Florida,USA,https://www.revivalboutiques.com/,@revivalboutiques,revival-logo_1_600x@2x.png,7764205678,,,2026-04-16,,,,,,60,B-Tier,,,Contact:30/Brand:5/Market:5/Reach:20
Jessie Boutique: Jessie a Fashion Boutique,Boca Raton,Florida,USA,https://jessieboutique.com/?srsltid=AfmBOoqWZ70IfbGJ5cBgFv7sRNiRq6aNsOV3-EybR4K7g2-uzFFn_c2v,@jessieboutique,cs@jessieboutique.com,1613526311,,,2026-04-16,,,,,,60,B-Tier,,,Contact:30/Brand:5/Market:5/Reach:20
Fancy James Boutique Ⓡ (@fancyjamesboutique),Boca Raton,Florida,USA,https://www.instagram.com/fancyjamesboutique/,@fancyjames,,1037483433,,,2026-04-16,,,,,,38,C-Tier,,,Contact:18/Brand:5/Market:5/Reach:10
"Wish & Shoes Boca Raton, Florida",Boca Raton,Florida,USA,https://www.wishandshoes.com/wish-shoes-boca-raton-florida/,,,,,,2026-04-16,,,,,,10,C-Tier,,,Contact:0/Brand:5/Market:5/Reach:0
Boca Raton Shoe & Sneaker Store | Boca Town Center JD ...,Boca Raton,Florida,USA,https://stores.jdsports.com/fl/bocaraton/boca-town-center.html,@jdsportsus,,(561) 210-0422,,,2026-04-16,,,,,,38,C-Tier,,,Contact:18/Brand:5/Market:5/Reach:10
ggdb / boca raton town center,Boca Raton,Florida,USA,https://www.goldengoose.com/us/en/stores/boca-raton/118,@goldengoose,johndoe@some.com,1776353947,,,2026-04-16,,,,,,60,B-Tier,,,Contact:30/Brand:5/Market:5/Reach:20
best prices in south florida available in-store and online,West Palm Beach,Florida,USA,https://www.instagram.com/p/C6wb8aKOpk8/,@rsrc.php,,1037483433,,,2026-04-16,,,,,,38,C-Tier,,,Contact:18/Brand:5/Market:5/Reach:10
"Atlas 🔝 Supplier (@atlasresells) · West Palm Beach, FL",West Palm Beach,Florida,USA,https://www.instagram.com/atlasresells/,@atlasresells,,1037483433,,,2026-04-16,,,,,,38,C-Tier,,,Contact:18/Brand:5/Market:5/Reach:10
SNEAK PEEK LUXURY | Sneakers & Streetwear 👟 | 💫 Hellstar ...,West Palm Beach,Florida,USA,https://www.instagram.com/reel/DKhVoN-OFww/,@rsrc.php,,1037483433,,,2026-04-16,,,,,,38,C-Tier,,,Contact:18/Brand:5/Market:5/Reach:10
West Palm Beach (FL),West Palm Beach,Florida,USA,https://locations.dtlr.com/fl/westpalmbeach/west-palm-beach-fl.html,@dtlrofficial,custserv@dtlr.com,1537521453,,,2026-04-16,,,,,,60,B-Tier,,,Contact:30/Brand:5/Market:5/Reach:20
Sports,West Palm Beach,Florida,USA,https://hellstar.com/collections/sports,@HELLSTAR,,5230780330,,,2026-04-16,,,,,,38,C-Tier,,,Contact:18/Brand:5/Market:5/Reach:10
Sp5der + Denim WPB FL DM FOR AVAILABILITY ✈️ ...,West Palm Beach,Florida,USA,https://www.instagram.com/reel/DV2E5NrES0Y/,@atlasresells,,1037483433,,,2026-04-16,,,,,,38,C-Tier,,,Contact:18/Brand:5/Market:5/Reach:10
New Hellstar Sports just touched down!,West Palm Beach,Florida,USA,https://www.instagram.com/p/DLGGeCRS6pf/,@rsrc.php,,1037483433,,,2026-04-16,,,,,,38,C-Tier,,,Contact:18/Brand:5/Market:5/Reach:10
Hellstar T-Shirt,West Palm Beach,Florida,USA,https://www.ebay.com/itm/317040649610,@ebay,,2026041419,,,2026-04-16,,,,,,38,C-Tier,,,Contact:18/Brand:5/Market:5/Reach:10
Find a Dealer,West Palm Beach,Florida,USA,https://supremetowboats.com/find-a-dealer/,@supremeboats,,1470411083,,,2026-04-16,,,,,,38,C-Tier,,,Contact:18/Brand:5/Market:5/Reach:10
Supreme is opening its first-ever store in Miami tomorrow,West Palm Beach,Florida,USA,https://www.timeout.com/miami/news/supreme-is-opening-its-first-ever-store-in-miami-tomorrow-040925,@context,,1105237622,,,2026-04-16,,,,,,38,C-Tier,,,Contact:18/Brand:5/Market:5/Reach:10
New Supreme store just dropped in Miami's Design District ...,West Palm Beach,Florida,USA,https://www.instagram.com/reel/DIvqWFEO5gJ/,@rsrc.php,,1037483433,,,2026-04-16,,,,,,38,C-Tier,,,Contact:18/Brand:5/Market:5/Reach:10
RH West Palm,West Palm Beach,Florida,USA,https://rh.com/us/en/westpalm,,,,,,2026-04-16,,,,,,10,C-Tier,,,Contact:0/Brand:5/Market:5/Reach:0
Urban Wear Connection (@urbanwearconnection),West Palm Beach,Florida,USA,https://www.instagram.com/urbanwearconnection/,@urbanwearconnection,,1037483433,,,2026-04-16,,,,,,38,C-Tier,,,Contact:18/Brand:5/Market:5/Reach:10
Cold Shoulder Kicks: High-end sneaker resell boutique – PB,West Palm Beach,Florida,USA,https://cskicks.com/?srsltid=AfmBOopWvk105nUAQ_b7y8Iky762fF3mFh9zfAC1ObvNtOtdH3XHTQqX,@coldshoulderkicks,,1721427898,,,2026-04-16,,,,,,38,C-Tier,,,Contact:18/Brand:5/Market:5/Reach:10
"HYPE STREETWEAR (HYPEGRL) - West Palm Beach, FL",West Palm Beach,Florida,USA,https://nextdoor.com/pages/hypegrl-west-palm-beach-fl-1/,@supports,next_expl_2_insightful16@3x-2e582d8619ece3f820ec8705c624749e.png,1146116819,,,2026-04-16,,,,,,60,B-Tier,,,Contact:30/Brand:5/Market:5/Reach:20
Discovering the Finest Boutiques in West Palm Beach,West Palm Beach,Florida,USA,https://www.theberkeleypalmbeach.com/discovering-the-finest-boutiques-in-west-palm-beach/,,,,,,2026-04-16,,,,,,10,C-Tier,,,Contact:0/Brand:5/Market:5/Reach:0
Palm Beach's #1 Urban/Streetwear boutique clothing store ...,West Palm Beach,Florida,USA,https://www.instagram.com/p/DWrPzbdDnIM/,@urbanwear45thst,,1037483433,,,2026-04-16,,,,,,38,C-Tier,,,Contact:18/Brand:5/Market:5/Reach:10
https://impossiblekicks.com/?utm_source=gmb_palmbe...,West Palm Beach,Florida,USA,https://impossiblekicks.com/?utm_source=gmb_palmbeach&utm_medium=organic&srsltid=AfmBOoqJX1FCAYSQsx3XMlE70RL5iJzHki6qcMRR79YdXssMIet4i2Xw,,,,,,2026-04-16,,,,,,10,C-Tier,,,Contact:0/Brand:5/Market:5/Reach:0
Cold Shoulder Kicks- Palm Beach (@coldshoulderkicks),West Palm Beach,Florida,USA,https://www.instagram.com/coldshoulderkicks/,@coldshoulderkicksftl,,1037483433,,,2026-04-16,,,,,,38,C-Tier,,,Contact:18/Brand:5/Market:5/Reach:10
"This is a PSA addressing all the rumors. Yes, the West Palm ...",West Palm Beach,Florida,USA,https://www.instagram.com/reel/DQCJf5CjaCU/,@rsrc.php,,1037483433,,,2026-04-16,,,,,,38,C-Tier,,,Contact:18/Brand:5/Market:5/Reach:10
𝐑 𝐄 𝐋 𝐔 𝐗 𝐄 - 𝐖𝐄𝐒𝐓 𝐏𝐀𝐋𝐌 𝐁𝐄𝐀𝐂𝐇 (@reluxe),West Palm Beach,Florida,USA,https://www.instagram.com/reluxe/,@reluxe,,1037483433,,,2026-04-16,,,,,,38,C-Tier,,,Contact:18/Brand:5/Market:5/Reach:10
Wellington Green - West Palm Beach,West Palm Beach,Florida,USA,https://stores.jdsports.com/fl/westpalmbeach/wellington-green.html,@jdsportsus,,(561) 422-8933,,,2026-04-16,,,,,,38,C-Tier,,,Contact:18/Brand:5/Market:5/Reach:10
Creamstreetwear carries the latest in men's streetwear brands ...,West Palm Beach,Florida,USA,https://www.creamstreetlife.com/,@creamstreetwear,,2570940018,,,2026-04-16,,,,,,38,C-Tier,,,Contact:18/Brand:5/Market:5/Reach:10
"Almighty Kicks (@almightykicksmiami) · Miami, FL",Hialeah,Florida,USA,https://www.instagram.com/almightykicksmiami/,@almightykicksmiami,,1037483433,,,2026-04-16,,,,,,38,C-Tier,,,Contact:18/Brand:5/Market:5/Reach:10
Rhude Miami Store Location,Hialeah,Florida,USA,https://www.instagram.com/popular/rhude-miami-store-location/,@rsrc.php,,1037483433,,,2026-04-16,,,,,,38,C-Tier,,,Contact:18/Brand:5/Market:5/Reach:10
"Westland Mall on Instagram: ""New drop alert: CATCH is ...",Hialeah,Florida,USA,https://www.instagram.com/reel/DKZ4PaWviuE/,@rsrc.php,,1037483433,,,2026-04-16,,,,,,38,C-Tier,,,Contact:18/Brand:5/Market:5/Reach:10
Rep Your City Clothing - Hialeah Street Wear,Hialeah,Florida,USA,https://www.hialeahstreetwear.com/?zip=Hollywood%2C%20FL&add-to-cart=592,@media,,1771523124,,,2026-04-16,,,,,,38,C-Tier,,,Contact:18/Brand:5/Market:5/Reach:10
"CITITRENDS at 901 East 10th Ave Hialeah, FL",Hialeah,Florida,USA,https://locations.cititrends.com/fl/hialeah/901-east-10th-ave.html,@wearecititrends,,2079328097,,,2026-04-16,,,,,,38,C-Tier,,,Contact:18/Brand:5/Market:5/Reach:10
The Fashion House Miami Hialeah,Hialeah,Florida,USA,https://www.instagram.com/popular/the-fashion-house-miami-hialeah/,@rsrc.php,,1037483433,,,2026-04-16,,,,,,38,C-Tier,,,Contact:18/Brand:5/Market:5/Reach:10
STREETWISE CLOTHING | Streetwear & Urban Hip-Hop ...,Hialeah,Florida,USA,https://streetwisegear.com/?srsltid=AfmBOop2VPb7DssyAlM50xwqcbHxaOZ21icZWv0i_FGjOrav0drMaxJ2,@streetwisegear,onlinesales@streetwisegear.com,1613149822,,,2026-04-16,,,,,,60,B-Tier,,,Contact:30/Brand:5/Market:5/Reach:20
Like Boutique 📍693West 49ST Hialeah Fl 33012 📍8150 ...,Hialeah,Florida,USA,https://www.instagram.com/tv/CTBfnpzDCNe/,@rsrc.php,,1037483433,,,2026-04-16,,,,,,38,C-Tier,,,Contact:18/Brand:5/Market:5/Reach:10
Sneaker Shop Hialeah FL,Hialeah,Florida,USA,https://www.shopwss.com/pages/hialeah-store-159?srsltid=AfmBOopwIra5gLeb_wgcrqzkLcgdRqgd2EgGB5LQ1s7z8xaCVBfPMg1y,@ShopWSS,help@shopwss.com,1759352978,,,2026-04-16,,,,,,60,B-Tier,,,Contact:30/Brand:5/Market:5/Reach:20
East Hialeah Marketplace - Miami Footwear & Apparel Store,Hialeah,Florida,USA,https://locations.dtlr.com/fl/miami/east-hialeah-marketplace.html,@dtlrofficial,custserv@dtlr.com,1537521453,,,2026-04-16,,,,,,60,B-Tier,,,Contact:30/Brand:5/Market:5/Reach:20
the shoppes of highland,Hialeah,Florida,USA,https://www.famousfootwear.com/stores/fl/hialieah/33018/the-shoppes-of-highland-03631,,,,,,2026-04-16,,,,,,10,C-Tier,,,Contact:0/Brand:5/Market:5/Reach:0
"Handpicked Sneakers in Hialeah, FL United States",Hialeah,Florida,USA,https://maps.apple.com/place?place-id=I2B6641D2FEAA573E,@handpickedblvd,,0089933000,,,2026-04-16,,,,,,38,C-Tier,,,Contact:18/Brand:5/Market:5/Reach:10
"APS Streetwear - Hialeah, FL",Hialeah,Florida,USA,https://nextdoor.com/pages/aps-streetwear-hialeah-fl/,@supports,next_expl_2_insightful16@3x-2e582d8619ece3f820ec8705c624749e.png,1146116819,,,2026-04-16,,,,,,60,B-Tier,,,Contact:30/Brand:5/Market:5/Reach:20
"Westland Mall (@shopwestland) · Hialeah, FL",Hialeah,Florida,USA,https://www.instagram.com/shopwestland/,@shopwestland,,1037483433,,,2026-04-16,,,,,,38,C-Tier,,,Contact:18/Brand:5/Market:5/Reach:10
"Basketball Streetwear in Hialeah, FL - Westland Mall",Hialeah,Florida,USA,https://www.shoppingwestlandmall.com/buy/landing/basketball-streetwear,@shopwestland,,3521171569,,,2026-04-16,,,,,,38,C-Tier,,,Contact:18/Brand:5/Market:5/Reach:10
"Teen Mall Jobs, Employment in Hollywood, FL",Coral Gables,Florida,USA,"https://www.indeed.com/q-teen-mall-l-hollywood,-fl-jobs.html",,,,,,2026-04-16,,,,,,10,C-Tier,,,Contact:0/Brand:5/Market:5/Reach:0
Supreme Miami,Coral Gables,Florida,USA,https://www.instagram.com/popular/supreme-miami/,@rsrc.php,,1037483433,,,2026-04-16,,,,,,38,C-Tier,,,Contact:18/Brand:5/Market:5/Reach:10
Business Brokers in Coral Gables | Sell or Buy a Business ...,Coral Gables,Florida,USA,https://supremebusinessbrokerscoralgables.com/,@lovable_dev,,1762019008,,,2026-04-16,,,,,,38,C-Tier,,,Contact:18/Brand:5/Market:5/Reach:10
Men | Rhude,Coral Gables,Florida,USA,https://www.saksfifthavenue.com/c/men/rhude,,,,,,2026-04-16,,,,,,10,C-Tier,,,Contact:0/Brand:5/Market:5/Reach:0
Discover the Rhude Collection,Coral Gables,Florida,USA,https://www.a-ma-maniere.com/collections/rhude?srsltid=AfmBOorsvRNt5zS5Km_vgJZ8LlNftj6jBCO593xxaDpIliGmngLSy8vV,@maniere_usa,,1422991689,,,2026-04-16,,,,,,38,C-Tier,,,Contact:18/Brand:5/Market:5/Reach:10
"New Rhude, Palm Angels & Casablanca Socks In Store & ...",Coral Gables,Florida,USA,https://www.instagram.com/p/C2QL8O-JI7q/,@rsrc.php,,1037483433,,,2026-04-16,,,,,,38,C-Tier,,,Contact:18/Brand:5/Market:5/Reach:10
Rhude All Mall Brands - ShopSimon,Coral Gables,Florida,USA,https://shop.simon.com/collections/curated-all-mall-brands?Brand=Rhude,@shopsimon,,5887914853,,,2026-04-16,,,,,,38,C-Tier,,,Contact:18/Brand:5/Market:5/Reach:10
"Hall of Fame Miami (@halloffamemiami) · Coral Gables, FL",Coral Gables,Florida,USA,https://www.instagram.com/halloffamemiami/,@halloffamemiami,,1037483433,,,2026-04-16,,,,,,38,C-Tier,,,Contact:18/Brand:5/Market:5/Reach:10
Shops at Merrick Park,Coral Gables,Florida,USA,https://www.shopsatmerrickpark.com/en/,@shopsatmerrickpark,merrickparkadmin@brookfieldproperties.com,1727116001,,,2026-04-16,,,,,,60,B-Tier,,,Contact:30/Brand:5/Market:5/Reach:20
"Shops At Merrick Park, Coral Gables",Coral Gables,Florida,USA,https://www.lafayette148ny.com/our-stores/merrick-park-coral-gables?srsltid=AfmBOopeYQbglDRFhcGVmzbE92hQcykRtY8EJyY4LMvI0kYSHaLVcFtE,@lafayette148.com.,rocio.espinoza@lafayette148.com,1775628494,,,2026-04-16,,,,,,60,B-Tier,,,Contact:30/Brand:5/Market:5/Reach:20
We are Coral Gables' #1 Streetwear Shop!🏆👟 ... And the ...,Coral Gables,Florida,USA,https://www.instagram.com/p/CZml10DLkuc/,@rsrc.php,,1037483433,,,2026-04-16,,,,,,38,C-Tier,,,Contact:18/Brand:5/Market:5/Reach:10
"LUXE MIAMI (@luxe.mia) · Coral Gables, FL",Coral Gables,Florida,USA,https://www.instagram.com/luxe.mia/?hl=en,@luxe.mia,,1037483433,,,2026-04-16,,,,,,38,C-Tier,,,Contact:18/Brand:5/Market:5/Reach:10
SoleFly: Sneakers and Apparel,Coral Gables,Florida,USA,https://www.solefly.com/?srsltid=AfmBOoqYxTOnmJz8sVQ_AsiC3Tr_3oBSsstvEpaTfpabaXpYnWZfF4Ez,@solefly,,1000005370,,,2026-04-16,,,,,,38,C-Tier,,,Contact:18/Brand:5/Market:5/Reach:10
"FootWorks Miami – Official Miami Running Store, Running ...",Coral Gables,Florida,USA,https://footworksmiami.com/,@footworksmiami,shop@footworksmiami.com,305.667.9322,,,2026-04-16,,,,,,60,B-Tier,,,Contact:30/Brand:5/Market:5/Reach:20
SPARKITUP ⚡️⚡️⚡️ (@sparkitupshop),Wynwood,Florida,USA,https://www.instagram.com/sparkitupshop/,@sparkitupshop,,1037483433,,,2026-04-16,,,,,,38,C-Tier,,,Contact:18/Brand:5/Market:5/Reach:10
Supreme has officially opened its first-ever Florida flagship ...,Wynwood,Florida,USA,https://www.instagram.com/p/DJsOD_ounJT/,@rsrc.php,,1037483433,,,2026-04-16,,,,,,38,C-Tier,,,Contact:18/Brand:5/Market:5/Reach:10
"Located 238 NW 25th St Miami, Fl 33137 +1 (305) 522-9127 ...",Wynwood,Florida,USA,https://www.instagram.com/reel/CnSt34bDmGl/,@rsrc.php,,1037483433,,,2026-04-16,,,,,,38,C-Tier,,,Contact:18/Brand:5/Market:5/Reach:10
wynwoodtribe – Opening Soon,Wynwood,Florida,USA,https://www.wynwoodtribe.com/?srsltid=AfmBOoqI7BXw8oROKxTqPRodHx_eZWKPLKCxUFepzZUwULMDkaDT3x8z,,,1614306724,,,2026-04-16,,,,,,18,C-Tier,,,Contact:8/Brand:5/Market:5/Reach:0
"Best Shopping in Wynwood, from Funky Gift ...",Wynwood,Florida,USA,https://www.timeout.com/miami/shopping/shopping-wynwood,@ofyshop,,1105237622,,,2026-04-16,,,,,,38,C-Tier,,,Contact:18/Brand:5/Market:5/Reach:10
canvas.mia,Wynwood,Florida,USA,https://www.instagram.com/canvas.mia/,@oasiswynwood.,,1037483433,,,2026-04-16,,,,,,38,C-Tier,,,Contact:18/Brand:5/Market:5/Reach:10
BASE Superstore,Wynwood,Florida,USA,https://www.baseworld.com/,@basesuperstore,Home_Page_Scense_Final_1280x@2x.jpg,2398522661,,,2026-04-16,,,,,,60,B-Tier,,,Contact:30/Brand:5/Market:5/Reach:20
Sole Garden,Wynwood,Florida,USA,https://thesolegarden.com/,@sole.garden,,1758437429,,,2026-04-16,,,,,,38,C-Tier,,,Contact:18/Brand:5/Market:5/Reach:10
Token Miami,Wynwood,Florida,USA,https://tokenmia.com/?srsltid=AfmBOorLrAC0ZKmNB5EvvWUmoHbX9IEX3Rm2qh0_x19Ob7Kc1TS0hVAe,@tokenmiami,Info@Tokenmia.com,1624068774,,,2026-04-16,,,,,,60,B-Tier,,,Contact:30/Brand:5/Market:5/Reach:20
A Look Inside LeBron James' New UNKNWN Store in Miami,Wynwood,Florida,USA,https://hypebeast.com/2019/12/unknwn-wynwood-miami-store-opening-info,,,,,,2026-04-16,,,,,,10,C-Tier,,,Contact:0/Brand:5/Market:5/Reach:0
Fresh Society Online,Wynwood,Florida,USA,https://freshsociety.co/,@freshsocietyco,,9027215208,,,2026-04-16,,,,,,38,C-Tier,,,Contact:18/Brand:5/Market:5/Reach:10
SOLD IN THE MATTER OF SECONDS SWING BY THE SHOP ...,Wynwood,Florida,USA,https://www.instagram.com/reel/DOCADg1kfGV/,@rsrc.php,,1037483433,,,2026-04-16,,,,,,38,C-Tier,,,Contact:18/Brand:5/Market:5/Reach:10
"OutOfPocketMiami (@outofpocketmiami) · Miami, FL",Wynwood,Florida,USA,https://www.instagram.com/outofpocketmiami/,@elleven15vintage,,1037483433,,,2026-04-16,,,,,,38,C-Tier,,,Contact:18/Brand:5/Market:5/Reach:10
Wynwood Shop | Your One Stop Shop For All Things Wynwood,Wynwood,Florida,USA,https://wynwoodshop.com/?srsltid=AfmBOoqOFQgdCBygAD1dc0rnwp7iuX0AoNamIqtv71PlATvxVdC1fQ5n,@wynwoodshop,info@wynwoodshop.com,9938472155,,,2026-04-16,,,,,,60,B-Tier,,,Contact:30/Brand:5/Market:5/Reach:20
Wynwood's Top Shopping Destinations - Miami,Wynwood,Florida,USA,https://manawynwood.com/news/wynwoods-top-shopping-destinations/,@ManaWynwood,,305-573-0371,,,2026-04-16,,,,,,38,C-Tier,,,Contact:18/Brand:5/Market:5/Reach:10
305 Kicks,Wynwood,Florida,USA,https://305kicks.us/,@theme,,1771948554,,,2026-04-16,,,,,,38,C-Tier,,,Contact:18/Brand:5/Market:5/Reach:10
Unleash Your Creativity: Custom Sneaker Art Workshops in ...,Wynwood,Florida,USA,https://kickartworkshop.com/,@GrailsMiami,,1727404668,,,2026-04-16,,,,,,38,C-Tier,,,Contact:18/Brand:5/Market:5/Reach:10
DAILYMIA,Wynwood,Florida,USA,https://dailymia.com/?srsltid=AfmBOooXEsijFtVPENqaVqEb8Fd8T5qIK6eooHQiojokBMVgaeHQkwBW,@dailymia,,1694546870,,,2026-04-16,,,,,,38,C-Tier,,,Contact:18/Brand:5/Market:5/Reach:10
"Sneakerbuyers on Instagram: ""#1 - Sneaker Store Located in ...",Wynwood,Florida,USA,https://www.instagram.com/reel/C2I1H7FLGzp/,@rsrc.php,,1037483433,,,2026-04-16,,,,,,38,C-Tier,,,Contact:18/Brand:5/Market:5/Reach:10
"Best Shopping in Wynwood, from Funky Gift ... - Time Out",Wynwood,Florida,USA,https://www.timeout.com/miami/shopping/shopping-wynwood,@ofyshop,,1105237622,,,2026-04-16,,,,,,38,C-Tier,,,Contact:18/Brand:5/Market:5/Reach:10
"JSN on Instagram: ""☄️HELLSTAR☄️ THE HOTTEST ...",Fort Myers,Florida,USA,https://www.instagram.com/reel/C7PJD_us75v/,@rsrc.php,,1037483433,,,2026-04-16,,,,,,38,C-Tier,,,Contact:18/Brand:5/Market:5/Reach:10
Edison Mall | Visit Fort Myers | SW Florida,Fort Myers,Florida,USA,https://www.visitfortmyers.com/listing/edison-mall/39829,@visitfortmyers,sberthold@simon.com,2014042207,,,2026-04-16,,,,,,60,B-Tier,,,Contact:30/Brand:5/Market:5/Reach:20
🚨Brand new Hellstar available now @ Kicks in the 216!!! ...,Fort Myers,Florida,USA,https://www.instagram.com/p/DMiqIqfJyTw/,@rsrc.php,,1037483433,,,2026-04-16,,,,,,38,C-Tier,,,Contact:18/Brand:5/Market:5/Reach:10
Hellstar Men's T-Shirt Size Small 1.1 NFC,Fort Myers,Florida,USA,https://www.ebay.com/itm/388636181920,@ebay,,2026041419,,,2026-04-16,,,,,,38,C-Tier,,,Contact:18/Brand:5/Market:5/Reach:10
Looking for a new pair of kicks or apparel? Come check out ...,Fort Myers,Florida,USA,https://www.instagram.com/reel/DUO2lBACQHK/,@rsrc.php,,1037483433,,,2026-04-16,,,,,,38,C-Tier,,,Contact:18/Brand:5/Market:5/Reach:10
"Supreme Motor Sports – Car Dealer in Fort Myers, FL",Fort Myers,Florida,USA,https://www.suprememotorsportsfl.com/,,,,,,2026-04-16,,,,,,10,C-Tier,,,Contact:0/Brand:5/Market:5/Reach:0
"Supreme Floors: Flooring Store servicing Fort Myers, FL",Fort Myers,Florida,USA,https://www.supremefloorsfl.com/,@import,vitor@supremefloorsfl.com,613-5653590,,,2026-04-16,,,,,,60,B-Tier,,,Contact:30/Brand:5/Market:5/Reach:20
"About Supreme Motor Sports in Fort Myers, FL",Fort Myers,Florida,USA,https://www.suprememotorsportsfl.com/about,,,,,,2026-04-16,,,,,,10,C-Tier,,,Contact:0/Brand:5/Market:5/Reach:0
Supreme Home Design (@supremehomedesignfl),Fort Myers,Florida,USA,https://www.instagram.com/supremehomedesignfl/,@supremehomedesignfl,,1037483433,,,2026-04-16,,,,,,38,C-Tier,,,Contact:18/Brand:5/Market:5/Reach:10
"Contact Supreme Motor Sports in Fort Myers, FL",Fort Myers,Florida,USA,https://www.suprememotorsportsfl.com/contact,,,,,,2026-04-16,,,,,,10,C-Tier,,,Contact:0/Brand:5/Market:5/Reach:0
Visiting Supreme Diecast in Fort Myers Florida! #hotwheels ...,Fort Myers,Florida,USA,https://www.instagram.com/reel/DWM7P2aiebx/,@suprememsdiecast.,,1037483433,,,2026-04-16,,,,,,38,C-Tier,,,Contact:18/Brand:5/Market:5/Reach:10
Rhude Yacht Club T-Shirt - Sizes X-Large & XX-Large,Fort Myers,Florida,USA,https://secure.instagram.com/p/DV8-UxnkUbu/?hl=fa,@media,,1037483433,,,2026-04-16,,,,,,38,C-Tier,,,Contact:18/Brand:5/Market:5/Reach:10
Rhude Stockists,Fort Myers,Florida,USA,https://www.fashionsauce.com/brands/rhude-stockists,@context,bootstrap@4.6.1,1696774910,,,2026-04-16,,,,,,60,B-Tier,,,Contact:30/Brand:5/Market:5/Reach:20
"JSN (@jsncustoms) · Fort Myers, FL",Fort Myers,Florida,USA,https://www.instagram.com/jsncustoms/,@jsncustoms,,1037483433,,,2026-04-16,,,,,,38,C-Tier,,,Contact:18/Brand:5/Market:5/Reach:10
The Islander FMB,Fort Myers,Florida,USA,https://shoptheislander.com/?srsltid=AfmBOoqRlTXl0I1Faacvo_c6LjQeKkEkMfv-ltJfs5nyZbswzJp-0Soh,@gmail.com.,shoptheislander@gmail.com,6851654200,,,2026-04-16,,,,,,60,B-Tier,,,Contact:30/Brand:5/Market:5/Reach:20
Charley's Downtown Boutique: Home,Fort Myers,Florida,USA,https://www.shopcharleysdowntown.com/,@media,charleysdowntownboutique@gmail.com,2687793594,,,2026-04-16,,,,,,60,B-Tier,,,Contact:30/Brand:5/Market:5/Reach:20
Mainstream Boutique Fort Myers,Fort Myers,Florida,USA,https://www.mainstreamboutiquefortmyers.com/,@mainstreamboutiquefortmyers,,1756386846,,,2026-04-16,,,,,,38,C-Tier,,,Contact:18/Brand:5/Market:5/Reach:10
JSNCUSTOMS LLC.: Home,Fort Myers,Florida,USA,https://www.jsnfm.com/,@GMAIL.COM.,13e49d785d8d4f828038b6136f3b48ba@sentry.io,2606801315,,,2026-04-16,,,,,,60,B-Tier,,,Contact:30/Brand:5/Market:5/Reach:20
Just Kicks (@justkicks239) - Fort Myers,Fort Myers,Florida,USA,https://www.instagram.com/justkicks239/,@justkicks239,,1037483433,,,2026-04-16,,,,,,38,C-Tier,,,Contact:18/Brand:5/Market:5/Reach:10
Designers Closet,Fort Myers,Florida,USA,https://designerscloset.com/?srsltid=AfmBOopazOBxamHFU5LgCf7F-os4woNHWcJL5KkhAwSlJpvz1N63UJY3,@designersclosetig,sales@designerscloset.com,1064961020,,,2026-04-16,,,,,,60,B-Tier,,,Contact:30/Brand:5/Market:5/Reach:20
VERIFIED (@verifiedswfl) • Instagram photos and videos,Fort Myers,Florida,USA,https://www.instagram.com/verifiedswfl/,@verifiedswfl,,1037483433,,,2026-04-16,,,,,,38,C-Tier,,,Contact:18/Brand:5/Market:5/Reach:10
"Fort Myers, FL Store: Surf Apparel & Accessories",Fort Myers,Florida,USA,https://www.ronjonsurfshop.com/locations/fort-myers-fl?srsltid=AfmBOopqPErhgjUUqCzuDZTu4qT31tuv_WeZJx3LbG2HrRjTP6cI37uW,,,,,,2026-04-16,,,,,,10,C-Tier,,,Contact:0/Brand:5/Market:5/Reach:0
Shop - Hellstar Clothing,Gainesville,Florida,USA,https://hellstarstores.us/shop/,,,,,,2026-04-16,,,,,,10,C-Tier,,,Contact:0/Brand:5/Market:5/Reach:0
NEW!!! Hellstar Classic OG Logo (blue) Sizes ...,Gainesville,Florida,USA,https://www.instagram.com/p/DDIVK_hyvKF/,@rsrc.php,,1037483433,,,2026-04-16,,,,,,38,C-Tier,,,Contact:18/Brand:5/Market:5/Reach:10
"new! Hell Star Huntington Park CA T Shirt Sz. XL, Large ...",Gainesville,Florida,USA,https://www.instagram.com/p/C_wGH4gyzY6/,@rsrc.php,,1037483433,,,2026-04-16,,,,,,38,C-Tier,,,Contact:18/Brand:5/Market:5/Reach:10
Hellstar Men's T-Shirt Size L,Gainesville,Florida,USA,https://www.ebay.com/itm/406538309678,@ebay,,2026041419,,,2026-04-16,,,,,,38,C-Tier,,,Contact:18/Brand:5/Market:5/Reach:10
This initial owes you a pair of shoes… Who's REALLY your ...,Gainesville,Florida,USA,https://www.instagram.com/reel/C7kgk4MP7wi/,@rsrc.php,,1037483433,,,2026-04-16,,,,,,38,C-Tier,,,Contact:18/Brand:5/Market:5/Reach:10
Godspeed,Gainesville,Florida,USA,https://in-stocksneakers.com/collections/godspeed-1,@in_stocksneakers,,1755751361,,,2026-04-16,,,,,,38,C-Tier,,,Contact:18/Brand:5/Market:5/Reach:10
Hellstar Glitter T Shirt Size: XL $250 Denim Tears ...,Gainesville,Florida,USA,https://www.instagram.com/p/DCX1QW2SLD1/,@rsrc.php,,1037483433,,,2026-04-16,,,,,,38,C-Tier,,,Contact:18/Brand:5/Market:5/Reach:10
Caffeine supreme - Atrium Magazine,Gainesville,Florida,USA,https://atriummag.org/caffeine-supreme/,@maudes_cafe,,2677611078,,,2026-04-16,,,,,,38,C-Tier,,,Contact:18/Brand:5/Market:5/Reach:10
"lre""i'$mr.",Gainesville,Florida,USA,https://sos.ks.gov/publications/register/1989/Vol_8_No_38_September_21_1989_p_1371-1424.pdf,@GbHR,X@D.0,2004102919,,,2026-04-16,,,,,,60,B-Tier,,,Contact:30/Brand:5/Market:5/Reach:20
https://rhude-shop.com/,Gainesville,Florida,USA,https://rhude-shop.com/,,,,,,2026-04-16,,,,,,10,C-Tier,,,Contact:0/Brand:5/Market:5/Reach:0
"Research, Demonstration, Training, and Fellowship Awards",Gainesville,Florida,USA,https://nepis.epa.gov/Exe/ZyPURL.cgi?Dockey=91008WQ0.TXT,,,,,,2026-04-16,,,,,,10,C-Tier,,,Contact:0/Brand:5/Market:5/Reach:0
"Dillard's The Oaks Mall, Gainesville, Florida",Gainesville,Florida,USA,https://www.dillards.com/stores/florida/the-oaks-mall-gainesville/0234?srsltid=AfmBOoqKv-N2qK3ZTkQpHQowv5rdLzVZNjp9Jz5hrgN4AmSPvlT-MRIm,,,117.1776358,,,2026-04-16,,,,,,18,C-Tier,,,Contact:8/Brand:5/Market:5/Reach:0
Gainesville Shopping center,Gainesville,Florida,USA,https://locations.dtlr.com/fl/gainesville/gainesville-shopping-center.html,@dtlrofficial,custserv@dtlr.com,1537521453,,,2026-04-16,,,,,,60,B-Tier,,,Contact:30/Brand:5/Market:5/Reach:20
Family-owned 3 AM streetwear store opens in Oaks Mall,Gainesville,Florida,USA,https://www.gainesville.com/story/business/economy/2014/08/29/family-owned-3-am-streetwear-store-opens-in-oaks-mall/31220900007/,,,,,,2026-04-16,,,,,,10,C-Tier,,,Contact:0/Brand:5/Market:5/Reach:0
"CITITRENDS at 1018 N. Main St Gainesville, FL",Gainesville,Florida,USA,https://locations.cititrends.com/fl/gainesville/1018-n--main-st.html,@wearecititrends,,2079328097,,,2026-04-16,,,,,,38,C-Tier,,,Contact:18/Brand:5/Market:5/Reach:10
"Knotty Kicks LLC (352) (@knottykicks_) · Gainesville, FL",Gainesville,Florida,USA,https://www.instagram.com/knottykicks_/,@knottykicks_,,1037483433,,,2026-04-16,,,,,,38,C-Tier,,,Contact:18/Brand:5/Market:5/Reach:10
The Oaks Mall - Gainesville,Gainesville,Florida,USA,https://stores.finishline.com/fl/gainesville/the-oaks-mall.html,@finishline,,(352) 331-5554,,,2026-04-16,,,,,,38,C-Tier,,,Contact:18/Brand:5/Market:5/Reach:10
Welcome to Gainesville FL's premier destination for authentic ...,Gainesville,Florida,USA,https://www.instagram.com/reel/DPrKZmTDSFk/,@rsrc.php,,1037483433,,,2026-04-16,,,,,,38,C-Tier,,,Contact:18/Brand:5/Market:5/Reach:10
Narcissus Gainesville,Gainesville,Florida,USA,https://narcissusgville.com/,@narcissusgville,,1329837617,,,2026-04-16,,,,,,38,C-Tier,,,Contact:18/Brand:5/Market:5/Reach:10
The Best Shopping in Gainesville FL,Gainesville,Florida,USA,https://www.celebrationpointe.com/latest_news/the-best-shopping-in-gainesville-fl/,@celebrationpointe,info@celebrationpointe.com,1007224121,,,2026-04-16,,,,,,60,B-Tier,,,Contact:30/Brand:5/Market:5/Reach:20
"Pink Narcissus Gainesville, a Lilly Pulitzer Signature Store ...",Gainesville,Florida,USA,https://www.instagram.com/pinknarcissusgville/,@rsrc.php,,1037483433,,,2026-04-16,,,,,,38,C-Tier,,,Contact:18/Brand:5/Market:5/Reach:10
Sandy's Savvy Chic Resale Boutique | Gainesville's Best ...,Gainesville,Florida,USA,https://sandysresale.com/,@sandysresale,,1613507218,,,2026-04-16,,,,,,38,C-Tier,,,Contact:18/Brand:5/Market:5/Reach:10
"Lloyd Clarke Sport | Shoes, Clothes and Much more",Gainesville,Florida,USA,https://www.lloydclarkesports.com/,@LloydClarkeSports,,1352372783,,,2026-04-16,,,,,,38,C-Tier,,,Contact:18/Brand:5/Market:5/Reach:10
(@hubdepartment) • Instagram photos and videos,Gainesville,Florida,USA,https://www.instagram.com/hubdepartment/,@hubdepartment,,1037483433,,,2026-04-16,,,,,,38,C-Tier,,,Contact:18/Brand:5/Market:5/Reach:10
"OS Hellstar Tee: S,M,L,XL Mani Jorts: 32 ASICS: 8,9,9.5,10 ...",Tallahassee,Florida,USA,https://www.instagram.com/p/C_i9G-4yXsO/?hl=ar,@coppedfl,,1037483433,,,2026-04-16,,,,,,38,C-Tier,,,Contact:18/Brand:5/Market:5/Reach:10
Governor's Square,Tallahassee,Florida,USA,https://www.hottopic.com/store-details?StoreId=0188&srsltid=AfmBOoq2rFrsTuJ_GaAZ0ptIb5-4ECqTrOn8MTMNUBiK9VYox0K_8po9,@hottopic,htonline@hottopic.com,1776355247,,,2026-04-16,,,,,,60,B-Tier,,,Contact:30/Brand:5/Market:5/Reach:20
"Hellstar X Flu Game 12s🌹🖤 Hellstar Tee: M, ...",Tallahassee,Florida,USA,https://www.instagram.com/p/DHZPOcuTC-y/,@rsrc.php,,1037483433,,,2026-04-16,,,,,,38,C-Tier,,,Contact:18/Brand:5/Market:5/Reach:10
"COPPED on Instagram: ""We are running back some deals to ...",Tallahassee,Florida,USA,https://www.instagram.com/reel/DSc_FyNEYO_/,@coppedfl,,1037483433,,,2026-04-16,,,,,,38,C-Tier,,,Contact:18/Brand:5/Market:5/Reach:10
"From Polo , to Hellstar, to Harley's to much more ‼️ COME ...",Tallahassee,Florida,USA,https://www.instagram.com/p/DPFKKlzkQqK/,@rsrc.php,,1037483433,,,2026-04-16,,,,,,38,C-Tier,,,Contact:18/Brand:5/Market:5/Reach:10
Hellstar Tee,Tallahassee,Florida,USA,https://www.ebay.com/itm/387593101323,@ebay,,2026041419,,,2026-04-16,,,,,,38,C-Tier,,,Contact:18/Brand:5/Market:5/Reach:10
Be careful purchasing HELLSTAR from everyone.. the ...,Tallahassee,Florida,USA,https://www.instagram.com/p/C4GsHr3RLA_/,@rsrc.php,,1037483433,,,2026-04-16,,,,,,38,C-Tier,,,Contact:18/Brand:5/Market:5/Reach:10
Supreme “Pounds” Jerseys are available instore in all ...,Tallahassee,Florida,USA,https://www.instagram.com/p/DTVYlmIEREt/,@rsrc.php,,1037483433,,,2026-04-16,,,,,,38,C-Tier,,,Contact:18/Brand:5/Market:5/Reach:10
"COPPED on Instagram: ""Have you visited us yet? Copped in ...",Tallahassee,Florida,USA,https://www.instagram.com/reel/DDZ8vAMsK49/,@rsrc.php,,1037483433,,,2026-04-16,,,,,,38,C-Tier,,,Contact:18/Brand:5/Market:5/Reach:10
All - Shop,Tallahassee,Florida,USA,https://us.supreme.com/collections/all,,,9196302747,,,2026-04-16,,,,,,18,C-Tier,,,Contact:8/Brand:5/Market:5/Reach:0
All New Supreme Restock🚨 Available Instore Today ...,Tallahassee,Florida,USA,https://www.instagram.com/p/Cjnrd9fOMKt/,@rsrc.php,,1037483433,,,2026-04-16,,,,,,38,C-Tier,,,Contact:18/Brand:5/Market:5/Reach:10
"Dillard's Governor's Square, Tallahassee, Florida",Tallahassee,Florida,USA,https://www.dillards.com/stores/florida/governors-square-tallahassee/0243?srsltid=AfmBOoo0Kdq8bVHCPfuLUUx1ycOszdQuO32uWKQ6JZssq4W-ODKevvu2,,,117.1776358,,,2026-04-16,,,,,,18,C-Tier,,,Contact:8/Brand:5/Market:5/Reach:0
Reebok Nano X4 Training Shoes | ShopSimon,Tallahassee,Florida,USA,https://shop.simon.com/products/nano-x4-training-shoes-1?variant=42602605051964&bvstate=pg:12/ct:r,@shopsimon,onlinesupport@shopsimon.com.,5887914853,,,2026-04-16,,,,,,60,B-Tier,,,Contact:30/Brand:5/Market:5/Reach:20
Designers Closet Tallahassee (@dctally),Tallahassee,Florida,USA,https://www.instagram.com/dctally/,@dctally,,1037483433,,,2026-04-16,,,,,,38,C-Tier,,,Contact:18/Brand:5/Market:5/Reach:10
WestEnd Square City Gear - TALLAHASSEE,Tallahassee,Florida,USA,https://locations.dtlr.com/fl/tallahassee/westend-square.html,@dtlrofficial,custserv@dtlr.com,1537521453,,,2026-04-16,,,,,,60,B-Tier,,,Contact:30/Brand:5/Market:5/Reach:20
Nic's Toggery,Tallahassee,Florida,USA,https://www.nicstoggery.com/,@nicstoggery,Johnnie-o_160x160@2x.jpg,1613527394,,,2026-04-16,,,,,,60,B-Tier,,,Contact:30/Brand:5/Market:5/Reach:20
APB Store • Visit Tallahassee,Tallahassee,Florida,USA,https://visittallahassee.com/partners/apb-store/,@v,bootstrap@4.0.0,1760727607,,,2026-04-16,,,,,,60,B-Tier,,,Contact:30/Brand:5/Market:5/Reach:20
Best Boutiques in Tallahassee,Tallahassee,Florida,USA,https://www.tallystudentsurvival.com/blog/best-boutiques-in-tallahassee/,@SurvivingTally,,1761150721,,,2026-04-16,,,,,,38,C-Tier,,,Contact:18/Brand:5/Market:5/Reach:10
"APB | Men's Streetwear Apparel, Sneakers & Accessories",Tallahassee,Florida,USA,https://www.apbstore.com/?srsltid=AfmBOopDedkJu4Bj42bMFloPwTyn1Rd985yH6tCAixgeB9ZGxHm-t7KC,@apbstore,,7357837025,,,2026-04-16,,,,,,38,C-Tier,,,Contact:18/Brand:5/Market:5/Reach:10
"Shoe and Sneaker Store in Tallahassee, FL",Tallahassee,Florida,USA,https://www.hibbett.com/storedetails/FL/Tallahassee/1239,@hibbett_westtenn,,1776352493,,,2026-04-16,,,,,,38,C-Tier,,,Contact:18/Brand:5/Market:5/Reach:10
1215 apalachee parkwayspace 270 - TALLAHASSEE,Tallahassee,Florida,USA,https://locations.dtlr.com/fl/tallahassee/1215-apalachee-parkwayspace-270.html,@dtlrofficial,custserv@dtlr.com,1537521453,,,2026-04-16,,,,,,60,B-Tier,,,Contact:30/Brand:5/Market:5/Reach:20
Have you visited us in #Tallahassee?⁠ ⁠ Located in the ...,Tallahassee,Florida,USA,https://www.instagram.com/p/C-YYwxAT3Cj/,@rsrc.php,,1037483433,,,2026-04-16,,,,,,38,C-Tier,,,Contact:18/Brand:5/Market:5/Reach:10
COPPED New Orleans,Tallahassee,Florida,USA,https://coppedusa.com/,@coppednola,xxx@xxx.xxx,2075810712,,,2026-04-16,,,,,,60,B-Tier,,,Contact:30/Brand:5/Market:5/Reach:20
"COPPED (@coppedfl) · Tallahassee, FL",Tallahassee,Florida,USA,https://www.instagram.com/coppedfl/,@coppedfl,,1037483433,,,2026-04-16,,,,,,38,C-Tier,,,Contact:18/Brand:5/Market:5/Reach:10
#hellstar shirts #clothing #store #utc #bradenton #sarasota,Sarasota,Florida,USA,https://www.instagram.com/p/C0iP9cNsGL0/,@rsrc.php,,1037483433,,,2026-04-16,,,,,,38,C-Tier,,,Contact:18/Brand:5/Market:5/Reach:10
"hubdepartment on Instagram: ""We're hosting our TWO DAY ...",Sarasota,Florida,USA,https://www.instagram.com/reel/DO40Sh9gESh/,@rsrc.php,,1037483433,,,2026-04-16,,,,,,38,C-Tier,,,Contact:18/Brand:5/Market:5/Reach:10
New Build-A-Bear points to a shift toward youth,Sarasota,Florida,USA,https://www.heraldtribune.com/story/news/2007/07/04/new-build-a-bear-points-to-a-shift-toward-youth/28563356007/,,,,,,2026-04-16,,,,,,10,C-Tier,,,Contact:0/Brand:5/Market:5/Reach:0
The Wool Jackets Are Back - Yates,Sarasota,Florida,USA,http://www.yatesgear.com/blog/wool-jackets,@sourabhsingh___,support@antisocialsocialclubs.net.,3333333333,,,2026-04-16,,,,,,60,B-Tier,,,Contact:30/Brand:5/Market:5/Reach:20
"800 Bell Rd Unit C-D Sarasota, FL 34240 United States come ...",Sarasota,Florida,USA,https://www.instagram.com/reel/C1tCgr8MeOP/,@rsrc.php,,1037483433,,,2026-04-16,,,,,,38,C-Tier,,,Contact:18/Brand:5/Market:5/Reach:10
The Mall At University Town Center,Sarasota,Florida,USA,https://www.hollisterco.com/shop/us/clothing-stores/US/Sarasota/FL/31915,,,,,,2026-04-16,,,,,,10,C-Tier,,,Contact:0/Brand:5/Market:5/Reach:0
7Ч7OЗ7Б1З】★下载扑克21点安卓版★【谷歌百度代发+V信,Sarasota,Florida,USA,https://www.linkedin.com/jobs/%E5%A4%A7%E5%98%B4%E6%A3%8B%E7%89%8C%E5%85%8D%E8%B4%B9%E2%98%85%E3%80%90%E8%B0%B7%E6%AD%8C%E7%99%BE%E5%BA%A6%E4%BB%A3%E5%8F%91+QQ%EF%BC%9A7%D0%97%E2%92%985%D0%A722%E2%92%8E%E3%80%91%E2%98%85%E5%AE%9D%E6%98%8C%E7%90%AA%E7%89%8C%E2%98%85%E3%80%90%E8%B0%B7%E6%AD%8C%E7%99%BE%E5%BA%A6%E4%BB%A3%E5%8F%91+V%E4%BF%A1%EF%BC%9A%E3%80%A5%D0%A7%E3%80%A59%E2%92%8E%E3%80%A57O%E3%80%91%E2%98%85%E4%B8%87%E4%BA%BA%E7%99%BE%E5%AE%B6%E4%B9%90%E2%98%85%E3%80%90%E8%B0%B7%E6%AD%8C%E7%99%BE%E5%BA%A6%E4%BB%A3%E5%8F%91+V%E4%BF%A1%EF%BC%9A7%D0%A77O%D0%977%D0%911%D0%97%E3%80%91%E2%98%85%E4%B8%8B%E8%BD%BD%E6%89%91%E5%85%8B21%E7%82%B9%E5%AE%89%E5%8D%93%E7%89%88%E2%98%85%E3%80%90%E8%B0%B7%E6%AD%8C%E7%99%BE%E5%BA%A6%E4%BB%A3%E5%8F%91+V%E4%BF%A1%EF%BC%9A%E2%92%899%D0%A7%D0%97%D0%917%E2%92%909%E3%80%91%E2%98%85-jobs,@LinkedIn,,4402141731,,,2026-04-16,,,,,,38,C-Tier,,,Contact:18/Brand:5/Market:5/Reach:10
Find a Dura Supreme Showroom,Sarasota,Florida,USA,https://www.durasupreme.com/find-a-showroom/,,,,,,2026-04-16,,,,,,10,C-Tier,,,Contact:0/Brand:5/Market:5/Reach:0
Superior Sheds Retail - Osprey / Sarasota,Sarasota,Florida,USA,https://www.superiorsheds.com/locations/superior-sheds-retail-osprey/,@superiorsheds.com,info@superiorsheds.com,1182288991,,,2026-04-16,,,,,,60,B-Tier,,,Contact:30/Brand:5/Market:5/Reach:20
"Ready, Set, Shop! Sarasota shopping districts",Sarasota,Florida,USA,https://www.visitsarasota.com/blog/ready-set-shop-sarasota-shopping-districts,,,,,,2026-04-16,,,,,,10,C-Tier,,,Contact:0/Brand:5/Market:5/Reach:0
Mobile Technician - 268666,Sarasota,Florida,USA,https://careers.cbre.com/sk_SK/careers/JobDetail/Mobile-Technician/268666,@media,recruitingaccommodations@cbre.com,1770310573,,,2026-04-16,,,,,,60,B-Tier,,,Contact:30/Brand:5/Market:5/Reach:20
Find a La Cornue Dealer Near You | Authorized Showrooms,Sarasota,Florida,USA,https://lacornueusa.com/find-a-dealer,@5.3.3,clvmanagers@trailappliances.com,6771724681,,,2026-04-16,,,,,,60,B-Tier,,,Contact:30/Brand:5/Market:5/Reach:20
Fan Outfitters,Sarasota,Florida,USA,http://utcsarasota.com/places/shop/fan-outfitters/,@utcsarasota,UTCLeasing@benderson.com,5994878089,,,2026-04-16,,,,,,60,B-Tier,,,Contact:30/Brand:5/Market:5/Reach:20
RAREBIRD | Curated Global Clothing Boutique in Sarasota ...,Sarasota,Florida,USA,https://www.loverarebird.com/?srsltid=AfmBOoqDZGFeKDMQ6Y2sSqe9R52Ml-lcRLi8p714lsp7vfdLrBfCk97Y,@rarebird_boutique,,1273701017,,,2026-04-16,,,,,,38,C-Tier,,,Contact:18/Brand:5/Market:5/Reach:10
The Met at St. Armands | Luxury Sarasota Fashion House ...,Sarasota,Florida,USA,https://www.themetsarasota.com/,@themetsarasota,user@domain.com.,1712007999,,,2026-04-16,,,,,,60,B-Tier,,,Contact:30/Brand:5/Market:5/Reach:20
Shop STUSSY•Put together the perfect fit!,Sarasota,Florida,USA,https://www.instagram.com/p/DTRN8smkSZ_/,@rsrc.php,,1037483433,,,2026-04-16,,,,,,38,C-Tier,,,Contact:18/Brand:5/Market:5/Reach:10
"Urban Culture Boutique – Trendy Styles in Sarasota, FL ...",Sarasota,Florida,USA,https://shopurbanculture.com/?srsltid=AfmBOorsLqis7PW0SchlhIQuNrttqSUWwogTQ27l7xd3f12st3rAUm5r,@font,,1629804013,,,2026-04-16,,,,,,38,C-Tier,,,Contact:18/Brand:5/Market:5/Reach:10
Tyni Lazzaro's Brooklyn Boutique Brings Big-City Fashion ...,Sarasota,Florida,USA,https://www.sarasotamagazine.com/fashion-and-shopping/2025/04/brooklyn-boutique-sarasota,@sarasotamagazine,,2315016646,,,2026-04-16,,,,,,38,C-Tier,,,Contact:18/Brand:5/Market:5/Reach:10
Molly's! A Chic and Unique Boutique,Sarasota,Florida,USA,https://mollyssarasota.com/,@mollys_srq,events90@mollyssarasota.com,1019116743,,,2026-04-16,,,,,,60,B-Tier,,,Contact:30/Brand:5/Market:5/Reach:20
T.Georgiano's Boutique – T. Georgiano's,Sarasota,Florida,USA,https://tgeorgianos.com/?srsltid=AfmBOoqXFG0MXtSzXENbUHl1N-iCrxRKwP67qDWIZDj20jjBduuxmOHG,@tgeorgianos,info@tgeorgianos.com,9434005984,,,2026-04-16,,,,,,60,B-Tier,,,Contact:30/Brand:5/Market:5/Reach:20
Surge Style,Sarasota,Florida,USA,https://shopsurgestyle.com/?srsltid=AfmBOopRwWbUv4OXlECpkIPEIMosAvxx4YaFknt_MkGR57LtWD_2Hv81,@shopsurgestyle,8752b607ffbd5b80e67e40804913b0ae7b9cb451f1c5e92ebc921b5c861dbde6_250x250@2x.jpg,1711599693,,,2026-04-16,,,,,,60,B-Tier,,,Contact:30/Brand:5/Market:5/Reach:20
Isabel Sarasota - Personal Luxury Styling | One-of-a-Kind ...,Sarasota,Florida,USA,https://isabelsarasota.co/,@isabelsarasotaa,isabel@isabelsarasota.co,7865014708,,,2026-04-16,,,,,,60,B-Tier,,,Contact:30/Brand:5/Market:5/Reach:20
"The Ultimate Insider's Guide: Boutiques in Sarasota, Florida",Sarasota,Florida,USA,https://www.jaguarsarasota.com/the-ultimate-insiders-guide-boutiques-in-sarasota-florida/,,,,,,2026-04-16,,,,,,10,C-Tier,,,Contact:0/Brand:5/Market:5/Reach:0
"ITALICA Boutique (@italica_official) · Sarasota, FL",Sarasota,Florida,USA,https://www.instagram.com/italica_official/,@italica_official,,1037483433,,,2026-04-16,,,,,,38,C-Tier,,,Contact:18/Brand:5/Market:5/Reach:10
"L Boutique – Award Winning Fashion Boutique in Sarasota, FL",Sarasota,Florida,USA,https://lboutiques.com/,@lboutiques,,738471-2998,,,2026-04-16,,,,,,38,C-Tier,,,Contact:18/Brand:5/Market:5/Reach:10
Sarasota's 100 Best Shops,Sarasota,Florida,USA,https://www.sarasotamagazine.com/fashion-and-shopping/2019/08/platinum-100-2019,@sarasotamagazine,,2315016646,,,2026-04-16,,,,,,38,C-Tier,,,Contact:18/Brand:5/Market:5/Reach:10
The 25 coolest clothing stores and boutiques in Sarasota,Sarasota,Florida,USA,https://wanderlog.com/list/geoCategory/123444/coolest-clothing-stores-and-boutiques-in-sarasota,@elastic,apm-rum@5.16.0,3026914942,,,2026-04-16,,,,,,60,B-Tier,,,Contact:30/Brand:5/Market:5/Reach:20
"Island Pursuit Store Location in Sarasota, FL",Sarasota,Florida,USA,https://islandpursuit.com/sarasota-fl/?srsltid=AfmBOopYRikxd2HDI7xrYrIP58PfCb5Ben06znLtZxSprC_e3U_uDmWH,@islandpursuit,INFO@ISLANDPURSUIT.COM,1515010170,,,2026-04-16,,,,,,60,B-Tier,,,Contact:30/Brand:5/Market:5/Reach:20
Salty Stitch - Clothing Stores Sarasota,Sarasota,Florida,USA,https://saltystitch.com/?srsltid=AfmBOoo5lhBjtzZeXbjghySSkZI2htScRLYMQNYH59Uv3y-049wsnhZH,@saltystitch,info@saltystitch.com,9190854978,,,2026-04-16,,,,,,60,B-Tier,,,Contact:30/Brand:5/Market:5/Reach:20
Hellstar x Vale Forever 📸🔥 Shop In Store ✅ 6801 ...,Los Angeles,California,USA,https://www.instagram.com/p/DMYR9ANvEUL/,@rsrc.php,,1037483433,,,2026-04-16,,,,,,58,B-Tier,,,Contact:18/Brand:5/Market:25/Reach:10
Rundown Los Angeles,Los Angeles,California,USA,https://rundownlosangeles.com/?srsltid=AfmBOop-UMsyeh_wcCyGGjR_21BLPjlScuTMd2YsbAWdzo6LQptVQaAa,@rundown.losangeles,INFO@RUNDOWNLOSANGELES.COM,5202457209,,,2026-04-16,,,,,,80,A-Tier,,,Contact:30/Brand:5/Market:25/Reach:20
"NOW OPEN! Shop Hellstar, Cookies, Asaali, and many ...",Los Angeles,California,USA,https://www.instagram.com/p/DTYXMd2Eopj/,@rsrc.php,,1037483433,,,2026-04-16,,,,,,58,B-Tier,,,Contact:18/Brand:5/Market:25/Reach:10
Inside Supreme's new West Hollywood store,Los Angeles,California,USA,https://i-d.co/article/supreme-west-hollywood/,@michaelnrodriguez,,1676897667,,,2026-04-16,,,,,,58,B-Tier,,,Contact:18/Brand:5/Market:25/Reach:10
Supreme Store Los Angeles,Los Angeles,California,USA,https://www.instagram.com/explore/locations/523241268/supreme-store-los-angeles/,@rsrc.php,,1037483433,,,2026-04-16,,,,,,58,B-Tier,,,Contact:18/Brand:5/Market:25/Reach:10
Supreme LA,Los Angeles,California,USA,https://www.sneakerfreaker.com/city-guides/los-angeles/supreme-la-los-angeles,@sneakerfreakermag,,9948697197,,,2026-04-16,,,,,,58,B-Tier,,,Contact:18/Brand:5/Market:25/Reach:10
A Look Inside Supreme's New LA Store,Los Angeles,California,USA,https://hypebeast.com/2023/2/supreme-la-store-west-hollywood-photos,@hypebeast,app-store-en@2x.png,3702846231,,,2026-04-16,,,,,,80,A-Tier,,,Contact:30/Brand:5/Market:25/Reach:20
3 Days of Streetwear and LA Team Gear,Los Angeles,California,USA,https://www.discoverlosangeles.com/things-to-do/los-angeles-streetwear-sports-shopping,,,,,,2026-04-16,,,,,,30,C-Tier,,,Contact:0/Brand:5/Market:25/Reach:0
Toreno's Top 5 Streetwear Joints in LA,Los Angeles,California,USA,https://trippin.world/guide/torenos-top-5-streetwear-joints-in-la,@trippin.world,hello@trippin.com,6441128080,,,2026-04-16,,,,,,80,A-Tier,,,Contact:30/Brand:5/Market:25/Reach:20
HypeBeast Kickz,Los Angeles,California,USA,https://www.hbkickz.com/,@hbkickz23,hypebeastkicks23@yahoo.com,1825789878,,,2026-04-16,,,,,,80,A-Tier,,,Contact:30/Brand:5/Market:25/Reach:20
RIF LA: RIF LOS ANGELES,Los Angeles,California,USA,https://www.rif.la/?srsltid=AfmBOorIdES21SBw4Wqur-ZDTuXk3C3G3xdTqhBoWJj0Dg4_8s_M8uL0,@riflosangeles,riflogo_265x@2x.png,1635226384,,,2026-04-16,,,,,,80,A-Tier,,,Contact:30/Brand:5/Market:25/Reach:20
Los Angeles,Los Angeles,California,USA,https://hypebeast.com/tags/los-angeles,@hypebeast,screenshot-adblock@2x.c415715a.png,3702846231,,,2026-04-16,,,,,,80,A-Tier,,,Contact:30/Brand:5/Market:25/Reach:20
TRAFFIC LOS ANGELES | Luxury Men's and Women's ...,Los Angeles,California,USA,https://shoptrafficla.com/,@media,customerservice@shoptrafficla.com,7654415723,,,2026-04-16,,,,,,80,A-Tier,,,Contact:30/Brand:5/Market:25/Reach:20
Pieces – PIECES,Los Angeles,California,USA,https://pieceslosangeles.com/?srsltid=AfmBOoocquPXOJKaDDSh-p0d1SUaIUZa2M0v0yhpZUD8TE-QuAm7TQgR,@font,,1767727558,,,2026-04-16,,,,,,58,B-Tier,,,Contact:18/Brand:5/Market:25/Reach:10
The 11 Best Men's Boutiques In Los Angeles,Los Angeles,California,USA,https://www.modernluxury.com/best-mens-boutiques-los-angeles/,@import,chosen-sprite@2x.png,1775648378,,,2026-04-16,,,,,,80,A-Tier,,,Contact:30/Brand:5/Market:25/Reach:20
LA Sneaker Stores - Los Angeles,Los Angeles,California,USA,https://sneakernews.com/sneaker-shopping-guide/la-sneaker-stores/,,,,,,2026-04-16,,,,,,30,C-Tier,,,Contact:0/Brand:5/Market:25/Reach:0
Hellstar Records Hollywood CA Graphic T Shirt Men's XL White,West Hollywood,California,USA,https://www.ownthespread.com/products/11182665/,,,,,,2026-04-16,,,,,,10,C-Tier,,,Contact:0/Brand:5/Market:5/Reach:0
Hellstar Records Hollywood CA Path to Paradise Tee ...,West Hollywood,California,USA,https://www.ebay.com/itm/127369867466,@ebay,,2026041419,,,2026-04-16,,,,,,38,C-Tier,,,Contact:18/Brand:5/Market:5/Reach:10
Shop @hellstar in-store & online at pieceslosangeles.com ...,West Hollywood,California,USA,https://www.instagram.com/reel/DDkOnNqvQOu/,@hellstar,,1037483433,,,2026-04-16,,,,,,38,C-Tier,,,Contact:18/Brand:5/Market:5/Reach:10
Hellstar x Vale Forever 📸🔥 Shop In Store ✅ ... - Instagram,West Hollywood,California,USA,https://www.instagram.com/p/DMYR9ANvEUL/,@rsrc.php,,1037483433,,,2026-04-16,,,,,,38,C-Tier,,,Contact:18/Brand:5/Market:5/Reach:10
Luxury Custom HellStar Tracksuit - Trendy Hollywood LA ...,West Hollywood,California,USA,https://www.ebay.com/itm/176582441576,@ebay,,2026041419,,,2026-04-16,,,,,,38,C-Tier,,,Contact:18/Brand:5/Market:5/Reach:10
Adidas x Hellstar In-Store Release Recap Another high ...,West Hollywood,California,USA,https://www.instagram.com/reel/DVRg0Edkn7Z/,@rsrc.php,,1037483433,,,2026-04-16,,,,,,38,C-Tier,,,Contact:18/Brand:5/Market:5/Reach:10
DeAndre Hopkins arrives at Rhude Clothing Line Pop Up ...,West Hollywood,California,USA,https://www.gettyimages.com/detail/video/deandre-hopkins-arrives-at-rhude-clothing-line-pop-up-news-footage/999161528,@gettyimages,,6351776513,,,2026-04-16,,,,,,38,C-Tier,,,Contact:18/Brand:5/Market:5/Reach:10
"The Best Boutiques in West Hollywood, L.A.'s Most Shop- ...",West Hollywood,California,USA,https://www.theadventuristmagazine.com/city-guides/the-west/california/los-angeles/west-hollywood-best-boutiques,@the_adventurist_magazine,user@domain.com.,1765539906,,,2026-04-16,,,,,,60,B-Tier,,,Contact:30/Brand:5/Market:5/Reach:20
"Brick & Mortar Boutique in West Hollywood, CA",West Hollywood,California,USA,https://shopatbrick.com/,@shopatbrick,info@shopatbrick.com,5991460479,,,2026-04-16,,,,,,60,B-Tier,,,Contact:30/Brand:5/Market:5/Reach:20
Cherry Los Angeles – CHERRY LA,West Hollywood,California,USA,https://cherryla.com/?srsltid=AfmBOopa1I24YjZLfs2HM1mnW54bSNacCvwWLAdMF0CNb_MZKsziAQlq,@cherrylosangeles,,5861781671,,,2026-04-16,,,,,,38,C-Tier,,,Contact:18/Brand:5/Market:5/Reach:10
The Ultimate Guide to Shopping in West Hollywood,West Hollywood,California,USA,https://www.visitwesthollywood.com/stories/ultimate-west-hollywood-shopping-guide/,,,,,,2026-04-16,,,,,,10,C-Tier,,,Contact:0/Brand:5/Market:5/Reach:0
"Feature: Sneaker Culture, Designer Apparel + Lifestyle",West Hollywood,California,USA,https://feature.com/?srsltid=AfmBOopYKoDTMRwu3YC7vsCsWYgdpE-ADzyw_QBiGUe-tW9stTHrvEPM,@feature,icon-klarna@2x.static.png,1554395407,,,2026-04-16,,,,,,60,B-Tier,,,Contact:30/Brand:5/Market:5/Reach:20
John Elliott Opens First Flagship Store in West Hollywood,West Hollywood,California,USA,https://hypebeast.com/2019/5/john-elliott-first-store-west-hollywood-melrose-open,,,,,,2026-04-16,,,,,,10,C-Tier,,,Contact:0/Brand:5/Market:5/Reach:0
Take a Look Inside Supreme's New Store in West Hollywood,West Hollywood,California,USA,https://hypebae.com/2023/2/supreme-west-hollywood-store-los-angeles-opening-location-info,@hypebae,screenshot-adblock@2x.c415715a.png,3702846231,,,2026-04-16,,,,,,60,B-Tier,,,Contact:30/Brand:5/Market:5/Reach:20
The Ultimate West Hollywood Weekend Shopping Guide,West Hollywood,California,USA,https://www.elle.com/culture/travel-food/a46030642/the-ultimate-west-hollywood-weekend-shopping-guide/,@elleusa,customercare@zadigetvoltaire.com,3646644135,,,2026-04-16,,,,,,60,B-Tier,,,Contact:30/Brand:5/Market:5/Reach:20
5 Clothing Stores You NEED To Experience #departmento ...,West Hollywood,California,USA,https://www.instagram.com/reel/DMa5u1jyufG/,@rsrc.php,,1037483433,,,2026-04-16,,,,,,38,C-Tier,,,Contact:18/Brand:5/Market:5/Reach:10
Shopping in West Hollywood,West Hollywood,California,USA,https://www.visitwesthollywood.com/experiences/shopping-design/,,,,,,2026-04-16,,,,,,10,C-Tier,,,Contact:0/Brand:5/Market:5/Reach:0
Classic Shoes Los Angeles CA,West Hollywood,California,USA,https://www.shopwss.com/pages/la-west-sunset-blvd-store-77?srsltid=AfmBOoptat2xIJQXaTYa3g1TjVfHwy5qkAWogdez48RF4kSXF5Ka8nUk,@ShopWSS,help@shopwss.com,1759352978,,,2026-04-16,,,,,,60,B-Tier,,,Contact:30/Brand:5/Market:5/Reach:20
Best sneaker shops in LA - California Forum,West Hollywood,California,USA,https://www.tripadvisor.ie/ShowTopic-g28926-i29-k11226279-Best_sneaker_shops_in_LA-California.html,,,,,,2026-04-16,,,,,,10,C-Tier,,,Contact:0/Brand:5/Market:5/Reach:0
"FAIRFAX CALIFORNIA | FAIRFAX | California, USA",Fairfax,California,USA,https://www.fairfaxcalifornia.com/,@fairfax_usa,core-js-bundle@3.2.1,2545352419,,,2026-04-16,,,,,,60,B-Tier,,,Contact:30/Brand:5/Market:5/Reach:20
Our Stockists,Fairfax,California,USA,https://www.fairfaxandfavor.com/en-us/pages/where-to-buy?srsltid=AfmBOoq6ag5TRMFziHRgiXOyrbalLkj_NziH0ZVMxEyhhGRhxnbWmFmG,@fairfaxandfavor,info@fairfaxandfavor.com,1655390420,,,2026-04-16,,,,,,60,B-Tier,,,Contact:30/Brand:5/Market:5/Reach:20
👟👟👟👟👟👟👟👟 Adidas Superstar ( Hellstar Hazy Orange 🍊 ...,Fairfax,California,USA,https://www.instagram.com/reel/DXH3xl_ArE2/,@rsrc.php,,1037483433,,,2026-04-16,,,,,,38,C-Tier,,,Contact:18/Brand:5/Market:5/Reach:10
👟👟👟👟👟👟👟👟 Adidas AE 2 ( Hellstar Desert Camo ) ...,Fairfax,California,USA,https://www.instagram.com/reel/DVjIw43grCs/,@rsrc.php,,1037483433,,,2026-04-16,,,,,,38,C-Tier,,,Contact:18/Brand:5/Market:5/Reach:10
"Supreme Closes Los Angeles Fairfax Shop, New Location ...",Fairfax,California,USA,https://www.flaunt.com/blog/fashion-supreme-closes-los-angeles-fairfax-store,@flauntmagazine,splide@3.2.2,5292349524,,,2026-04-16,,,,,,60,B-Tier,,,Contact:30/Brand:5/Market:5/Reach:20
Is Fairfax Avenue Dead as the Streetwear Hub of L.A.?,Fairfax,California,USA,https://wwd.com/business-news/retail/supreme-move-fairfax-avenue-sunset-boulevard-affect-streetwear-hub-los-angeles-1235503654/,@wwd,Br7@-V.O,1945704925,,,2026-04-16,,,,,,60,B-Tier,,,Contact:30/Brand:5/Market:5/Reach:20
The Hundreds' Closure Caps Fairfax's OG Streetwear Scene,Fairfax,California,USA,https://www.highsnobiety.com/p/fairfax-los-angeles-streetwear/,@highsnobiety,info@highsnobiety.com,1589980701,,,2026-04-16,,,,,,60,B-Tier,,,Contact:30/Brand:5/Market:5/Reach:20
Supreme Have Closed Their LA Flagship Fairfax Store,Fairfax,California,USA,https://pausemag.co.uk/2017/08/supreme-have-closed-their-la-flagship-fairfax-store/,@pauseonline,samantha.ria@pausemag.co.uk,1758023316,,,2026-04-16,,,,,,60,B-Tier,,,Contact:30/Brand:5/Market:5/Reach:20
"A Line Supreme: Customers, Neighbors Welcome Texting ...",Fairfax,California,USA,https://www.cbsnews.com/losangeles/news/supreme-fairfax-feb-15-release-texts/,@KCALNews,,1536620209,,,2026-04-16,,,,,,38,C-Tier,,,Contact:18/Brand:5/Market:5/Reach:10
Guillermo Andrade Returns to Retail With 424 Flagship on ...,Fairfax,California,USA,https://www.yahoo.com/lifestyle/guillermo-andrade-returns-retail-424-223520592.html,@yahoolifestyle,,8108964313,,,2026-04-16,,,,,,38,C-Tier,,,Contact:18/Brand:5/Market:5/Reach:10
Discover the Rhude Collection,Fairfax,California,USA,https://www.a-ma-maniere.com/collections/rhude?srsltid=AfmBOop8yxlgkOR7WWFFveSDWM1NirHEIz8P32nMUc5v_4tnsoM4NE0o,@maniere_usa,,1422991689,,,2026-04-16,,,,,,38,C-Tier,,,Contact:18/Brand:5/Market:5/Reach:10
Photos: The Dawn of LA's Fairfax Avenue Streetwear Scene,Fairfax,California,USA,https://urbmagazine.substack.com/p/photos-the-dawn-of-las-fairfax-avenue,@jessicaandclark,,1619891265,,,2026-04-16,,,,,,38,C-Tier,,,Contact:18/Brand:5/Market:5/Reach:10
Catwalk Designer Vintage – catwalk,Fairfax,California,USA,https://catwalkdesignervintage.com/,@catwalkfairfax,,1554769634,,,2026-04-16,,,,,,38,C-Tier,,,Contact:18/Brand:5/Market:5/Reach:10
The Store Vintage & Modern (@thestorevandm),Fairfax,California,USA,https://www.instagram.com/thestorevandm/,@thestorevandm,,1037483433,,,2026-04-16,,,,,,38,C-Tier,,,Contact:18/Brand:5/Market:5/Reach:10
Best Streetwear Shop,Fairfax,California,USA,https://www.laweekly.com/best-streetwear-shop-2/,,,,,,2026-04-16,,,,,,10,C-Tier,,,Contact:0/Brand:5/Market:5/Reach:0
SOLESTAGE – Solestage,Fairfax,California,USA,https://www.solestage.com/,@solestage,,1712567275,,,2026-04-16,,,,,,38,C-Tier,,,Contact:18/Brand:5/Market:5/Reach:10
"4:30 Fairfax (@430fairfax) · Los Angeles, CA",Fairfax,California,USA,https://www.instagram.com/430fairfax/,@430fairfax,,1037483433,,,2026-04-16,,,,,,38,C-Tier,,,Contact:18/Brand:5/Market:5/Reach:10
True Clothing – Shop True Clothing,Fairfax,California,USA,https://www.trueclothing.net/?srsltid=AfmBOorWUSf4hoSv5Sjj5gAr65B_zEGp8pkefd-8iQcwrPo5zvdDHGH-,@true_sf,,1661581586,,,2026-04-16,,,,,,38,C-Tier,,,Contact:18/Brand:5/Market:5/Reach:10
Fairfax: The Mecca of Streetwear,Fairfax,California,USA,https://www.talonmarks.com/wings-magazine/2019/05/28/fairfax-the-mecca-of-streetwear/,@talonmarks,,3333333333,,,2026-04-16,,,,,,38,C-Tier,,,Contact:18/Brand:5/Market:5/Reach:10
Hellstar Baseball Fitted Hat Green,Beverly Hills,California,USA,https://www.shopholyground.com/products/hellstar-baseball-fitted-hat-green?srsltid=AfmBOoqy2boUeiGDKkJjgcif7hgpJHW8F_Zlv6g8V2a-lGhnG9l23Fiu,@holygroundshop,,2868549642,,,2026-04-16,,,,,,38,C-Tier,,,Contact:18/Brand:5/Market:5/Reach:10
Best Authenticated Streetwear Stores Near Beverly Hills - Pieces,Beverly Hills,California,USA,https://pieceslosangeles.com/blogs/news/best-authenticated-streetwear-stores-near-beverly-hills-1?srsltid=AfmBOooVcjNb5X1BkiGyap4ArBFdGLvJUvL3hXax48BRnIQIjJspx46e,@font,,1767727558,,,2026-04-16,,,,,,38,C-Tier,,,Contact:18/Brand:5/Market:5/Reach:10
"Supreme, Beverly Hills, CA - Reviews, Ratings, Tips and ...",Beverly Hills,California,USA,https://wanderlog.com/place/details/745258/supreme,@34.090783,apm-rum@5.16.0,3026914942,,,2026-04-16,,,,,,60,B-Tier,,,Contact:30/Brand:5/Market:5/Reach:20
"Supreme in West Hollywood, California - Ask AI",Beverly Hills,California,USA,https://mindtrip.ai/attraction/west-hollywood-california/supreme/at-1BeiVynh,@mindtripai,,2627051928,,,2026-04-16,,,,,,38,C-Tier,,,Contact:18/Brand:5/Market:5/Reach:10
Living the Rhude Life in Beverly Hills,Beverly Hills,California,USA,https://www.gq.com/story/rhude-ss-22,@samschube,help@newyorker.com,6069630293,,,2026-04-16,,,,,,60,B-Tier,,,Contact:30/Brand:5/Market:5/Reach:20
LA STORE Now open 8483 Melrose AV CA 90069 11AM,Beverly Hills,California,USA,https://www.instagram.com/p/DWHarMAjJBM/,@rsrc.php,,1037483433,,,2026-04-16,,,,,,38,C-Tier,,,Contact:18/Brand:5/Market:5/Reach:10
RODEO DRIVE – THE INTERSECTION OF LUXURY ...,Beverly Hills,California,USA,https://www.rodeodrive-bh.com/,@rodeodrive,user@domain.com.,1774491810,,,2026-04-16,,,,,,60,B-Tier,,,Contact:30/Brand:5/Market:5/Reach:20
Impossible Kicks,Beverly Hills,California,USA,https://impossiblekicks.com/?srsltid=AfmBOopOQjvqshfJqbz5Ta1xJURCHrSdntweQd6kljjSVnPm1EPA1BRv,,,,,,2026-04-16,,,,,,10,C-Tier,,,Contact:0/Brand:5/Market:5/Reach:0
Blends Opens a New Beverly Hills Location,Beverly Hills,California,USA,https://hypebeast.com/2015/3/blends-opens-a-new-beverly-hills-location,,,,,,2026-04-16,,,,,,10,C-Tier,,,Contact:0/Brand:5/Market:5/Reach:0
"Los Angeles City Guide: Coffee, Art, Cheap Eats",Beverly Hills,California,USA,https://hypebeast.com/2016/8/los-angeles-city-guide-hypebeast,,,,,,2026-04-16,,,,,,10,C-Tier,,,Contact:0/Brand:5/Market:5/Reach:0
ANTA Beverly Hills is now open! It was an honor to attend the ...,Beverly Hills,California,USA,https://www.instagram.com/reel/DUvrd_yE6EI/,@rsrc.php,,1037483433,,,2026-04-16,,,,,,38,C-Tier,,,Contact:18/Brand:5/Market:5/Reach:10
Inside Louis Vuitton's Rodeo Drive Temporary Residency,Beverly Hills,California,USA,https://hypebeast.com/2021/2/louis-vuitton-temporary-residency-rodeo-drive-beverly-hills-store,,,,,,2026-04-16,,,,,,10,C-Tier,,,Contact:0/Brand:5/Market:5/Reach:0
Madison Maison an iconic specialty store in Beverly Hills,Beverly Hills,California,USA,https://www.madisonstyle.com/?srsltid=AfmBOoqHQkG1A0F2YIMKCOpaUfIazzuC7EaubND6_Vh2hoiE8n0bWfU9,@madisonstyle,,1746710984,,,2026-04-16,,,,,,38,C-Tier,,,Contact:18/Brand:5/Market:5/Reach:10
"My Art is now in Zensai, a Luxury Streetwear Fashion Store ...",Beverly Hills,California,USA,https://www.instagram.com/p/B8S2fNhAUPO/,@rsrc.php,,1037483433,,,2026-04-16,,,,,,38,C-Tier,,,Contact:18/Brand:5/Market:5/Reach:10
Beverly Hills Lingerie: First Streetwear Lingerie Brand,Beverly Hills,California,USA,https://beverlyhillslingerie.com/?srsltid=AfmBOooDhXl-eyNJOrYTtboz4BrsG4CL520Xk8Qmjh4q9akfRF3oLlia,@beverlyhillslingerie,Screen_Shot_2019-08-06_at_10.39.38_PM_f6fce90b-4675-4052-91f2-1896a2b60ca9_x63@2x.png,1613537804,,,2026-04-16,,,,,,60,B-Tier,,,Contact:30/Brand:5/Market:5/Reach:20
"LEVELS SF on Instagram: ""Hellstar. Levels. 2146 3rd St. Now ...",San Francisco,California,USA,https://www.instagram.com/reel/DGEf2oRyhj_/,@hellstar,,1037483433,,,2026-04-16,,,,,,38,C-Tier,,,Contact:18/Brand:5/Market:5/Reach:10
"New Hellstar Uniform Zip-Up⭐️ Sizes: S, M, L ...",San Francisco,California,USA,https://www.instagram.com/p/DImvj3WT8PJ/,@rsrc.php,,1037483433,,,2026-04-16,,,,,,38,C-Tier,,,Contact:18/Brand:5/Market:5/Reach:10
Hellstar out now !! Hoodies / Sweats ( DM to purchase ),San Francisco,California,USA,https://www.instagram.com/p/DVWcsfHCUYN/,@rsrc.php,,1037483433,,,2026-04-16,,,,,,38,C-Tier,,,Contact:18/Brand:5/Market:5/Reach:10
"Fresh Society on Instagram: ""New HellStar “beat us” T's now ...",San Francisco,California,USA,https://www.instagram.com/reel/C6pLV4ivtof/,@rsrc.php,,1037483433,,,2026-04-16,,,,,,38,C-Tier,,,Contact:18/Brand:5/Market:5/Reach:10
"Hellstar Collection: Exclusive Apparel, Graphic Tees & ...",San Francisco,California,USA,https://wycovintagebroadway.com/collections/hellstar?srsltid=AfmBOopj-Hmu5tvXuyVKtBigAclvAshNjFMyvZDpV8OmXpG3vO7-BNAW,@WyCoBroadway,,1679016109,,,2026-04-16,,,,,,38,C-Tier,,,Contact:18/Brand:5/Market:5/Reach:10
"Fresh Society on Instagram: ""New HellStar sports hoodie now ...",San Francisco,California,USA,https://www.instagram.com/reel/C7PmJKTSGGk/,@rsrc.php,,1037483433,,,2026-04-16,,,,,,38,C-Tier,,,Contact:18/Brand:5/Market:5/Reach:10
"Supreme in San Francisco, CA United States",San Francisco,California,USA,https://maps.apple.com/place?place-id=I4CADAA6416758C92,@context,snippet-foursquare-logo-1@3x.png,122.4105001,,,2026-04-16,,,,,,60,B-Tier,,,Contact:30/Brand:5/Market:5/Reach:20
Peek inside Supreme's San Francisco store,San Francisco,California,USA,https://thespaces.com/supreme-san-francisco/,,,,,,2026-04-16,,,,,,10,C-Tier,,,Contact:0/Brand:5/Market:5/Reach:0
Wilkes Bashford - Mitchell Stores,San Francisco,California,USA,https://wilkesbashford.mitchellstores.com/,,,,,,2026-04-16,,,,,,10,C-Tier,,,Contact:0/Brand:5/Market:5/Reach:0
State Of Flux | Clothing Brand & Store,San Francisco,California,USA,https://www.stateofflux.shop/,@stateoffluxshop,info@stateofflux.shop,2590526676,,,2026-04-16,,,,,,60,B-Tier,,,Contact:30/Brand:5/Market:5/Reach:20
"The Darkside Initiative - San Francisco, CA - Apparel and ...",San Francisco,California,USA,https://www.thedarksideinitiative.com/,@thedarksideinitiative,AURORA_HM4740-001_PHSLH000-2000_9c518cd5-4e3a-4afe-b29b-b483552191da_25x25@2x.jpg,1752475350,,,2026-04-16,,,,,,60,B-Tier,,,Contact:30/Brand:5/Market:5/Reach:20
Upper Playground | Shop Now,San Francisco,California,USA,https://upperplayground.com/,@upperplayground,upperplayproduction@gmail.com,8040009630,,,2026-04-16,,,,,,60,B-Tier,,,Contact:30/Brand:5/Market:5/Reach:20
Bay Area Streetwear Brands,San Francisco,California,USA,https://piedmontave.com/bay-area-streetwear-brands/,@media,chosen-sprite@2x.png,1541183126,,,2026-04-16,,,,,,60,B-Tier,,,Contact:30/Brand:5/Market:5/Reach:20
The City Guide to San Francisco,San Francisco,California,USA,https://hypebeast.com/2019/4/san-francisco-things-to-do-guide-restaurants-shopping-museums-food,,,,,,2026-04-16,,,,,,10,C-Tier,,,Contact:0/Brand:5/Market:5/Reach:0
True Clothing – Shop True Clothing,San Francisco,California,USA,https://www.trueclothing.net/?srsltid=AfmBOopgKZ54Jgg4Y5zC4k4MVLAbAbNERgj5wSYmoOHcE2PwoUqQypsa,@true_sf,,1661581586,,,2026-04-16,,,,,,38,C-Tier,,,Contact:18/Brand:5/Market:5/Reach:10
grails sf – Grails SF,San Francisco,California,USA,https://www.grailssf.com/?srsltid=AfmBOoqp-PdkmZA07Vq0DcCkr-H8cmbqeqB2gQva-iJSIY3kXuEL1-kP,@grails.sf,alpinejs@3.13.0,1776212226,,,2026-04-16,,,,,,60,B-Tier,,,Contact:30/Brand:5/Market:5/Reach:20
"LEVELS SF (@levelssf) · San Francisco, CA",San Francisco,California,USA,https://www.instagram.com/levelssf/,@levelssf,,1037483433,,,2026-04-16,,,,,,38,C-Tier,,,Contact:18/Brand:5/Market:5/Reach:10
San Francisco,San Francisco,California,USA,https://hypebeast.com/tags/san-francisco,@hypebeast,screenshot-adblock@2x.c415715a.png,3702846231,,,2026-04-16,,,,,,60,B-Tier,,,Contact:30/Brand:5/Market:5/Reach:20
Hidden Hype Clothing,San Francisco,California,USA,https://hiddenhype.com/?srsltid=AfmBOoq2brVdsc3r4e26LASNuBSrw7HS4Vwtzu2AcDnzshJVRdg3HOw0,@hiddenhypeboutique,support@hiddenhype.com,8654104650,,,2026-04-16,,,,,,60,B-Tier,,,Contact:30/Brand:5/Market:5/Reach:20
Restyled SF: Home,San Francisco,California,USA,https://www.restyledsf.us/,@media,13e49d785d8d4f828038b6136f3b48ba@sentry.io,2882222241,,,2026-04-16,,,,,,60,B-Tier,,,Contact:30/Brand:5/Market:5/Reach:20
San Francisco Sneaker Stores - SneakerNews.com,San Francisco,California,USA,https://sneakernews.com/sneaker-shopping-guide/san-francisco-sneaker-stores/,,,,,,2026-04-16,,,,,,10,C-Tier,,,Contact:0/Brand:5/Market:5/Reach:0
LockerSF – Locker SF,San Francisco,California,USA,https://lockersf.com/,@locker.sf,Jordan_Logo_410x410@2x.png,8215315034,,,2026-04-16,,,,,,60,B-Tier,,,Contact:30/Brand:5/Market:5/Reach:20
Market Street,San Francisco,California,USA,https://www.shiekh.com/stores/sf-flagship?srsltid=AfmBOoq3G9wWBw3zgMrWBhKO6E0pwrW9kqvOt6Xdk_ckuwkey2PWFWHn,,,,,,2026-04-16,,,,,,10,C-Tier,,,Contact:0/Brand:5/Market:5/Reach:0
Bunch of Hellstar Tees in Store‼️ Perfect for the Summer ...,San Diego,California,USA,https://www.instagram.com/reel/DJz0B5ETzwM/,@rsrc.php,,1037483433,,,2026-04-16,,,,,,38,C-Tier,,,Contact:18/Brand:5/Market:5/Reach:10
citykickssd,San Diego,California,USA,https://citykickssd.com/,@citykickssd,Inquiries@CityKicksSD.com,1741849026,,,2026-04-16,,,,,,60,B-Tier,,,Contact:30/Brand:5/Market:5/Reach:20
Shop Overload | Premium Skate and Shoe Store | San Diego ...,San Diego,California,USA,https://shopoverload.com/?srsltid=AfmBOooPf1jhWo12sJT64B-7B7n7n9hDmn8WNQr3aVZHGD7ADD6mRiqf,@shopoverload.com,shop@shopoverload.com,1737781903,,,2026-04-16,,,,,,60,B-Tier,,,Contact:30/Brand:5/Market:5/Reach:20
Hellstar Tee Sz M $179.99! 📍9809 Mira Mesa Blvd ⏰ Open ...,San Diego,California,USA,https://www.instagram.com/p/DBuZB_BSPyi/,@rsrc.php,,1037483433,,,2026-04-16,,,,,,38,C-Tier,,,Contact:18/Brand:5/Market:5/Reach:10
ShopMeta,San Diego,California,USA,https://shopmeta.com/?srsltid=AfmBOooryVeWQzpCZigbTBz5uwnD1MzqjKhgOKz834k4I9fEJPDR8utE,@shopmetasd,Group_1127_dc4e0ea3-781b-4b8a-8dfe-f44499968071_140x@2x.png,1643854612,,,2026-04-16,,,,,,60,B-Tier,,,Contact:30/Brand:5/Market:5/Reach:20
"PLAYOFFS COLLECTIVE on Instagram: ""Some new Hellstar ...",San Diego,California,USA,https://www.instagram.com/reel/DXIMGwlyV2k/,@rsrc.php,,1037483433,,,2026-04-16,,,,,,38,C-Tier,,,Contact:18/Brand:5/Market:5/Reach:10
Reign Supreme Clothing (@wereignsupreme),San Diego,California,USA,https://www.instagram.com/wereignsupreme/,@shopdablock,,1037483433,,,2026-04-16,,,,,,38,C-Tier,,,Contact:18/Brand:5/Market:5/Reach:10
Supreme Clothing,San Diego,California,USA,https://shopmeta.com/collections/supreme-clothing?srsltid=AfmBOorAp8pI39G-kELDK49CZJO3MRuOJrCb-BgYzOPFrDf0XQiW0LIO,@shopmetasd,Group_1127_dc4e0ea3-781b-4b8a-8dfe-f44499968071_140x@2x.png,1643854612,,,2026-04-16,,,,,,60,B-Tier,,,Contact:30/Brand:5/Market:5/Reach:20
Westfield UTC,San Diego,California,USA,https://www.roddandgunn.com/us/stores/westfield-utc_5050?srsltid=AfmBOoo0ACAH0dUM9xjWzGdfs9cxoiLrPoDkBrDx_guOg0x66S3v4nBH,@roddandgunn,customerservice@roddandgunn.com,1776279816,,,2026-04-16,,,,,,60,B-Tier,,,Contact:30/Brand:5/Market:5/Reach:20
"🌟 new streetwear arrivals from rhude, gallery, bape, warren ...",San Diego,California,USA,https://www.instagram.com/p/DW7DWV4gctW/,@rsrc.php,,1037486289,,,2026-04-16,,,,,,38,C-Tier,,,Contact:18/Brand:5/Market:5/Reach:10
ACD GALLERY - San Diego,San Diego,California,USA,https://acdgallery.com/,@acdgallery,info@acdgallery.com,1614294546,,,2026-04-16,,,,,,60,B-Tier,,,Contact:30/Brand:5/Market:5/Reach:20
Caliwearsd: CaliWear San Diego - Online Clothing Store,San Diego,California,USA,https://caliwearsd.com/?srsltid=AfmBOoq1n9Pm1maQ4gRFpmrPDcv_8HFrX4_rabNYCzzUCpDZWn7_HZgJ,@caliwearsd,,1761163216,,,2026-04-16,,,,,,38,C-Tier,,,Contact:18/Brand:5/Market:5/Reach:10
Bait store - San Diego,San Diego,California,USA,https://www.baitme.com/stores-san-diego?srsltid=AfmBOooubEj8MGitrwmNzzDzSOkm6KKSFu9L3lXHUdD3OQBZrei-s3y5,@baitme,support@baitme.com,1775557925,,,2026-04-16,,,,,,60,B-Tier,,,Contact:30/Brand:5/Market:5/Reach:20
Revolution Plaza Bonita (@revolution_plazabonita),San Diego,California,USA,https://www.instagram.com/revolution_plazabonita/,@revolution_plazabonita,,1037486289,,,2026-04-16,,,,,,38,C-Tier,,,Contact:18/Brand:5/Market:5/Reach:10
Gstyle Clothing,San Diego,California,USA,https://www.gstyleclothing.com/,@context,G-skull-All-City--Back_195x195@2x.png,1614295213,,,2026-04-16,,,,,,60,B-Tier,,,Contact:30/Brand:5/Market:5/Reach:20
Sneaker Club San Diego,San Diego,California,USA,https://thesneakerclubsd.com/,@gmail.com,thesneakerclubsd@gmail.com,1618299147,,,2026-04-16,,,,,,60,B-Tier,,,Contact:30/Brand:5/Market:5/Reach:20
"ELECT. (@electsandiego) · San Diego, CA",San Diego,California,USA,https://www.instagram.com/electsandiego/,@electsandiego,,1037486289,,,2026-04-16,,,,,,38,C-Tier,,,Contact:18/Brand:5/Market:5/Reach:10
San Diego,San Diego,California,USA,https://hypebeast.com/tags/san-diego,@hypebeast,screenshot-adblock@2x.c415715a.png,3702846231,,,2026-04-16,,,,,,60,B-Tier,,,Contact:30/Brand:5/Market:5/Reach:20
A Gamer's Travel Guide to San Diego,San Diego,California,USA,https://hypebeast.com/2025/10/marriott-bonvoy-travel-guide-gamers-san-diego,@hypebeast,app-store-en@2x.png,3702846231,,,2026-04-16,,,,,,60,B-Tier,,,Contact:30/Brand:5/Market:5/Reach:20
Discover Luxury at Fashion Valley - San Diego - Simon,San Diego,California,USA,https://www.simon.com/mall/fashion-valley/luxury,@fashionvalleyca,,1766078725,,,2026-04-16,,,,,,38,C-Tier,,,Contact:18/Brand:5/Market:5/Reach:10
Shopping La Jolla Style - San Diego Tourism Authority,San Diego,California,USA,https://www.sandiego.org/article/shopping-la-jolla-style,,,,,,2026-04-16,,,,,,10,C-Tier,,,Contact:0/Brand:5/Market:5/Reach:0
Banned LA Ruin My Life (@bannedla) - Los Angeles,Melrose,California,USA,https://www.instagram.com/bannedla/,@bannedla,,1037486289,,,2026-04-16,,,,,,38,C-Tier,,,Contact:18/Brand:5/Market:5/Reach:10
Newly released @hellstar merchandise hit the shelves 🔥 ...,Melrose,California,USA,https://www.instagram.com/p/Cq6fD8lvzea/,@hellstar,,1037486289,,,2026-04-16,,,,,,38,C-Tier,,,Contact:18/Brand:5/Market:5/Reach:10
New Hellstar arrivals ⭐️ See our website for updated ...,Melrose,California,USA,https://www.instagram.com/reel/C5KCp-qPXYy/,@rsrc.php,,1037486289,,,2026-04-16,,,,,,38,C-Tier,,,Contact:18/Brand:5/Market:5/Reach:10
HUNDREDS OF @hellstar IN AND OUT ✈️ CHECK OUT ...,Melrose,California,USA,https://www.instagram.com/reel/DTBcSn3Ek11/,@hellstar,,1037486289,,,2026-04-16,,,,,,38,C-Tier,,,Contact:18/Brand:5/Market:5/Reach:10
Products,Melrose,California,USA,https://hellstar.com/collections/all,@HELLSTAR,,5230780330,,,2026-04-16,,,,,,38,C-Tier,,,Contact:18/Brand:5/Market:5/Reach:10
Hellstar Studios The Path To Paradise Begins In Hell Tee,Melrose,California,USA,https://attic.city/item/JTL5/hellstar-studios-the-path-to-paradise-begins-in-hell-tee/wasteland,@example.org,,1775905109,,,2026-04-16,,,,,,38,C-Tier,,,Contact:18/Brand:5/Market:5/Reach:10
"7669 Melrose Ave Los Angeles Ca, 90046 Open 11-7pm (ON ...",Melrose,California,USA,https://www.instagram.com/reel/C7uQPtJPcOJ/,@rsrc.php,,1037486289,,,2026-04-16,,,,,,38,C-Tier,,,Contact:18/Brand:5/Market:5/Reach:10
Black or blue? New @hellstar sweatsuits top and bottoms ...,Melrose,California,USA,https://www.instagram.com/p/ConWNS3vAtR/,@piecesmrkt,,1037486289,,,2026-04-16,,,,,,38,C-Tier,,,Contact:18/Brand:5/Market:5/Reach:10
Collections,Melrose,California,USA,https://hellstar.com/collections,@HELLSTAR,,5230780330,,,2026-04-16,,,,,,38,C-Tier,,,Contact:18/Brand:5/Market:5/Reach:10
Terms & Conditions - Black Hellstar Hoodie Official Store,Melrose,California,USA,https://blackhellstarhoodie.com/terms-conditions.html,@blackhellstarhoodie.com,,3734393030,,,2026-04-16,,,,,,38,C-Tier,,,Contact:18/Brand:5/Market:5/Reach:10
Rhude pops up at Maxfield in LA,Melrose,California,USA,"https://us.fashionnetwork.com/news/Rhude-pops-up-at-maxfield-in-la,998142.html",,,,,,2026-04-16,,,,,,10,C-Tier,,,Contact:0/Brand:5/Market:5/Reach:0
L.A. streetwear brand Rhude pops into Maxfield's Melrose ...,Melrose,California,USA,https://www.latimes.com/fashion/la-ig-wwd-rhude-maxfield-pop-up-20180716-story.html,@latimes.404,,2147483647,,,2026-04-16,,,,,,38,C-Tier,,,Contact:18/Brand:5/Market:5/Reach:10
RHUDE x MAXFIELD POP UP,Melrose,California,USA,https://store2be.com/fr/events/rhude-x-maxfield-pop-up,@popupshopshq,,1010000080,,,2026-04-16,,,,,,38,C-Tier,,,Contact:18/Brand:5/Market:5/Reach:10
Men's Designer T-Shirts | Rhude,Melrose,California,USA,https://www.saksfifthavenue.com/c/men/apparel/t-shirts/rhude,,,,,,2026-04-16,,,,,,10,C-Tier,,,Contact:0/Brand:5/Market:5/Reach:0
RHUDE Information,Melrose,California,USA,https://rocketreach.co/rhude-profile_b47f37effc543e1c,,,,,,2026-04-16,,,,,,10,C-Tier,,,Contact:0/Brand:5/Market:5/Reach:0
About The Brand,Melrose,California,USA,https://rh-ude.com/pages/information?srsltid=AfmBOopqm8bQPnlFj09hDqO_TPU1re94skZjdCYTtZ2CMJgd7CoQSG9B,@rhude,,1613580349,,,2026-04-16,,,,,,38,C-Tier,,,Contact:18/Brand:5/Market:5/Reach:10
Posers Hollwood,Melrose,California,USA,http://www.weareposers.com/,@posers_hollywood,user@domain.com.,1577405439,,,2026-04-16,,,,,,60,B-Tier,,,Contact:30/Brand:5/Market:5/Reach:20
The Pop up shop Los Angeles: Top Clothing Brands,Melrose,California,USA,https://thepopupshopla.com/?srsltid=AfmBOorsW3_svckjezq5wTFazsDZkkrteoZ5wmg0zlkrMjJrICwtLWgr,@thepopupshopla,,1736991854,,,2026-04-16,,,,,,38,C-Tier,,,Contact:18/Brand:5/Market:5/Reach:10
POP UP LA - MELROSE (@thepopupshopla) - Instagram,Melrose,California,USA,https://www.instagram.com/thepopupshopla/,@thepopupshopla,,1037486289,,,2026-04-16,,,,,,38,C-Tier,,,Contact:18/Brand:5/Market:5/Reach:10
"Melrose Avenue Shopping: Best Boutiques, Vintage & ...",Melrose,California,USA,https://hypeach.com/blogs/news/melrose-avenue-shopping-guide-best-boutiques-vintage-stores?srsltid=AfmBOoo6teh03-4PHja-zWbcOHcX1Uqe00DlXS6TFfvf7pd6W82Sqc5C,@hypeachboutique,gotham-fonts@1.0.3,1658452964,,,2026-04-16,,,,,,60,B-Tier,,,Contact:30/Brand:5/Market:5/Reach:20
"Joyrich | Ccolorful, designer streetwear for men & women",Melrose,California,USA,https://melroseavenue-shop.com/stores/joyrich.html,,,1373120223,,,2026-04-16,,,,,,18,C-Tier,,,Contact:8/Brand:5/Market:5/Reach:0
Clothing Archives,Melrose,California,USA,https://melroseartsdistrict.com/directory-melrose/categories/clothing/,,,,,,2026-04-16,,,,,,10,C-Tier,,,Contact:0/Brand:5/Market:5/Reach:0
HYPEBEAST Los Angeles (@hypebeastla),Melrose,California,USA,https://www.instagram.com/hypebeastla/,@hypebeastla,,1037486289,,,2026-04-16,,,,,,38,C-Tier,,,Contact:18/Brand:5/Market:5/Reach:10
Luke Fracher Opens Second Luke's Location in Los Angeles,Melrose,California,USA,https://hypebeast.com/2024/8/lukes-la-store-opening-luke-fracher,@hypebeast,app-store-en@2x.png,3702846231,,,2026-04-16,,,,,,60,B-Tier,,,Contact:30/Brand:5/Market:5/Reach:20
Streetwear L.A.: Original Hypebeast,Melrose,California,USA,https://www.culturehoney.com/streetwear-l-a-original-hypebeast/,@culturehoneymag,,1776291384,,,2026-04-16,,,,,,38,C-Tier,,,Contact:18/Brand:5/Market:5/Reach:10
Streetwear Brands Supreme Store Melrose Supreme Clothing ...,Melrose,California,USA,https://fundacionblazer.org/product/category/view_more/33614761041660,,,,,,2026-04-16,,,,,,10,C-Tier,,,Contact:0/Brand:5/Market:5/Reach:0
"Moist Melrose (@m.premium_clothing) · Los Angeles, CA",Melrose,California,USA,https://www.instagram.com/m.premium_clothing/,@m.premium_clothing,,1037486289,,,2026-04-16,,,,,,38,C-Tier,,,Contact:18/Brand:5/Market:5/Reach:10
COOLKICKS – Coolkicks,Melrose,California,USA,https://shopcoolkicks.com/?srsltid=AfmBOorBPTBRJzNMeH-sM3SED9PZpVsiN2X3Vs74QL1mMiJycBdkqFR2,@coolkicks,,314952-0354,,,2026-04-16,,,,,,38,C-Tier,,,Contact:18/Brand:5/Market:5/Reach:10
LOS ANGELES MELROSE Store,Melrose,California,USA,https://www.goldengoose.com/us/en/stores/los-angeles/25,@goldengoose,johndoe@some.com,1776353947,,,2026-04-16,,,,,,60,B-Tier,,,Contact:30/Brand:5/Market:5/Reach:20
Sneakerhead Melrose (@sneakerheadmelrose),Melrose,California,USA,https://www.instagram.com/sneakerheadmelrose/?hl=en,@sneakerheadmelrose,,1037486289,,,2026-04-16,,,,,,38,C-Tier,,,Contact:18/Brand:5/Market:5/Reach:10
Undefeated,Melrose,California,USA,https://undefeated.com/,@undefeatedinc,orders@undefeated.com,1614295109,,,2026-04-16,,,,,,60,B-Tier,,,Contact:30/Brand:5/Market:5/Reach:20
POP UP LA - MELROSE (@thepopupshopla),Melrose,California,USA,https://www.instagram.com/thepopupshopla/,@thepopupshopla,,1037486289,,,2026-04-16,,,,,,38,C-Tier,,,Contact:18/Brand:5/Market:5/Reach:10
"620 Broadway New York, NY 10012 COME SHOP!!!",New York City,New York,USA,https://www.instagram.com/p/DOOWtFnDXl7/,@rsrc.php,,1037486289,,,2026-04-16,,,,,,58,B-Tier,,,Contact:18/Brand:5/Market:25/Reach:10
The Most Popular Streetwear Brand In NYC,New York City,New York,USA,https://sellstreetwearnyc.com/the-most-popular-streetwear-brand-in-nyc/,@eastvillagebuyers,letsgetloopy.lo@gmail.com,1917608893,,,2026-04-16,,,,,,80,A-Tier,,,Contact:30/Brand:5/Market:25/Reach:20
"Rhude's latest drop has arrived featuring Sweatshirts, Tees ...",New York City,New York,USA,https://www.instagram.com/p/DPKiJE-jdZF/,@rsrc.php,,1037486289,,,2026-04-16,,,,,,58,B-Tier,,,Contact:18/Brand:5/Market:25/Reach:10
RHUDE [hidden],New York City,New York,USA,https://ateliernewyork.com/collections/rhude?srsltid=AfmBOorp4k8D5GegRmSTOwwpumrBrjDTf7m51_dFKt0clsDokBqcddyw,@keyframes,vue@2.6.10,1467327775,,,2026-04-16,,,,,,80,A-Tier,,,Contact:30/Brand:5/Market:25/Reach:20
"There's a Rhude, Amiri and Balmain sale going on right now ...",New York City,New York,USA,https://www.instagram.com/reel/DNA79emABWE/,@rsrc.php,,1037486289,,,2026-04-16,,,,,,58,B-Tier,,,Contact:18/Brand:5/Market:25/Reach:10
RHUDE — VIP SAMPLE SALE,New York City,New York,USA,https://www.vipsamplesale.com/rhude,@vipsamplesalenewyork,user@domain.com.,3141925352,,,2026-04-16,,,,,,80,A-Tier,,,Contact:30/Brand:5/Market:25/Reach:20
The Best Streetwear Boutiques in NYC,New York City,New York,USA,https://maps.apple.com/guides?curated=3051781674638227305&_provider=9902,@procell,button-tripadvisor-logo-5@3x.png,3051781674,,,2026-04-16,,,,,,80,A-Tier,,,Contact:30/Brand:5/Market:25/Reach:20
UP NYC - New York City's Premier Clothing & Sneaker Store,New York City,New York,USA,https://upnycstore.com/,@upnyc,,1690304974,,,2026-04-16,,,,,,58,B-Tier,,,Contact:18/Brand:5/Market:25/Reach:10
Capsule NYC,New York City,New York,USA,https://capsule.nyc/?srsltid=AfmBOopiwQUmg23NX22lnVq2IUZDaZMjN60eIOdWyfHE9XNpZpgP9CMm,@capsule_nyc,icon-klarna@2x.static.png,4380278799,,,2026-04-16,,,,,,80,A-Tier,,,Contact:30/Brand:5/Market:25/Reach:20
HYPEBEAST NYC (@hypebeastnyc),New York City,New York,USA,https://www.instagram.com/hypebeastnyc/,@hypebeastnyc,,1037486289,,,2026-04-16,,,,,,58,B-Tier,,,Contact:18/Brand:5/Market:25/Reach:10
New York City,New York City,New York,USA,https://hypebeast.com/tags/new-york-city,@hypebeast,screenshot-adblock@2x.c415715a.png,3702846231,,,2026-04-16,,,,,,80,A-Tier,,,Contact:30/Brand:5/Market:25/Reach:20
HBX New York City Flagship Store Opening Info,New York City,New York,USA,https://hypebeast.com/2022/6/hbx-new-york-city-store-opening-41-division-street-inside-look,,,,,,2026-04-16,,,,,,30,C-Tier,,,Contact:0/Brand:5/Market:25/Reach:0
West NYC - Upper West Side Sneaker Boutique,New York City,New York,USA,https://www.westnyc.com/?srsltid=AfmBOool0OCAd_wLqgUhxw9MR5_lN3SSxq2VzCTAJYrOip1hTBCHRcNf,@westnyc,,1650315540,,,2026-04-16,,,,,,58,B-Tier,,,Contact:18/Brand:5/Market:25/Reach:10
Extra Butter,New York City,New York,USA,https://extrabutterny.com/,@extrabutter,info@extrabutterny.com,1637338128,,,2026-04-16,,,,,,80,A-Tier,,,Contact:30/Brand:5/Market:25/Reach:20
Sneaker Bar - NYC,New York City,New York,USA,https://sneakerbarnewyork.com/,@sneakerbar,info@sneakerbarnewyork.com,1718144869,,,2026-04-16,,,,,,80,A-Tier,,,Contact:30/Brand:5/Market:25/Reach:20
Xclusive Arrivals - Home,New York City,New York,USA,https://xclusivearrivals.com/,@xclusivearrivals,info@indiantypefoundry.com,7826086956,,,2026-04-16,,,,,,80,A-Tier,,,Contact:30/Brand:5/Market:25/Reach:20
Sneaker Boutique Shop (@citystylenewyork),New York City,New York,USA,https://www.instagram.com/citystylenewyork/?hl=en,@citystylenewyork,,1037486289,,,2026-04-16,,,,,,58,B-Tier,,,Contact:18/Brand:5/Market:25/Reach:10
Noah: Home,New York City,New York,USA,https://noahny.com/?srsltid=AfmBOope8IaYL8ny3ZTEpdzRnrfrm7q_0zjW5-XGOdliFni7mVvxZNFv,@noahny,alpine@v2.8.2,7102313590,,,2026-04-16,,,,,,80,A-Tier,,,Contact:30/Brand:5/Market:25/Reach:20
"CNCPTS Official Website | Streetwear, luxury fashion, footwear",New York City,New York,USA,https://cncpts.com/?srsltid=AfmBOoouK3s8dAaDlwxk1D4GauGm117glDb7tOwmawiP67G5WfA1B2U_,@cncpts,,1775510454,,,2026-04-16,,,,,,58,B-Tier,,,Contact:18/Brand:5/Market:25/Reach:10
The Ultimate NYC Streetwear and Sneaker Store Guide ...,New York City,New York,USA,https://snkrdunk.com/en/magazine/2024/12/27/the-ultimate-nyc-streetwear-and-sneaker-store-guide-for-2025/,@snkrdunk,,4298112987,,,2026-04-16,,,,,,58,B-Tier,,,Contact:18/Brand:5/Market:25/Reach:10
️ HELLSTAR ⭐️ Capsule 10 items - Instagram,Brooklyn,New York,USA,https://www.instagram.com/p/Cyg4dc9uyUh/,@rsrc.php,,1037486289,,,2026-04-16,,,,,,38,C-Tier,,,Contact:18/Brand:5/Market:5/Reach:10
StealthNY,Brooklyn,New York,USA,https://www.stealthny.com/?srsltid=AfmBOorhfteYejv51uXzc9Kk5jY_iZfDiri08qLoAjbacmskidHvDMxn,@stealth.ny,,1677447934,,,2026-04-16,,,,,,38,C-Tier,,,Contact:18/Brand:5/Market:5/Reach:10
Capsule NYC,Brooklyn,New York,USA,https://capsule.nyc/?srsltid=AfmBOoqdLq3q5qR2uMPTQ97VRGMXFbDcj5fqPR2GNtJTPFkEdmr9CPLh,@capsule_nyc,icon-klarna@2x.static.png,4380278799,,,2026-04-16,,,,,,60,B-Tier,,,Contact:30/Brand:5/Market:5/Reach:20
Asphalt NYC,Brooklyn,New York,USA,https://asphalt-nyc.com/?srsltid=AfmBOoolbDwa2Bv4RYIFarLr2dVchBMokYXMxkU849h-oJ05IMWPD7rX,@ASPHALT_NYC,Asphalt_NYC_Rhude_Apr26_Banner_Mob_550x@3x.progressive.jpg,1696367787,,,2026-04-16,,,,,,60,B-Tier,,,Contact:30/Brand:5/Market:5/Reach:20
Hellstar Sweatsuit 🌸 In Store Now Or Free ... - Instagram,Brooklyn,New York,USA,https://www.instagram.com/p/CzmKKQux6Ku/,@rsrc.php,,1037486289,,,2026-04-16,,,,,,38,C-Tier,,,Contact:18/Brand:5/Market:5/Reach:10
Hellstar Sweatsuits Available In Store🔥🔥 Medium X-Large,Brooklyn,New York,USA,https://www.instagram.com/p/C3lkq6xrutf/,@rsrc.php,,1037486289,,,2026-04-16,,,,,,38,C-Tier,,,Contact:18/Brand:5/Market:5/Reach:10
Clique Apparel - Today's Hottest Streetwear Brands!,Brooklyn,New York,USA,https://cliqueapparell.com/?srsltid=AfmBOorCoheo04ifddFpmoAVWHBe6MLN2XOgLqWNKDdAj23qrVSCfcHz,@cliqueapparell,xxx@xxx.xxx,1326660501,,,2026-04-16,,,,,,60,B-Tier,,,Contact:30/Brand:5/Market:5/Reach:20
Supreme open a new Brooklyn location,Brooklyn,New York,USA,https://hero-magazine.com/article/108154/supreme-open-a-new-brooklyn-location,@ludovicdesaintserninx,,1725241374,,,2026-04-16,,,,,,38,C-Tier,,,Contact:18/Brand:5/Market:5/Reach:10
Supreme Brooklyn – Gallery,Brooklyn,New York,USA,https://supreme.com/news/683/images,,,(718) 599 2700,,,2026-04-16,,,,,,18,C-Tier,,,Contact:8/Brand:5/Market:5/Reach:0
"Rhude: Tees, Outerwear, Footwear, Accessories, Rhuigi",Brooklyn,New York,USA,https://kith.com/collections/rhude?srsltid=AfmBOopH6V7U-jF3rSoVh5nJ3fDzJ7p5cAkHZFmaZV8TT-0erPO6W1hl,@kith,,200.0310135,,,2026-04-16,,,,,,38,C-Tier,,,Contact:18/Brand:5/Market:5/Reach:10
Rhude just touched down at Backend NY. 🚨 If you know ...,Brooklyn,New York,USA,https://www.instagram.com/p/DRX0E8MjmOY/,@rsrc.php,,1037486289,,,2026-04-16,,,,,,38,C-Tier,,,Contact:18/Brand:5/Market:5/Reach:10
Brooklyn Cloth - Latest Streetwear Styles & Clothing,Brooklyn,New York,USA,https://www.brooklyncloth.com/?srsltid=AfmBOoomiNwxh0e7eAUfXntCCihlOfQKlmSD4kJ4ihEzkxrjenamTRFo,@brooklyncloth,info@brooklyncloth.com,5743044463,,,2026-04-16,,,,,,60,B-Tier,,,Contact:30/Brand:5/Market:5/Reach:20
https://guides.apple.com/?pg=3051781674638227305&l...,Brooklyn,New York,USA,https://guides.apple.com/?pg=3051781674638227305&lsp=9902&name=the-best-streetwear-boutiques-in-nyc,@procell,button-tripadvisor-logo-5@3x.png,3051781674,,,2026-04-16,,,,,,60,B-Tier,,,Contact:30/Brand:5/Market:5/Reach:20
"Brooklyn Projects: Shop Streetwear, Skateboarding Gear ...",Brooklyn,New York,USA,https://brooklynprojects.com/?srsltid=AfmBOooAZj7F8ISt4vDtekUgg64fu4PQLg-wTGGVwV9ayEqwBuq2kpvi,@brooklynprojects,,1687026035,,,2026-04-16,,,,,,38,C-Tier,,,Contact:18/Brand:5/Market:5/Reach:10
Today's Hottest Streetwear Brands! (@cliqueapparell),Brooklyn,New York,USA,https://www.instagram.com/cliqueapparell/,@cliqueapparell,,1037486289,,,2026-04-16,,,,,,38,C-Tier,,,Contact:18/Brand:5/Market:5/Reach:10
Brooklyn,Brooklyn,New York,USA,https://hypebeast.com/tags/brooklyn,@hypebeast,screenshot-adblock@2x.c415715a.png,3702846231,,,2026-04-16,,,,,,60,B-Tier,,,Contact:30/Brand:5/Market:5/Reach:20
Hypebeast Flea New York is underway at Greenpoint ...,Brooklyn,New York,USA,https://nbktimes.com/en/fashion/hypebeast-flea-new-york/,@nbktimes,,5700105482,,,2026-04-16,,,,,,38,C-Tier,,,Contact:18/Brand:5/Market:5/Reach:10
Hypebeast Community Center: Tenant,Brooklyn,New York,USA,https://hypebeast.com/2024/10/tenant-skate-shop-hypebeast-community-center,@hypebeast,app-store-en@2x.png,3702846231,,,2026-04-16,,,,,,60,B-Tier,,,Contact:30/Brand:5/Market:5/Reach:20
"THE FACTORY (@thefactoryb) · Brooklyn, NY",Brooklyn,New York,USA,https://www.instagram.com/thefactoryb/,@thefactoryb,,1037486289,,,2026-04-16,,,,,,38,C-Tier,,,Contact:18/Brand:5/Market:5/Reach:10
Pluggedin Sneaker Boutique (@pluggedinbk_official),Brooklyn,New York,USA,https://www.instagram.com/pluggedinbk_official/?hl=en,@pluggedinbk_official,,1037486289,,,2026-04-16,,,,,,38,C-Tier,,,Contact:18/Brand:5/Market:5/Reach:10
"Top 10 Best Sneaker Shops in Brooklyn, NY",Brooklyn,New York,USA,https://www.brooklyncloth.com/blogs/thepipeline/top-10-best-sneaker-shops-in-brklyn?srsltid=AfmBOooa6gRj6o07QRdSA5C8vmwyVQNXb5zGGQyXKM9jvG47-WuZwFgT,@font,info@brooklyncloth.com,1745436656,,,2026-04-16,,,,,,60,B-Tier,,,Contact:30/Brand:5/Market:5/Reach:20
"Chamber 13 (@chamber13main) · New York, NY",Brooklyn,New York,USA,https://www.instagram.com/chamber13main/,@chamber13main,,1037486289,,,2026-04-16,,,,,,38,C-Tier,,,Contact:18/Brand:5/Market:5/Reach:10
Hellstar's I❤️NY POP-UP IS ALMOST HERE! Take a closer ...,Soho,New York,USA,https://www.instagram.com/reel/DOMsiknjTGv/,@hellstar,,1037486289,,,2026-04-16,,,,,,38,C-Tier,,,Contact:18/Brand:5/Market:5/Reach:10
Empire Uptown. | HELLSTAR 💫 Available Now 📍124 ...,Soho,New York,USA,https://www.instagram.com/p/CmXAL_AuyQy/,@rsrc.php,,1037486289,,,2026-04-16,,,,,,38,C-Tier,,,Contact:18/Brand:5/Market:5/Reach:10
"Supreme in New York, NY United States",Soho,New York,USA,https://maps.apple.com/place?place-id=I1BB7DFCFF8AC5819,@context,snippet-foursquare-logo-1@3x.png,0089933000,,,2026-04-16,,,,,,60,B-Tier,,,Contact:30/Brand:5/Market:5/Reach:20
"Charting the Rise of Supreme, From Cult Skate Shop to ...",Soho,New York,USA,https://www.vogue.com/article/history-of-supreme-skate-clothing-brand,@voguemagazine,help@newyorker.com,8122705388,,,2026-04-16,,,,,,60,B-Tier,,,Contact:30/Brand:5/Market:5/Reach:20
Just In New Season Rhude Tees . Under Retail . in Store & ...,Soho,New York,USA,https://www.instagram.com/p/DNtVc864mzB/,@rsrc.php,,1037486289,,,2026-04-16,,,,,,38,C-Tier,,,Contact:18/Brand:5/Market:5/Reach:10
Shop the Sample now has two locations and here are all of ...,Soho,New York,USA,https://www.instagram.com/reel/DTSuOyTDtx_/,@rsrc.php,,1037486289,,,2026-04-16,,,,,,38,C-Tier,,,Contact:18/Brand:5/Market:5/Reach:10
Where to go streetwear shopping in NYC [With Maps] | Soho ...,Soho,New York,USA,https://backwardfashion.com/streetwear/nyc/,,,,,,2026-04-16,,,,,,10,C-Tier,,,Contact:0/Brand:5/Market:5/Reach:0
Top 10 best streetwear stores to visit in Nyc,Soho,New York,USA,https://eastvillagebuyers.com/top-10-best-streetwear-stores-to-visit-in-nyc/,@eastvillagebuyers,Goldbuyers125@gmail.com,(917) 608-8939,,,2026-04-16,,,,,,60,B-Tier,,,Contact:30/Brand:5/Market:5/Reach:20
Shop at SoHo's Best Stores & Boutiques,Soho,New York,USA,https://www.nyctourism.com/itineraries/essential-soho-shopping-guide/,@nyctourism,date-picker@1.4.0,0240950843,,,2026-04-16,,,,,,60,B-Tier,,,Contact:30/Brand:5/Market:5/Reach:20
SOHO HYPEBEAST (@sohohypebeast),Soho,New York,USA,https://www.instagram.com/sohohypebeast/,@sohohypebeast,,1037486289,,,2026-04-16,,,,,,38,C-Tier,,,Contact:18/Brand:5/Market:5/Reach:10
Soho,Soho,New York,USA,https://hypebeast.com/tags/soho,@hypebeast,screenshot-adblock@2x.c415715a.png,3702846231,,,2026-04-16,,,,,,60,B-Tier,,,Contact:30/Brand:5/Market:5/Reach:20
UniqueHype,Soho,New York,USA,https://www.uniquehypenyc.com/,@uniquehypecollection,hi@beeketing.com.,4251544180,,,2026-04-16,,,,,,60,B-Tier,,,Contact:30/Brand:5/Market:5/Reach:20
PURPLE Opens Flagship Store in New York's Soho,Soho,New York,USA,https://hypebeast.com/2024/8/purple-flagship-store-soho-new-york,@hypebeast,app-store-en@2x.png,3702846231,,,2026-04-16,,,,,,60,B-Tier,,,Contact:30/Brand:5/Market:5/Reach:20
VISIT DOORS NYC,Soho,New York,USA,https://doors.nyc/?srsltid=AfmBOorRWbTMHiFF0hwcJZuhZ2tWrFx320OliXzcfwWyZWt8-o6PgAxR,@doors.nyc,customercare@doors.nyc,1615364375,,,2026-04-16,,,,,,60,B-Tier,,,Contact:30/Brand:5/Market:5/Reach:20
NYC – LacedUp,Soho,New York,USA,https://lacedup.com/pages/nyc?srsltid=AfmBOoq7SQYT_u9vfmMzgbnhZqcxG-yG_MBAkFei71A5yq1Iuz0ZEc2o,@LacedUpManhattan,lacedupnewyork@gmail.com,6720713479,,,2026-04-16,,,,,,60,B-Tier,,,Contact:30/Brand:5/Market:5/Reach:20
Brand New Hellstar Tees Available In Store Now!,Lower East Side,New York,USA,https://www.instagram.com/p/Cw0dDHuOp3v/,@rsrc.php,,1037486289,,,2026-04-16,,,,,,38,C-Tier,,,Contact:18/Brand:5/Market:5/Reach:10
"@hellstar moves in its own orbit - raw graphics, heavy emotion ...",Lower East Side,New York,USA,https://www.instagram.com/reel/DS0MTXVjFZI/,@vetements_official,,1037486289,,,2026-04-16,,,,,,38,C-Tier,,,Contact:18/Brand:5/Market:5/Reach:10
DISTRICT ONE NY,Lower East Side,New York,USA,https://districtoneny.com/?srsltid=AfmBOooodT4vlVPa2xAbod30ON4gjgwVsJ-WdayAT6-yDr25b-wC05B6,@districtoneny,,1711118886,,,2026-04-16,,,,,,38,C-Tier,,,Contact:18/Brand:5/Market:5/Reach:10
I❤️NY!!! Hellstar Pop Up tomorrow! First few people in line ...,Lower East Side,New York,USA,https://www.instagram.com/p/DOMHMpTCb55/,@rsrc.php,,1037486289,,,2026-04-16,,,,,,38,C-Tier,,,Contact:18/Brand:5/Market:5/Reach:10
New Hellstar Capsule 🔥🔥🔥 available in stock @ ...,Lower East Side,New York,USA,https://www.instagram.com/p/C4O5dhjPGu7/,@rsrc.php,,1037486289,,,2026-04-16,,,,,,38,C-Tier,,,Contact:18/Brand:5/Market:5/Reach:10
RHUDE [hidden],Lower East Side,New York,USA,https://ateliernewyork.com/collections/rhude?srsltid=AfmBOoqD1lVP2Yrl7iAC3oU_2KiE8oAKK4-hFBXBsexj25pwW9aUayQZ,@keyframes,vue@2.6.10,1467327775,,,2026-04-16,,,,,,60,B-Tier,,,Contact:30/Brand:5/Market:5/Reach:20
Essx Opens on the Lower East Side,Lower East Side,New York,USA,https://wwd.com/menswear-news/mens-retail-business/essx-streetwear-store-lower-east-side-1235744422/,@wwd,Br7@-V.O,1945704925,,,2026-04-16,,,,,,60,B-Tier,,,Contact:30/Brand:5/Market:5/Reach:20
Come shop with me @essxnyc Located @ 140 Essex St New ...,Lower East Side,New York,USA,https://www.instagram.com/reel/DLA8yXyPimz/,@essxnyc.,,1037486289,,,2026-04-16,,,,,,38,C-Tier,,,Contact:18/Brand:5/Market:5/Reach:10
Shopping in Style in Lower Manhattan,Lower East Side,New York,USA,https://onemanhattansquare.com/shopping-in-style-in-lower-manhattan/,@onemanhattansquare,info@OneManhattanSquare.com,1517226618,,,2026-04-16,,,,,,60,B-Tier,,,Contact:30/Brand:5/Market:5/Reach:20
LOWER EAST SIDE 2026,Lower East Side,New York,USA,http://thelocalartisanguide.com/lower-east-side,@larakoleji,user@domain.com.,1455146958,,,2026-04-16,,,,,,60,B-Tier,,,Contact:30/Brand:5/Market:5/Reach:20
"ESSX NYC - Men's and Women's Designer Clothing, Shoes ...",Lower East Side,New York,USA,https://essxnyc.com/?srsltid=AfmBOoqzvw59TkdoIU3mFE6TqC3PTtT-RTDnDukV-zUUIdMPvrnItbxg,@essxnyc,canvas-confetti@1.9.3,7477205430,,,2026-04-16,,,,,,60,B-Tier,,,Contact:30/Brand:5/Market:5/Reach:20
"New Store Lower East Side, New York",Lower East Side,New York,USA,https://2ndstreetusa.com/article/22/10/05/new-store-lower-east-side-new-york,@2ndstreetusa,,1774963426,,,2026-04-16,,,,,,38,C-Tier,,,Contact:18/Brand:5/Market:5/Reach:10
"HYPEBEAST on Instagram: ""From SoHo to the Lower East ...",Lower East Side,New York,USA,https://www.instagram.com/reel/C6y1YJxL_YY/,@grupofrontera,,1037486289,,,2026-04-16,,,,,,38,C-Tier,,,Contact:18/Brand:5/Market:5/Reach:10
Lower East Side,Lower East Side,New York,USA,https://hypebeast.com/tags/lower-east-side,@hypebeast,screenshot-adblock@2x.c415715a.png,3702846231,,,2026-04-16,,,,,,60,B-Tier,,,Contact:30/Brand:5/Market:5/Reach:20
Hypebeast opening flagship store in Chinatown (and other ...,Lower East Side,New York,USA,https://www.bizjournals.com/newyork/news/2022/06/16/hypebeast-opening-flagship-store-nyc-real-estate.html,,,,,,2026-04-16,,,,,,10,C-Tier,,,Contact:0/Brand:5/Market:5/Reach:0
Mannahatta NYC,Lower East Side,New York,USA,https://mhny.nyc/?srsltid=AfmBOopG3grBv-cflvH_1Blk65TOouFH4u987sG2tDDUgtLfDa0FvO7r,@mannahatta_nyc,,1752625192,,,2026-04-16,,,,,,38,C-Tier,,,Contact:18/Brand:5/Market:5/Reach:10
Storefront | Hellstar - Sneaker Summit,Houston,Texas,USA,https://sneakersummit.ricoconsign.com/store/collection/Hellstar,@sneakersummit.com.,info@sneakersummit.com,4491502798,,,2026-04-16,,,,,,80,A-Tier,,,Contact:30/Brand:5/Market:25/Reach:20
🔥BRAND NEW HELLSTAR DROP @flawlesshouston 🔥 ...,Houston,Texas,USA,https://www.instagram.com/p/DKA0W7Oy73L/,@flawlesshouston,,1037486289,,,2026-04-16,,,,,,58,B-Tier,,,Contact:18/Brand:5/Market:25/Reach:10
"Sneakers, Premium Vintage and Streetwear Clothing Shop in ...",Houston,Texas,USA,https://www.centrlsply.com/?srsltid=AfmBOoq-vLDiVcfMIjVzzj7C4V32E2x6zZchu9FO9nOXk0nbNYtNGIxn,@centrlsply,,1689782825,,,2026-04-16,,,,,,58,B-Tier,,,Contact:18/Brand:5/Market:25/Reach:10
New Hellstar Just Landed Instore! ⚡️ Come Shop Mon-Sat ...,Houston,Texas,USA,https://www.instagram.com/p/DBAJabxSkA3/,@rsrc.php,,1037486289,,,2026-04-16,,,,,,58,B-Tier,,,Contact:18/Brand:5/Market:25/Reach:10
Pure Atlanta | Luxury Contemporary Style,Houston,Texas,USA,https://www.pureatlanta.com/?srsltid=AfmBOoorWjxQ9NjxZOkF8Rt8Jz2C1ay0cVBMlbv_5y-H5CeGsWYqlMzk,@pureatlanta,cs@pureatlanta.com,1009528156,,,2026-04-16,,,,,,80,A-Tier,,,Contact:30/Brand:5/Market:25/Reach:20
Club Never - Houston,Houston,Texas,USA,https://clubnever.com/,@context,info@clubnever.com,5751450968,,,2026-04-16,,,,,,80,A-Tier,,,Contact:30/Brand:5/Market:25/Reach:20
Supreme Party Supplies,Houston,Texas,USA,https://supremehouston.com/,,,,,,2026-04-16,,,,,,30,C-Tier,,,Contact:0/Brand:5/Market:25/Reach:0
Premium Goods Houston | Sneaker Store & Streetwear Boutique,Houston,Texas,USA,https://premiumgoods.com/,@premiumgoodshtx,PG_logo_blk_140x@2x.png,1656379684,,,2026-04-16,,,,,,80,A-Tier,,,Contact:30/Brand:5/Market:25/Reach:20
A Ma Maniére Houston Store,Houston,Texas,USA,https://www.a-ma-maniere.com/pages/a-ma-maniere-houston-store?srsltid=AfmBOopznmRvfKB1I-jPhMl1rrvDqiju6XeKU-lNTw6GNxflta_LWGRa,@maniere_usa,,1422991689,,,2026-04-16,,,,,,58,B-Tier,,,Contact:18/Brand:5/Market:25/Reach:10
Premium Goods Houston | Sneaker Store & Streetwear ...,Houston,Texas,USA,https://premiumgoods.com/,@premiumgoodshtx,PG_logo_blk_140x@2x.png,1656379684,,,2026-04-16,,,,,,80,A-Tier,,,Contact:30/Brand:5/Market:25/Reach:20
The Closet HTX (@flawlesshouston),Houston,Texas,USA,https://www.instagram.com/flawlesshouston/,@johnnydangandco,,1037486289,,,2026-04-16,,,,,,58,B-Tier,,,Contact:18/Brand:5/Market:25/Reach:10
Houston,Houston,Texas,USA,https://hypebeast.com/tags/houston,@hypebeast,screenshot-adblock@2x.c415715a.png,3702846231,,,2026-04-16,,,,,,80,A-Tier,,,Contact:30/Brand:5/Market:25/Reach:20
"Cris (@hypelife_htx) · Houston, TX",Houston,Texas,USA,https://www.instagram.com/hypelife_htx/,@hypelife_htx,,1037486289,,,2026-04-16,,,,,,58,B-Tier,,,Contact:18/Brand:5/Market:25/Reach:10
HYPE (@hype_galleria) • Instagram photos and videos,Houston,Texas,USA,https://www.instagram.com/hype_galleria/,@hype_galleria,,1037486289,,,2026-04-16,,,,,,58,B-Tier,,,Contact:18/Brand:5/Market:25/Reach:10
Here are 7 Houston-based brands bringing streetwear ...,Houston,Texas,USA,https://www.chron.com/culture/article/Here-7-Houston-brands-bringing-streetwear-back-16063321.php,,,,,,2026-04-16,,,,,,30,C-Tier,,,Contact:0/Brand:5/Market:25/Reach:0
"food • fashion on Instagram: ""NEW LUXURY DENIM + ...",Houston,Texas,USA,https://www.instagram.com/reel/DCt9RympCtj/,@rsrc.php,,1037486289,,,2026-04-16,,,,,,58,B-Tier,,,Contact:18/Brand:5/Market:25/Reach:10
Sneaker Summit,Houston,Texas,USA,https://shop.sneakersummit.com/,@sneakersummit.com.,,4491502798,,,2026-04-16,,,,,,58,B-Tier,,,Contact:18/Brand:5/Market:25/Reach:10
Hell Star tees available at both of our locations,Dallas,Texas,USA,https://www.instagram.com/p/Cv88b_gsdil/,@rsrc.php,,1037486289,,,2026-04-16,,,,,,48,B-Tier,,,Contact:18/Brand:5/Market:15/Reach:10
SOLEPLIER | Sneakers. Streetwear. Culture.,Dallas,Texas,USA,https://soleplier.com/?srsltid=AfmBOooXXd1IbYWWatqoXpw7TQzgUhSz35HfXDj1HMDOftUrBec67OEc,@SOLEPLIER,tuffselectph@gmail.com,9166543286,,,2026-04-16,,,,,,70,B-Tier,,,Contact:30/Brand:5/Market:15/Reach:20
HELLSTAR TEES ARE IN ☄️ BOTH LOCATIONS # ...,Dallas,Texas,USA,https://www.instagram.com/p/CwYUeWIRwnZ/,@1finesse2tymes,,1037486289,,,2026-04-16,,,,,,48,B-Tier,,,Contact:18/Brand:5/Market:15/Reach:10
Private Selection: Shop The Latest Streetwear Fashion ...,Dallas,Texas,USA,https://www.prvtselection.com/?srsltid=AfmBOoo6161BOjxqnqbFov8_ODlNwNJxZAWvlGK_aDb2bYqMNOMsihDC,@prvt.selection,e7d54b729aaf49ea8b2f80dae22860aa@sentry.zipify.com,9166543286,,,2026-04-16,,,,,,70,B-Tier,,,Contact:30/Brand:5/Market:15/Reach:20
"12-9pm Store Hours 605 Singleton Blvd Dallas, Tx 75212",Dallas,Texas,USA,https://www.instagram.com/p/DAoskt2PpFI/,@rsrc.php,,1037486289,,,2026-04-16,,,,,,48,B-Tier,,,Contact:18/Brand:5/Market:15/Reach:10
更多,Dallas,Texas,USA,https://www.instagram.com/p/DHECEYmRTzm/?hl=zh-cn,@rsrc.php,,1037486289,,,2026-04-16,,,,,,48,B-Tier,,,Contact:18/Brand:5/Market:15/Reach:10
"Shop Rhude Clothing Online - T-Shirts, Pants, and More",Dallas,Texas,USA,https://feature.com/collections/rhude?srsltid=AfmBOorkXYWvgaz59WGBCfvv-PiuP0MKH3VRtr6bVBVTpd1VQp6CnJMs,@feature,icon-klarna@2x.static.png,1554395407,,,2026-04-16,,,,,,70,B-Tier,,,Contact:30/Brand:5/Market:15/Reach:20
The Cool Guy's Guide To Shopping in Dallas,Dallas,Texas,USA,https://www.dmagazine.com/style-beauty-wellness/2025/06/the-cool-guys-guide-to-shopping-in-dallas/,,,,,,2026-04-16,,,,,,20,C-Tier,,,Contact:0/Brand:5/Market:15/Reach:0
Dallas,Dallas,Texas,USA,https://hypebeast.com/tags/dallas,@hypebeast,screenshot-adblock@2x.c415715a.png,3702846231,,,2026-04-16,,,,,,70,B-Tier,,,Contact:30/Brand:5/Market:15/Reach:20
"PROJECT (@project.dallas) · Dallas, TX",Dallas,Texas,USA,https://www.instagram.com/project.dallas/,@project.dallas,,1037486289,,,2026-04-16,,,,,,48,B-Tier,,,Contact:18/Brand:5/Market:15/Reach:10
Heights District,Dallas,Texas,USA,https://www.theheightsdistrict.com/?srsltid=AfmBOooeD5l8x4j8RjgwiSxEPvKBBeoEJYECSSGNB5CT5ONFa3v0zcJZ,@heightsdistrict,info@theheightsdistrict.com,1752078995,,,2026-04-16,,,,,,70,B-Tier,,,Contact:30/Brand:5/Market:15/Reach:20
Sneaker Politics,Dallas,Texas,USA,https://sneakerpolitics.com/,@sneakerpolitics,,1691764186,,,2026-04-16,,,,,,48,B-Tier,,,Contact:18/Brand:5/Market:15/Reach:10
HUMAN DIOR,Dallas,Texas,USA,https://humandior.com/,@keyframes,humandior@gmail.com,4070210449,,,2026-04-16,,,,,,70,B-Tier,,,Contact:30/Brand:5/Market:15/Reach:20
"BluPrint (@bluprint.tx) · Dallas, TX",Dallas,Texas,USA,https://www.instagram.com/bluprint.tx/,@bluprint.tx,,1037486289,,,2026-04-16,,,,,,48,B-Tier,,,Contact:18/Brand:5/Market:15/Reach:10
Dallas Streetwear,Dallas,Texas,USA,https://www.instagram.com/dallas.streetwear/,@rsrc.php,,1037486289,,,2026-04-16,,,,,,48,B-Tier,,,Contact:18/Brand:5/Market:15/Reach:10
Clutch Vintage Streetwear – Clutch Vintage•Streetwear ...,Dallas,Texas,USA,https://theclutchvintage.com/?srsltid=AfmBOopkHOdn7NSpsmI_Eq42NS_VtRQBDptj_E_24sVQPOhXgDHVsmwu,@clutchdallas,,1739334398,,,2026-04-16,,,,,,48,B-Tier,,,Contact:18/Brand:5/Market:15/Reach:10
10 DALLAS STREETWEAR BRANDS YOU SHOULD BE ...,Dallas,Texas,USA,https://cosignmag.com/cosign-style-10-dallas-strettwear-brands-you-should-be-wearing/,@cosignmag,asyah@cosignmag.com,1776086494,,,2026-04-16,,,,,,70,B-Tier,,,Contact:30/Brand:5/Market:15/Reach:20
Urban Clothing Stores | Urban Stylez Fashion And Apparel ...,Dallas,Texas,USA,https://www.shopurbanstylez.com/?srsltid=AfmBOoq3y9Jt_R_9_d18qJDwT8D6QO5Pfqq-9uWXsX4YI75_4AJrnYfJ,@urbanstylez_214,react@18.3.1,968-7758814,,,2026-04-16,,,,,,70,B-Tier,,,Contact:30/Brand:5/Market:15/Reach:20
Private Stock Premium Boutique - Private Stock,Austin,Texas,USA,https://www.privatestockonline.com/,@privatestockatx,,2022111215,,,2026-04-16,,,,,,38,C-Tier,,,Contact:18/Brand:5/Market:5/Reach:10
S-3X #Hellstar #Sports #AvailableNow #Tees #Hoodies ...,Austin,Texas,USA,https://www.instagram.com/p/C70RvEFo7e3/,@rsrc.php,,1037486289,,,2026-04-16,,,,,,38,C-Tier,,,Contact:18/Brand:5/Market:5/Reach:10
🚨 NEW INVENTORY ALERT 🚨 HELLSTAR HALLOWEEN ...,Austin,Texas,USA,https://www.instagram.com/p/DBpRtABulRc/?hl=en,@rsrc.php,,1037486289,,,2026-04-16,,,,,,38,C-Tier,,,Contact:18/Brand:5/Market:5/Reach:10
"Private Stock - A Shopping Center in Austin, TX - Simon",Austin,Texas,USA,https://www.simon.com/mall/the-domain/stores/private-stock,@thedomainaustin,,1766078725,,,2026-04-16,,,,,,38,C-Tier,,,Contact:18/Brand:5/Market:5/Reach:10
The Splash Station opens second location in South Austin,Austin,Texas,USA,https://communityimpact.com/austin/south-central-austin/business/2025/07/09/the-splash-station-opens-second-location-in-south-austin/,@communityimpactnews,spinner@2x.gif,2145298395,,,2026-04-16,,,,,,60,B-Tier,,,Contact:30/Brand:5/Market:5/Reach:20
STAX AUSTIN,Austin,Texas,USA,https://staxaustinonline.com/,@font,,5825154475,,,2026-04-16,,,,,,38,C-Tier,,,Contact:18/Brand:5/Market:5/Reach:10
Aisle 5: Home,Austin,Texas,USA,https://www.theaisle5.com/,@gmail.com,13e49d785d8d4f828038b6136f3b48ba@sentry.io,7222075137,,,2026-04-16,,,,,,60,B-Tier,,,Contact:30/Brand:5/Market:5/Reach:20
"STAX ATX (@staxaustin) · Austin, TX",Austin,Texas,USA,https://www.instagram.com/staxaustin/,@staxaustin,,1037486289,,,2026-04-16,,,,,,38,C-Tier,,,Contact:18/Brand:5/Market:5/Reach:10
Bloody Rose Boutique,Austin,Texas,USA,https://bloodyroseboutique.com/,@bloodyroseboutique,,7823523422,,,2026-04-16,,,,,,38,C-Tier,,,Contact:18/Brand:5/Market:5/Reach:10
"Kicking It ATX: Trendy clothing, accessories, & sneakers in ...",Austin,Texas,USA,https://kickingit.com/?srsltid=AfmBOopjIEn_2gpLYDL7UlWNiHJdrnZf2sI1RjQ3AHQMsC6fsuf9WeHq,@kickingit,,5142983320,,,2026-04-16,,,,,,38,C-Tier,,,Contact:18/Brand:5/Market:5/Reach:10
ByGeorge Luxury Boutique - Austin,Austin,Texas,USA,https://bygeorgeaustin.com/?srsltid=AfmBOooa0fVGorrlAiMLfYw31LBW0ZShEpd2cpM7HwD2ILMM7F3nLvQZ,@bygeorge,,1775595304,,,2026-04-16,,,,,,38,C-Tier,,,Contact:18/Brand:5/Market:5/Reach:10
Explore These 9 Austin Boutiques | Blog,Austin,Texas,USA,https://kathrynscarborough.com/blog/explore-these-9-austin-boutiques,@kathrynscarboroughatx,handlebars-intl@1.1.2,1512970135,,,2026-04-16,,,,,,60,B-Tier,,,Contact:30/Brand:5/Market:5/Reach:20
Sneaker Politics - Austin,Austin,Texas,USA,https://www.2ndstreetdistrict.com/sneaker-politics,@2ndstdistrict,user@domain.com.,1655914806,,,2026-04-16,,,,,,60,B-Tier,,,Contact:30/Brand:5/Market:5/Reach:20
Austin Location | Shop Nice Kicks – ShopNiceKicks.com,Austin,Texas,USA,https://shopnicekicks.com/pages/austin-location,@shopnicekicks,nicekicks.small_140x@2x.png,1613152017,,,2026-04-16,,,,,,60,B-Tier,,,Contact:30/Brand:5/Market:5/Reach:20
austin,Austin,Texas,USA,https://sneakerpolitics.com/pages/austin-store-page,@sneakerpolitics,,1691764186,,,2026-04-16,,,,,,38,C-Tier,,,Contact:18/Brand:5/Market:5/Reach:10
"Karavel Shoes | Running, Walking, and Comfort Shoes in ...",Austin,Texas,USA,https://karavelshoes.com/?srsltid=AfmBOor5LEsPwAFmUermh7fcaX_5itJAwvdiztVyzgo5QN171PJqAsGI,@karavelshoes,,1760393966,,,2026-04-16,,,,,,38,C-Tier,,,Contact:18/Brand:5/Market:5/Reach:10
"Where to Shop Local Clothing Brands | Visit Austin, TX",Austin,Texas,USA,https://www.austintexas.org/austin-insider-blog/blog/post/local-clothing-brands/,@personalvintage,wght@100..900,9999999999,,,2026-04-16,,,,,,60,B-Tier,,,Contact:30/Brand:5/Market:5/Reach:20
What Stores Sell Hellstar,San Antonio,Texas,USA,https://www.instagram.com/popular/what-stores-sell-hellstar/,@stockroom.oc,,1037486289,,,2026-04-16,,,,,,38,C-Tier,,,Contact:18/Brand:5/Market:5/Reach:10
San Antonio - San Pedro Store,San Antonio,Texas,USA,https://www.bootbarn.com/stores?StoreID=0381&srsltid=AfmBOoqSdwKtaksFfgvC59LVD9P1Oyk9JvNiDyIRyUr99XJ6WD6aKoGr,@boot_barn_official,custserv@bootbarn.com,1776327089,,,2026-04-16,,,,,,60,B-Tier,,,Contact:30/Brand:5/Market:5/Reach:20
HELLSTAR size S-M-L new & original ٣٠،٠٠٠ للحجز دايركت ...,San Antonio,Texas,USA,https://www.instagram.com/p/DXKcHifDclK/,@rsrc.php,,1037486289,,,2026-04-16,,,,,,38,C-Tier,,,Contact:18/Brand:5/Market:5/Reach:10
NEW* HELLSTAR PIECES IN STORE SOON‼️ ONLY AT ...,San Antonio,Texas,USA,https://www.instagram.com/p/C2Ltp8js5IY/,@rsrc.php,,1037486289,,,2026-04-16,,,,,,38,C-Tier,,,Contact:18/Brand:5/Market:5/Reach:10
Supreme Meat Purveyors: Creating Tomorrow's Protein ...,San Antonio,Texas,USA,https://suprememeat.com/,@context,,1776188044,,,2026-04-16,,,,,,38,C-Tier,,,Contact:18/Brand:5/Market:5/Reach:10
"WearHouse (@wearhouse.tx) · San Antonio, TX",San Antonio,Texas,USA,https://www.instagram.com/wearhouse.tx/,@wearhouse.tx,,1037486289,,,2026-04-16,,,,,,38,C-Tier,,,Contact:18/Brand:5/Market:5/Reach:10
Rhude Tee ~ Available in Store📍Open From 11-7 weekdays,San Antonio,Texas,USA,https://www.instagram.com/p/DToT6V4DjmW/,@rsrc.php,,1037486289,,,2026-04-16,,,,,,38,C-Tier,,,Contact:18/Brand:5/Market:5/Reach:10
"Street Gear (@street_gearshop) · San Antonio, TX",San Antonio,Texas,USA,https://www.instagram.com/street_gearshop/,@street_gearshop,,1037486289,,,2026-04-16,,,,,,38,C-Tier,,,Contact:18/Brand:5/Market:5/Reach:10
fresh start is a 👟 one of a kind streetwear store,San Antonio,Texas,USA,https://daviesentertainment.com/streetwear-store/,@daviesentertainment,info@daviesentertainment.com,1776190440,,,2026-04-16,,,,,,60,B-Tier,,,Contact:30/Brand:5/Market:5/Reach:20
Countdown SA,San Antonio,Texas,USA,https://www.countdownsa.com/,@countdownsa_,,6978026591,,,2026-04-16,,,,,,38,C-Tier,,,Contact:18/Brand:5/Market:5/Reach:10
Tier One Sneaker Boutique: Home,San Antonio,Texas,USA,https://tier-one-sneaker-boutique.square.site/,@media,13e49d785d8d4f828038b6136f3b48ba@sentry.io,773-8161119,,,2026-04-16,,,,,,60,B-Tier,,,Contact:30/Brand:5/Market:5/Reach:20
"iRun Texas, San Antonio Local Running and Fitness Store",San Antonio,Texas,USA,https://iruntexas.net/,@300,bootstrap@4.3.1,6884696416,,,2026-04-16,,,,,,60,B-Tier,,,Contact:30/Brand:5/Market:5/Reach:20
"Store Directory - 1 Store in San Antonio, Texas",San Antonio,Texas,USA,https://www.hibbett.com/stores/TX/San%20Antonio,@hibbettofficial,,1776358785,,,2026-04-16,,,,,,38,C-Tier,,,Contact:18/Brand:5/Market:5/Reach:10
The 44 coolest clothing stores and boutiques in San Antonio,San Antonio,Texas,USA,https://wanderlog.com/list/geoCategory/123425/coolest-clothing-stores-and-boutiques-in-san-antonio,@7p.m.,apm-rum@5.16.0,3026914942,,,2026-04-16,,,,,,60,B-Tier,,,Contact:30/Brand:5/Market:5/Reach:20
Stetson: Legendary Westernwear,San Antonio,Texas,USA,https://stetson.com/?srsltid=AfmBOooSc8PHtsP9HSlG1xeHIgVoLgEuBRofIoSMeugxZ-yJyr34FkTm,@stetsonusa,help@stetson.com,1746005073,,,2026-04-16,,,,,,60,B-Tier,,,Contact:30/Brand:5/Market:5/Reach:20
North Star Mall - San Antonio,San Antonio,Texas,USA,https://stores.jdsports.com/tx/sanantonio/north-star-mall.html,@jdsportsus,,(210) 672-4831,,,2026-04-16,,,,,,38,C-Tier,,,Contact:18/Brand:5/Market:5/Reach:10
"Shoe Store San Antonio, TX | Sneakers and Apparel",San Antonio,Texas,USA,https://www.hibbett.com/storedetails/TX/San%20Antonio/1373,@hibbettsanantoniotx,,1776358785,,,2026-04-16,,,,,,38,C-Tier,,,Contact:18/Brand:5/Market:5/Reach:10
Heights District,San Antonio,Texas,USA,https://www.theheightsdistrict.com/?srsltid=AfmBOorsYcUh3mDTMbH5m57ic225UmPGbMZeoDy1GDmPOCPTIDpJJsW4,@heightsdistrict,info@theheightsdistrict.com,1752078995,,,2026-04-16,,,,,,60,B-Tier,,,Contact:30/Brand:5/Market:5/Reach:20
Where to find San Antonio-made streetwear,San Antonio,Texas,USA,https://www.expressnews.com/lifestyle/article/San-Antonio-sneakerhead-sports-his-own-clothing-13522360.php,,,,,,2026-04-16,,,,,,10,C-Tier,,,Contact:0/Brand:5/Market:5/Reach:0
A Few HELLSTAR Tees That Will Be Available Friday At ...,Fort Worth,Texas,USA,https://www.instagram.com/p/DPCOvvICXu5/,@rsrc.php,,1037486289,,,2026-04-16,,,,,,38,C-Tier,,,Contact:18/Brand:5/Market:5/Reach:10
"Visit pOpshelf in Fort Worth, TX",Fort Worth,Texas,USA,https://www.popshelf.com/store/30455,@popshelf,,0635782942,,,2026-04-16,,,,,,38,C-Tier,,,Contact:18/Brand:5/Market:5/Reach:10
"6pm. 4226 W Vickery Blvd, Fort Worth, TX 76107 BUY / ...",Fort Worth,Texas,USA,https://www.instagram.com/p/DPCOkhtibYN/,@rsrc.php,,1037486289,,,2026-04-16,,,,,,38,C-Tier,,,Contact:18/Brand:5/Market:5/Reach:10
HELLSTAR CLASSIC TEE BLACK/GREEN (GEL PRINT),Fort Worth,Texas,USA,https://royaltydfw.com/products/hellstar-classic-tee-black-green-gel-print?srsltid=AfmBOopCIf-0-DoaiRGQfC1qK6GSGbazE731-0S3gJH_2UaJPx9li7Mw,@rylty.dfw,xxx@xxx.xxx,1725919116,,,2026-04-16,,,,,,60,B-Tier,,,Contact:30/Brand:5/Market:5/Reach:20
Come Shop Dallas-Fort Worth's #1 Sneaker & Streetwear ...,Fort Worth,Texas,USA,https://www.instagram.com/reel/DGD5Pp1uK1H/,@rsrc.php,,1037486289,,,2026-04-16,,,,,,38,C-Tier,,,Contact:18/Brand:5/Market:5/Reach:10
Fort Worth,Fort Worth,Texas,USA,https://supreme-appliances.com/fort-worth/,@supreme.appliances,info@supreme-appliances.com,945-3546321,,,2026-04-16,,,,,,60,B-Tier,,,Contact:30/Brand:5/Market:5/Reach:20
Appliance Store Fort Worth TX,Fort Worth,Texas,USA,https://supreme-appliances.com/appliance-store-fort-worth-tx/,@supreme.appliances,info@supreme-appliances.com,3333333333,,,2026-04-16,,,,,,60,B-Tier,,,Contact:30/Brand:5/Market:5/Reach:20
Rhude Streetwear & Apparel | Modern Urban Style at Sole ...,Fort Worth,Texas,USA,https://www.solebystyle.com/collections/rhude-1?srsltid=AfmBOoo2ZMCj0cpxZkGsDp2Jv3yEFeyFlUeVGdkOK7qqntjyZOI2k7J-,@solebystyle.cov,shop@solebystyle.com,1748393960,,,2026-04-16,,,,,,60,B-Tier,,,Contact:30/Brand:5/Market:5/Reach:20
John L. Ashe - Men's Clothing Store,Fort Worth,Texas,USA,https://brattelifamilystores.com/pages/john-l-ashe?srsltid=AfmBOorbRB41sy0JOJ4yfZl8QIKpAJIYigFazBxwR2zSX610CwzWvfzK,@shopify,kjajs_x100@2x.png,4994871894,,,2026-04-16,,,,,,60,B-Tier,,,Contact:30/Brand:5/Market:5/Reach:20
"Capsule on Instagram: ""Check out the fresh collection of tees ...",Fort Worth,Texas,USA,https://www.instagram.com/reel/DMSpWsBs-tt/,@rsrc.php,,1037486289,,,2026-04-16,,,,,,38,C-Tier,,,Contact:18/Brand:5/Market:5/Reach:10
Locals Only: Home,Fort Worth,Texas,USA,https://localsonlyshop.square.site/,@gmail.com.,13e49d785d8d4f828038b6136f3b48ba@sentry.io,8002591795,,,2026-04-16,,,,,,60,B-Tier,,,Contact:30/Brand:5/Market:5/Reach:20
Fort Worth Locals: Fort Worth T-Shirts,Fort Worth,Texas,USA,https://shopfwlocals.com/?srsltid=AfmBOoqRpqZycx7kFkM7hjeegWFM2CucWnxs8-E93uByFI7EVwgRJyia,@fwlocals,hello@fwlocals.com,7909584425,,,2026-04-16,,,,,,60,B-Tier,,,Contact:30/Brand:5/Market:5/Reach:20
817 Vintage Hype,Fort Worth,Texas,USA,https://817vintagehype.com/?srsltid=AfmBOoo8F3emOhsZ9PLrwJzcNlB5aL1f8QPQWBGKMYrLlRz_44Mdh2b2,@media,UNADJUSTEDNONRAW_thumb_28c5_1280x@2x.jpg,3595290796,,,2026-04-16,,,,,,60,B-Tier,,,Contact:30/Brand:5/Market:5/Reach:20
The Fort Worth Boutique Guide,Fort Worth,Texas,USA,https://thescoutguide.com/fort-worth/editorial/the-fort-worth-boutique-guide/,,,,,,2026-04-16,,,,,,10,C-Tier,,,Contact:0/Brand:5/Market:5/Reach:0
"Hale House Boutique | Fort Worth, TX",Fort Worth,Texas,USA,https://shophalehouse.com/,@shophalehouse,customerservice@shophalehouse.com,1588243550,,,2026-04-16,,,,,,60,B-Tier,,,Contact:30/Brand:5/Market:5/Reach:20
Monkee's of Fort Worth: MONKEE'S | Shop Clothing ...,Fort Worth,Texas,USA,https://monkeesoffortworth.com/?srsltid=AfmBOootyRsrT6-60F8L39FWiPaA4E3xkb1PxsQwbljdTpldRjOD_sIg,@monkeesoffortworth,,1775665412,,,2026-04-16,,,,,,38,C-Tier,,,Contact:18/Brand:5/Market:5/Reach:10
5 sneaker boutiques in Fort Worth - FTWtoday,Fort Worth,Texas,USA,https://ftwtoday.6amcity.com/sneaker-stores-fort-worth-tx,@ftwtoday,rmcrobbie@ftwtoday.com,2147483647,,,2026-04-16,,,,,,60,B-Tier,,,Contact:30/Brand:5/Market:5/Reach:20
"Shoe Store Fort Worth, TX | Sneakers and Apparel",Fort Worth,Texas,USA,https://www.hibbett.com/storedetails/TX/Fort%20Worth/1518,@hibbettfortworthtx,,1776358785,,,2026-04-16,,,,,,38,C-Tier,,,Contact:18/Brand:5/Market:5/Reach:10
Lux (Fashion. Culture. Lifestyle.) (@luxfashiondfw),Fort Worth,Texas,USA,https://www.instagram.com/luxfashiondfw/,@luxfashiondfw,,1037486289,,,2026-04-16,,,,,,38,C-Tier,,,Contact:18/Brand:5/Market:5/Reach:10
Royalty DFW,Fort Worth,Texas,USA,https://royaltydfw.com/?srsltid=AfmBOoqwJsTE6m4DWTyCW6hkrGr9bo79YN0gJDqcIeW24nCRuUCCtQoJ,@rylty.dfw,xxx@xxx.xxx,1725919116,,,2026-04-16,,,,,,60,B-Tier,,,Contact:30/Brand:5/Market:5/Reach:20
Elite Footwear,Fort Worth,Texas,USA,https://elitefootweardfw.com/,@elitefootweardfw,anapbm@gmail.com,3333333333,,,2026-04-16,,,,,,60,B-Tier,,,Contact:30/Brand:5/Market:5/Reach:20
"HeatOnFeetFootWear (@heatonfeetfootwear) · Fort Worth, TX",Fort Worth,Texas,USA,https://www.instagram.com/heatonfeetfootwear/,@heatonfeetsneakerfestival,,1037486289,,,2026-04-16,,,,,,38,C-Tier,,,Contact:18/Brand:5/Market:5/Reach:10
Union Station is Fort Worth's hub for homegrown streetwear,Fort Worth,Texas,USA,https://www.dfwi.org/item/union-station-is-fort-worths-hub-for-homegrown-streetwear,@downtownfortworth,,1776361565,,,2026-04-16,,,,,,38,C-Tier,,,Contact:18/Brand:5/Market:5/Reach:10
The Hookup Fashion and more (@thehookupdfw),Fort Worth,Texas,USA,https://www.instagram.com/thehookupdfw/,@mvpsportsdfw,,1037486289,,,2026-04-16,,,,,,38,C-Tier,,,Contact:18/Brand:5/Market:5/Reach:10
Hellstar Is This What Heaven Sounds Like? Tee ...,Atlanta,Georgia,USA,https://www.instagram.com/showroom_atlanta/p/DH6YByfgCPU/,@rsrc.php,,1037486289,,,2026-04-16,,,,,,58,B-Tier,,,Contact:18/Brand:5/Market:25/Reach:10
Hellstar Hoodies,Atlanta,Georgia,USA,https://luxuryboxatl.com/collections/hellstar-hoodies?srsltid=AfmBOorVtEvXyXQqwy9eFH_hlmjBknDx7OGiq8iZq9xKadXpc7ocULJy,@luxboxatl,,1759960285,,,2026-04-16,,,,,,58,B-Tier,,,Contact:18/Brand:5/Market:25/Reach:10
"New Hellstar is IN! Available In Store & Online, Only At The Box",Atlanta,Georgia,USA,https://www.instagram.com/reel/DACHcaEpulg/?hl=en,@rsrc.php,,1037486289,,,2026-04-16,,,,,,58,B-Tier,,,Contact:18/Brand:5/Market:25/Reach:10
Brand New Red Hellstar Tee - L,Atlanta,Georgia,USA,https://highstakesatlanta.com/products/brand-new-red-hellstar-tee-l?srsltid=AfmBOooXdHOE6CaR7RY6U7DJ9_HJ7EhKWQ3BjVYIDH0qQdwwT6FFqW1H,@font,,1748288413,,,2026-04-16,,,,,,58,B-Tier,,,Contact:18/Brand:5/Market:25/Reach:10
💫 Hellstar Patch Shorts Black L XXXL Available Now In ...,Atlanta,Georgia,USA,https://www.instagram.com/p/DQNCH-mDm1s/,@rsrc.php,,1037486289,,,2026-04-16,,,,,,58,B-Tier,,,Contact:18/Brand:5/Market:25/Reach:10
Light Hellstar Restock! Multiple Sizes and Colors Available! All ...,Atlanta,Georgia,USA,https://www.instagram.com/reel/C4i5W2WAQgV/,@rsrc.php,,1037486289,,,2026-04-16,,,,,,58,B-Tier,,,Contact:18/Brand:5/Market:25/Reach:10
Supreme ATL (@supremeatlanta),Atlanta,Georgia,USA,https://www.instagram.com/supremeatlanta/,@supremeatlanta,,1037486289,,,2026-04-16,,,,,,58,B-Tier,,,Contact:18/Brand:5/Market:25/Reach:10
ShowRoom Atlanta,Atlanta,Georgia,USA,https://www.showroomatl.com/?srsltid=AfmBOooKgpKs3FS7gBOgjtIc2XhG9GZqQa-mr2gItdzBbD-PBD5T_uxy,@showroom.atl,,1720536824,,,2026-04-16,,,,,,58,B-Tier,,,Contact:18/Brand:5/Market:25/Reach:10
"Repeat Atlanta on Instagram: ""Supreme accessories always ...",Atlanta,Georgia,USA,https://www.instagram.com/reel/DUt8QUOjfc8/?hl=en,@rsrc.php,,1037486289,,,2026-04-16,,,,,,58,B-Tier,,,Contact:18/Brand:5/Market:25/Reach:10
A Ma Maniére Atlanta Store,Atlanta,Georgia,USA,https://www.a-ma-maniere.com/pages/a-ma-maniere-atlanta-store?srsltid=AfmBOoqdGUb059D2KAewijFKs4E7oQq7yRMW2NxLyqA7FAgi3UXjtK5E,@maniere_usa,,1422991689,,,2026-04-16,,,,,,58,B-Tier,,,Contact:18/Brand:5/Market:25/Reach:10
"lenox square in atlanta, georgia",Atlanta,Georgia,USA,https://thewebster.com/shop/atlanta?srsltid=AfmBOoqxpHM6dPBOvADj46I9KCFFwSjdqwM7JdVew4CtbmFjDq29wDX4,@THEWEBSTER.COM.,ATLTEAM@THEWEBSTER.COM,1771410634,,,2026-04-16,,,,,,80,A-Tier,,,Contact:30/Brand:5/Market:25/Reach:20
Fly Gear ATL - Hottest streetwear clothing in the country,Atlanta,Georgia,USA,https://flygearatl.com/?srsltid=AfmBOorRMqGfQLMtJgcM231GP8dvV-U0OfLFUpBEHhpW1exkywD6Ean5,@flygearatl,sales@flygearatl.com,1672267803,,,2026-04-16,,,,,,80,A-Tier,,,Contact:30/Brand:5/Market:25/Reach:20
Wish Atlanta Boutique - WishATL.com,Atlanta,Georgia,USA,https://wishatl.com/?srsltid=AfmBOopkNuKzbsWJwzvVrbFKQ2_fQhlvU08npH7tZP4Ibt4k3rcFVVfp,@wishatl,,1614741952,,,2026-04-16,,,,,,58,B-Tier,,,Contact:18/Brand:5/Market:25/Reach:10
The Atlanta Streetwear Market ® (@atlantastreetwearmarket),Atlanta,Georgia,USA,https://www.instagram.com/atlantastreetwearmarket/?hl=en,@atlantastreetwearmarket,,1037486289,,,2026-04-16,,,,,,58,B-Tier,,,Contact:18/Brand:5/Market:25/Reach:10
Pure Atlanta | Luxury Contemporary Style,Atlanta,Georgia,USA,https://www.pureatlanta.com/?srsltid=AfmBOor9NqqgkyNyJE77DgSJTCqQDXZ9lw6reA2h2Lzm97fSBpjmUkni,@pureatlanta.,cs@pureatlanta.com,1009528156,,,2026-04-16,,,,,,80,A-Tier,,,Contact:30/Brand:5/Market:25/Reach:20
10 Essential Atlanta Shops for Contemporary & Streetwear ...,Atlanta,Georgia,USA,https://www.oberonasscher.com/blogs/sweet-auburn-ave/the-10-coolest-clothing-stores-boutiques-in-atlanta-you-need-to-know?srsltid=AfmBOorqv3Fg1HvcVaYyGgZRLhFGMaI0rLh48mYk5ZHDSXT8kQTHyV0u,@closette323,,1642484360,,,2026-04-16,,,,,,58,B-Tier,,,Contact:18/Brand:5/Market:25/Reach:10
City Wide Fashions - Atlanta's Best Big & Tall Streetwear Store,Atlanta,Georgia,USA,https://citywidefashions.com/?srsltid=AfmBOor5-Le8hq1aP10V_qXsu65nISAZiRnlDFeOcL_Sw29DP27tjaQt,@whatshappeningatl,,1591373623,,,2026-04-16,,,,,,58,B-Tier,,,Contact:18/Brand:5/Market:25/Reach:10
Full Circle ATL,Atlanta,Georgia,USA,https://fullcircleatl.shop/?srsltid=AfmBOoqoE5683Bm_A5c_loq74U7jpENu1XkItnY6P9W0WPHUn12lFmJy,@fullcircle.atl,,1663349557,,,2026-04-16,,,,,,58,B-Tier,,,Contact:18/Brand:5/Market:25/Reach:10
Hype 24/7,Atlanta,Georgia,USA,https://www.atlantadowntown.com/go/hype-24-7,@hype2407,,1776361772,,,2026-04-16,,,,,,58,B-Tier,,,Contact:18/Brand:5/Market:25/Reach:10
HYPE 24/7 Atlanta (@hype2407),Atlanta,Georgia,USA,https://www.instagram.com/hype2407/,@hype247snvl.,,1037486289,,,2026-04-16,,,,,,58,B-Tier,,,Contact:18/Brand:5/Market:25/Reach:10
"Hype24/7: Buy, Sell, Trade Exclusive Sneaker Shop in Atlanta ...",Atlanta,Georgia,USA,https://hype2407.com/?srsltid=AfmBOoqQoNJRxUKfMmpfzxEf9bA1hTGGVZzG02tGqK_Y1iyDL4FzfQGV,@hype2407,20260331_182211_580x@2x.jpg,9029999862,,,2026-04-16,,,,,,80,A-Tier,,,Contact:30/Brand:5/Market:25/Reach:20
Atlanta,Atlanta,Georgia,USA,https://hypebeast.com/tags/atlanta,@hypebeast,screenshot-adblock@2x.c415715a.png,3702846231,,,2026-04-16,,,,,,80,A-Tier,,,Contact:30/Brand:5/Market:25/Reach:20
GEORGIO'S PREMIUM STREETWEAR STORE,Atlanta,Georgia,USA,https://georgiosatlanta.com/,@georgiosatlanta,GeorgiosATL@gmail.com,1734813385,,,2026-04-16,,,,,,80,A-Tier,,,Contact:30/Brand:5/Market:25/Reach:20
Moda404 (@moda404atl) • Instagram photos and videos,Atlanta,Georgia,USA,https://www.instagram.com/moda404atl/,@moda404atl,,1037486289,,,2026-04-16,,,,,,58,B-Tier,,,Contact:18/Brand:5/Market:25/Reach:10
Luxury Box: Curated High-Fashion – Luxury Box Atl,Atlanta,Georgia,USA,https://luxuryboxatl.com/?srsltid=AfmBOoqrU2caHkBn0slc118sRXlToMuDSmJUNW9Ngu2fCiG8z4NpVpz6,@luxboxatl,info@luxuryboxatl.com,1759960285,,,2026-04-16,,,,,,80,A-Tier,,,Contact:30/Brand:5/Market:25/Reach:20
Atlanta Sneakers & Clothing | Shop Walter's Clothing Online,Atlanta,Georgia,USA,https://waltersclothing.com/,@waltersclothing,walters_logo_140x@2x.png,1633541555,,,2026-04-16,,,,,,80,A-Tier,,,Contact:30/Brand:5/Market:25/Reach:20
SOLE PLAY ATL – Sole Play,Atlanta,Georgia,USA,https://www.soleplayatl.com/?srsltid=AfmBOoo1DqLbTYykbHs6XPpQXrxBuv9q2UcBGrM9FM786NXqxHDrBWS_,@https,,1769452592,,,2026-04-16,,,,,,58,B-Tier,,,Contact:18/Brand:5/Market:25/Reach:10
"Hype24/7: Buy, Sell, Trade Exclusive Sneaker Shop ...",Atlanta,Georgia,USA,https://hype2407.com/?srsltid=AfmBOoqwsu2TVbELES14wV8rpi4BJ_5_80hh90FDLrFYS3t5sOV7-yEd,@hype2407,20260331_182211_580x@2x.jpg,9029999862,,,2026-04-16,,,,,,80,A-Tier,,,Contact:30/Brand:5/Market:25/Reach:20
Full Circle Atlanta (@fullcircle.atl),Atlanta,Georgia,USA,https://www.instagram.com/fullcircle.atl/?hl=en,@fullcircle.ath,,1037486289,,,2026-04-16,,,,,,58,B-Tier,,,Contact:18/Brand:5/Market:25/Reach:10
Refresh PGH ATL | Premier Sneaker/Clothing Boutique‎,Atlanta,Georgia,USA,https://refreshpgh.com/,@2x.jpg,Size10Yeezyslideonyx_1024x1024_2x_jpg_4f713d19-c789-421d-b190-802f98ec6ac8_250x250@2x.webp,1613705057,,,2026-04-16,,,,,,80,A-Tier,,,Contact:30/Brand:5/Market:25/Reach:20
🔥 New Hellstar Collection Is Here! 🔥 Level up your street ...,Chicago,Illinois,USA,https://www.instagram.com/p/DTlIYNIEwPt/,@rsrc.php,,1037486289,,,2026-04-16,,,,,,58,B-Tier,,,Contact:18/Brand:5/Market:25/Reach:10
Hellstar Star Black Hoodie,Chicago,Illinois,USA,https://thegallery630.com/products/hellstar-star-black-hoodie?srsltid=AfmBOoo88v8A6anxaDtchSLy-fMhb5YhFyiBDXvO5bwUBLt6m3b50DLj,@font,xxx@xxx.xxx,1681500872,,,2026-04-16,,,,,,80,A-Tier,,,Contact:30/Brand:5/Market:25/Reach:20
Hellstar Powered By The Star T-Shirt Black,Chicago,Illinois,USA,https://endlesssupply.com/products/hellstar-powered-by-the-star-t-shirt-black-1?srsltid=AfmBOoqvOQhHvu28fPvFQoiWS4N6oF-pI2OBunhda-Q3zwqV7lwcMKH5,@endlesssupply,,1719113949,,,2026-04-16,,,,,,58,B-Tier,,,Contact:18/Brand:5/Market:25/Reach:10
@Hellstar @saintvanity.usa #Vale and more ...,Chicago,Illinois,USA,https://www.instagram.com/reel/DLp78mlupiM/,@Hellstar,,1037486289,,,2026-04-16,,,,,,58,B-Tier,,,Contact:18/Brand:5/Market:25/Reach:10
Hellstar SnapBack Available in-store & online! SHOP ...,Chicago,Illinois,USA,https://www.instagram.com/p/C6hJXQ2O7M6/,@rsrc.php,,1037486289,,,2026-04-16,,,,,,58,B-Tier,,,Contact:18/Brand:5/Market:25/Reach:10
"S H O W R O O M on Instagram: ""SHOWROOM CHICAGO a ...",Chicago,Illinois,USA,https://www.instagram.com/reel/DFnmonQuonn/,@rsrc.php,,1037486289,,,2026-04-16,,,,,,58,B-Tier,,,Contact:18/Brand:5/Market:25/Reach:10
Supreme Chicago – Gallery,Chicago,Illinois,USA,https://supreme.com/news/905/images,,,(312) 300 0562,,,2026-04-16,,,,,,38,C-Tier,,,Contact:8/Brand:5/Market:25/Reach:0
NEW Supreme Hoodies In Store | Open 11AM - 7PM,Chicago,Illinois,USA,https://www.instagram.com/p/DRPtTR1ES0J/,@rsrc.php,,1037486289,,,2026-04-16,,,,,,58,B-Tier,,,Contact:18/Brand:5/Market:25/Reach:10
Supreme opens first Chicago store,Chicago,Illinois,USA,"https://us.fashionnetwork.com/news/Supreme-opens-first-chicago-store,1462304.html",,,,,,2026-04-16,,,,,,30,C-Tier,,,Contact:0/Brand:5/Market:25/Reach:0
Rhude Tees In Stock❗️🔥 -Size S-XL Available in-store & ...,Chicago,Illinois,USA,https://www.instagram.com/p/DEnQEMWuPBS/,@rsrc.php,,1037486289,,,2026-04-16,,,,,,58,B-Tier,,,Contact:18/Brand:5/Market:25/Reach:10
RSVP Gallery,Chicago,Illinois,USA,https://rsvpgallery.com/?srsltid=AfmBOoo64inZcdEeUhpsBXHWRtAZ7RR-bXilDZs1zdQPuVlnI0cB3urn,@rsvpgallery,,1613731237,,,2026-04-16,,,,,,58,B-Tier,,,Contact:18/Brand:5/Market:25/Reach:10
New RHUDE tees just landed for a STEAL!‍♂️ Sizes S–XL ...,Chicago,Illinois,USA,https://www.instagram.com/reel/DTTEe_ODa-J/?hl=en,@rsrc.php,,1037486289,,,2026-04-16,,,,,,58,B-Tier,,,Contact:18/Brand:5/Market:25/Reach:10
New Rhude Tee Collection ‼️ Available In-Store & Online ...,Chicago,Illinois,USA,https://www.instagram.com/p/DPKBv-Dgcd7/,@rsrc.php,,1037486289,,,2026-04-16,,,,,,58,B-Tier,,,Contact:18/Brand:5/Market:25/Reach:10
Burdeens Chicago,Chicago,Illinois,USA,https://burdeenschicago.com/?srsltid=AfmBOope-5He8pkS_zq-pNSjcE-FWxPUPDD7s4BpXDHrevrgEc7nR0L1,@burdeenschicago,20241204_051340137_iOS_480x480@2x.jpg,1614343759,,,2026-04-16,,,,,,80,A-Tier,,,Contact:30/Brand:5/Market:25/Reach:20
Unique Chicago,Chicago,Illinois,USA,https://shopuniquechicago.com/,@uniquechicago,shopuniquechicago@gmail.com,1772573808,,,2026-04-16,,,,,,80,A-Tier,,,Contact:30/Brand:5/Market:25/Reach:20
Jugrnaut Clothing - Jugrnaut,Chicago,Illinois,USA,https://store.jugrnaut.com/,@jugrnaut,jugrnautchicago@gmail.com,2504202501,,,2026-04-16,,,,,,80,A-Tier,,,Contact:30/Brand:5/Market:25/Reach:20
Notre Shop,Chicago,Illinois,USA,https://www.notre-shop.com/?srsltid=AfmBOoqqn_IQUh5sVAui0JytZf2IAmt04hP3S-IHZJc0VliAEPDHk4wd,@notre_shop,,(312)-600-9757,,,2026-04-16,,,,,,58,B-Tier,,,Contact:18/Brand:5/Market:25/Reach:10
The Shop 147 | # 1 Streetwear Clothing Store In America,Chicago,Illinois,USA,https://theshop147.com/?srsltid=AfmBOooMQX4vsNPXrf1ptgTysrCHANsgB8jAZlRxFGHcZBpynZz1pQvM,@theshop_147,Info@theshop147.com,1715094626,,,2026-04-16,,,,,,80,A-Tier,,,Contact:30/Brand:5/Market:25/Reach:20
Saint Alfred,Chicago,Illinois,USA,https://www.saintalfred.com/?srsltid=AfmBOoqNeSANhZD5TemxO7J2dEr-6tBDlXnz4H_j8ID6hpJJFcAK51Ar,@saintalfred,,1728585415,,,2026-04-16,,,,,,58,B-Tier,,,Contact:18/Brand:5/Market:25/Reach:10
Exploring Chicago's Best Streetwear Brands and Stores,Chicago,Illinois,USA,https://theghettoflower.com/blog-lifestyle/exploring-chicagos-best-streetwear-brands-and-stores,@theghettoflower,user@domain.com.,1742432760,,,2026-04-16,,,,,,80,A-Tier,,,Contact:30/Brand:5/Market:25/Reach:20
"Boneyard Chicago | Sneakers, Streetwear & Vintage ...",Chicago,Illinois,USA,https://boneyardchicago.com/?srsltid=AfmBOoqd2RHqJsCTJhqXPfJ24wuQdpzwZNQglnF0ZPiJNwMKGYey_iLj,@boneyard_chicago,,1759155885,,,2026-04-16,,,,,,58,B-Tier,,,Contact:18/Brand:5/Market:25/Reach:10
Eugene Chicago,Chicago,Illinois,USA,https://www.shopwatertower.com/store/eugene-chicago,@eugene.chicago,info@shopwatertower.com,1872329794,,,2026-04-16,,,,,,80,A-Tier,,,Contact:30/Brand:5/Market:25/Reach:20
Chicago,Chicago,Illinois,USA,https://hypebeast.com/tags/chicago,@hypebeast,screenshot-adblock@2x.c415715a.png,3702846231,,,2026-04-16,,,,,,80,A-Tier,,,Contact:30/Brand:5/Market:25/Reach:20
Eugene.Chicago,Chicago,Illinois,USA,https://www.instagram.com/eugene.chicago/,@eugenechicago.hipmall.,,1037486289,,,2026-04-16,,,,,,58,B-Tier,,,Contact:18/Brand:5/Market:25/Reach:10
Urban Style Clothing Online Store - Iridium Clothing Company,Chicago,Illinois,USA,https://iridiumclothingco.com/?srsltid=AfmBOoqKuRT10VSETxoPzS1rNXcLl0gG_Fs26JYN3JGpzUXdgtrZvPiv,@iridiumclothingco,,1741614952,,,2026-04-16,,,,,,58,B-Tier,,,Contact:18/Brand:5/Market:25/Reach:10
Chicago's Gold Coast District | Luxury Shopping Guide,Chicago,Illinois,USA,https://www.choosechicago.com/articles/shopping-and-fashion/luxury-shopping-in-chicagos-oak-street-district/,@ChooseChicago,,1775665937,,,2026-04-16,,,,,,58,B-Tier,,,Contact:18/Brand:5/Market:25/Reach:10
Boutique Guide for Chicago-Based Designers,Chicago,Illinois,USA,https://chicagofashionweek.com/boutique-guide,@thechicagofashionweek,name@email.com,1791276955,,,2026-04-16,,,,,,80,A-Tier,,,Contact:30/Brand:5/Market:25/Reach:20
Succezzthestore – SUCCEZZ BY B&VDOT,Chicago,Illinois,USA,https://succezzthestore.com/?srsltid=AfmBOormYODv3s4MIr7G-PHNpZ7ftDIfyZzl1k4GGymh0ro1sFVImM4f,@succezzthestore,info@succezzthestore.com,1689969331,,,2026-04-16,,,,,,80,A-Tier,,,Contact:30/Brand:5/Market:25/Reach:20
SNEAKERVILLE 88,Chicago,Illinois,USA,https://sneakerville88.myshopify.com/,@sneakerville88,,1734985025,,,2026-04-16,,,,,,58,B-Tier,,,Contact:18/Brand:5/Market:25/Reach:10
Hellstar Las Vegas 2025 convention tee,Las Vegas,Nevada,USA,https://www.instagram.com/p/DWrDGrVjdwS/,@rsrc.php,,1037486289,,,2026-04-16,,,,,,48,B-Tier,,,Contact:18/Brand:5/Market:15/Reach:10
Hell Star Tee,Las Vegas,Nevada,USA,https://www.nobleoaksapparel.com/products/hell-star-tee?srsltid=AfmBOorbRvleCETmSGwSN8iWVJE5SscT8IMEkfSETYiMO0L5ifjEiBjY,@nobleoaksapparel,,1727744244,,,2026-04-16,,,,,,48,B-Tier,,,Contact:18/Brand:5/Market:15/Reach:10
Hellstar Black Las Vegas Long Sleeve ComplexCon ...,Las Vegas,Nevada,USA,https://solesdistrict.com/products/hellstar-black-las-vegas-long-sleeve-complexcon-exclusive?srsltid=AfmBOoq0FjSCJ0Jbd549e5hhTxJ9NBZwuTC_62UDUGswofAqZUSdz2ZE,@soles.district,info@solesdistrict.com,1691506684,,,2026-04-16,,,,,,70,B-Tier,,,Contact:30/Brand:5/Market:15/Reach:20
HELLSTAR Powered By The Star Tee - Black Cotton Shirt,Las Vegas,Nevada,USA,https://freshsociety.co/products/hellstar-star-tee-black,@freshsocietyco,,7609886146,,,2026-04-16,,,,,,48,B-Tier,,,Contact:18/Brand:5/Market:15/Reach:10
XS $250 Hellstar Cartoon Savior White Tshirt,Las Vegas,Nevada,USA,https://www.instagram.com/p/DSDiZa6kpXA/,@rsrc.php,,1037486289,,,2026-04-16,,,,,,48,B-Tier,,,Contact:18/Brand:5/Market:15/Reach:10
Hellstar Las Vegas Store Opening,Las Vegas,Nevada,USA,https://www.instagram.com/popular/hellstar-las-vegas-store-opening/,@rsrc.php,,1037486289,,,2026-04-16,,,,,,48,B-Tier,,,Contact:18/Brand:5/Market:15/Reach:10
Hellstar Black Rage Tee - Las Vegas,Las Vegas,Nevada,USA,https://onthearm.lv/products/hellstar-black-rage-tee?srsltid=AfmBOoo838nkB2AHmRLJrvRe52QzBxHRqSzVxMLA53-vbOY_nzmP0UPZ,@onthearm.lv,hellstar-records-tee-BACK_1024x1024@2x.jpg,1613518489,,,2026-04-16,,,,,,70,B-Tier,,,Contact:30/Brand:5/Market:15/Reach:20
7pm Store Hours Las Vegas Everyday 10am - 8pm #rhude ...,Las Vegas,Nevada,USA,https://www.instagram.com/p/DNBZT42ps4n/,@rsrc.php,,1037486289,,,2026-04-16,,,,,,48,B-Tier,,,Contact:18/Brand:5/Market:15/Reach:10
The Webster in Las Vegas,Las Vegas,Nevada,USA,https://thewebster.com/shop/las-vegas?srsltid=AfmBOoodDEWko6_lidU-hSeyb43M85GdGukjZRvZ3gQVWNW6tBnW1AOn,@thewebster,,1771410634,,,2026-04-16,,,,,,48,B-Tier,,,Contact:18/Brand:5/Market:15/Reach:10
@loudeezi9 pulled up to our Las Vegas location & cashed out ...,Las Vegas,Nevada,USA,https://www.instagram.com/centralkicksca/reel/DK4_xEiv-28/,@centralkicksvegassouth,,1037486289,,,2026-04-16,,,,,,48,B-Tier,,,Contact:18/Brand:5/Market:15/Reach:10
Como 1907 Launches RHUDE 4 FANS (R4F) Creating a ...,Las Vegas,Nevada,USA,https://lasvegassun.com/news/2026/apr/16/como-1907-launches-rhude-4-fans-r4f-creating-a-sca/,@LasVegasSun,,1129513087,,,2026-04-16,,,,,,48,B-Tier,,,Contact:18/Brand:5/Market:15/Reach:10
"Drip Godz on Instagram: ""Drip Godz Open Daily from 12-8PM ...",Las Vegas,Nevada,USA,https://www.instagram.com/reel/DAPXLv0yDaa/,@rsrc.php,,1037486289,,,2026-04-16,,,,,,48,B-Tier,,,Contact:18/Brand:5/Market:15/Reach:10
On The Arm,Las Vegas,Nevada,USA,https://onthearm.lv/?srsltid=AfmBOorcCi-nQtlJtlY-OKRMMDfGYScsMl14xv1Ai25xzMWsini_Q7Yu,@onthearm.lv,,1613518489,,,2026-04-16,,,,,,48,B-Tier,,,Contact:18/Brand:5/Market:15/Reach:10
"Feature: Sneaker Culture, Designer Apparel + Lifestyle",Las Vegas,Nevada,USA,https://feature.com/?srsltid=AfmBOoq5K4p2dSzqg-c7AZ_8_Em_EVx0D6qXjHRHSIafuwoLmELGslOK,@feature,icon-klarna@2x.static.png,1554395407,,,2026-04-16,,,,,,70,B-Tier,,,Contact:30/Brand:5/Market:15/Reach:20
The Hause Collective Las Vegas (@thehausecollectivelv),Las Vegas,Nevada,USA,https://www.instagram.com/thehausecollectivelv/,@thehausecollectivelv,,1037486289,,,2026-04-16,,,,,,48,B-Tier,,,Contact:18/Brand:5/Market:15/Reach:10
Exclusive Fashion Boutique | luxury streetwear boutique ...,Las Vegas,Nevada,USA,https://www.exclusivefashion.vip/,@exclusive_fashion_boutique__,react@18.3.1,2545352419,,,2026-04-16,,,,,,70,B-Tier,,,Contact:30/Brand:5/Market:15/Reach:20
Bring It Back LLC,Las Vegas,Nevada,USA,https://www.bringitbackworldwide.com/,@bringitbackworldwide.com.,admin@bringitbackworldwide.com,2504202501,,,2026-04-16,,,,,,70,B-Tier,,,Contact:30/Brand:5/Market:15/Reach:20
"Las Vegas Rave Shop | Streetwear, Festival Gear & Exotic ...",Las Vegas,Nevada,USA,https://thedroplv.com/?srsltid=AfmBOooasGd290rtSKpZwBWyI_AOWD70NPFXQ8hMEY3joNtOaA7uGASo,,,,,,2026-04-16,,,,,,20,C-Tier,,,Contact:0/Brand:5/Market:15/Reach:0
– Urban Necessities,Las Vegas,Nevada,USA,https://urbannecessities.com/,@urban_necessities,,1661223891,,,2026-04-16,,,,,,48,B-Tier,,,Contact:18/Brand:5/Market:15/Reach:10
Fresh Society Las Vegas (@freshsocietylv),Las Vegas,Nevada,USA,https://www.instagram.com/freshsocietylv/,@freshsocietyco,,1037486289,,,2026-04-16,,,,,,48,B-Tier,,,Contact:18/Brand:5/Market:15/Reach:10
Royal One LV,Las Vegas,Nevada,USA,https://www.royalonelv.com/,@2x.png,download_105x@2x.png,1787570376,,,2026-04-16,,,,,,70,B-Tier,,,Contact:30/Brand:5/Market:15/Reach:20
Las Vegas,Las Vegas,Nevada,USA,https://hypebeast.com/tags/las-vegas,@hypebeast,screenshot-adblock@2x.c415715a.png,3702846231,,,2026-04-16,,,,,,70,B-Tier,,,Contact:30/Brand:5/Market:15/Reach:20
CRSVR - Las Vegas,Las Vegas,Nevada,USA,https://crsvr.com/?srsltid=AfmBOopauxUHFDRBYe_Q5C6AHcHN8r3dD8NFyMTR4GsLmnX7T-iaOcvB,@crsvr,rob.gillman@crispconsult.com,1348689592,,,2026-04-16,,,,,,70,B-Tier,,,Contact:30/Brand:5/Market:15/Reach:20
Las Vegas Sneaker Stores - SneakerNews.com,Las Vegas,Nevada,USA,https://sneakernews.com/sneaker-shopping-guide/las-vegas-sneaker-stores/,,,,,,2026-04-16,,,,,,20,C-Tier,,,Contact:0/Brand:5/Market:15/Reach:0
Hearth,Seattle,Washington,USA,https://www.seattlesouthside.com/directory/hearth/,@seattlesouthside,info@seattlesouthside.com,1774450725,,,2026-04-16,,,,,,70,B-Tier,,,Contact:30/Brand:5/Market:15/Reach:20
Rush Hour – Rush Hour,Seattle,Washington,USA,https://rushhour206.com/?srsltid=AfmBOopUywzQl_ytLSuvVR-iuO9FQbjpsL67Cihw10mQBHK7i5hTAQXO,@rush_hour206.,,1726257724,,,2026-04-16,,,,,,48,B-Tier,,,Contact:18/Brand:5/Market:15/Reach:10
Ablaj,Seattle,Washington,USA,https://ablaj.com/,@gmail.com.,ablajnw@gmail.com,1736312362,,,2026-04-16,,,,,,70,B-Tier,,,Contact:30/Brand:5/Market:15/Reach:20
"Hellstar Collection: Exclusive Apparel, Graphic Tees & ...",Seattle,Washington,USA,https://wycovintagebroadway.com/collections/hellstar?srsltid=AfmBOor5sis3TDTjoddi_bEkil6pHwdNcOIR-s5HXA7vhFhnfPe2kb7p,@WyCoBroadway,,1679016109,,,2026-04-16,,,,,,48,B-Tier,,,Contact:18/Brand:5/Market:15/Reach:10
"Toure Apparel 9000 B Rainier Ave south seattle,wa 98118 ...",Seattle,Washington,USA,https://toureapparel.square.site/,@media,13e49d785d8d4f828038b6136f3b48ba@sentry.io,9829539066,,,2026-04-16,,,,,,70,B-Tier,,,Contact:30/Brand:5/Market:15/Reach:20
HELLSTAR RECORDS TEE S-XL Available now in Victory ...,Seattle,Washington,USA,https://www.instagram.com/p/Cu7AkJ8L6py/,@rsrc.php,,1037486289,,,2026-04-16,,,,,,48,B-Tier,,,Contact:18/Brand:5/Market:15/Reach:10
Hellstar Flame Purple Brown Shorts,Seattle,Washington,USA,https://modells.com/products/hellstar-flame-shorts-purple-brown?srsltid=AfmBOopklBJdLHMj71xISWGSC7LsuWLacYg_JYyWM1dbRUeR-xBmndW8,@modells,hello@modells.com,1761829112,,,2026-04-16,,,,,,70,B-Tier,,,Contact:30/Brand:5/Market:15/Reach:20
"Seattle, get ready for the Hellstar Retail Drop at Sneaker ...",Seattle,Washington,USA,https://www.instagram.com/p/C3tF2eTyOZm/,@rsrc.php,,1037486289,,,2026-04-16,,,,,,48,B-Tier,,,Contact:18/Brand:5/Market:15/Reach:10
Sadō Room,Seattle,Washington,USA,https://sadoroom.com/,@media,,1441184376,,,2026-04-16,,,,,,48,B-Tier,,,Contact:18/Brand:5/Market:15/Reach:10
"Hellstar Classic Tee Green Size Large, DS BRAND NEW",Seattle,Washington,USA,https://www.soleseattle.com/hellstar-classic-tee-green-size-large-ds-brand-new.html,@soleseattle,,2024073017,,,2026-04-16,,,,,,48,B-Tier,,,Contact:18/Brand:5/Market:15/Reach:10
ARCH RIVALS STUDIOS 🏴 (@archrivalsstudios),Seattle,Washington,USA,https://www.instagram.com/archrivalsstudios/,@archrivalsstudios,,1037486289,,,2026-04-16,,,,,,48,B-Tier,,,Contact:18/Brand:5/Market:15/Reach:10
Clothing,Seattle,Washington,USA,https://www.soleseattle.com/clothing/,@soleseattle,,2024073017,,,2026-04-16,,,,,,48,B-Tier,,,Contact:18/Brand:5/Market:15/Reach:10
Urbanity Shop: Urbanity Streetwear,Seattle,Washington,USA,https://urbanityshop.com/?srsltid=AfmBOooxiOpTq8oh5cv4-6iKVp45TWhONrKPmmuKlhLOqxzhY_rT2_lx,@font,info@urbanityshop.com,1739904111,,,2026-04-16,,,,,,70,B-Tier,,,Contact:30/Brand:5/Market:15/Reach:20
Capitol Hill - Seattle,Seattle,Washington,USA,https://www.buckmason.com/pages/buck-mason-seattle-capitol-hill?srsltid=AfmBOopddMG1GZjjynAMMXLYb6z9Pk4bGg6V2RLM6RqAYl6youxSVxs_,@buckmason.com.,help@buckmason.com,1689203091,,,2026-04-16,,,,,,70,B-Tier,,,Contact:30/Brand:5/Market:15/Reach:20
Rhude for Men,Seattle,Washington,USA,https://www.mrporter.com/en-us/mens/designer/rhude,,,,,,2026-04-16,,,,,,20,C-Tier,,,Contact:0/Brand:5/Market:15/Reach:0
Hearth | Westfield Southcenter,Seattle,Washington,USA,https://www.westfield.com/en/united-states/southcenter/retailers/hearth/81633,@westfieldsouthcenter,,2059201764,,,2026-04-16,,,,,,48,B-Tier,,,Contact:18/Brand:5/Market:15/Reach:10
Hearth.SEA,Seattle,Washington,USA,https://www.instagram.com/hearth.sea/,@beastmode,,1037486289,,,2026-04-16,,,,,,48,B-Tier,,,Contact:18/Brand:5/Market:15/Reach:10
A Seattle Shop – Glasswing,Seattle,Washington,USA,https://glasswingshop.com/?srsltid=AfmBOoqCYy8C-8j0FK278M6o95AwIS4M3RsdmCzzcJEwlEOpqRyxQZxn,@glasswingshop,u003ehello@glasswingshop.com,1701725157,,,2026-04-16,,,,,,70,B-Tier,,,Contact:30/Brand:5/Market:15/Reach:20
"SoleSeattle | Lynnwood, WA | Shop Sneakers & Streetwear ...",Seattle,Washington,USA,https://www.soleseattle.com/,@soleseattle,,2024073017,,,2026-04-16,,,,,,48,B-Tier,,,Contact:18/Brand:5/Market:15/Reach:10
LIKELIHOOD. Hello Gorgeous is the standard. Sneakers are ...,Seattle,Washington,USA,https://likelihood.us/?srsltid=AfmBOoo7n6448ps5yvo5QTL_sVhzUisLIs37ddERJ6FFW9p4U3ZewS7n,@lklihood,customercare@likelihood.us,1771529931,,,2026-04-16,,,,,,70,B-Tier,,,Contact:30/Brand:5/Market:15/Reach:20
Get the LA Streetwear Look at These 6 Seattle Stores,Seattle,Washington,USA,https://www.seattlemet.com/style-and-shopping/2017/05/get-the-la-streetwear-look-at-these-6-seattle-stores,@seattlemet,,9184417761,,,2026-04-16,,,,,,48,B-Tier,,,Contact:18/Brand:5/Market:15/Reach:10
Seattle,Seattle,Washington,USA,https://hypebeast.com/tags/seattle,@hypebeast,screenshot-adblock@2x.c415715a.png,3702846231,,,2026-04-16,,,,,,70,B-Tier,,,Contact:30/Brand:5/Market:15/Reach:20
LIKELIHOOD Seattle Second Store Opening Info,Seattle,Washington,USA,https://hypebeast.com/2022/10/likelihood-seattle-second-store-opening-info,,,,,,2026-04-16,,,,,,20,C-Tier,,,Contact:0/Brand:5/Market:15/Reach:0
Zebraclub – ZEBRACLUB,Seattle,Washington,USA,https://zebraclub.com/?srsltid=AfmBOorSwYEQ5uZ6yekdgIn4z68uzDYycG58xEDbUc3kZtKhZk1MdgwJ,@zebraclub.com.,downtown@zebraclub.com,5825154475,,,2026-04-16,,,,,,70,B-Tier,,,Contact:30/Brand:5/Market:15/Reach:20
Mediums Collective | 705 E Pike St – M E D I U M S,Seattle,Washington,USA,https://mediumscollective.com/?srsltid=AfmBOoqNxB0cc6DtIudB2i9DzhPd3-eQNCyCHKVfhxKsBNe-bpPudGsN,@mediumscollective,connect@mediumscollective.com,1613673254,,,2026-04-16,,,,,,70,B-Tier,,,Contact:30/Brand:5/Market:15/Reach:20
"GUEEDON Luxury Streetwear Seattle, WA USA Since ...",Seattle,Washington,USA,https://www.instagram.com/reel/DWh4PkJEV0G/,@rsrc.php,,1037486289,,,2026-04-16,,,,,,48,B-Tier,,,Contact:18/Brand:5/Market:15/Reach:10
HOMETEAM SEATTLE | Seattle's Premier Sneaker Shop,Seattle,Washington,USA,https://www.hometeamsea.com/,@h.o.m.e.t.e.a.m,,1311395097,,,2026-04-16,,,,,,48,B-Tier,,,Contact:18/Brand:5/Market:15/Reach:10
Sneak City,Seattle,Washington,USA,https://thesneakcity.com/,@context,,1649801541,,,2026-04-16,,,,,,48,B-Tier,,,Contact:18/Brand:5/Market:15/Reach:10
Seattle Sneaker Stores - SneakerNews.com,Seattle,Washington,USA,https://sneakernews.com/sneaker-shopping-guide/seattle-sneaker-stores/,,,,,,2026-04-16,,,,,,20,C-Tier,,,Contact:0/Brand:5/Market:15/Reach:0
Seattle Sneaker City (@seattlesneakercity),Seattle,Washington,USA,https://www.instagram.com/seattlesneakercity/,@seattlesneakercity,,1037486289,,,2026-04-16,,,,,,48,B-Tier,,,Contact:18/Brand:5/Market:15/Reach:10
Exclusive Sneakers & Streetwear at Le Gala – Le Gala,Oklahoma City,Oklahoma,USA,https://legalastore.com/?srsltid=AfmBOooHasFfWN2s2hEVjNvMKg_op9jV_ncHxp19Q2c_rf3xTQg0qyTC,@legalastoreokc,,1773953626,,,2026-04-16,,,,,,38,C-Tier,,,Contact:18/Brand:5/Market:5/Reach:10
All Inventory | Supreme Trailer Sales | Thomas Oklahoma,Oklahoma City,Oklahoma,USA,https://www.supremetrailersales.com/--inventory?make=eby&pg=1&subcategory=flatbed,@supremetrailersales_,mcclainadam@hotmail.com,866.259.0026,,,2026-04-16,,,,,,60,B-Tier,,,Contact:30/Brand:5/Market:5/Reach:20
OKC. . Supreme “Announcing” Tee Brand New Size: X- ...,Oklahoma City,Oklahoma,USA,https://www.instagram.com/p/DHRcgpXIS7V/,@ShopKicklahoma,,1037486289,,,2026-04-16,,,,,,38,C-Tier,,,Contact:18/Brand:5/Market:5/Reach:10
"SUPREME AUTO BODY SHOP, OKLAHOMA CITY, OK",Oklahoma City,Oklahoma,USA,https://sportsbarfinder.com/details/supreme-auto-body-shop-oklahoma-city-ok,@media,Group711@2x.png,1726725798,,,2026-04-16,,,,,,60,B-Tier,,,Contact:30/Brand:5/Market:5/Reach:20
Rhude Oklahoma Hoodie - Black,Oklahoma City,Oklahoma,USA,https://kith.com/products/rhu07ms20041-blk?srsltid=AfmBOop1pgOyDu0PAVPZjQrzoPFRfmCk94UsGaqszFfP_u46EyX8Wh8e,@kith,,200.0310135,,,2026-04-16,,,,,,38,C-Tier,,,Contact:18/Brand:5/Market:5/Reach:10
GRINMORE – Fashion Apparel & Streetwear Style Boutique,Oklahoma City,Oklahoma,USA,https://www.grinmorestore.com/,@grinmorestore,xxx@xxx.xxx,1395917692,,,2026-04-16,,,,,,60,B-Tier,,,Contact:30/Brand:5/Market:5/Reach:20
Embassykicks – EmbassyKicks,Oklahoma City,Oklahoma,USA,https://embassykicks.com/,@font,,1660794627,,,2026-04-16,,,,,,38,C-Tier,,,Contact:18/Brand:5/Market:5/Reach:10
OKC Things To Do 📍 | If you're looking for a sneaker store ...,Oklahoma City,Oklahoma,USA,https://www.instagram.com/reel/DHLzYeLOeFC/,@rsrc.php,,1037486289,,,2026-04-16,,,,,,38,C-Tier,,,Contact:18/Brand:5/Market:5/Reach:10
10th St Sneaks,Oklahoma City,Oklahoma,USA,https://10thstsneaks.biz/,,,,,,2026-04-16,,,,,,10,C-Tier,,,Contact:0/Brand:5/Market:5/Reach:0
"Streetwear in OKC | Top Fashion Brands, Shops, and Outfits",Oklahoma City,Oklahoma,USA,https://www.visitokc.com/blog/all-posts/post/streetwear-in-okc/,@visitokc,contact@visitokc.com,9999999999,,,2026-04-16,,,,,,60,B-Tier,,,Contact:30/Brand:5/Market:5/Reach:20
"NASH Fashion LLC (@_nashfash_) · Oklahoma City, OK",Oklahoma City,Oklahoma,USA,https://www.instagram.com/_nashfash_/,@_nashfash_,,1037486289,,,2026-04-16,,,,,,38,C-Tier,,,Contact:18/Brand:5/Market:5/Reach:10
WORLDS BEST VINTAGE OU OSU OKIE AND THUNDER ...,Oklahoma City,Oklahoma,USA,https://opolisclothing.com/?srsltid=AfmBOooeOFGIWzntRZhQNCXmUUh_pAb7i0bsHfwO_LXWXYI4tfp2qZ_d,@opolisclothing,,9681747299,,,2026-04-16,,,,,,38,C-Tier,,,Contact:18/Brand:5/Market:5/Reach:10
GRINMORE Brings Streetwear to Plaza District,Oklahoma City,Oklahoma,USA,https://www.405magazine.com/grinmore-brings-streetwear-to-plaza-district/,@405mag,mailtojarred@405magazine.com,1623347750,,,2026-04-16,,,,,,60,B-Tier,,,Contact:30/Brand:5/Market:5/Reach:20
Le Gala Oklahoma City (@legalastoreokc),Oklahoma City,Oklahoma,USA,https://www.instagram.com/legalastoreokc/,@legalastoreokc,,1037486289,,,2026-04-16,,,,,,38,C-Tier,,,Contact:18/Brand:5/Market:5/Reach:10
"Le Gala | Oklahoma City, OK",Oklahoma City,Oklahoma,USA,https://www.visitokc.com/listing/le-gala/2619/,@visitokc,contact@visitokc.com,9999999999,,,2026-04-16,,,,,,60,B-Tier,,,Contact:30/Brand:5/Market:5/Reach:20
Betsy King Shoes - A Shoe Boutique - Betsy King Shoes,Oklahoma City,Oklahoma,USA,https://www.betsykingshoes.com/,@betsykingshoes,,2020051417,,,2026-04-16,,,,,,38,C-Tier,,,Contact:18/Brand:5/Market:5/Reach:10
Opolis Clothing,Oklahoma City,Oklahoma,USA,https://opolisclothing.com/?srsltid=AfmBOoqaojIfPQxvAvY-l6hjlLcH-HvNc4qXykUt6H1NZfGQxbW3Hhlz,@opolisclothing,,9681747299,,,2026-04-16,,,,,,38,C-Tier,,,Contact:18/Brand:5/Market:5/Reach:10
Woodland Hills Mall,Tulsa,Oklahoma,USA,https://www.hollisterco.com/shop/us/clothing-stores/US/Tulsa/OK/31415,,,,,,2026-04-16,,,,,,10,C-Tier,,,Contact:0/Brand:5/Market:5/Reach:0
went down to the farmers market this morning and this store ...,Tulsa,Oklahoma,USA,https://www.instagram.com/reel/DWuGmsdEkeK/,@rsrc.php,,1037486289,,,2026-04-16,,,,,,38,C-Tier,,,Contact:18/Brand:5/Market:5/Reach:10
HELLSTAR INNER PEACE SHIRT (BRAND NEW),Tulsa,Oklahoma,USA,https://a-list-tulsa.com/products/hellstar-inner-peace-shirt-brand-new?srsltid=AfmBOooghzsMeZ1zDsbqeO6ZOwGDKkXMd5zG1JJfonRAQLiLItEBZ-q7,@font,,1722299705,,,2026-04-16,,,,,,38,C-Tier,,,Contact:18/Brand:5/Market:5/Reach:10
Supreme Printing,Tulsa,Oklahoma,USA,https://supremeprintings.com/,@supremeprintingofficial,Supremeprintingtulsa@gmail.com,7595128550,,,2026-04-16,,,,,,60,B-Tier,,,Contact:30/Brand:5/Market:5/Reach:20
Silhouette Sneakers & Art,Tulsa,Oklahoma,USA,https://www.silhouettetulsa.com/,@silhouettetulsa,Help@SilhouetteTulsa.com,1686941681,,,2026-04-16,,,,,,60,B-Tier,,,Contact:30/Brand:5/Market:5/Reach:20
Shop Streetwear,Tulsa,Oklahoma,USA,https://www.rackstulsa.com/shop/shop-streetwear/LRWRP65TICPJL7VVT62XDN3O,@media,13e49d785d8d4f828038b6136f3b48ba@sentry.io,9841457916,,,2026-04-16,,,,,,60,B-Tier,,,Contact:30/Brand:5/Market:5/Reach:20
Rally House Tulsa Hills | Oklahoma Sooners & OSU Store,Tulsa,Oklahoma,USA,https://www.rallyhouse.com/stores/tulsa/7422-s-olympia-ave?srsltid=AfmBOorGIDmfABvxFmAbWIbJGXKhyU314NujP1WucA6fy-23Y68np3ZK,@rally_house,TulsaHills@rallyhouse.com,1774452326,,,2026-04-16,,,,,,60,B-Tier,,,Contact:30/Brand:5/Market:5/Reach:20
In Back Row's latest installment of Retail Confessions ...,Tulsa,Oklahoma,USA,https://www.instagram.com/p/DRScPMHEfIf/,@rsrc.php,,1037486289,,,2026-04-16,,,,,,38,C-Tier,,,Contact:18/Brand:5/Market:5/Reach:10
Rally House Tulsa Outlets | Sooners & OSU Cowboys Shop,Tulsa,Oklahoma,USA,https://www.rallyhouse.com/stores/jenks/801-east-outlet-drive?srsltid=AfmBOopd2VffUBLwKcrak0ScW3ER-C3tHBl-ActuEPCwhkvr4Fcu2Ty6,@rally_house,rallytulsapremium@rallyhouse.com,1774452326,,,2026-04-16,,,,,,60,B-Tier,,,Contact:30/Brand:5/Market:5/Reach:20
Gearhead Outfitters,Tulsa,Oklahoma,USA,https://gearheadoutfitters.com/?srsltid=AfmBOorjGsCut6lSJJZcNyNUus5jwhh-N5n5gXTwh8aqA6CtgIdtbcp4,@gearheadoutfitters,mllegeorgesand@gmail.com,1200098592,,,2026-04-16,,,,,,60,B-Tier,,,Contact:30/Brand:5/Market:5/Reach:20
RHUDE SEVEN FALLS SNAKE CORE BEIGE WHITE ...,Tulsa,Oklahoma,USA,https://www.ebay.com/itm/187448714056,@ebay,,2026041419,,,2026-04-16,,,,,,38,C-Tier,,,Contact:18/Brand:5/Market:5/Reach:10
Umber – umber,Tulsa,Oklahoma,USA,https://umbershoppe.com/?srsltid=AfmBOoq6s_U3W_J_88fg8GkGawIFXahqV4X1-N56h_PDD2l9z59v95Ao,@umberthelabel,Umber.Tulsa@gmail.com,1653665613,,,2026-04-16,,,,,,60,B-Tier,,,Contact:30/Brand:5/Market:5/Reach:20
A-list Tulsa,Tulsa,Oklahoma,USA,https://a-list-tulsa.com/?srsltid=AfmBOormw_LJF1RGESL7gUMl7B92RlDHfGNPZhGcgrUuIm1GiO4kXXDL,@font,,1722299705,,,2026-04-16,,,,,,38,C-Tier,,,Contact:18/Brand:5/Market:5/Reach:10
The Racks Tulsa,Tulsa,Oklahoma,USA,https://www.rackstulsa.com/,@media,13e49d785d8d4f828038b6136f3b48ba@sentry.io,9841457916,,,2026-04-16,,,,,,60,B-Tier,,,Contact:30/Brand:5/Market:5/Reach:20
"MAC Collection - Tulsa, OK Clothing & Accessory Boutique",Tulsa,Oklahoma,USA,https://shopmaccollection.com/?srsltid=AfmBOopoJQXdnf-Qfl5BnxjZi-dU1ib_jL5Iz9hdh54akHdxEHCZ1DmK,@shopmaccollection,,1205984890,,,2026-04-16,,,,,,38,C-Tier,,,Contact:18/Brand:5/Market:5/Reach:10
Designer Clothing and Luxury Fashion Boutique | abersons,Tulsa,Oklahoma,USA,https://abersonstyle.com/,@abersonstyle,,(918) 742-7335,,,2026-04-16,,,,,,38,C-Tier,,,Contact:18/Brand:5/Market:5/Reach:10
"Silhouette Sneakers & Art (@silhouettetulsa) · Tulsa, OK",Tulsa,Oklahoma,USA,https://www.instagram.com/silhouettetulsa/,@silhouettetulsa,,1037486289,,,2026-04-16,,,,,,38,C-Tier,,,Contact:18/Brand:5/Market:5/Reach:10
The ultimate sneaker store in Oklahoma is HERE! Silhouette ...,Tulsa,Oklahoma,USA,https://www.instagram.com/reel/DD4joJ-J9Bu/,@rsrc.php,,1037486289,,,2026-04-16,,,,,,38,C-Tier,,,Contact:18/Brand:5/Market:5/Reach:10
Black Sheep Boutique - Tulsa,Tulsa,Oklahoma,USA,https://shopblacksheepboutique.com/,@shopblacksheepboutique,,1755278287,,,2026-04-16,,,,,,38,C-Tier,,,Contact:18/Brand:5/Market:5/Reach:10
Luxury boutique Willamina offers high-end apparel and ...,Tulsa,Oklahoma,USA,https://www.tulsapeople.com/lifestyle/unique-boutique-luxury-boutique-willamina-offers-high-end-apparel-and-accessory-brands-not-accessible-within/article_e387967f-0cb2-4031-af82-59f00d3ac026.html,@tulsapeople,contactus@langdonpublishing.com,0758030105,,,2026-04-16,,,,,,60,B-Tier,,,Contact:30/Brand:5/Market:5/Reach:20
Discover Luxury at Woodland Hills Mall - Tulsa - Simon,Tulsa,Oklahoma,USA,https://www.simon.com/mall/woodland-hills-mall/luxury,,,,,,2026-04-16,,,,,,10,C-Tier,,,Contact:0/Brand:5/Market:5/Reach:0
The Tulsa Shopping Guide,Tulsa,Oklahoma,USA,https://thescoutguide.com/tulsa/editorial/the-tulsa-shopping-guide-2/,,,,,,2026-04-16,,,,,,10,C-Tier,,,Contact:0/Brand:5/Market:5/Reach:0
Clothing Boutique Tulsa Oklahoma 💕 (@suiteoneboutique),Tulsa,Oklahoma,USA,https://www.instagram.com/suiteoneboutique/,@suiteoneboutique,,1037486289,,,2026-04-16,,,,,,38,C-Tier,,,Contact:18/Brand:5/Market:5/Reach:10
TULSA Shoe & Sneaker Store,Tulsa,Oklahoma,USA,https://stores.shoepalace.com/ok/tulsa/shoe-store-1311-sp.html,@shoepalace,,6157367176,,,2026-04-16,,,,,,38,C-Tier,,,Contact:18/Brand:5/Market:5/Reach:10
"CITITRENDS at 2329 W. Edison Tulsa, OK",Tulsa,Oklahoma,USA,https://locations.cititrends.com/ok/tulsa/2329-w--edison.html,@wearecititrends,,2079328097,,,2026-04-16,,,,,,38,C-Tier,,,Contact:18/Brand:5/Market:5/Reach:10
McCain Mall,Little Rock,Arkansas,USA,https://www.zumiez.com/stores/us537?srsltid=AfmBOop3CTAfBdZJf5DJMeTqkIPZ-ato-Kq9KroSH3KXNffRZ5JGN5pB,@original,,1120080485,,,2026-04-16,,,,,,38,C-Tier,,,Contact:18/Brand:5/Market:5/Reach:10
6420 COLONEL GLENN ROADSUITE 8 City Gear,Little Rock,Arkansas,USA,https://locations.dtlr.com/ar/littlerock/6420-colonel-glenn-roadsuite-8.html,@dtlrofficial,custserv@dtlr.com,1537521453,,,2026-04-16,,,,,,60,B-Tier,,,Contact:30/Brand:5/Market:5/Reach:20
"Gee'sSpot (@_geespotboutique) · North Little Rock, AR",Little Rock,Arkansas,USA,https://www.instagram.com/_geespotboutique/,@_geespotboutique,,1037486289,,,2026-04-16,,,,,,38,C-Tier,,,Contact:18/Brand:5/Market:5/Reach:10
#little rock Arkansas,Little Rock,Arkansas,USA,https://www.instagram.com/reel/DQzy8lXCX4A/,@bpclockerroom.,,1037486289,,,2026-04-16,,,,,,38,C-Tier,,,Contact:18/Brand:5/Market:5/Reach:10
Supreme Fixture Store,Little Rock,Arkansas,USA,https://supremefixture.com/index.php/store/,,,,,,2026-04-16,,,,,,10,C-Tier,,,Contact:0/Brand:5/Market:5/Reach:0
Supreme Styles Barber & Beauty Supply Depot,Little Rock,Arkansas,USA,https://www.vagaro.com/supremestylesbarberandbeautysupplies,,,,,,2026-04-16,,,,,,10,C-Tier,,,Contact:0/Brand:5/Market:5/Reach:0
"Dillard's Mccain Mall, North Little Rock, Arkansas",Little Rock,Arkansas,USA,https://www.dillards.com/stores/arkansas/mccain-mall-north-little-rock/0407?srsltid=AfmBOoqEW_U_N521EIF0_2Zd69gcDBvyGuIeICfMuvpPOKULsQj88U2B,,,117.1776362,,,2026-04-16,,,,,,18,C-Tier,,,Contact:8/Brand:5/Market:5/Reach:0
Dolce Vesta Locations,Little Rock,Arkansas,USA,https://www.dolcevesta.com/pages/locations?srsltid=AfmBOooQfFK4ypI4r__NX52XkxLrcMKcaP8GqzkFqKwV3cdLRxx2yKCz,@dolce_vesta_menswear,sales@dolcevitamen.com,(501) 420-1443,,,2026-04-16,,,,,,60,B-Tier,,,Contact:30/Brand:5/Market:5/Reach:20
Rhude Men's Sale,Little Rock,Arkansas,USA,https://www.endclothing.com/row/sale/rhude?srsltid=AfmBOooZOHHxmPu-bgbEmCHRW6RMPczkO3Yz_ByKo7cw97_bK76QcgSE,@endclothing,506debe00a79ca2a8b2ea420e73c8475@o4509078657302528.ingest.de.sentry.io,1120663921,,,2026-04-16,,,,,,60,B-Tier,,,Contact:30/Brand:5/Market:5/Reach:20
GreatGiftsClub,Little Rock,Arkansas,USA,https://www.instagram.com/greatgiftsclub/,@ckseekstruth,,1037486289,,,2026-04-16,,,,,,38,C-Tier,,,Contact:18/Brand:5/Market:5/Reach:10
Hustle Gear | Men's Clothing Store: Hustle Gear | Premium ...,Little Rock,Arkansas,USA,https://hustlegear.us/?srsltid=AfmBOooaCKXwhmfI6HG0oQy_TJ9-sJIxh2IjRwYC8XGHK6LpHQrbrhOC,@hustlegear2024,help@hustlegear.us,1654545122,,,2026-04-16,,,,,,60,B-Tier,,,Contact:30/Brand:5/Market:5/Reach:20
"streetwear (@cultureclothingcompany_lr) · Little Rock, AR",Little Rock,Arkansas,USA,https://www.instagram.com/cultureclothingcompany_lr/,@cultureclothingcompany_lr,,1037486289,,,2026-04-16,,,,,,38,C-Tier,,,Contact:18/Brand:5/Market:5/Reach:10
Drip Clothing,Little Rock,Arkansas,USA,https://www.parkplazamall.com/stores/drip-clothing/,@600,,,,,2026-04-16,,,,,,30,C-Tier,,,Contact:10/Brand:5/Market:5/Reach:10
Drip Clothing at McCain Mall - Simon,Little Rock,Arkansas,USA,https://www.simon.com/mall/mccain-mall/stores/drip-clothing,,,,,,2026-04-16,,,,,,10,C-Tier,,,Contact:0/Brand:5/Market:5/Reach:0
Tulips in Little Rock,Little Rock,Arkansas,USA,https://www.tulipsinlittlerock.com/,@tulipsinlittlerock,,7583639790,,,2026-04-16,,,,,,38,C-Tier,,,Contact:18/Brand:5/Market:5/Reach:10
Clothing store (@houseofhypelr) - Instagram,Little Rock,Arkansas,USA,https://www.instagram.com/houseofhypelr/,@poundgamebell.,,1037486289,,,2026-04-16,,,,,,38,C-Tier,,,Contact:18/Brand:5/Market:5/Reach:10
Markham Square - LITTLE ROCK Footwear & Apparel Store,Little Rock,Arkansas,USA,https://locations.dtlr.com/ar/littlerock/markham-square.html,@dtlrofficial,custserv@dtlr.com,1537521453,,,2026-04-16,,,,,,60,B-Tier,,,Contact:30/Brand:5/Market:5/Reach:20
Underground Clothing (@undergroundclothinglr),Little Rock,Arkansas,USA,https://www.instagram.com/undergroundclothinglr/,@undergroundclothinglr,,1037486289,,,2026-04-16,,,,,,38,C-Tier,,,Contact:18/Brand:5/Market:5/Reach:10
House of Hype - Luxury Streetwear,Little Rock,Arkansas,USA,https://houseofhype.co/,,,,,,2026-04-16,,,,,,10,C-Tier,,,Contact:0/Brand:5/Market:5/Reach:0
"Baumans | Little Rock, AR",Little Rock,Arkansas,USA,https://www.littlerock.com/directory/baumans/,@littlerockcvb,info@littlerock.com,1772821696,,,2026-04-16,,,,,,60,B-Tier,,,Contact:30/Brand:5/Market:5/Reach:20
"River Market District on Instagram: ""High fashion meets the ...",Little Rock,Arkansas,USA,https://www.instagram.com/reel/DCkeWRNyjRo/,@rsrc.php,,1037486289,,,2026-04-16,,,,,,38,C-Tier,,,Contact:18/Brand:5/Market:5/Reach:10
Where to Shop the Best Menswear in Little Rock,Little Rock,Arkansas,USA,https://www.littlerocksoiree.com/your-guide-to-the-best-menswear-stores-in-little-rock/,@littlerocksoiree,info@littlerocksoiree.com,501.664.3062,,,2026-04-16,,,,,,60,B-Tier,,,Contact:30/Brand:5/Market:5/Reach:20
Fringe Clothing,Little Rock,Arkansas,USA,https://shopfringeclothing.com/,@amos_thefringefrenchie,,3836149040,,,2026-04-16,,,,,,38,C-Tier,,,Contact:18/Brand:5/Market:5/Reach:10
PRIME AR LLC💪🏾 (@1primear),Little Rock,Arkansas,USA,https://www.instagram.com/1primear/,@1primear,,1037486289,,,2026-04-16,,,,,,38,C-Tier,,,Contact:18/Brand:5/Market:5/Reach:10
Rock City Kicks,Little Rock,Arkansas,USA,https://rockcitykicks.com/?srsltid=AfmBOopWvlvahh5dNOQ148jXe24OUsATLXwAXtP0jfx7WayaNE99fYP-,@rockcitykicks,,4758705893,,,2026-04-16,,,,,,38,C-Tier,,,Contact:18/Brand:5/Market:5/Reach:10
Rock City Running - Little Rock Specialty Running & Walking ...,Little Rock,Arkansas,USA,https://www.rockcityrunning.com/,@RockCityRunning,info@rockcityrunning.com,1770227395,,,2026-04-16,,,,,,60,B-Tier,,,Contact:30/Brand:5/Market:5/Reach:20
"Shoe Store North Little Rock, AR | Sneakers and Apparel",Little Rock,Arkansas,USA,https://www.hibbett.com/storedetails/AR/North%20Little%20Rock/1424,@hibbettnorthlittlerockar,,1776358785,,,2026-04-16,,,,,,38,C-Tier,,,Contact:18/Brand:5/Market:5/Reach:10
Underground Clothing,Little Rock,Arkansas,USA,https://undergroundclothing.com/?srsltid=AfmBOoqpFr1VPgjDv64Brko5M7ZSigX7BSZ1vNCdS7TOFVXow3kMk5EE,@Undergroundclothinglr,info@undergroundclothing.com,1663009043,,,2026-04-16,,,,,,60,B-Tier,,,Contact:30/Brand:5/Market:5/Reach:20
Hellstar fit for the warmer weather ☀️ - nwahype,Fayetteville,Arkansas,USA,https://www.instagram.com/p/C4tnsJYJn7O/,@rsrc.php,,1037486289,,,2026-04-16,,,,,,38,C-Tier,,,Contact:18/Brand:5/Market:5/Reach:10
#1 Sneaker & Streetwear Store in Arkansas – NWAHYPE,Fayetteville,Arkansas,USA,https://nwahype.com/?srsltid=AfmBOoo5H5IGN7_mIRvNyu_zlCRMSQqsckbYbyD0JLJCSzJfMl-hI1TC,@nwahype,,1724109644,,,2026-04-16,,,,,,38,C-Tier,,,Contact:18/Brand:5/Market:5/Reach:10
These new Hellstar hats go too hard Amazing quality on these ...,Fayetteville,Arkansas,USA,https://www.instagram.com/reel/C6r0ODPPmEa/,@rsrc.php,,1037486289,,,2026-04-16,,,,,,38,C-Tier,,,Contact:18/Brand:5/Market:5/Reach:10
Restock AR: Shop The Latest Streetwear Fashion & Sneakers,Fayetteville,Arkansas,USA,https://restockar.com/?srsltid=AfmBOorcWtACY_bzlJfdMW2ov1sBP2D1GLUtTbe36s3ZDmIw4D7CRKCy,@restock,splide-extension-auto-scroll@0.5.3,1694813899,,,2026-04-16,,,,,,60,B-Tier,,,Contact:30/Brand:5/Market:5/Reach:20
Hellstar Thriller Tracksuit 🌟 Size M/L/XL Available in store ...,Fayetteville,Arkansas,USA,https://www.instagram.com/p/C8M_agYJHLV/,@rsrc.php,,1037486289,,,2026-04-16,,,,,,38,C-Tier,,,Contact:18/Brand:5/Market:5/Reach:10
"NWA HYPE on Instagram: ""Up close look at the Supreme x ...",Fayetteville,Arkansas,USA,https://www.instagram.com/reel/DBCguEXvBF0/,@rsrc.php,,1037486289,,,2026-04-16,,,,,,38,C-Tier,,,Contact:18/Brand:5/Market:5/Reach:10
Northwest Arkansas Mall,Fayetteville,Arkansas,USA,https://www.hottopic.com/store-details?StoreId=0320&srsltid=AfmBOooN9Ax9GJRRSRjo1p-m5YOo7fL0SLM3sCc3b5uLD3Iv9dtEvBHh,@hottopic,htonline@hottopic.com,1776355247,,,2026-04-16,,,,,,60,B-Tier,,,Contact:30/Brand:5/Market:5/Reach:20
Gearhead Outfitters Fayetteville 72701 - Locally,Fayetteville,Arkansas,USA,https://www.locally.com/store/11475/gearhead-outfitters-fayetteville,@gearheadoutfitters,,3083708593,,,2026-04-16,,,,,,38,C-Tier,,,Contact:18/Brand:5/Market:5/Reach:10
Walker Brothers,Fayetteville,Arkansas,USA,https://walkerbrothers.com/?srsltid=AfmBOoqw_fhPUW4q-vwj60rOD2u6KkR0zSZA5fg9HAoJiUayxMCQKkUH,@shopwalkerbrothers,,1731000841,,,2026-04-16,,,,,,38,C-Tier,,,Contact:18/Brand:5/Market:5/Reach:10
News Drip in store‼️ Dickson St open until 6pm NWA Mall ...,Fayetteville,Arkansas,USA,https://www.instagram.com/reel/DSNr1XEEVgu/,@rsrc.php,,1037486289,,,2026-04-16,,,,,,38,C-Tier,,,Contact:18/Brand:5/Market:5/Reach:10
rockcitykicks - Fayetteville - Sneaker Boutique in Northwest ...,Fayetteville,Arkansas,USA,https://rockcitykicksfay.myshopify.com/?srsltid=AfmBOorUREYpKLnLon_1WO3smcsgdpH1o5s-h5qfByOl9bnHv043OlFC,@rckfay,AURORA_II9811-001_PHCFH001-2000_800x@2x.jpg,1613684153,,,2026-04-16,,,,,,60,B-Tier,,,Contact:30/Brand:5/Market:5/Reach:20
Black Market Arkansas,Fayetteville,Arkansas,USA,https://blkmktark.com/,@blkmktark,2B23EECF-33D5-401D-B90F-6C9AAEAC3BC1_310x@2x.jpg,1614734509,,,2026-04-16,,,,,,60,B-Tier,,,Contact:30/Brand:5/Market:5/Reach:20
ShopRiffraff.com - Online Women's Boutique Clothing Shop,Fayetteville,Arkansas,USA,https://shopriffraff.com/?srsltid=AfmBOoqviwsuXWe6Jt7lWcDRmOKusJCspOa6XgY3M7Fu5WlL_WGWQU5u,@shopriffraff,info@stagheaddesigns.com,1660932051,,,2026-04-16,,,,,,60,B-Tier,,,Contact:30/Brand:5/Market:5/Reach:20
"Streetwear Store in Fayetteville, AR",Fayetteville,Arkansas,USA,https://www.instagram.com/p/DPhCPIMiFZy/,@rsrc.php,,1037486289,,,2026-04-16,,,,,,38,C-Tier,,,Contact:18/Brand:5/Market:5/Reach:10
"Southern Trend Clothing | Fayetteville, AR",Fayetteville,Arkansas,USA,https://southerntrend.com/,@southerntrendclothing,,1757082516,,,2026-04-16,,,,,,38,C-Tier,,,Contact:18/Brand:5/Market:5/Reach:10
NWA HYPE (@nwahypedickson) - Instagram,Fayetteville,Arkansas,USA,https://www.instagram.com/nwahypedickson/,@nwahypedickson,,1037486289,,,2026-04-16,,,,,,38,C-Tier,,,Contact:18/Brand:5/Market:5/Reach:10
rockcitykicks - Fayetteville - Sneaker Boutique in ...,Fayetteville,Arkansas,USA,https://rockcitykicksfay.myshopify.com/?srsltid=AfmBOopYArShFZ0cmcM-rgUYGihr3SlyaZ8kiaCbGklGlUO6jp9bs9V8,@rckfay,AURORA_II9811-001_PHCFH001-2000_800x@2x.jpg,1613684153,,,2026-04-16,,,,,,60,B-Tier,,,Contact:30/Brand:5/Market:5/Reach:20
Whimsy Whoo | Arkansas Boutique & Razorback Store in ...,Fayetteville,Arkansas,USA,https://shopwhimsywhoo.com/?srsltid=AfmBOopGkEx2RwCoZh9IxIMpqo_dXKkvMczYMSevdnYmxH_RwPuZn7XL,@shopwhimsywhoo,hello@shopwhimsywhoo.com,1762965243,,,2026-04-16,,,,,,60,B-Tier,,,Contact:30/Brand:5/Market:5/Reach:20
By Request: Women's and Men's Clothing,Fayetteville,Arkansas,USA,https://www.byrequestnwa.com/,@byrequestnwa,Untitled-1_46f38aa6-cd33-4cf3-b569-cdbe18e8c744_1280x@2x.jpg,1154807831,,,2026-04-16,,,,,,60,B-Tier,,,Contact:30/Brand:5/Market:5/Reach:20
"Boutique Shopping in Fayetteville, Arkansas: Where to ...",Fayetteville,Arkansas,USA,https://www.experiencefayetteville.com/experience/shop/item/298-best-clothing-boutiques-in-fayetteville,@nwa.fashionweek,info@experiencefayetteville.com,9294989014,,,2026-04-16,,,,,,60,B-Tier,,,Contact:30/Brand:5/Market:5/Reach:20
"Style Encore Fayetteville, AR (@styleencorefayettevillear)",Fayetteville,Arkansas,USA,https://www.instagram.com/styleencorefayettevillear/,@styleencorefayettevillear,,1037486289,,,2026-04-16,,,,,,38,C-Tier,,,Contact:18/Brand:5/Market:5/Reach:10
Northwest Arkansas Shopping Guide,Fayetteville,Arkansas,USA,https://thescoutguide.com/northwest-arkansas/editorial/the-shopping-guide/,@shopmasons,,,,,2026-04-16,,,,,,30,C-Tier,,,Contact:10/Brand:5/Market:5/Reach:10
lola – LOLA,Fayetteville,Arkansas,USA,https://shoplola.com/?srsltid=AfmBOopVZdd-iTLZXFiIuV4rH7IAruaod47nWimSHXZvqmdvf64uOee8,@lolaboutique,ecom-swiper@11.css,1596683411,,,2026-04-16,,,,,,60,B-Tier,,,Contact:30/Brand:5/Market:5/Reach:20
Northwest Arkansas - Fayetteville,Fayetteville,Arkansas,USA,https://stores.finishline.com/ar/fayetteville/northwest-arkansas.html,@finishline,,(479) 571-0284,,,2026-04-16,,,,,,38,C-Tier,,,Contact:18/Brand:5/Market:5/Reach:10
NEW HELLSTAR AND RETRO 4 JUST ARRIVED‼️ Only ...,Detroit,Michigan,USA,https://www.instagram.com/p/C95tPRYxAk4/,@culturedetroit.,,1037486289,,,2026-04-16,,,,,,38,C-Tier,,,Contact:18/Brand:5/Market:5/Reach:10
OPEN 7 DAYS A WEEK | HELLSTAR YOU NEED IT WE GOT ...,Detroit,Michigan,USA,https://www.instagram.com/reel/DDKivhrpM7Q/,@hellstar,,1037486289,,,2026-04-16,,,,,,38,C-Tier,,,Contact:18/Brand:5/Market:5/Reach:10
@ossdetroit | The only store in Michigan to find these 〽️🔥 pr ...,Detroit,Michigan,USA,https://www.instagram.com/reel/C35g5oXraqw/,@ossdetroit,,1037486289,,,2026-04-16,,,,,,38,C-Tier,,,Contact:18/Brand:5/Market:5/Reach:10
"Come shop 19638 W 7 MILE RD DETROIT, MI 48219",Detroit,Michigan,USA,https://www.instagram.com/p/DICA2DNA42X/?hl=en,@rsrc.php,,1037486289,,,2026-04-16,,,,,,38,C-Tier,,,Contact:18/Brand:5/Market:5/Reach:10
Rkive | HellStar | 0.5g | All In-One Rosin Pod,Detroit,Michigan,USA,https://weedmaps.com/dispensaries/the-cake-house-detroit/menu/rkive-hellstar-5-g,@cakehousedetroit,jkiefer@weedmaps.com,154-3214251,,,2026-04-16,,,,,,60,B-Tier,,,Contact:30/Brand:5/Market:5/Reach:20
Social Status Detroit,Detroit,Michigan,USA,https://www.socialstatuspgh.com/pages/social-status-detroit?srsltid=AfmBOorMSPRoY-srwY07lfyR12fhpz73MgbhjXfMZMtFsWIiIXZ_R67E,@thesocialstatus,fancybox@3.5.7,1750102237,,,2026-04-16,,,,,,60,B-Tier,,,Contact:30/Brand:5/Market:5/Reach:20
"You asked, we've delivered! Hellstar Inner Peace t-shirt ...",Detroit,Michigan,USA,https://www.instagram.com/p/CzOrinYu8NN/,@rsrc.php,,1037486289,,,2026-04-16,,,,,,38,C-Tier,,,Contact:18/Brand:5/Market:5/Reach:10
It’s Ok we’re still happy to see you.😂 ‼️ Store Open 10am ...,Detroit,Michigan,USA,https://www.instagram.com/reel/DVMg9qgEWVC/,@rsrc.php,,1037486289,,,2026-04-16,,,,,,38,C-Tier,,,Contact:18/Brand:5/Market:5/Reach:10
(@ossdetroit) • Instagram photos and videos,Detroit,Michigan,USA,https://www.instagram.com/ossdetroit/?hl=en,@ossdetroit,,1037486289,,,2026-04-16,,,,,,38,C-Tier,,,Contact:18/Brand:5/Market:5/Reach:10
Supreme Apparel for Sale - Detroit,Detroit,Michigan,USA,https://www.nojokicks.com/collections/supreme-apparel,@nojokicksdetroit,info@nojokicks.com,1487422398,,,2026-04-16,,,,,,60,B-Tier,,,Contact:30/Brand:5/Market:5/Reach:20
House of Drip,Detroit,Michigan,USA,https://houseofdripmi.com/,@layer,john.doe@email.com,9999999999,,,2026-04-16,,,,,,60,B-Tier,,,Contact:30/Brand:5/Market:5/Reach:20
New items from Rhude available today in store,Detroit,Michigan,USA,https://www.instagram.com/p/DW31cdpgKQM/,@rsrc.php,,1037486289,,,2026-04-16,,,,,,38,C-Tier,,,Contact:18/Brand:5/Market:5/Reach:10
Unique Detroit,Detroit,Michigan,USA,https://www.instagram.com/unique.detroit/?hl=en,@rsrc.php,,1037486289,,,2026-04-16,,,,,,38,C-Tier,,,Contact:18/Brand:5/Market:5/Reach:10
Xhibition — Contemporary Fashion & Exclusive Streetwear,Detroit,Michigan,USA,https://www.xhibition.co/,@xhibition_,support@xhibition.co,1698177333,,,2026-04-16,,,,,,60,B-Tier,,,Contact:30/Brand:5/Market:5/Reach:20
CultureDet • Streetwear (@culturedetroit) - Instagram,Detroit,Michigan,USA,https://www.instagram.com/culturedetroit/,@culturedetroit,,1037486289,,,2026-04-16,,,,,,38,C-Tier,,,Contact:18/Brand:5/Market:5/Reach:10
Krispy Addicts: America's Dopest Clothing Boutique,Detroit,Michigan,USA,https://krispyaddicts.com/?srsltid=AfmBOoo-xsDnQZXlz2qjG4jECO-CwbKYdijHRaSW3a3_A3wINk8unMSp,@krispy_addicts,info@krispyaddicts.com,1740178145,,,2026-04-16,,,,,,60,B-Tier,,,Contact:30/Brand:5/Market:5/Reach:20
Two 18 - Sneaker & Clothing Boutique,Detroit,Michigan,USA,https://two18.com/?srsltid=AfmBOorYSQk-tx4op7NQLUhRHO3BVdB16mHgV8gvNGAMclz75ux3AJVg,@shoptwo18,,1640038558,,,2026-04-16,,,,,,38,C-Tier,,,Contact:18/Brand:5/Market:5/Reach:10
City Man - America's Best Mens Streetwear Clothing Stores,Detroit,Michigan,USA,https://citymanusa.com/?srsltid=AfmBOoqN-f7RfniUi0_K0Pwg9D_jomHa_UD6xJBVca2cSv8QVuzSpmCb,@context,your@email.com,1738665192,,,2026-04-16,,,,,,60,B-Tier,,,Contact:30/Brand:5/Market:5/Reach:20
Hypehouse (@hypehouse_royaloak),Detroit,Michigan,USA,https://www.instagram.com/hypehouse_royaloak/,@hypehouse_royaloak,,1037486289,,,2026-04-16,,,,,,38,C-Tier,,,Contact:18/Brand:5/Market:5/Reach:10
Hype Stew Sneakers Detroit,Detroit,Michigan,USA,https://hypestew.com/?srsltid=AfmBOopuQitAerx5-Fpqs1clVykMnCf6Z9FV7f3tdQGKiqboF0yDrJ0J,@hypestew,hypestewdetroit@gmail.com,1246846374,,,2026-04-16,,,,,,60,B-Tier,,,Contact:30/Brand:5/Market:5/Reach:20
Six local spots to let your hypebeast flag fly,Detroit,Michigan,USA,https://www.metrotimes.com/arts/six-local-spots-to-let-your-hypebeast-flag-fly-4898367/,@metrotimes,letters@metrotimes.com,9999999999,,,2026-04-16,,,,,,60,B-Tier,,,Contact:30/Brand:5/Market:5/Reach:20
SANA Detroit,Detroit,Michigan,USA,https://sanadetroit.com/?srsltid=AfmBOopTuBX2M0ZqhFmRkrKlXanXjMoxaCCMf2kV2MeCDOVSmaK7cf04,@sanadetroit,intl-tel-input@19.5.6,1738690871,,,2026-04-16,,,,,,60,B-Tier,,,Contact:30/Brand:5/Market:5/Reach:20
Survived Streetwear,Detroit,Michigan,USA,https://survivedstreetwear.com/,@survivedappareldetroit,Website_single_logo_2_180x@2x.png,8821957473,,,2026-04-16,,,,,,60,B-Tier,,,Contact:30/Brand:5/Market:5/Reach:20
Rkive | Waferz x Hellstar Sight Glass,Grand Rapids,Michigan,USA,https://www.olswell.com/stores/olswell-cannabis-co-grand-rapids/product/rkive-waferz-x-hellstar-sight-glass,@dutchie,,6088528557,,,2026-04-16,,,,,,38,C-Tier,,,Contact:18/Brand:5/Market:5/Reach:10
All Brands,Grand Rapids,Michigan,USA,https://www.nordstrom.com/brands-list/?srsltid=AfmBOorEnm3CO2IGPCyz9UMbRVaCsozoCI3EgqKP5Y6cXwwxNbINmdnM,@4GfJ,,0123456789,,,2026-04-16,,,,,,38,C-Tier,,,Contact:18/Brand:5/Market:5/Reach:10
Woodland Mall,Grand Rapids,Michigan,USA,https://www.hottopic.com/store-details?StoreId=0380&srsltid=AfmBOoqXqvtESH4fYWpu19b6J5vduTrym2eQTMbAyLfO8bZsV5iANmtr,@hottopic,htonline@hottopic.com,1776355247,,,2026-04-16,,,,,,60,B-Tier,,,Contact:30/Brand:5/Market:5/Reach:20
Popular Demand Clothing Store,Grand Rapids,Michigan,USA,https://popular-demand.com/,@populardemandstore,info@popular-demand.com,9460289072,,,2026-04-16,,,,,,60,B-Tier,,,Contact:30/Brand:5/Market:5/Reach:20
"Reynolds & Sons | 12 Monroe Center St NE, Grand Rapids, MI",Grand Rapids,Michigan,USA,https://reynoldsandsons.com/?srsltid=AfmBOopBxqUmmbOCilBPdV3wtbwisPrl6GC-WE1cuVqVkdCbsF66wtxg,@reynolds_n_sons,,1737741346,,,2026-04-16,,,,,,38,C-Tier,,,Contact:18/Brand:5/Market:5/Reach:10
Sonnys Sneaker Shop,Grand Rapids,Michigan,USA,https://sonnysgr.com/,@sonnysgr,Customersupport@sonnysgr.com,1724902169,,,2026-04-16,,,,,,60,B-Tier,,,Contact:30/Brand:5/Market:5/Reach:20
Jefes (@jefes.mi) • Instagram photos and videos,Grand Rapids,Michigan,USA,https://www.instagram.com/jefes.mi/,@jefes.mi,,1037486289,,,2026-04-16,,,,,,38,C-Tier,,,Contact:18/Brand:5/Market:5/Reach:10
"We just restocked 100+ new clothing pieces for you, stop ...",Grand Rapids,Michigan,USA,https://www.instagram.com/p/C7AHHcFvszB/,@rsrc.php,,1037486289,,,2026-04-16,,,,,,38,C-Tier,,,Contact:18/Brand:5/Market:5/Reach:10
Premier,Grand Rapids,Michigan,USA,https://thepremierstore.com/?srsltid=AfmBOorChyhX8OFxjir5ygl6ci9w0HbmBnjBEgANWHvnOHXN9RnUh6QL,@premierskate,numbro@2.3.1,1639060251,,,2026-04-16,,,,,,60,B-Tier,,,Contact:30/Brand:5/Market:5/Reach:20
Second Vibess: Reworked Vintage Clothing,Grand Rapids,Michigan,USA,https://www.secondvibess.com/,@second_vibess,core-js-bundle@3.2.1,2545352419,,,2026-04-16,,,,,,60,B-Tier,,,Contact:30/Brand:5/Market:5/Reach:20
"Shakedown Street: Local Head Shop in Grand Rapids, MI",Grand Rapids,Michigan,USA,https://shakedowngr.com/,@shakedownstreetinc,,1684958780,,,2026-04-16,,,,,,38,C-Tier,,,Contact:18/Brand:5/Market:5/Reach:10
"A.K. Rikk's | Luxury Clothing, Shoes & Accessories",Grand Rapids,Michigan,USA,https://akrikks.com/?srsltid=AfmBOooS-Gn8Zm6EXd7GtscVyEk7jSdBeIM1begh8uWOmrJtT46B01p6,@akrikks,,1741869100,,,2026-04-16,,,,,,38,C-Tier,,,Contact:18/Brand:5/Market:5/Reach:10
Luxury Designer Clothing Store For Women – Leigh's of ...,Grand Rapids,Michigan,USA,https://leighsfashions.com/?srsltid=AfmBOoo05S6uq4WfR84DTFsrRz3Tu4IFSRhy_gkAP9Ip6KF91tPid3ah,@leighs.fashions,customerservice@leighsfashions.com,1692719611,,,2026-04-16,,,,,,60,B-Tier,,,Contact:30/Brand:5/Market:5/Reach:20
Unique Shopping in Grand Rapids,Grand Rapids,Michigan,USA,https://www.experiencegr.com/articles/post/unique-shopping/,@experiencegrandrapids,,9999999999,,,2026-04-16,,,,,,38,C-Tier,,,Contact:18/Brand:5/Market:5/Reach:10
Dear Prudence Shops- Women's Clothing Boutique featuring ...,Grand Rapids,Michigan,USA,https://www.dearprudence.com/,@dearprushops,orders@dearprudence.com,2026041519,,,2026-04-16,,,,,,60,B-Tier,,,Contact:30/Brand:5/Market:5/Reach:20
The 27 coolest clothing stores and boutiques in Grand ...,Grand Rapids,Michigan,USA,https://wanderlog.com/list/geoCategory/123539/coolest-clothing-stores-and-boutiques-in-grand-rapids,@commune_gr,apm-rum@5.16.0,0723025155,,,2026-04-16,,,,,,60,B-Tier,,,Contact:30/Brand:5/Market:5/Reach:20
"First trip to Grand Rapids, MI this week, and the only ...",Grand Rapids,Michigan,USA,https://www.instagram.com/p/DQiiov-DPGz/,@hemd.gr,,1037486289,,,2026-04-16,,,,,,38,C-Tier,,,Contact:18/Brand:5/Market:5/Reach:10
Woodland Mall ::: Popular Demand,Grand Rapids,Michigan,USA,https://shopwoodlandmall.com/store/popular-demand,@woodlandmall,info@populardemand.com.,1616206101,,,2026-04-16,,,,,,60,B-Tier,,,Contact:30/Brand:5/Market:5/Reach:20
Troy Mi To Ann Arbor Mi,Ann Arbor,Michigan,USA,https://www.instagram.com/popular/troy-mi-to-ann-arbor-mi/,@rsrc.php,,1037486289,,,2026-04-16,,,,,,38,C-Tier,,,Contact:18/Brand:5/Market:5/Reach:10
Briarwood,Ann Arbor,Michigan,USA,https://www.hollisterco.com/shop/us/clothing-stores/US/AnnArbor/MI/31987,,,,,,2026-04-16,,,,,,10,C-Tier,,,Contact:0/Brand:5/Market:5/Reach:0
HELLSTAR HSTAR T-SHIRT,Ann Arbor,Michigan,USA,https://www.a-ma-maniere.com/products/hellstar-hstar-t-shirt?srsltid=AfmBOopak9gb_7XOSdW8HVEV6nEDkxl4RMFe_lDoOUHkIU6bO41rqGKw,@maniere_usa,,1422991689,,,2026-04-16,,,,,,38,C-Tier,,,Contact:18/Brand:5/Market:5/Reach:10
Supreme Cheesy Breads & More,Ann Arbor,Michigan,USA,https://postmates.com/store/supreme-cheesy-breads-%26-more/Vxz6AWtBSXKYTLqFRufIpA/12975c51-be66-42c4-992f-f1939b5204a8/dcaede8b-2262-4ee2-89be-8408be710517?mod=storeInfo&modctx=%257B%2522storeSlug%2522%253A%2522supreme-cheesy-breads-%252526-more%2522%252C%2522storeUuid%2522%253A%2522571cfa01-6b41-4972-984c-ba8546e7c8a4%2522%252C%2522sectionUuid%2522%253A%252212975c51-be66-42c4-992f-f1939b5204a8%2522%257D&ps=1,@postmates,badge_check@3x.png,065-4057625,,,2026-04-16,,,,,,60,B-Tier,,,Contact:30/Brand:5/Market:5/Reach:20
"Order Supreme Cheesy Breads - Ann Arbor, MI ...",Ann Arbor,Michigan,USA,https://www.doordash.com/store/supreme-cheesy-breads-ann-arbor-1614003/?srsltid=AfmBOorZtrIKO-gIjHghjG1nUb6vpewGOeD7ogNxnT0UnD73FOFOdzUv,,,,,,2026-04-16,,,,,,10,C-Tier,,,Contact:0/Brand:5/Market:5/Reach:0
Order Supreme Cheesy Breads & More - Menu & Prices,Ann Arbor,Michigan,USA,https://www.ubereats.com/store/supreme-cheesy-breads-%26-more/Vxz6AWtBSXKYTLqFRufIpA?srsltid=AfmBOoqT7LbDisZh2YoaNvdhquY1WG73YD-8I8Kn3gF0jYb_dcMPdjFl,@ubereats,badge_check@3x.png,065-4057625,,,2026-04-16,,,,,,60,B-Tier,,,Contact:30/Brand:5/Market:5/Reach:20
"Clothing Store in Ann Arbor - Shoes, Apparel, Rewards & ...",Ann Arbor,Michigan,USA,https://stores.nordstromrack.com/us/mi/ann-arbor/3547-washtenaw-ave,@nordstromrack,,2574113440,,,2026-04-16,,,,,,38,C-Tier,,,Contact:18/Brand:5/Market:5/Reach:10
Brands | The Summit,Ann Arbor,Michigan,USA,https://thesummitbirmingham.com/buy/brand,@thesummitbirmingham,,1205967011,,,2026-04-16,,,,,,38,C-Tier,,,Contact:18/Brand:5/Market:5/Reach:10
yearbook-huron_high_school-1974.pdf,Ann Arbor,Michigan,USA,https://aadl.org/sites/default/files/docfiles/yearbook-huron_high_school-1974.pdf,@dd1,D@z.s,0100040200,,,2026-04-16,,,,,,60,B-Tier,,,Contact:30/Brand:5/Market:5/Reach:20
Rally House Ann Arbor Main Street,Ann Arbor,Michigan,USA,https://www.rallyhouse.com/stores/ann-arbor/315-south-main-street?srsltid=AfmBOopscRfuPQDy0eaFiN-mWYBFGY-U6pdQE0PIQqkIP35kWlu3h3aG,@rally_house,rallyaamainstreet@rallyhouse.com,1774452326,,,2026-04-16,,,,,,60,B-Tier,,,Contact:30/Brand:5/Market:5/Reach:20
MTVTN.com: Motivation | Streetwear & University of Michigan ...,Ann Arbor,Michigan,USA,https://mtvtn.com/?srsltid=AfmBOopgW_GIm2bm1FzOG1qy6WrZbJZX7MauEmK98vV864F-pNhtMJGi,@mtvtn,,1269916960,,,2026-04-16,,,,,,38,C-Tier,,,Contact:18/Brand:5/Market:5/Reach:10
TODAY CLOTHING,Ann Arbor,Michigan,USA,https://www.todayclothing.com/,@todayclothing,store@todayclothing.com,1200478660,,,2026-04-16,,,,,,60,B-Tier,,,Contact:30/Brand:5/Market:5/Reach:20
Motivation Boutique,Ann Arbor,Michigan,USA,https://www.annarbor.org/listing/motivation-boutique/1097/,@annarbor,info@annarbor.org,9999999999,,,2026-04-16,,,,,,60,B-Tier,,,Contact:30/Brand:5/Market:5/Reach:20
8 Men's Boutiques Around Ann Arbor,Ann Arbor,Michigan,USA,https://www.ecurrent.com/feature/8-mens-boutiques-around-ann-arbor/,@current_mag,,9999999999,,,2026-04-16,,,,,,38,C-Tier,,,Contact:18/Brand:5/Market:5/Reach:10
Our new Motivation store is now open 7 days a week! Take a ...,Ann Arbor,Michigan,USA,https://www.instagram.com/reel/DTlCPidES6f/,@rsrc.php,,1037486289,,,2026-04-16,,,,,,38,C-Tier,,,Contact:18/Brand:5/Market:5/Reach:10
Motivation - Ann Arbor,Ann Arbor,Michigan,USA,https://mtvtn.com/?srsltid=AfmBOorw8yz0cTmxmGoQKWehaZWRz5KMGMES2fHzcHKsurhju0byZ4AF,@mtvtn,,1269916960,,,2026-04-16,,,,,,38,C-Tier,,,Contact:18/Brand:5/Market:5/Reach:10
5 Ann Arbor Clothing Stores that Will Elevate Your Style,Ann Arbor,Michigan,USA,https://themich.org/2021/04/13/5-ann-arbor-clothing-stores-that-will-elevate-your-style/,@media,,1194984363,,,2026-04-16,,,,,,38,C-Tier,,,Contact:18/Brand:5/Market:5/Reach:10
Rally House Ann Arbor State Street,Ann Arbor,Michigan,USA,https://www.rallyhouse.com/stores/ann-arbor/303-south-state-street?srsltid=AfmBOopBDiaFiJIQxPMxPfzt1p73HVUWXqIL7IbUXNyW4LnXeWBwIQKg,@rally_house,rallyaastatestreet@rallyhouse.com,1774452326,,,2026-04-16,,,,,,60,B-Tier,,,Contact:30/Brand:5/Market:5/Reach:20
(@undergroundsocietya2) • Instagram photos and videos,Ann Arbor,Michigan,USA,https://www.instagram.com/undergroundsocietya2/,@mush.ees,,1037486289,,,2026-04-16,,,,,,38,C-Tier,,,Contact:18/Brand:5/Market:5/Reach:10
13 of Our Favorite Ann Arbor Area Clothing Boutiques,Ann Arbor,Michigan,USA,https://www.reinhartrealtors.com/blog/favorite-ann-arbor-area-clothing-boutiques/,,,,,,2026-04-16,,,,,,10,C-Tier,,,Contact:0/Brand:5/Market:5/Reach:0
City Man - America's Best Mens Streetwear Clothing Stores,Ann Arbor,Michigan,USA,https://citymanusa.com/?srsltid=AfmBOop1hd_6uAt_kfVTxx8wlkBTWeoMUnE4Lt9ejwTyOb6zG_3dsbz4,@context,your@email.com,1738665192,,,2026-04-16,,,,,,60,B-Tier,,,Contact:30/Brand:5/Market:5/Reach:20
"Ann Arbor Running Company - Shoes, Apparel and More",Ann Arbor,Michigan,USA,https://www.annarborrunningcompany.com/?srsltid=AfmBOoqdF4v10l_jel3AnI0QR9CZVqfLfuFjDwwgB_layOX34XKmmE_j,@annarbor_rc,orders@annarborrunningcompany.com,1738632969,,,2026-04-16,,,,,,60,B-Tier,,,Contact:30/Brand:5/Market:5/Reach:20
"Designer Shoe Store in Ann Arbor, MI Arborland Mall",Ann Arbor,Michigan,USA,https://stores.dsw.com/usa/mi/annarbor/dsw-designer-shoe-warehouse-arborland-mall.html,@dsw,customerservice@dsw.com,2147483647,,,2026-04-16,,,,,,60,B-Tier,,,Contact:30/Brand:5/Market:5/Reach:20
Hellstar Logo Tees Available @origins305 179 NW 25th St ...,Miami,Florida,USA,https://www.instagram.com/p/DOeQRyXicZS/,@origins305,,1037486289,,,2026-04-16,,,,,,58,B-Tier,,,Contact:18/Brand:5/Market:25/Reach:10
#Hellstar 🚨 New arrivals available in store & on our site ...,Miami,Florida,USA,https://www.instagram.com/p/DJou9v_Nb9c/,@rsrc.php,,1037486289,,,2026-04-16,,,,,,58,B-Tier,,,Contact:18/Brand:5/Market:25/Reach:10
Studios – HELLSTAR,Miami,Florida,USA,https://hellstar.com/collections/studios,@HELLSTAR,,5230780330,,,2026-04-16,,,,,,58,B-Tier,,,Contact:18/Brand:5/Market:25/Reach:10
Hellstar shirts / S-XL Best RESELLER IN MIAMI FL 🔥🌴,Miami,Florida,USA,https://www.instagram.com/p/DNQul0lOxB-/,@rsrc.php,,1037486289,,,2026-04-16,,,,,,58,B-Tier,,,Contact:18/Brand:5/Market:25/Reach:10
HellStar hats & leopard claws available in multiple sizes and ...,Miami,Florida,USA,https://www.instagram.com/reel/DOjYekYEV_q/,@rsrc.php,,1037486289,,,2026-04-16,,,,,,58,B-Tier,,,Contact:18/Brand:5/Market:25/Reach:10
"Coppra Miami - Discover curated luxury menswear, designer ...",Miami,Florida,USA,https://coppramiami.com/,@coppramiami,info@coppra.us,1776280003,,,2026-04-16,,,,,,80,A-Tier,,,Contact:30/Brand:5/Market:25/Reach:20
Supreme: Shop,Miami,Florida,USA,https://us.supreme.com/pages/shop,,,1421991361,,,2026-04-16,,,,,,38,C-Tier,,,Contact:8/Brand:5/Market:25/Reach:0
Supreme Has Just Opened Its First-Ever Miami Store,Miami,Florida,USA,https://secretmiami.com/supreme-first-miami-store/,@SecretMiami_,miami@secretmedianetwork.com,7115053420,,,2026-04-16,,,,,,80,A-Tier,,,Contact:30/Brand:5/Market:25/Reach:20
Limited edition retailer Supreme opens first Miami store,Miami,Florida,USA,https://www.islandernews.com/news/miami/limited-edition-retailer-supreme-opens-first-miami-store/article_6533dc4c-4f71-44f6-a0be-48eddf6ce8c1.html,@kbislandernews,info@islandernews.com,(305) 831 0176,,,2026-04-16,,,,,,80,A-Tier,,,Contact:30/Brand:5/Market:25/Reach:20
Supreme has officially opened its first-ever Florida flagship ...,Miami,Florida,USA,https://www.instagram.com/p/DJsOD_ounJT/,@rsrc.php,,1037486289,,,2026-04-16,,,,,,58,B-Tier,,,Contact:18/Brand:5/Market:25/Reach:10
"From @vetements_official, @rhude, to @alyxstudio, ...",Miami,Florida,USA,https://www.instagram.com/p/B684WdtBiu-/,@vetements_official,,1037486289,,,2026-04-16,,,,,,58,B-Tier,,,Contact:18/Brand:5/Market:25/Reach:10
Patron of the New,Miami,Florida,USA,https://patronofthenew.com/?srsltid=AfmBOopbYf_NtNcCMn8xoBHxGBroYTSDbkZEh1nS1475aKv79LseGPK8,@media,,1613516832,,,2026-04-16,,,,,,58,B-Tier,,,Contact:18/Brand:5/Market:25/Reach:10
Rhude Archives - Coppra Miami,Miami,Florida,USA,https://coppramiami.com/brand/rhude/,@coppramiami,info@coppra.us,1776280003,,,2026-04-16,,,,,,80,A-Tier,,,Contact:30/Brand:5/Market:25/Reach:20
Rhude now available in multiple styles in store & online!🌎🔥,Miami,Florida,USA,https://www.instagram.com/p/DOMRXkCkQ7f/,@rsrc.php,,1037486289,,,2026-04-16,,,,,,58,B-Tier,,,Contact:18/Brand:5/Market:25/Reach:10
💨🔥Brand New Vale Lives Tops Just Landed Available ...,Miami,Florida,USA,https://www.instagram.com/p/DRIH4hTEbyP/,@rsrc.php,,1037486289,,,2026-04-16,,,,,,58,B-Tier,,,Contact:18/Brand:5/Market:25/Reach:10
Vale,Miami,Florida,USA,https://backdoormia.com/collections/vale,@100,,1750677234,,,2026-04-16,,,,,,58,B-Tier,,,Contact:18/Brand:5/Market:25/Reach:10
💧🍭Brand New Vale Tops Flavors 🌴🛍 Sizes:S-Xl Available ...,Miami,Florida,USA,https://www.instagram.com/p/DQSlhMjjher/,@florida._icons.inc.,,1037486289,,,2026-04-16,,,,,,58,B-Tier,,,Contact:18/Brand:5/Market:25/Reach:10
🚨Vale Lives Flannel & Hoodie Black🚨 ‼️Flannel's Size S ...,Miami,Florida,USA,https://www.instagram.com/p/DTOZWM5ESe0/,@kickznasionmiami,,1037486289,,,2026-04-16,,,,,,58,B-Tier,,,Contact:18/Brand:5/Market:25/Reach:10
Vale Lives Sets In Store 3416 Nw Seventh Ave 33127 Check ...,Miami,Florida,USA,https://www.instagram.com/reel/DARK-MVPrQd/,@rsrc.php,,1037486289,,,2026-04-16,,,,,,58,B-Tier,,,Contact:18/Brand:5/Market:25/Reach:10
Number 1 destination for Vale Forever in Miami New pieces ...,Miami,Florida,USA,https://www.instagram.com/reel/DTJwjzODBju/,@rsrc.php,,1037486289,,,2026-04-16,,,,,,58,B-Tier,,,Contact:18/Brand:5/Market:25/Reach:10
NEW ARRIVALS from the hottest streetwear brand of 2025 ...,Miami,Florida,USA,https://www.instagram.com/reel/DUde5v0jRad/,@rsrc.php,,1037486289,,,2026-04-16,,,,,,58,B-Tier,,,Contact:18/Brand:5/Market:25/Reach:10
VALE FOREVER IN STORE NOW 🔥 SIZES S-XL ...,Miami,Florida,USA,https://www.instagram.com/p/DFqXXZ-Jarz/,@rsrc.php,,1037486289,,,2026-04-16,,,,,,58,B-Tier,,,Contact:18/Brand:5/Market:25/Reach:10
A ton of Vale in-store ‼️ Come check us out 🏪 Sneak Peek ...,Miami,Florida,USA,https://www.instagram.com/p/DQ4uCzKEdY4/,@kickznasionmiami,,1037486289,,,2026-04-16,,,,,,58,B-Tier,,,Contact:18/Brand:5/Market:25/Reach:10
#Vale 🔥 All new collection from Vale has just landed. ...,Miami,Florida,USA,https://www.instagram.com/p/DPCDr_tEcuG/,@rsrc.php,,1037486289,,,2026-04-16,,,,,,58,B-Tier,,,Contact:18/Brand:5/Market:25/Reach:10
New Vale in store @sparkitupshop come in store at 3246 N ...,Miami,Florida,USA,https://www.instagram.com/p/DTS92_uEVfA/,@sparkitupshop,,1037486289,,,2026-04-16,,,,,,58,B-Tier,,,Contact:18/Brand:5/Market:25/Reach:10
VALE | Healthy Kitchen,Miami,Florida,USA,https://valehealthykitchen.com/,@valehealthykitchen,stephen@gointegral.co,1759853849,,,2026-04-16,,,,,,80,A-Tier,,,Contact:30/Brand:5/Market:25/Reach:20
Players Closet Miami Gardens (@playerscloset305),Miami,Florida,USA,https://www.instagram.com/playerscloset305/,@playerscloset954,,1037486289,,,2026-04-16,,,,,,58,B-Tier,,,Contact:18/Brand:5/Market:25/Reach:10
Men's Fashion,Miami,Florida,USA,https://www.miamidesigndistrict.com/shops/2/mens-fashion/,@miamidesigndistrict,,(305) 722-7100,,,2026-04-16,,,,,,58,B-Tier,,,Contact:18/Brand:5/Market:25/Reach:10
Coppra Miami - Discover curated luxury menswear ...,Miami,Florida,USA,https://coppramiami.com/,@coppramiami,info@coppra.us,1776280003,,,2026-04-16,,,,,,80,A-Tier,,,Contact:30/Brand:5/Market:25/Reach:20
Supreme Sets Up Shop in Miami,Miami,Florida,USA,https://hypebeast.com/2025/4/supreme-miami-store-opening-info,@hypebeast,google-play-en@2x.png,3702846231,,,2026-04-16,,,,,,80,A-Tier,,,Contact:30/Brand:5/Market:25/Reach:20
Miami,Miami,Florida,USA,https://hypebeast.com/tags/miami,@hypebeast,screenshot-adblock-ultimate@2x.1f5b1723.png,3702846231,,,2026-04-16,,,,,,80,A-Tier,,,Contact:30/Brand:5/Market:25/Reach:20
"Survival - Miami, Fort Lauderdale",Miami,Florida,USA,https://aventuramall.com/shops/survival/,@aventuramall,popper.js@1.16.0,1776363824,,,2026-04-16,,,,,,80,A-Tier,,,Contact:30/Brand:5/Market:25/Reach:20
SNEAKER TOWN – SNEAKER TOWN,Miami,Florida,USA,https://www.sneakertownmia.com/?srsltid=AfmBOopwlgDd3i-fOyxOh6S6MiD3_2mUx9wdkuXavnUMVaYJpkiAEfDk,@sneakertown,help@sneakertown.com,1613663062,,,2026-04-16,,,,,,80,A-Tier,,,Contact:30/Brand:5/Market:25/Reach:20
LEGENDS MIAMI SNEAKER STORE WYNWOOD ...,Miami,Florida,USA,https://www.instagram.com/legendsmiami/?hl=en,@rsrc.php,,1037486289,,,2026-04-16,,,,,,58,B-Tier,,,Contact:18/Brand:5/Market:25/Reach:10
SoleFly: Sneakers and Apparel,Miami,Florida,USA,https://www.solefly.com/?srsltid=AfmBOopU8MP6AUqdGHPH_T807PWtoJ4J9KDpJMLIIt50eL7ffygzN9q0,@solefly,,1000005370,,,2026-04-16,,,,,,58,B-Tier,,,Contact:18/Brand:5/Market:25/Reach:10
NEW @hellstar IN STOCK AT LEGEND ORLANDO ...,Orlando,Florida,USA,https://www.instagram.com/p/C3jVe_GMrkx/?hl=en,@legendfla,,1037486289,,,2026-04-16,,,,,,38,C-Tier,,,Contact:18/Brand:5/Market:5/Reach:10
Hellstar Logo Hoodie Black,Orlando,Florida,USA,https://releaseorlando.com/products/hellstar-logo-hoodie-black,@releaseorlando,,1734559548,,,2026-04-16,,,,,,38,C-Tier,,,Contact:18/Brand:5/Market:5/Reach:10
$20 streetwear finds you can't find anywhere else #fyp ...,Orlando,Florida,USA,https://www.instagram.com/reel/DU1Ye3CjgM4/,@rsrc.php,,1037486289,,,2026-04-16,,,,,,38,C-Tier,,,Contact:18/Brand:5/Market:5/Reach:10
hellstar tee | Buy Online at Midnightloungeorlando,Orlando,Florida,USA,https://midnightloungeorlando.com/products/hellstar-tee-69bcb7fe95a21-mb877t4e,@media,,2303606389,,,2026-04-16,,,,,,38,C-Tier,,,Contact:18/Brand:5/Market:5/Reach:10
Some Of The Hellstar Available At Our Grand Opening ...,Orlando,Florida,USA,https://www.instagram.com/p/C-GuA5KsTXw/,@rsrc.php,,1037486289,,,2026-04-16,,,,,,38,C-Tier,,,Contact:18/Brand:5/Market:5/Reach:10
"Legend at The Florida Mall® - A Shopping Center in Orlando, FL",Orlando,Florida,USA,https://www.simon.com/mall/the-florida-mall/stores/legend,@shopfloridamall,,1766078725,,,2026-04-16,,,,,,38,C-Tier,,,Contact:18/Brand:5/Market:5/Reach:10
@hellstar hats New Hellstar Hats Arrived into the store today ...,Orlando,Florida,USA,https://www.instagram.com/reel/C3EKf1VOdHq/,@hellstar,,1037486289,,,2026-04-16,,,,,,38,C-Tier,,,Contact:18/Brand:5/Market:5/Reach:10
Orlando Store,Orlando,Florida,USA,https://supremedetailingsuperstore.com/pages/orlando?srsltid=AfmBOopLPX47WwlfksV8ufV48YFQhFhONhb6hJA5Rgr6NGIWfi-xEhx3,@supremedetailingsuperstore,info@supremedetailingsuperstore.com,1748714952,,,2026-04-16,,,,,,60,B-Tier,,,Contact:30/Brand:5/Market:5/Reach:20
Supreme Mid Air Forces Are here ✈️ ✅ 📍The Florida Mall ...,Orlando,Florida,USA,https://www.instagram.com/p/DA1bBkdJtw0/,@rsrc.php,,1037486289,,,2026-04-16,,,,,,38,C-Tier,,,Contact:18/Brand:5/Market:5/Reach:10
rhude shirt | Buy Online at Midnightloungeorlando,Orlando,Florida,USA,https://midnightloungeorlando.com/products/rhude-shirt-69bcb82932eb1-00t5eoyq,@media,,2303606389,,,2026-04-16,,,,,,38,C-Tier,,,Contact:18/Brand:5/Market:5/Reach:10
Rhude T-Shirts - Various Styles & Sizes,Orlando,Florida,USA,https://www.instagram.com/p/C8ulAqdA4pT/,@rsrc.php,,1037486289,,,2026-04-16,,,,,,38,C-Tier,,,Contact:18/Brand:5/Market:5/Reach:10
Men's Closet | Authentic Jordan Sneakers & Streetwear ...,Orlando,Florida,USA,https://www.mensclosetclothing.com/?srsltid=AfmBOors259dleJr9gJncNbpHXiDVeBIlafW46RbZjNPHbfWS4GktMqI,,,,,,2026-04-16,,,,,,10,C-Tier,,,Contact:0/Brand:5/Market:5/Reach:0
NEW VALE LIMITED UNITS IN STOCK AT LEGEND ...,Orlando,Florida,USA,https://www.instagram.com/p/DRp9q18gVa2/,@rsrc.php,,1037486289,,,2026-04-16,,,,,,38,C-Tier,,,Contact:18/Brand:5/Market:5/Reach:10
Valelives Orlando Florida Store,Orlando,Florida,USA,https://www.instagram.com/popular/valelives-orlando-florida-store/,@rsrc.php,,1037486289,,,2026-04-16,,,,,,38,C-Tier,,,Contact:18/Brand:5/Market:5/Reach:10
Vale Forever is a contemporary American streetwear brand ...,Orlando,Florida,USA,https://www.instagram.com/p/DJcz4Vox71m/,@rsrc.php,,1037486289,,,2026-04-16,,,,,,38,C-Tier,,,Contact:18/Brand:5/Market:5/Reach:10
️Full Fit Available at I-Drive Only☀️ Vale Sun & Moon Tee ...,Orlando,Florida,USA,https://www.instagram.com/p/DJkibeJxwlu/,@rsrc.php,,1037486289,,,2026-04-16,,,,,,38,C-Tier,,,Contact:18/Brand:5/Market:5/Reach:10
Be real with me 😮‍💨👇 Valley Dreams “Vale Forever” tee,Orlando,Florida,USA,https://www.instagram.com/p/DTdbhmFACgO/,@recessstime__stl.,,1037486289,,,2026-04-16,,,,,,38,C-Tier,,,Contact:18/Brand:5/Market:5/Reach:10
"NEW VALE SHORTS, JEANS & SWEATPANTS ARE ...",Orlando,Florida,USA,https://www.instagram.com/reel/DP-M02GkfaG/,@rsrc.php,,1037486289,,,2026-04-16,,,,,,38,C-Tier,,,Contact:18/Brand:5/Market:5/Reach:10
NEW VALE DROP IN AT LEGEND ORLANDO FLORIDA ...,Orlando,Florida,USA,https://www.instagram.com/reel/DKaQSkJJBbJ/,@valelives,,1037486289,,,2026-04-16,,,,,,38,C-Tier,,,Contact:18/Brand:5/Market:5/Reach:10
VALE GOODS IN STOCK AT LEGEND ORLANDO @valelives ...,Orlando,Florida,USA,https://www.instagram.com/reel/DRD0Dm4jYIn/,@legendfla.,,1037486289,,,2026-04-16,,,,,,38,C-Tier,,,Contact:18/Brand:5/Market:5/Reach:10
‼️New Vale Flannels & Jeans ‼️ BUY-SELL- ...,Orlando,Florida,USA,https://www.instagram.com/p/DEQJbafJsrQ/,@rsrc.php,,1037486289,,,2026-04-16,,,,,,38,C-Tier,,,Contact:18/Brand:5/Market:5/Reach:10
‼️Vale tees available in store‼️ Almost every size ...,Orlando,Florida,USA,https://www.instagram.com/p/DFBWhNoyejI/,@rsrc.php,,1037486289,,,2026-04-16,,,,,,38,C-Tier,,,Contact:18/Brand:5/Market:5/Reach:10
LEGEND | ORLANDO FL (@legendfla),Orlando,Florida,USA,https://www.instagram.com/legendfla/,@legendfla,,1037486289,,,2026-04-16,,,,,,38,C-Tier,,,Contact:18/Brand:5/Market:5/Reach:10
Aphonics - Aphonics,Orlando,Florida,USA,https://www.aphonicss.com/,,,2025110411,,,2026-04-16,,,,,,18,C-Tier,,,Contact:8/Brand:5/Market:5/Reach:0
"WildSide Clothing (@wildside_clothing) · Orlando, FL",Orlando,Florida,USA,https://www.instagram.com/wildside_clothing/,@wildside_clothing,,1037486289,,,2026-04-16,,,,,,38,C-Tier,,,Contact:18/Brand:5/Market:5/Reach:10
TROPHY ROOM STORE,Orlando,Florida,USA,https://www.trophyroomstore.com/,@trophyroomstore,Contact@trophyroomstore.com,1559889294,,,2026-04-16,,,,,,60,B-Tier,,,Contact:30/Brand:5/Market:5/Reach:20
Aphonics at The Florida Mall - Simon,Orlando,Florida,USA,https://www.simon.com/mall/the-florida-mall/stores/aphonics,@shopfloridamall,,1766078725,,,2026-04-16,,,,,,38,C-Tier,,,Contact:18/Brand:5/Market:5/Reach:10
Best Spots for Streetwear Shopping in Orlando,Orlando,Florida,USA,https://www.mensclosetclothing.com/blogs/news/spots-for-streetwear-shopping-in-orlando?srsltid=AfmBOoo_PeLxEPpYKTPWIwAgOFJa69-tdJQO07JHdiUOo5PEDhc1pD05,,,,,,2026-04-16,,,,,,10,C-Tier,,,Contact:0/Brand:5/Market:5/Reach:0
Release Orlando,Orlando,Florida,USA,https://releaseorlando.com/,@releaseorlando,,1722993885,,,2026-04-16,,,,,,38,C-Tier,,,Contact:18/Brand:5/Market:5/Reach:10
Orlando,Orlando,Florida,USA,https://hypebeast.com/tags/orlando,@hypebeast,screenshot-adblock-ultimate@2x.1f5b1723.png,3702846231,,,2026-04-16,,,,,,60,B-Tier,,,Contact:30/Brand:5/Market:5/Reach:20
Mindstreet – MINDS STREET FASHION,Orlando,Florida,USA,https://mindsstreet.com/,@minds__tm,INFO@MINDSSTREET.COM,1760469680,,,2026-04-16,,,,,,60,B-Tier,,,Contact:30/Brand:5/Market:5/Reach:20
"Overtime By Timeless (@overtime.fl) · Orlando, FL",Orlando,Florida,USA,https://www.instagram.com/overtime.fl/,@timeless_orlando.,,1037486289,,,2026-04-16,,,,,,38,C-Tier,,,Contact:18/Brand:5/Market:5/Reach:10
(@sneakersicarios) • Instagram photos and videos,Orlando,Florida,USA,https://www.instagram.com/sneakersicarios/,@sneakersicarios,,1037486289,,,2026-04-16,,,,,,38,C-Tier,,,Contact:18/Brand:5/Market:5/Reach:10
Orlando Fashion Square,Orlando,Florida,USA,https://stores.finishline.com/fl/orlando/orlando-fashion-square.html,@finishline,,(407) 896-3058,,,2026-04-16,,,,,,38,C-Tier,,,Contact:18/Brand:5/Market:5/Reach:10
@hellstar now available in store #hellstar #dctampa,Tampa,Florida,USA,https://www.instagram.com/p/C5HBlhrPWV3/,@hellstar,,1037486289,,,2026-04-16,,,,,,38,C-Tier,,,Contact:18/Brand:5/Market:5/Reach:10
"Designers Closet Tampa on Instagram: ""come shop with us at ...",Tampa,Florida,USA,https://www.instagram.com/reel/DBJ0hwjvxQA/,@rsrc.php,,1037486289,,,2026-04-16,,,,,,38,C-Tier,,,Contact:18/Brand:5/Market:5/Reach:10
HELLSTAR RESTOCK AT BOTH LOCATIONS HITTING THE ...,Tampa,Florida,USA,https://www.instagram.com/reel/DMh-PORpFO5/,@rsrc.php,,1037486289,,,2026-04-16,,,,,,38,C-Tier,,,Contact:18/Brand:5/Market:5/Reach:10
"Seasons Street Wear (@seasonstampa) · Tampa, FL",Tampa,Florida,USA,https://www.instagram.com/seasonstampa/,@seasonstampa,,1037486289,,,2026-04-16,,,,,,38,C-Tier,,,Contact:18/Brand:5/Market:5/Reach:10
"Citrus Park Mall Tampa, FL 8130 Citrus Park Dr ➡️ Near ...",Tampa,Florida,USA,https://www.instagram.com/reel/DAd29jUPTB7/,@rsrc.php,,1037486289,,,2026-04-16,,,,,,38,C-Tier,,,Contact:18/Brand:5/Market:5/Reach:10
Shop The Lab: Shop All,Tampa,Florida,USA,https://shopthelab.square.site/,@media,13e49d785d8d4f828038b6136f3b48ba@sentry.io,8716890326,,,2026-04-16,,,,,,60,B-Tier,,,Contact:30/Brand:5/Market:5/Reach:20
Tampa Shoes & Sneaker Store | Eastgate Shopping Center ...,Tampa,Florida,USA,https://locations.dtlr.com/fl/tampa/eastgate-shopping-center.html,@dtlrofficial,custserv@dtlr.com,1537521453,,,2026-04-16,,,,,,60,B-Tier,,,Contact:30/Brand:5/Market:5/Reach:20
New Hellstar items just landed #seasonstampa#westshore ...,Tampa,Florida,USA,https://www.instagram.com/p/DWJvTO1DdmQ/,@rsrc.php,,1037486289,,,2026-04-16,,,,,,38,C-Tier,,,Contact:18/Brand:5/Market:5/Reach:10
New Bape and Hellstar tees in stock come shop today until ...,Tampa,Florida,USA,https://www.instagram.com/p/DCZukCsRyg4/,@rsrc.php,,1037486289,,,2026-04-16,,,,,,38,C-Tier,,,Contact:18/Brand:5/Market:5/Reach:10
New furry supreme in stock we have a couple left tap ...,Tampa,Florida,USA,https://www.instagram.com/p/DR7mxEoj-3p/,@rsrc.php,,1037486289,,,2026-04-16,,,,,,38,C-Tier,,,Contact:18/Brand:5/Market:5/Reach:10
All - Shop,Tampa,Florida,USA,https://us.supreme.com/collections/all,,,1421991361,,,2026-04-16,,,,,,18,C-Tier,,,Contact:8/Brand:5/Market:5/Reach:0
WestShore Plaza,Tampa,Florida,USA,https://www.hottopic.com/store-details?StoreId=0797&srsltid=AfmBOoopECcjGDJNhAMk5eOoBh6ozW-yKZZDK7V3UrONOMoAUrIxz_f_,@hottopic,htonline@hottopic.com,1776355247,,,2026-04-16,,,,,,60,B-Tier,,,Contact:30/Brand:5/Market:5/Reach:20
Tampa bay designer world,Tampa,Florida,USA,https://813designerworld.com/,@font,,1329837617,,,2026-04-16,,,,,,38,C-Tier,,,Contact:18/Brand:5/Market:5/Reach:10
Foreign Citizen (@ishopforeign) · Tampa,Tampa,Florida,USA,https://www.instagram.com/ishopforeign/?hl=en,@ishopforeign,,1037486289,,,2026-04-16,,,,,,38,C-Tier,,,Contact:18/Brand:5/Market:5/Reach:10
New Valley Dream just landed 🌴✨ Vale Forever energy,Tampa,Florida,USA,https://www.instagram.com/p/DUs7KPVAHel/,@rsrc.php,,1037486289,,,2026-04-16,,,,,,38,C-Tier,,,Contact:18/Brand:5/Market:5/Reach:10
The new Vale drop is live. Limited stock available! Secure ...,Tampa,Florida,USA,https://www.instagram.com/reel/DO165ZYD4qu/,@rsrc.php,,1037486289,,,2026-04-16,,,,,,38,C-Tier,,,Contact:18/Brand:5/Market:5/Reach:10
Vale Forever Glory Tee Available in store Hours: Mon-Sat ...,Tampa,Florida,USA,https://www.instagram.com/p/DL8Bbd0JYmx/,@rsrc.php,,1037486289,,,2026-04-16,,,,,,38,C-Tier,,,Contact:18/Brand:5/Market:5/Reach:10
Home - Val's Home Decor / Tampa's Premier Home Decor Store,Tampa,Florida,USA,https://valshomedecor.com/,@valshomedecor,valshomedecor@gmail.com,1813963671,,,2026-04-16,,,,,,60,B-Tier,,,Contact:30/Brand:5/Market:5/Reach:20
Vale Forever is a contemporary American streetwear ...,Tampa,Florida,USA,https://www.instagram.com/p/DJcz4Vox71m/,@rsrc.php,,1037486289,,,2026-04-16,,,,,,38,C-Tier,,,Contact:18/Brand:5/Market:5/Reach:10
"Shop Vale Forever - Premium Hoodies, Shirts, Jeans & Jackets",Tampa,Florida,USA,https://valeforeverofficial.com/,,,,,,2026-04-16,,,,,,10,C-Tier,,,Contact:0/Brand:5/Market:5/Reach:0
New Vale Drop! ⭐️ Available In Store and Online!,Tampa,Florida,USA,https://www.instagram.com/reel/C6UEWCiL0zi/,@rsrc.php,,1037486289,,,2026-04-16,,,,,,38,C-Tier,,,Contact:18/Brand:5/Market:5/Reach:10
"Up close & personal Every stitch, every detail — the newest ...",Tampa,Florida,USA,https://www.instagram.com/iconflorida/reel/DT26a2XAJTQ/?hl=he,@rsrc.php,,1037486289,,,2026-04-16,,,,,,38,C-Tier,,,Contact:18/Brand:5/Market:5/Reach:10
"Valley Dream x Vale Forever vibes all day 🌄♾️ Clean tee, ...",Tampa,Florida,USA,https://www.instagram.com/p/DT5a36UgMU9/,@rsrc.php,,1037486289,,,2026-04-16,,,,,,38,C-Tier,,,Contact:18/Brand:5/Market:5/Reach:10
Downtown Tampa - Vale Health Kitchen,Tampa,Florida,USA,https://valehealthykitchen.com/pages/downtown-tampa,@valehealthykitchen,stephen@gointegral.co,1759853849,,,2026-04-16,,,,,,60,B-Tier,,,Contact:30/Brand:5/Market:5/Reach:20
"Valefoodco_tampa (@valefoodco_tampa) · Tampa, FL",Tampa,Florida,USA,https://www.instagram.com/valefoodco_tampa/,@valefoodco_tampa,,1037486289,,,2026-04-16,,,,,,38,C-Tier,,,Contact:18/Brand:5/Market:5/Reach:10
Entourage (@entouragekicksandgear),Tampa,Florida,USA,https://www.instagram.com/entouragekicksandgear/?hl=en,@onyxbyentourage,,1037486289,,,2026-04-16,,,,,,38,C-Tier,,,Contact:18/Brand:5/Market:5/Reach:10
Entourage Streetwear | Premium Streetwear and Shoes,Tampa,Florida,USA,https://entouragestreetwear.com/,@font,,4900651358,,,2026-04-16,,,,,,38,C-Tier,,,Contact:18/Brand:5/Market:5/Reach:10
Impossible Kicks,Tampa,Florida,USA,https://impossiblekicks.com/?srsltid=AfmBOoo65HTOArEU3fgNo89KUzllckOOb9G3RbTggbRz-D1rPF7YIKWo,,,,,,2026-04-16,,,,,,10,C-Tier,,,Contact:0/Brand:5/Market:5/Reach:0
On Point has officially opened our 4th location at Tampa ...,Tampa,Florida,USA,https://www.instagram.com/reel/DNgNK2Tt33t/,@rsrc.php,,1037486289,,,2026-04-16,,,,,,38,C-Tier,,,Contact:18/Brand:5/Market:5/Reach:10
Soleciety,Tampa,Florida,USA,https://solecietyshop.com/?srsltid=AfmBOopAf797FsuSjofw-NymjM4isl2kFHcDPBKm2Uw1-rwu8l-481WG,@Soleciety_,,8083580528,,,2026-04-16,,,,,,38,C-Tier,,,Contact:18/Brand:5/Market:5/Reach:10
Westshore Plaza - Tampa,Tampa,Florida,USA,https://stores.finishline.com/fl/tampa/westshore-plaza.html,@finishline,,(813) 281-1843,,,2026-04-16,,,,,,38,C-Tier,,,Contact:18/Brand:5/Market:5/Reach:10
For the Bay Clothing Co.: For the Bay Clothing Company ...,Tampa,Florida,USA,https://www.forthebayclothingco.com/?srsltid=AfmBOooUFGhqnKuVAmCms8NMrgBf7djgDgjt9jI8ZH8dUh_MTMxq61da,@forthebayclothingco,Dave@4TBClothingCo.com,4527422579,,,2026-04-16,,,,,,60,B-Tier,,,Contact:30/Brand:5/Market:5/Reach:20
HELLSTAR AVAILABLE IN STORE AND ONLINE,Fort Lauderdale,Florida,USA,https://www.instagram.com/p/DA3xcdDPneI/,@rsrc.php,,1037486289,,,2026-04-16,,,,,,38,C-Tier,,,Contact:18/Brand:5/Market:5/Reach:10
"Medium & Large 📍 3920 Riverland Rd, Fort Lauderdale, FL ...",Fort Lauderdale,Florida,USA,https://www.instagram.com/p/C93Dv-6yzo8/,@rsrc.php,,1037486289,,,2026-04-16,,,,,,38,C-Tier,,,Contact:18/Brand:5/Market:5/Reach:10
SNEAK PEEK LUXURY | Sneakers & Streetwear 👟 | 💫 Hellstar ...,Fort Lauderdale,Florida,USA,https://www.instagram.com/reel/DKhVoN-OFww/,@rsrc.php,,1037486289,,,2026-04-16,,,,,,38,C-Tier,,,Contact:18/Brand:5/Market:5/Reach:10
BADLAB opening April 11th pickup a new pair of shoes or a ...,Fort Lauderdale,Florida,USA,https://www.instagram.com/reel/DWeg6y7gIPZ/,@rsrc.php,,1037486289,,,2026-04-16,,,,,,38,C-Tier,,,Contact:18/Brand:5/Market:5/Reach:10
NEW HELLSTAR GOING OUT NOW ...,Fort Lauderdale,Florida,USA,https://www.instagram.com/p/C4lWd77roLR/,@rsrc.php,,1037486289,,,2026-04-16,,,,,,38,C-Tier,,,Contact:18/Brand:5/Market:5/Reach:10
"Home Supreme Marine Inc. Fort Lauderdale, FL (954) 797-1818",Fort Lauderdale,Florida,USA,https://www.suprememarineinc.com/,@suprememarineinc,jquery@1.12.1,(954) 797-1818,,,2026-04-16,,,,,,60,B-Tier,,,Contact:30/Brand:5/Market:5/Reach:20
Supreme International Corporation,Fort Lauderdale,Florida,USA,https://www.encyclopedia.com/books/politics-and-business-magazines/supreme-international-corporation,@media,,(305) 592-2830,,,2026-04-16,,,,,,38,C-Tier,,,Contact:18/Brand:5/Market:5/Reach:10
Supreme Men's Wear,Fort Lauderdale,Florida,USA,https://www.linkedin.com/company/supreme-men's-wear,@linkedin,,1693196074,,,2026-04-16,,,,,,38,C-Tier,,,Contact:18/Brand:5/Market:5/Reach:10
"Heat Check: Rhude, Triple Sevens ...",Fort Lauderdale,Florida,USA,https://www.instagram.com/p/DND8aAVObRA/,@rsrc.php,,1037486289,,,2026-04-16,,,,,,38,C-Tier,,,Contact:18/Brand:5/Market:5/Reach:10
VAULT FORT LAUDERDALE (@vlt.ftl),Fort Lauderdale,Florida,USA,https://www.instagram.com/vlt.ftl/,@vlt.ftl,,1037486289,,,2026-04-16,,,,,,38,C-Tier,,,Contact:18/Brand:5/Market:5/Reach:10
"VAULT FORT LAUDERDALE on Instagram: ""VLT Fort ...",Fort Lauderdale,Florida,USA,https://www.instagram.com/reel/C6HU8aKu9pC/,@rsrc.php,,1037486289,,,2026-04-16,,,,,,38,C-Tier,,,Contact:18/Brand:5/Market:5/Reach:10
Fort Lauderdale,Fort Lauderdale,Florida,USA,https://valehealthykitchen.com/pages/fort-lauderdale,@valehealthykitchen,stephen@gointegral.co,1759853849,,,2026-04-16,,,,,,60,B-Tier,,,Contact:30/Brand:5/Market:5/Reach:20
"Fort Lauderdale on Instagram: ""VALE FOREVER 🤩",Fort Lauderdale,Florida,USA,https://www.instagram.com/p/DCUl_PcvBEw/,@coldshoulderkicksftl,,1037486289,,,2026-04-16,,,,,,38,C-Tier,,,Contact:18/Brand:5/Market:5/Reach:10
FTL- Cold Shoulder Kicks: High-end sneaker & clothing ...,Fort Lauderdale,Florida,USA,https://cskicksftl.com/?srsltid=AfmBOooCbFSiTvkiEQiJszMZM_5gzZswDXvyqbq7n2YqS9p0Bj8oo7cx,@coldshoulderkicksftl,,1725024684,,,2026-04-16,,,,,,38,C-Tier,,,Contact:18/Brand:5/Market:5/Reach:10
Island Style: Luxury Fashion Boutique at Fort Lauderdale ...,Fort Lauderdale,Florida,USA,https://islandstylefl.com/,,,,,,2026-04-16,,,,,,10,C-Tier,,,Contact:0/Brand:5/Market:5/Reach:0
High-End Shopping Experiences in South Florida,Fort Lauderdale,Florida,USA,https://jatinagroup.com/details/high-end-shopping-experiences-in-south-florida,@jatinagroup,,4174028012,,,2026-04-16,,,,,,38,C-Tier,,,Contact:18/Brand:5/Market:5/Reach:10
THE VAULT,Fort Lauderdale,Florida,USA,https://thevaultfl.com/,@font,,1746470621,,,2026-04-16,,,,,,38,C-Tier,,,Contact:18/Brand:5/Market:5/Reach:10
Galleria Mall at Fort Lauderdale,Fort Lauderdale,Florida,USA,https://stores.finishline.com/fl/ftlauderdale/galleria-mall-at-fort-lauderdale.html,@finishline,,(954) 568-7886,,,2026-04-16,,,,,,38,C-Tier,,,Contact:18/Brand:5/Market:5/Reach:10
"Running Wild, Fort Lauderdale's Store for Runners and Walkers",Fort Lauderdale,Florida,USA,https://runningwild.com/,@runningwildftl,,1519871334,,,2026-04-16,,,,,,38,C-Tier,,,Contact:18/Brand:5/Market:5/Reach:10
"Cold Shoulder Kicks - Fort Lauderdale, FL",Fort Lauderdale,Florida,USA,https://www.instagram.com/coldshoulderkicksftl/,@stableronaldo,,1037486289,,,2026-04-16,,,,,,38,C-Tier,,,Contact:18/Brand:5/Market:5/Reach:10
Hellstar Records Tee Cream,Jacksonville,Florida,USA,https://duvalkickz.com/products/untitled-aug19_11-24,@duval.kickz,,5536559929,,,2026-04-16,,,,,,38,C-Tier,,,Contact:18/Brand:5/Market:5/Reach:10
SOUL2SOLE | NEW HELLSTAR 🌟 NOW INSTOCK‼️ ...,Jacksonville,Florida,USA,https://www.instagram.com/p/C-3OwLOvOUC/,@rsrc.php,,1037486289,,,2026-04-16,,,,,,38,C-Tier,,,Contact:18/Brand:5/Market:5/Reach:10
Duval.Kickz,Jacksonville,Florida,USA,https://duvalkickz.com/,@duval.kickz,,5536559929,,,2026-04-16,,,,,,38,C-Tier,,,Contact:18/Brand:5/Market:5/Reach:10
Jacksonville Footwear & Apparel Store | Gateway Town ...,Jacksonville,Florida,USA,https://locations.dtlr.com/fl/jacksonville/gateway-town-center.html,@dtlrofficial,custserv@dtlr.com,1537521453,,,2026-04-16,,,,,,60,B-Tier,,,Contact:30/Brand:5/Market:5/Reach:20
Hellstar 'The Future Is Hellstar' Eye Tee (1996) Size M,Jacksonville,Florida,USA,https://www.instagram.com/p/DWO1kGujfs-/,@rsrc.php,,1037486289,,,2026-04-16,,,,,,38,C-Tier,,,Contact:18/Brand:5/Market:5/Reach:10
"on Instagram: ""Quick meetup for a Hellstar Tee #explorepage ...",Jacksonville,Florida,USA,https://www.instagram.com/reel/DWaIKzjjaTu/,@rsrc.php,,1037486289,,,2026-04-16,,,,,,38,C-Tier,,,Contact:18/Brand:5/Market:5/Reach:10
Hellstar shirts are in!!!! Dm me VENDOR to get started today ...,Jacksonville,Florida,USA,https://www.instagram.com/reel/DXAZBw4D5zp/,@rsrc.php,,1037486289,,,2026-04-16,,,,,,38,C-Tier,,,Contact:18/Brand:5/Market:5/Reach:10
Supreme Auto & Finance LLC: HOME,Jacksonville,Florida,USA,https://www.supremeautofinance.com/,,,,,,2026-04-16,,,,,,10,C-Tier,,,Contact:0/Brand:5/Market:5/Reach:0
"Supreme S and V Shop | Jacksonville, FL | Vape Shop | 5",Jacksonville,Florida,USA,https://www.fivestars.com/business/FL/Jacksonville/Vape-Shop/Supreme-S-and-V-Shop/00bf64f4e8fa4c4a90fe8860525a401a/,@fivestars,,844-893-1456,,,2026-04-16,,,,,,38,C-Tier,,,Contact:18/Brand:5/Market:5/Reach:10
"Supreme Smoke And Vape Shop - Reviews, Photos & Phone ...",Jacksonville,Florida,USA,https://supreme-smoke-and-vape-shop.wheree.com/,,,,,,2026-04-16,,,,,,10,C-Tier,,,Contact:0/Brand:5/Market:5/Reach:0
"High Quality Car Inventory in Jacksonville, FL",Jacksonville,Florida,USA,https://www.supremeautofinance.com/inventory/,,,,,,2026-04-16,,,,,,10,C-Tier,,,Contact:0/Brand:5/Market:5/Reach:0
Rosenblum's - Luxury Men's Clothing in Jacksonville | Est. 1898,Jacksonville,Florida,USA,https://www.rosenblums.com/,@wix,focus-within-polyfill@5.0.9,3694424393,,,2026-04-16,,,,,,60,B-Tier,,,Contact:30/Brand:5/Market:5/Reach:20
"Dillard's St. Johns Town Center, Jacksonville, Florida",Jacksonville,Florida,USA,https://www.dillards.com/stores/florida/st.-johns-town-center-jacksonville/0230?srsltid=AfmBOoqPl0A54InyLQRjhq_I2ajoVnWk5qq4qLK7SJvcDRvB22wHa3mJ,,,117.1776364,,,2026-04-16,,,,,,18,C-Tier,,,Contact:8/Brand:5/Market:5/Reach:0
"rhude shirts for Sale in Jacksonville, FL",Jacksonville,Florida,USA,https://offerup.com/item/detail/3a8214e1-9a2d-3a5f-aaa3-d6530e498874,@offerup,,2458588754,,,2026-04-16,,,,,,38,C-Tier,,,Contact:18/Brand:5/Market:5/Reach:10
"Shop Rhude Clothing Online - T-Shirts, Pants, and More",Jacksonville,Florida,USA,https://feature.com/collections/rhude?srsltid=AfmBOooNCcc05_YGsKlTtqoK4xlhBSmB4Zd4PpcZu-uiPdxaBI-ltECd,@feature,icon-paypal@2x.static.png,1554395407,,,2026-04-16,,,,,,60,B-Tier,,,Contact:30/Brand:5/Market:5/Reach:20
New @valelives just in!!!!! Come get them while they are ...,Jacksonville,Florida,USA,https://www.instagram.com/p/DObmgO0kQL8/,@valelives,,1037486289,,,2026-04-16,,,,,,38,C-Tier,,,Contact:18/Brand:5/Market:5/Reach:10
Vale Forever sports tees available. 🥊🏈🏀 All colors and ...,Jacksonville,Florida,USA,https://www.instagram.com/p/DP2EJ7LEvGQ/,@rsrc.php,,1037486289,,,2026-04-16,,,,,,38,C-Tier,,,Contact:18/Brand:5/Market:5/Reach:10
Bravo Supermarkets | Locally Owned | Grocery | Online Ordering,Jacksonville,Florida,USA,https://www.bravosupermarkets.com/,@bravo.supermarkets,,1741670242,,,2026-04-16,,,,,,38,C-Tier,,,Contact:18/Brand:5/Market:5/Reach:10
Vape City: Home,Jacksonville,Florida,USA,https://vapecity.us/,,,,,,2026-04-16,,,,,,10,C-Tier,,,Contact:0/Brand:5/Market:5/Reach:0
Vale streetwear Going out! 🇺🇸 Open Till 9PM Buy•Sell,Jacksonville,Florida,USA,https://www.instagram.com/p/DWumBiqFFdm/,@rsrc.php,,1037486289,,,2026-04-16,,,,,,38,C-Tier,,,Contact:18/Brand:5/Market:5/Reach:10
VALE FOREVER RETURN OF THE VALE BLACK HOODIE,Jacksonville,Florida,USA,https://timeless-sneakers.com/products/vale-forever-return-of-vale-black-hoodie,@shopify,,1736796520,,,2026-04-16,,,,,,38,C-Tier,,,Contact:18/Brand:5/Market:5/Reach:10
Jacksonville,Jacksonville,Florida,USA,https://valehealthykitchen.com/pages/jacksonville,@valehealthykitchen,stephen@gointegral.co,1759853849,,,2026-04-16,,,,,,60,B-Tier,,,Contact:30/Brand:5/Market:5/Reach:20
BACKSTREET ✮ (@backstreetjax),Jacksonville,Florida,USA,https://www.instagram.com/backstreetjax/,@backstreetjax,,1037486289,,,2026-04-16,,,,,,38,C-Tier,,,Contact:18/Brand:5/Market:5/Reach:10
Swag Shop | Premier Urban Streetwear & Custom Apparel in ...,Jacksonville,Florida,USA,https://swagshopclothing.com/?srsltid=AfmBOoonTsdzjhAgunyAZr2FdUC4E1DfR8wN5RncHD4InXgU77koaDqr,@font,,1724272880,,,2026-04-16,,,,,,38,C-Tier,,,Contact:18/Brand:5/Market:5/Reach:10
"Designers Closet - A Shopping Center in Jacksonville, FL",Jacksonville,Florida,USA,https://www.simon.com/mall/the-avenues/stores/designers-closet,,,,,,2026-04-16,,,,,,10,C-Tier,,,Contact:0/Brand:5/Market:5/Reach:0
"CAPTIVATED CLOSET (@captivatedcloset) · Jacksonville, FL",Jacksonville,Florida,USA,https://www.instagram.com/captivatedcloset/,@captivatedcloset,,1037486289,,,2026-04-16,,,,,,38,C-Tier,,,Contact:18/Brand:5/Market:5/Reach:10
St. Johns Town Center - Jacksonville,Jacksonville,Florida,USA,https://stores.jdsports.com/fl/jacksonville/st.-johns-town-center.html,@jdsportsus,,(904) 997-8967,,,2026-04-16,,,,,,38,C-Tier,,,Contact:18/Brand:5/Market:5/Reach:10
Leveled Up Sneaker Boutique (@leveledupstore),Jacksonville,Florida,USA,https://www.instagram.com/leveledupstore/?hl=en,@leveledupstore,,1037486289,,,2026-04-16,,,,,,38,C-Tier,,,Contact:18/Brand:5/Market:5/Reach:10
"🏁Final Lap🏁 (@finallapshop) · Jacksonville, FL",Jacksonville,Florida,USA,https://www.instagram.com/finallapshop/,@finallapshop,,1037486289,,,2026-04-16,,,,,,38,C-Tier,,,Contact:18/Brand:5/Market:5/Reach:10
8103 Clothing,Jacksonville,Florida,USA,https://8103clothing.com/,@8103clothing,,1776280355,,,2026-04-16,,,,,,38,C-Tier,,,Contact:18/Brand:5/Market:5/Reach:10
"Robert Graham - A Shopping Center in Boca Raton, FL",Boca Raton,Florida,USA,https://www.simon.com/mall/town-center-at-boca-raton/stores/robert-graham,,,,,,2026-04-16,,,,,,10,C-Tier,,,Contact:0/Brand:5/Market:5/Reach:0
#Hellstar 🚨 New sleeveless graphic tee's just arrived. ...,Boca Raton,Florida,USA,https://www.instagram.com/p/DI3wi14tIVe/,@rsrc.php,,1037486289,,,2026-04-16,,,,,,38,C-Tier,,,Contact:18/Brand:5/Market:5/Reach:10
New Gear In Store & Online Now! HellStar Pixel L/S Tee sz ...,Boca Raton,Florida,USA,https://www.instagram.com/p/CzWyqb8pIf2/,@rsrc.php,,1037486289,,,2026-04-16,,,,,,38,C-Tier,,,Contact:18/Brand:5/Market:5/Reach:10
Brands at Town Center at Boca Raton® - Simon,Boca Raton,Florida,USA,https://www.simon.com/brands/center/town-center-at-boca-raton,,,,,,2026-04-16,,,,,,10,C-Tier,,,Contact:0/Brand:5/Market:5/Reach:0
HellStar Tee Brand New,Boca Raton,Florida,USA,https://www.ebay.com/itm/286011848046,@ebay,,2026041419,,,2026-04-16,,,,,,38,C-Tier,,,Contact:18/Brand:5/Market:5/Reach:10
SUPREME MOTORS of Boca Raton,Boca Raton,Florida,USA,https://www.braunability.com/us/en/handicap-mobility-van-dealer-locator/dealers/supreme-motors/fl/boca-raton.html,@braunability,js-cookie@3.0.5,800-488-0359,,,2026-04-16,,,,,,60,B-Tier,,,Contact:30/Brand:5/Market:5/Reach:20
Handicap Accessible Vans and Mobility ... - Supreme Motors,Boca Raton,Florida,USA,https://suprememotorsusa.com/autos?body_style=Conversion%20Van,@suprememotorsfla.com,usedcars@suprememotorsfla.com,(954) 561-2499,,,2026-04-16,,,,,,60,B-Tier,,,Contact:30/Brand:5/Market:5/Reach:20
"Supreme Deals Inc Company Profile | Boca Raton, Florida",Boca Raton,Florida,USA,https://www.dnb.com/business-directory/company-profiles.supreme_deals_inc.b3c0a85f08df1ec10714e8f571593872.html,,,,,,2026-04-16,,,,,,10,C-Tier,,,Contact:0/Brand:5/Market:5/Reach:0
The Boca Raton,Boca Raton,Florida,USA,https://www.rhone.com/locations/the-boca-raton/?srsltid=AfmBOoq5F7faQWv-a3kFBNH9xXv22WF1Tgn3c836WBmmyj7p5tc1wXaj,,,,,,2026-04-16,,,,,,10,C-Tier,,,Contact:0/Brand:5/Market:5/Reach:0
Raise The Bar Menswear: From the beach to black tie,Boca Raton,Florida,USA,https://rtbboca.com/,@media,RTB_Logo_245x@2x.png,1626800338,,,2026-04-16,,,,,,60,B-Tier,,,Contact:30/Brand:5/Market:5/Reach:20
Request Boutique Boca (@requestboutiquebocaraton),Boca Raton,Florida,USA,https://www.instagram.com/requestboutiquebocaraton/,@requestboutiquebocaraton,,1037486289,,,2026-04-16,,,,,,38,C-Tier,,,Contact:18/Brand:5/Market:5/Reach:10
Rhude Collection SS 2026,Boca Raton,Florida,USA,https://www.giglio.com/en-us/rhude/?srsltid=AfmBOoqJAp0U_VFzF_KJbMwzn35p7XAbqMhyUfUI8w0wilcvLUUO-VLV,,,1776364945,,,2026-04-16,,,,,,18,C-Tier,,,Contact:8/Brand:5/Market:5/Reach:0
RH Outlet Boca Raton - RH Teen,Boca Raton,Florida,USA,https://rhteen.rh.com/ca/en/store-locations/654.jsp,@rh.com.,,,,,2026-04-16,,,,,,30,C-Tier,,,Contact:10/Brand:5/Market:5/Reach:10
VALE FOOD COMPANY NOW OPEN AT BOCA CENTER,Boca Raton,Florida,USA,https://bocacenter.com/f/vale-food-company,@bocacenter,eben@eyebytes.com,2744186046,,,2026-04-16,,,,,,60,B-Tier,,,Contact:30/Brand:5/Market:5/Reach:20
Vale Forever garments now available in multiple styles in ...,Boca Raton,Florida,USA,https://www.instagram.com/p/DLaVNBOxvsl/,@rsrc.php,,1037486289,,,2026-04-16,,,,,,38,C-Tier,,,Contact:18/Brand:5/Market:5/Reach:10
Boca Raton,Boca Raton,Florida,USA,https://valehealthykitchen.com/pages/location-boca-raton,@valehealthykitchen,stephen@gointegral.co,1759853849,,,2026-04-16,,,,,,60,B-Tier,,,Contact:30/Brand:5/Market:5/Reach:20
"Edikted - A Shopping Center in Boca Raton, FL - Simon",Boca Raton,Florida,USA,https://www.simon.com/mall/town-center-at-boca-raton/stores/edikted,,,,,,2026-04-16,,,,,,10,C-Tier,,,Contact:0/Brand:5/Market:5/Reach:0
Addict - Bal Harbour Shops Pop-up,Boca Raton,Florida,USA,https://www.balharbourshopspopup.com/brand/addict/,@balharbourshops_popup,,1527340294,,,2026-04-16,,,,,,38,C-Tier,,,Contact:18/Brand:5/Market:5/Reach:10
Our Locations,Boca Raton,Florida,USA,https://www.revivalboutiques.com/pages/our-locations,@media,revival-logo_1_600x@2x.png,7764205678,,,2026-04-16,,,,,,60,B-Tier,,,Contact:30/Brand:5/Market:5/Reach:20
Request Boutique Boca | Request The Place Where Everyone ...,Boca Raton,Florida,USA,https://www.instagram.com/reel/DPUcljljbjI/,@rsrc.php,,1037486289,,,2026-04-16,,,,,,38,C-Tier,,,Contact:18/Brand:5/Market:5/Reach:10
"Wish & Shoes Boca Raton, Florida",Boca Raton,Florida,USA,https://www.wishandshoes.com/wish-shoes-boca-raton-florida/,,,,,,2026-04-16,,,,,,10,C-Tier,,,Contact:0/Brand:5/Market:5/Reach:0
https://www.revivalboutiques.com/ – Revival Boutique,Boca Raton,Florida,USA,https://www.revivalboutiques.com/,@revivalboutiques,revival-logo_1_600x@2x.png,7764205678,,,2026-04-16,,,,,,60,B-Tier,,,Contact:30/Brand:5/Market:5/Reach:20
Fancy James Boutique Ⓡ (@fancyjamesboutique),Boca Raton,Florida,USA,https://www.instagram.com/fancyjamesboutique/,@fancyjames,,1037486289,,,2026-04-16,,,,,,38,C-Tier,,,Contact:18/Brand:5/Market:5/Reach:10
Jessie Boutique: Jessie a Fashion Boutique,Boca Raton,Florida,USA,https://jessieboutique.com/?srsltid=AfmBOorGHyQaP8OCGYmxQBzm6HGHu-3gWzPhW_ALBSCBfuc5RYSPRor1,@jessieboutique,CS@JESSIEBOUTIQUE.COM,1613526311,,,2026-04-16,,,,,,60,B-Tier,,,Contact:30/Brand:5/Market:5/Reach:20
New Boutiques To Visit Around Town - Boca Raton ...,Boca Raton,Florida,USA,https://bocamag.com/new-boutiques-to-visit-around-town/,@roomeightstudio,production@bocamag.com,4021622051,,,2026-04-16,,,,,,60,B-Tier,,,Contact:30/Brand:5/Market:5/Reach:20
Etiquette Boutique,Boca Raton,Florida,USA,https://etiquetteboutique.com/,@layer,hello@etiquetteboutique.com,9999999999,,,2026-04-16,,,,,,60,B-Tier,,,Contact:30/Brand:5/Market:5/Reach:20
Boca Raton Shoe & Sneaker Store | Boca Town Center JD ...,Boca Raton,Florida,USA,https://stores.jdsports.com/fl/bocaraton/boca-town-center.html,@jdsportsus,,(561) 210-0422,,,2026-04-16,,,,,,38,C-Tier,,,Contact:18/Brand:5/Market:5/Reach:10
ggdb / boca raton town center,Boca Raton,Florida,USA,https://www.goldengoose.com/us/en/stores/boca-raton/118,@goldengoose,accessibility.info@goldengoose.com,1776353947,,,2026-04-16,,,,,,60,B-Tier,,,Contact:30/Brand:5/Market:5/Reach:20
Urban Wear Connection (@urbanwearconnection),Boca Raton,Florida,USA,https://www.instagram.com/urbanwearconnection/,@urbanwearconnection,,1037486289,,,2026-04-16,,,,,,38,C-Tier,,,Contact:18/Brand:5/Market:5/Reach:10
best prices in south florida available in-store and online,West Palm Beach,Florida,USA,https://www.instagram.com/p/C6wb8aKOpk8/,@rsrc.php,,1037486289,,,2026-04-16,,,,,,38,C-Tier,,,Contact:18/Brand:5/Market:5/Reach:10
"Atlas 🔝 Supplier (@atlasresells) · West Palm Beach, FL",West Palm Beach,Florida,USA,https://www.instagram.com/atlasresells/,@atlasresells,,1037486289,,,2026-04-16,,,,,,38,C-Tier,,,Contact:18/Brand:5/Market:5/Reach:10
West Palm Beach (FL),West Palm Beach,Florida,USA,https://locations.dtlr.com/fl/westpalmbeach/west-palm-beach-fl.html,@dtlrofficial,custserv@dtlr.com,1537521453,,,2026-04-16,,,,,,60,B-Tier,,,Contact:30/Brand:5/Market:5/Reach:20
Sports,West Palm Beach,Florida,USA,https://hellstar.com/collections/sports,@HELLSTAR,,5230780330,,,2026-04-16,,,,,,38,C-Tier,,,Contact:18/Brand:5/Market:5/Reach:10
New Hellstar Sports just touched down!,West Palm Beach,Florida,USA,https://www.instagram.com/p/DLGGeCRS6pf/,@rsrc.php,,1037486289,,,2026-04-16,,,,,,38,C-Tier,,,Contact:18/Brand:5/Market:5/Reach:10
Hellstar T-Shirt,West Palm Beach,Florida,USA,https://www.ebay.com/itm/317040649610,@ebay,,2026041419,,,2026-04-16,,,,,,38,C-Tier,,,Contact:18/Brand:5/Market:5/Reach:10
Find a Dealer,West Palm Beach,Florida,USA,https://supremetowboats.com/find-a-dealer/,@supremeboats,,1482546992,,,2026-04-16,,,,,,38,C-Tier,,,Contact:18/Brand:5/Market:5/Reach:10
𝐑 𝐄 𝐋 𝐔 𝐗 𝐄 - 𝐖𝐄𝐒𝐓 𝐏𝐀𝐋𝐌 𝐁𝐄𝐀𝐂𝐇 (@reluxe),West Palm Beach,Florida,USA,https://www.instagram.com/reluxe/,@reluxe,,1037486289,,,2026-04-16,,,,,,38,C-Tier,,,Contact:18/Brand:5/Market:5/Reach:10
"New Supreme Boats for Sale in West Palm Beach, FL",West Palm Beach,Florida,USA,https://www.orlandoboats.com/west-palm-beach-fl-new-supreme-boats-for-sale/,@RegalNautiqueOrlando,info@orlandonautiques.com,1748018115,,,2026-04-16,,,,,,60,B-Tier,,,Contact:30/Brand:5/Market:5/Reach:20
Supreme is opening its first-ever store in Miami tomorrow,West Palm Beach,Florida,USA,https://www.timeout.com/miami/news/supreme-is-opening-its-first-ever-store-in-miami-tomorrow-040925,@context,,1105237622,,,2026-04-16,,,,,,38,C-Tier,,,Contact:18/Brand:5/Market:5/Reach:10
Ramon Puig Guayaberas,West Palm Beach,Florida,USA,https://ramonpuig.com/?srsltid=AfmBOooKknGiyTgaRLRUAyd-YhT-u3iQgvt7oVcGas1L6s2vRNybs4Fp,@ramonpuigguayaberas,Cotton-LS-LtBlue_345x345@2x.jpg,1125913767,,,2026-04-16,,,,,,60,B-Tier,,,Contact:30/Brand:5/Market:5/Reach:20
Products,West Palm Beach,Florida,USA,https://www.feuilleshop.com/collections/all/rhude?srsltid=AfmBOop0t7PbgB56darwYkZlXVTGmEyrfySR3tomqLOzKb77EHa7Nvwd,@feuilleluxury,info@feuilleshop.com,1754412589,,,2026-04-16,,,,,,60,B-Tier,,,Contact:30/Brand:5/Market:5/Reach:20
FMB PALM BEACH LLC. (@fmbpalmbeach),West Palm Beach,Florida,USA,https://www.instagram.com/fmbpalmbeach/,@fmbpalmbeach,,1037486289,,,2026-04-16,,,,,,38,C-Tier,,,Contact:18/Brand:5/Market:5/Reach:10
Men | Rhude,West Palm Beach,Florida,USA,https://www.saksfifthavenue.com/c/men/rhude,,,,,,2026-04-16,,,,,,10,C-Tier,,,Contact:0/Brand:5/Market:5/Reach:0
Linz Shop - ShopSimon,West Palm Beach,Florida,USA,https://shop.simon.com/collections/store-linz-shop,@shopsimon,,5887914853,,,2026-04-16,,,,,,38,C-Tier,,,Contact:18/Brand:5/Market:5/Reach:10
"Dunkin'® | America's Favorite Coffee, Espresso and Donuts ...",West Palm Beach,Florida,USA,https://www.dunkindonuts.com/en,@dunkin,img_Home_mWeb@2x.png,3564876057,,,2026-04-16,,,,,,60,B-Tier,,,Contact:30/Brand:5/Market:5/Reach:20
Habit Burger & Grill - Contact Us,West Palm Beach,Florida,USA,https://www.habitburger.com/contact-us/feedback/,@habitburgerandgrill,,1638226590,,,2026-04-16,,,,,,38,C-Tier,,,Contact:18/Brand:5/Market:5/Reach:10
Valley,West Palm Beach,Florida,USA,https://www.valley.com/,@valleybank,ENCOMPASSADMIN@VALLEY.COM,7842899024,,,2026-04-16,,,,,,60,B-Tier,,,Contact:30/Brand:5/Market:5/Reach:20
"Ecolab: Water, Hygiene and Infection Prevention Solutions ...",West Palm Beach,Florida,USA,https://www.ecolab.com/,,,,,,2026-04-16,,,,,,10,C-Tier,,,Contact:0/Brand:5/Market:5/Reach:0
"“Vale Lives” is always available @cordial.kicks, here's a ...",West Palm Beach,Florida,USA,https://www.instagram.com/p/DTd82ZHiUBF/,@cordial.kicks,,1037486289,,,2026-04-16,,,,,,38,C-Tier,,,Contact:18/Brand:5/Market:5/Reach:10
Vera Bradley® - Stylish Bags & Accessories for Women,West Palm Beach,Florida,USA,https://verabradley.com/,@verabradley,NewArrivals-D_6a1bc7bc-e3f6-47f1-9711-e54d679751b6_1440x@2x.jpg,1738541407,,,2026-04-16,,,,,,60,B-Tier,,,Contact:30/Brand:5/Market:5/Reach:20
FY15 Fatalities and Catastrophes To Date,West Palm Beach,Florida,USA,https://www.osha.gov/sites/default/files/fy15_federal-state_summaries.pdf,@6_Ij,O@C.d,897-8477580,,,2026-04-16,,,,,,60,B-Tier,,,Contact:30/Brand:5/Market:5/Reach:20
West Palm Beach Florida Auto Parts Stores and ...,West Palm Beach,Florida,USA,https://locations.autovalue.com/fl/west-palm-beach/,@context,,561-478-2188,,,2026-04-16,,,,,,38,C-Tier,,,Contact:18/Brand:5/Market:5/Reach:10
"4764 okeechobee blvd., west palm beach, florida fl 33417",West Palm Beach,Florida,USA,https://valuepawnandjewelry.com/stores/fl/west-palm-beach/4764-okeechobee-blvd/,@valuepawnofficial,store-img-default@2x.jpg,1033326030,,,2026-04-16,,,,,,60,B-Tier,,,Contact:30/Brand:5/Market:5/Reach:20
Value Pawn & Jewelry,West Palm Beach,Florida,USA,https://maps.apple.com/place?place-id=I3DBC1205FEA46B6A,@context,snippet-yelp-logo-6@2x.png,0089933000,,,2026-04-16,,,,,,60,B-Tier,,,Contact:30/Brand:5/Market:5/Reach:20
Vale celebrates a decade of growth with 10 locations ...,West Palm Beach,Florida,USA,https://www.instagram.com/p/DAJbNj1OVCG/,@rsrc.php,,1037486289,,,2026-04-16,,,,,,38,C-Tier,,,Contact:18/Brand:5/Market:5/Reach:10
West Palm Beach Auto Value,West Palm Beach,Florida,USA,https://locations.autovalue.com/fl/west-palm-beach/103395980/,@context,,561-478-2188,,,2026-04-16,,,,,,38,C-Tier,,,Contact:18/Brand:5/Market:5/Reach:10
"HYPE STREETWEAR (HYPEGRL) - West Palm Beach, FL",West Palm Beach,Florida,USA,https://nextdoor.com/pages/hypegrl-west-palm-beach-fl-1/,@supports,mood-like-off_16@3x-1298283633a0f2ffc7d073c5c4b14338.png,1146116819,,,2026-04-16,,,,,,60,B-Tier,,,Contact:30/Brand:5/Market:5/Reach:20
Discovering the Finest Boutiques in West Palm Beach,West Palm Beach,Florida,USA,https://www.theberkeleypalmbeach.com/discovering-the-finest-boutiques-in-west-palm-beach/,,,,,,2026-04-16,,,,,,10,C-Tier,,,Contact:0/Brand:5/Market:5/Reach:0
Palm Beach's #1 Urban/Streetwear boutique clothing store ...,West Palm Beach,Florida,USA,https://www.instagram.com/p/DWrPpuljhcx/,@rsrc.php,,1037486289,,,2026-04-16,,,,,,38,C-Tier,,,Contact:18/Brand:5/Market:5/Reach:10
Creamstreetwear carries the latest in men's streetwear brands ...,West Palm Beach,Florida,USA,https://www.creamstreetlife.com/,@creamstreetwear,,2570940018,,,2026-04-16,,,,,,38,C-Tier,,,Contact:18/Brand:5/Market:5/Reach:10
Cold Shoulder Kicks: High-end sneaker resell boutique – PB,West Palm Beach,Florida,USA,https://cskicks.com/?srsltid=AfmBOorNXEecAGwPNzHxWzCUaGyuKA1CCvyFjAfSz4DVywLRNeIzY-vd,@coldshoulderkicks,,1721427898,,,2026-04-16,,,,,,38,C-Tier,,,Contact:18/Brand:5/Market:5/Reach:10
Hit up the accounts tagged to shop APPOINTMENT ONLY. ...,West Palm Beach,Florida,USA,https://www.instagram.com/p/DUT-AqCjk-D/,@rsrc.php,,1037486289,,,2026-04-16,,,,,,38,C-Tier,,,Contact:18/Brand:5/Market:5/Reach:10
https://impossiblekicks.com/?utm_source=gmb_palmbe...,West Palm Beach,Florida,USA,https://impossiblekicks.com/?utm_source=gmb_palmbeach&utm_medium=organic&srsltid=AfmBOoqWug9ZIatuvmGWVlG4VK9gwrQ7WUWm86yiEXWSgO9Srf6ZMrxz,,,,,,2026-04-16,,,,,,10,C-Tier,,,Contact:0/Brand:5/Market:5/Reach:0
Aston Martin DB12 Volante Palm Beach Edition,West Palm Beach,Florida,USA,https://hypebeast.com/2025/5/aston-martin-db12-volante-palm-beach-edition-release-info,@hypebeast,google-play-en@2x.png,3702846231,,,2026-04-16,,,,,,60,B-Tier,,,Contact:30/Brand:5/Market:5/Reach:20
New Mixed Emotions Just Landed! What's your favorite piece ...,West Palm Beach,Florida,USA,https://www.instagram.com/reel/DU863AYgdCm/,@rsrc.php,,1037486289,,,2026-04-16,,,,,,38,C-Tier,,,Contact:18/Brand:5/Market:5/Reach:10
Nike Factory Store - West Palm Beach,West Palm Beach,Florida,USA,https://www.nike.com/retail/s/nfs-west-palm-beach,@context,,1776365344,,,2026-04-16,,,,,,38,C-Tier,,,Contact:18/Brand:5/Market:5/Reach:10
Palm Beach Streetwear Market (@ ...,West Palm Beach,Florida,USA,https://www.instagram.com/palmbeachstreetwearmarket/,@rsrc.php,,1037486289,,,2026-04-16,,,,,,38,C-Tier,,,Contact:18/Brand:5/Market:5/Reach:10
"Almighty Kicks (@almightykicksmiami) · Miami, FL",Hialeah,Florida,USA,https://www.instagram.com/almightykicksmiami/,@almightykicksmiami,,1037486289,,,2026-04-16,,,,,,38,C-Tier,,,Contact:18/Brand:5/Market:5/Reach:10
Hellstar Miami Boutiques,Hialeah,Florida,USA,https://www.instagram.com/popular/hellstar-miami-boutiques/,@hellstar,,1037486289,,,2026-04-16,,,,,,38,C-Tier,,,Contact:18/Brand:5/Market:5/Reach:10
"SUPREME DESIGNS, INC Reviews - Hialeah, FL",Hialeah,Florida,USA,https://www.homeadvisor.com/rated.SUPREMEDESIGNSINC.143565877.html,,,,,,2026-04-16,,,,,,10,C-Tier,,,Contact:0/Brand:5/Market:5/Reach:0
Supreme Cleaning Supply (@supremecleaningsupply),Hialeah,Florida,USA,https://www.instagram.com/supremecleaningsupply/,@gmail.con,,1037486289,,,2026-04-16,,,,,,38,C-Tier,,,Contact:18/Brand:5/Market:5/Reach:10
Supreme Vending: Vending Company | Vending Company ...,Hialeah,Florida,USA,https://www.supremevendingservices.com/,@context,supremevending57@gmail.com,1800291896,,,2026-04-16,,,,,,60,B-Tier,,,Contact:30/Brand:5/Market:5/Reach:20
New Supreme store just dropped in Miami's Design District ...,Hialeah,Florida,USA,https://www.instagram.com/reel/DIvqWFEO5gJ/,@rsrc.php,,1037486289,,,2026-04-16,,,,,,38,C-Tier,,,Contact:18/Brand:5/Market:5/Reach:10
Rhude Miami Store Location,Hialeah,Florida,USA,https://www.instagram.com/popular/rhude-miami-store-location/,@rsrc.php,,1037486289,,,2026-04-16,,,,,,38,C-Tier,,,Contact:18/Brand:5/Market:5/Reach:10
New Fits Available In-Store Daily🌴 Open 12-8PM 3910 NW ...,Hialeah,Florida,USA,https://www.instagram.com/p/DXK0vjOmJB_/,@almightykicksmiami.,,1037486289,,,2026-04-16,,,,,,38,C-Tier,,,Contact:18/Brand:5/Market:5/Reach:10
"Research, Demonstration, Training, and Fellowship Awards",Hialeah,Florida,USA,https://nepis.epa.gov/Exe/ZyPURL.cgi?Dockey=91008WQ0.TXT,,,,,,2026-04-16,,,,,,10,C-Tier,,,Contact:0/Brand:5/Market:5/Reach:0
Vale Clothing Stores Miami,Hialeah,Florida,USA,https://www.instagram.com/popular/vale-clothing-stores-miami/,@valelives,,1037486289,,,2026-04-16,,,,,,38,C-Tier,,,Contact:18/Brand:5/Market:5/Reach:10
Heather Elder - Greater Minneapolis-St. Paul Area,Hialeah,Florida,USA,https://www.linkedin.com/in/heather-elder-8023901,,,,,,2026-04-16,,,,,,10,C-Tier,,,Contact:0/Brand:5/Market:5/Reach:0
"Ingram Micro Logistic Jobs, Employment",Hialeah,Florida,USA,https://www.indeed.com/q-ingram-micro-logistic-jobs.html,,,,,,2026-04-16,,,,,,10,C-Tier,,,Contact:0/Brand:5/Market:5/Reach:0
"Miami, FL Townhomes for Rent under $2500",Hialeah,Florida,USA,https://www.homes.com/miami-fl/townhouses-for-rent/under-2500/,,,,,,2026-04-16,,,,,,10,C-Tier,,,Contact:0/Brand:5/Market:5/Reach:0
Christmas Wonderland. - Tropical Park | Nov 13 - Jan 4,Hialeah,Florida,USA,https://miamiwonderland.com/,@christmaswonderlandmia,Support@MiamiWonderland.com,1775563807,,,2026-04-16,,,,,,60,B-Tier,,,Contact:30/Brand:5/Market:5/Reach:20
"Vale Forever @valelives available now, online and at all ...",Hialeah,Florida,USA,https://www.instagram.com/p/DT8dsINEbt0/,@valelives,,1037486289,,,2026-04-16,,,,,,38,C-Tier,,,Contact:18/Brand:5/Market:5/Reach:10
"Shop Vale Forever Streetwear — Tees, Hoodies & More",Hialeah,Florida,USA,https://commonhype.com/collections/vale-forever?srsltid=AfmBOooFQ5GrdoxRnIlD8EAFs0YhGNdwzbRhNQxqXbseohzsLYEEB4er,@commonhype,,9166543286,,,2026-04-16,,,,,,38,C-Tier,,,Contact:18/Brand:5/Market:5/Reach:10
Vale Thermals Available ✔️ 📍3416 Nw 7th AVE MIAMI FL📍,Hialeah,Florida,USA,https://www.instagram.com/p/DWcmGQwDjjS/,@rsrc.php,,1037486289,,,2026-04-16,,,,,,38,C-Tier,,,Contact:18/Brand:5/Market:5/Reach:10
#Vale 🚨 All new Vale in stock now. We're getting ...,Hialeah,Florida,USA,https://www.instagram.com/p/DVg3KLfEWUP/,@rsrc.php,,1037486289,,,2026-04-16,,,,,,38,C-Tier,,,Contact:18/Brand:5/Market:5/Reach:10
"Vale & Ale Inc Hialeah, FL - filing information",Hialeah,Florida,USA,https://www.bizprofile.net/fl/hialeah/vale-ale-inc,@bizprofilesplashes,,7863821846,,,2026-04-16,,,,,,38,C-Tier,,,Contact:18/Brand:5/Market:5/Reach:10
"Westland Mall on Instagram: ""New drop alert: CATCH is ...",Hialeah,Florida,USA,https://www.instagram.com/reel/DKZ4PaWviuE/,@rsrc.php,,1037486289,,,2026-04-16,,,,,,38,C-Tier,,,Contact:18/Brand:5/Market:5/Reach:10
Rep Your City Clothing - Hialeah Street Wear,Hialeah,Florida,USA,https://www.hialeahstreetwear.com/?zip=Hollywood%2C%20FL&add-to-cart=592,@media,,1771523124,,,2026-04-16,,,,,,38,C-Tier,,,Contact:18/Brand:5/Market:5/Reach:10
"TOPTIER MIAMI (@toptiermia) · Hialeah, FL",Hialeah,Florida,USA,https://www.instagram.com/toptiermia/,@toptiermia,,1037486289,,,2026-04-16,,,,,,38,C-Tier,,,Contact:18/Brand:5/Market:5/Reach:10
DAILYMIA,Hialeah,Florida,USA,https://dailymia.com/?srsltid=AfmBOop-M1ACQf2_QkqvupCidxuh1FRiG4FYV4R1MsG9JpzPIkX2qEUA,@dailymia,,1694546870,,,2026-04-16,,,,,,38,C-Tier,,,Contact:18/Brand:5/Market:5/Reach:10
East Hialeah Marketplace - Miami Footwear & Apparel Store,Hialeah,Florida,USA,https://locations.dtlr.com/fl/miami/east-hialeah-marketplace.html,@dtlrofficial,custserv@dtlr.com,1537521453,,,2026-04-16,,,,,,60,B-Tier,,,Contact:30/Brand:5/Market:5/Reach:20
Sneaker Shop Hialeah FL,Hialeah,Florida,USA,https://www.shopwss.com/pages/hialeah-store-159?srsltid=AfmBOoov7y5tDqwokhCn8fvNjzDNqHMBstdR5N0bUm_lXpzTqp-QoXjZ,@ShopWSS,help@shopwss.com,1759352978,,,2026-04-16,,,,,,60,B-Tier,,,Contact:30/Brand:5/Market:5/Reach:20
Hypebeast Stores Miami,Hialeah,Florida,USA,https://www.instagram.com/popular/hypebeast-stores-miami/,@rsrc.php,,1037486289,,,2026-04-16,,,,,,38,C-Tier,,,Contact:18/Brand:5/Market:5/Reach:10
The Fashion House Miami Hialeah,Hialeah,Florida,USA,https://www.instagram.com/popular/the-fashion-house-miami-hialeah/,@rsrc.php,,1037486289,,,2026-04-16,,,,,,38,C-Tier,,,Contact:18/Brand:5/Market:5/Reach:10
the shoppes of highland,Hialeah,Florida,USA,https://www.famousfootwear.com/stores/fl/hialieah/33018/the-shoppes-of-highland-03631,,,,,,2026-04-16,,,,,,10,C-Tier,,,Contact:0/Brand:5/Market:5/Reach:0
Norwescon XI: PB,Coral Gables,Florida,USA,https://fanac.org/conpubs/Norwescon/Norwescon%20XI/Norwescon%2011%20PB.pdf,@Jbl,Eg@s.t,0722022091,,,2026-04-16,,,,,,60,B-Tier,,,Contact:30/Brand:5/Market:5/Reach:20
Supreme Miami,Coral Gables,Florida,USA,https://www.instagram.com/popular/supreme-miami/,@rsrc.php,,1037486289,,,2026-04-16,,,,,,38,C-Tier,,,Contact:18/Brand:5/Market:5/Reach:10
Business Brokers in Coral Gables | Sell or Buy a Business ...,Coral Gables,Florida,USA,https://supremebusinessbrokerscoralgables.com/,@lovable_dev,,1762019008,,,2026-04-16,,,,,,38,C-Tier,,,Contact:18/Brand:5/Market:5/Reach:10
Rhone,Coral Gables,Florida,USA,https://www.shopsatmerrickpark.com/en/directory/24413/,@shopsatmerrickpark,merrickparkadmin@brookfieldproperties.com,1727116001,,,2026-04-16,,,,,,60,B-Tier,,,Contact:30/Brand:5/Market:5/Reach:20
Rhude All Mall Brands - ShopSimon,Coral Gables,Florida,USA,https://shop.simon.com/collections/curated-all-mall-brands?Brand=Rhude,@shopsimon,,5887914853,,,2026-04-16,,,,,,38,C-Tier,,,Contact:18/Brand:5/Market:5/Reach:10
Merrick Park,Coral Gables,Florida,USA,https://www.rhone.com/locations/merrick-park/?srsltid=AfmBOooCUJZ3BX6t9kPNV8ahQhiyVjzQJYf0zPIWC5awW-faT1T5eTmS,,,,,,2026-04-16,,,,,,10,C-Tier,,,Contact:0/Brand:5/Market:5/Reach:0
Discover the Rhude Collection,Coral Gables,Florida,USA,https://www.a-ma-maniere.com/collections/rhude?srsltid=AfmBOorD_9_-I32HB7ZO8MIHwwU7WjplyM8sKqIcldptlKDIhFLRbCa4,@maniere_usa,,1422991689,,,2026-04-16,,,,,,38,C-Tier,,,Contact:18/Brand:5/Market:5/Reach:10
We are Coral Gables' #1 Streetwear Shop!🏆👟 ... And the ...,Coral Gables,Florida,USA,https://www.instagram.com/p/CZml10DLkuc/,@rsrc.php,,1037486289,,,2026-04-16,,,,,,38,C-Tier,,,Contact:18/Brand:5/Market:5/Reach:10
Best Streetwear |Purple Carpet Boutique,Coral Gables,Florida,USA,https://www.miaminewtimes.com/best-of-miami/2023/shopping-and-services/best-streetwear-17206880,@miaminewtimes,calendar@miaminewtimes.com,1765381805,,,2026-04-16,,,,,,60,B-Tier,,,Contact:30/Brand:5/Market:5/Reach:20
Welcome to Rhone® | Rhone,Coral Gables,Florida,USA,https://www.rhone.com/?srsltid=AfmBOooizpo9kO5E2n0sQEQb7zh9etguZjX8xbw3Hmw3Ve1e7ch-dDRf,,,,,,2026-04-16,,,,,,10,C-Tier,,,Contact:0/Brand:5/Market:5/Reach:0
"Hall of Fame Miami (@halloffamemiami) · Coral Gables, FL",Coral Gables,Florida,USA,https://www.instagram.com/halloffamemiami/,@halloffamemiami,,1037486289,,,2026-04-16,,,,,,38,C-Tier,,,Contact:18/Brand:5/Market:5/Reach:10
Shops at Merrick Park,Coral Gables,Florida,USA,https://www.shopsatmerrickpark.com/en/,@shopsatmerrickpark,merrickparkadmin@brookfieldproperties.com,1727116001,,,2026-04-16,,,,,,60,B-Tier,,,Contact:30/Brand:5/Market:5/Reach:20
"Bloom Boutique (@shopbloomboutique) · Coral Gables, FL",Coral Gables,Florida,USA,https://www.instagram.com/shopbloomboutique/,@shopbloomboutique,,1037486289,,,2026-04-16,,,,,,38,C-Tier,,,Contact:18/Brand:5/Market:5/Reach:10
Artigiano Miami: The Finest in Men's Fashion – artigianomiami,Coral Gables,Florida,USA,https://artigianomiami.com/,@font,,4376080112,,,2026-04-16,,,,,,38,C-Tier,,,Contact:18/Brand:5/Market:5/Reach:10
SoleFly: Sneakers and Apparel,Coral Gables,Florida,USA,https://www.solefly.com/?srsltid=AfmBOoqkgWMgTIgIxmNFWWw_iD-LBL05fItO77scS9oIGb9MlkBxeEfS,@solefly,,1000005370,,,2026-04-16,,,,,,38,C-Tier,,,Contact:18/Brand:5/Market:5/Reach:10
"LUXE MIAMI (@luxe.mia) · Coral Gables, FL",Coral Gables,Florida,USA,https://www.instagram.com/luxe.mia/?hl=en,@luxe.mia,,1037486289,,,2026-04-16,,,,,,38,C-Tier,,,Contact:18/Brand:5/Market:5/Reach:10
"FootWorks Miami – Official Miami Running Store, Running ...",Coral Gables,Florida,USA,https://footworksmiami.com/,@footworksmiami,shop@footworksmiami.com,305.667.9322,,,2026-04-16,,,,,,60,B-Tier,,,Contact:30/Brand:5/Market:5/Reach:20
SPARKITUP ⚡️⚡️⚡️ (@sparkitupshop),Wynwood,Florida,USA,https://www.instagram.com/sparkitupshop/,@sparkitupshop,,1037486289,,,2026-04-16,,,,,,38,C-Tier,,,Contact:18/Brand:5/Market:5/Reach:10
Token Miami,Wynwood,Florida,USA,https://tokenmia.com/?srsltid=AfmBOorL13WDkeZ5DxJLHZBLa2fdPXRUmFChpXmPy0sn3gD2_8w5dCgw,@tokenmiami,TOKEN_flagship_production_front1CRM_145x@2x.png,1624068774,,,2026-04-16,,,,,,60,B-Tier,,,Contact:30/Brand:5/Market:5/Reach:20
wynwoodtribe – Opening Soon,Wynwood,Florida,USA,https://www.wynwoodtribe.com/?srsltid=AfmBOop34XaXhm6xh95xL4VH7YJARmFsSbgKu8TKIf_01aCeSoj2nRLu,,,1614306724,,,2026-04-16,,,,,,18,C-Tier,,,Contact:8/Brand:5/Market:5/Reach:0
"Located 238 NW 25th St Miami, Fl 33137 +1 (305) 522-9127 ...",Wynwood,Florida,USA,https://www.instagram.com/reel/CnSt34bDmGl/,@rsrc.php,,1037486289,,,2026-04-16,,,,,,38,C-Tier,,,Contact:18/Brand:5/Market:5/Reach:10
~Vale Lives Varsity Jacket (Green) 🛻 Size:M 💴 Available in ...,Wynwood,Florida,USA,https://www.instagram.com/p/DDFxcpYR86N/,@rsrc.php,,1037486289,,,2026-04-16,,,,,,38,C-Tier,,,Contact:18/Brand:5/Market:5/Reach:10
Brand New Vale Lives Gear Just Landed,Wynwood,Florida,USA,https://www.instagram.com/p/DDaCsNbRu6_/,@rsrc.php,,1037486289,,,2026-04-16,,,,,,38,C-Tier,,,Contact:18/Brand:5/Market:5/Reach:10
~Vale Lives Varsity Jacket (Green) 🛻 Size:M 💴 ... - Instagram,Wynwood,Florida,USA,https://www.instagram.com/p/DDFxcpYR86N/,@rsrc.php,,1037486289,,,2026-04-16,,,,,,38,C-Tier,,,Contact:18/Brand:5/Market:5/Reach:10
Vale Celebrates a Decade of Growth with 10th Location in ...,Wynwood,Florida,USA,https://www.stayfit305.com/news/vale-celebrates-a-decade-of-growth-with-10th-location-in-florida,@stayfit305,,,,,2026-04-16,,,,,,30,C-Tier,,,Contact:10/Brand:5/Market:5/Reach:10
NEW VALE “ ANTHEM TRACK SUIT “ AVAILABLE NOW IN ...,Wynwood,Florida,USA,https://www.instagram.com/reel/DRfhtRZCUEY/,@rsrc.php,,1037486289,,,2026-04-16,,,,,,38,C-Tier,,,Contact:18/Brand:5/Market:5/Reach:10
"Best Shopping in Wynwood, from Funky Gift ...",Wynwood,Florida,USA,https://www.timeout.com/miami/shopping/shopping-wynwood,@ofyshop,,1105237622,,,2026-04-16,,,,,,38,C-Tier,,,Contact:18/Brand:5/Market:5/Reach:10
canvas.mia,Wynwood,Florida,USA,https://www.instagram.com/canvas.mia/,@oasiswynwood.,,1037486289,,,2026-04-16,,,,,,38,C-Tier,,,Contact:18/Brand:5/Market:5/Reach:10
BASE Superstore,Wynwood,Florida,USA,https://www.baseworld.com/,@basesuperstore,Home_Page_Scense_Final_1280x@2x.jpg,2398522661,,,2026-04-16,,,,,,60,B-Tier,,,Contact:30/Brand:5/Market:5/Reach:20
"Wynwood Arts District on Instagram: ""@bbcicecream brings ...",Wynwood,Florida,USA,https://www.instagram.com/reel/DPHvn98ghR9/,@bbcicecream,,1037486289,,,2026-04-16,,,,,,38,C-Tier,,,Contact:18/Brand:5/Market:5/Reach:10
Sole Garden,Wynwood,Florida,USA,https://thesolegarden.com/,@sole.garden,,1758437429,,,2026-04-16,,,,,,38,C-Tier,,,Contact:18/Brand:5/Market:5/Reach:10
DAILYMIA,Wynwood,Florida,USA,https://dailymia.com/?srsltid=AfmBOoqJUPFtng_sQnIxMGw6XYmAhW39m-wokC7qODcDyEnXj_Xl_J50,@dailymia,,1694546870,,,2026-04-16,,,,,,38,C-Tier,,,Contact:18/Brand:5/Market:5/Reach:10
305 Kicks,Wynwood,Florida,USA,https://305kicks.us/,@theme,,1771948554,,,2026-04-16,,,,,,38,C-Tier,,,Contact:18/Brand:5/Market:5/Reach:10
A Look Inside LeBron James' New UNKNWN Store in Miami,Wynwood,Florida,USA,https://hypebeast.com/2019/12/unknwn-wynwood-miami-store-opening-info,,,,,,2026-04-16,,,,,,10,C-Tier,,,Contact:0/Brand:5/Market:5/Reach:0
Fresh Society Online,Wynwood,Florida,USA,https://freshsociety.co/,@freshsocietyco,,9027215208,,,2026-04-16,,,,,,38,C-Tier,,,Contact:18/Brand:5/Market:5/Reach:10
Miami Boutiques In Wynwood,Wynwood,Florida,USA,https://www.instagram.com/popular/miami-boutiques-in-wynwood/,@rsrc.php,,1037486289,,,2026-04-16,,,,,,38,C-Tier,,,Contact:18/Brand:5/Market:5/Reach:10
SOLD IN THE MATTER OF SECONDS SWING BY THE SHOP ...,Wynwood,Florida,USA,https://www.instagram.com/reel/DOCADg1kfGV/,@rsrc.php,,1037486289,,,2026-04-16,,,,,,38,C-Tier,,,Contact:18/Brand:5/Market:5/Reach:10
"Miami's 8 Best Menswear Shops, From Luxury to Vintage",Wynwood,Florida,USA,https://www.insidehook.com/style/miami-best-menswear-shops,@insidehook,tech@insidehook.com,1772048202,,,2026-04-16,,,,,,60,B-Tier,,,Contact:30/Brand:5/Market:5/Reach:20
Mana Fashion Presents: Pop-Up VIP Preview,Wynwood,Florida,USA,https://wynwoodmiami.com/event/mana-fashion-presents-pop-up-bazaar-vip-night/,@wynwoodmiami,,305 573-0371,,,2026-04-16,,,,,,38,C-Tier,,,Contact:18/Brand:5/Market:5/Reach:10
"OutOfPocketMiami (@outofpocketmiami) · Miami, FL",Wynwood,Florida,USA,https://www.instagram.com/outofpocketmiami/,@elleven15vintage,,1037486289,,,2026-04-16,,,,,,38,C-Tier,,,Contact:18/Brand:5/Market:5/Reach:10
"""Worlds #1 Buyer | Sneaker Buyers | Sneaker Marketplace",Wynwood,Florida,USA,https://www.sneakerbuyers.com/,@sneakerbuyers,logo_175x@2x.png,1613592017,,,2026-04-16,,,,,,60,B-Tier,,,Contact:30/Brand:5/Market:5/Reach:20
"Sneakerbuyers on Instagram: ""#1 - Sneaker Store Located in ...",Wynwood,Florida,USA,https://www.instagram.com/reel/C2I1H7FLGzp/,@rsrc.php,,1037486289,,,2026-04-16,,,,,,38,C-Tier,,,Contact:18/Brand:5/Market:5/Reach:10
"JSN on Instagram: ""☄️HELLSTAR☄️ THE HOTTEST ...",Fort Myers,Florida,USA,https://www.instagram.com/reel/C7PJD_us75v/,@rsrc.php,,1037486289,,,2026-04-16,,,,,,38,C-Tier,,,Contact:18/Brand:5/Market:5/Reach:10
Hellstar Jesus Emblem Tees Sizes:S-XXL Any Color $60 ...,Fort Myers,Florida,USA,https://www.instagram.com/reel/DL5_gr9glwo/,@rsrc.php,,1037486289,,,2026-04-16,,,,,,38,C-Tier,,,Contact:18/Brand:5/Market:5/Reach:10
Edison Mall | Visit Fort Myers | SW Florida,Fort Myers,Florida,USA,https://www.visitfortmyers.com/listing/edison-mall/39829,@visitfortmyers,sberthold@simon.com,2014042207,,,2026-04-16,,,,,,60,B-Tier,,,Contact:30/Brand:5/Market:5/Reach:20
"Just For Kickz, Erie PA | Hellstar Gridiron T-Shirt M,L,XL ...",Fort Myers,Florida,USA,https://www.instagram.com/p/DLAr8GzxGz_/,@rsrc.php,,1037486289,,,2026-04-16,,,,,,38,C-Tier,,,Contact:18/Brand:5/Market:5/Reach:10
Hellstar Men's T-Shirt Size Small 1.1 NFC,Fort Myers,Florida,USA,https://www.ebay.com/itm/388636181920,@ebay,,2026041419,,,2026-04-16,,,,,,38,C-Tier,,,Contact:18/Brand:5/Market:5/Reach:10
3576000+ 庆州市怎么约姑娘包夜服务《约小姐色情 ...,Fort Myers,Florida,USA,https://www.linkedin.com/jobs/%E5%BA%86%E5%B7%9E%E5%B8%82%E6%80%8E%E4%B9%88%E7%BA%A6%E5%A7%91%E5%A8%98%E5%8C%85%E5%A4%9C%E6%9C%8D%E5%8A%A1%E3%80%8A%E7%BA%A6%E5%B0%8F%E5%A7%90%E8%89%B2%E6%83%85%E7%BD%91%E5%9D%80%EF%BD%8D%EF%BC%96%EF%BC%96%EF%BC%98%EF%BC%98%EF%BC%8E%EF%BD%96%EF%BD%89%EF%BD%90%E5%B0%8F%E5%A6%B9%E4%BB%BB%E9%80%89%E3%80%8B%E6%80%8E%E4%B9%88%E6%89%BE%E5%B0%8F%E5%A6%B9%E5%B0%8F%E5%A7%90%E5%85%A8%E5%A5%97%E4%B8%8A%E9%97%A8%E4%B9%80%E5%BA%86%E5%B7%9E%E5%B8%82%E6%80%8E%E4%B9%88%E7%BA%A6%E5%A4%A7%E5%AD%A6%E7%94%9F%E7%89%B9%E6%AE%8A%E6%9C%8D%E5%8A%A1%E4%B9%80%E5%BA%86%E5%B7%9E%E5%B8%82%E5%93%AA%E9%87%8C%E6%9C%89%E7%BE%8E%E5%A5%B3%E6%8C%89%E6%91%A9%E6%9C%8D%E5%8A%A1&IMQK/-jobs,@LinkedIn,,4402981493,,,2026-04-16,,,,,,38,C-Tier,,,Contact:18/Brand:5/Market:5/Reach:10
"Supreme Motor Sports – Car Dealer in Fort Myers, FL",Fort Myers,Florida,USA,https://www.suprememotorsportsfl.com/,,,,,,2026-04-16,,,,,,10,C-Tier,,,Contact:0/Brand:5/Market:5/Reach:0
"Supreme Floors: Flooring Store servicing Fort Myers, FL",Fort Myers,Florida,USA,https://www.supremefloorsfl.com/,@import,vitor@supremefloorsfl.com,613-5653590,,,2026-04-16,,,,,,60,B-Tier,,,Contact:30/Brand:5/Market:5/Reach:20
"About Supreme Motor Sports in Fort Myers, FL",Fort Myers,Florida,USA,https://www.suprememotorsportsfl.com/about,,,,,,2026-04-16,,,,,,10,C-Tier,,,Contact:0/Brand:5/Market:5/Reach:0
"Supreme Motor Sports in Fort Myers, FL",Fort Myers,Florida,USA,https://www.carsforsale.com/used-car-dealer/supreme-motor-sports-fort-myers-fl-d739307,,,,,,2026-04-16,,,,,,10,C-Tier,,,Contact:0/Brand:5/Market:5/Reach:0
Supreme Home Design (@supremehomedesignfl),Fort Myers,Florida,USA,https://www.instagram.com/supremehomedesignfl/,@supremehomedesignfl,,1037486289,,,2026-04-16,,,,,,38,C-Tier,,,Contact:18/Brand:5/Market:5/Reach:10
"Contact Supreme Motor Sports in Fort Myers, FL",Fort Myers,Florida,USA,https://www.suprememotorsportsfl.com/contact,,,,,,2026-04-16,,,,,,10,C-Tier,,,Contact:0/Brand:5/Market:5/Reach:0
Rhude Yacht Club T-Shirt - Sizes X-Large & XX-Large,Fort Myers,Florida,USA,https://secure.instagram.com/p/DV8-UxnkUbu/?hl=fa,@media,,1037486289,,,2026-04-16,,,,,,38,C-Tier,,,Contact:18/Brand:5/Market:5/Reach:10
Stephen Calandrella - construction manager at Valley ...,Fort Myers,Florida,USA,https://www.linkedin.com/in/stephen-calandrella-15722735,,,,,,2026-04-16,,,,,,10,C-Tier,,,Contact:0/Brand:5/Market:5/Reach:0
New Vale & Bravest Studios Denim available in store & ...,Fort Myers,Florida,USA,https://www.instagram.com/p/DRx89tvEZhR/,@rsrc.php,,1037486289,,,2026-04-16,,,,,,38,C-Tier,,,Contact:18/Brand:5/Market:5/Reach:10
Valet Living - Setting the Standard Since 1995,Fort Myers,Florida,USA,https://www.valetliving.com/,@valetliving,Judwin-Properties@3x-height-1.png,0000000029,,,2026-04-16,,,,,,60,B-Tier,,,Contact:30/Brand:5/Market:5/Reach:20
"Rivian Support: Customer Service, FAQs & Contact Number",Fort Myers,Florida,USA,https://rivian.com/support,@rivianofficial,customerservice@rivian.com,7532680931,,,2026-04-16,,,,,,60,B-Tier,,,Contact:30/Brand:5/Market:5/Reach:20
Newsletter | CADEX US,Fort Myers,Florida,USA,https://www.cadex-cycling.com/us/email-signup,@cadexcycling,corecycleandoutdoor@gmail.com,207-307-7403,,,2026-04-16,,,,,,60,B-Tier,,,Contact:30/Brand:5/Market:5/Reach:20
Vale Forever Zips Are Too Clean Always Stocked With The ...,Fort Myers,Florida,USA,https://www.instagram.com/reel/DSA8uVdgVV_/,@rsrc.php,,1037486289,,,2026-04-16,,,,,,38,C-Tier,,,Contact:18/Brand:5/Market:5/Reach:10
Vale Forever Classico Zip Up Hoodie Size medium available ...,Fort Myers,Florida,USA,https://www.instagram.com/reel/DPecp8EDsCf/,@rsrc.php,,1037486289,,,2026-04-16,,,,,,38,C-Tier,,,Contact:18/Brand:5/Market:5/Reach:10
Sitemap,Fort Myers,Florida,USA,https://stores.verabradley.com/sitemap-html,@verabradley,,1251943316,,,2026-04-16,,,,,,38,C-Tier,,,Contact:18/Brand:5/Market:5/Reach:10
VALE HOODS 🙇‍♂️ MULTIPLES SIZES AVAILABLE ⭐️ ...,Fort Myers,Florida,USA,https://www.instagram.com/p/DQAKi43CXNT/,@rsrc.php,,1037486289,,,2026-04-16,,,,,,38,C-Tier,,,Contact:18/Brand:5/Market:5/Reach:10
L XL $190 Vale Forever Grey Robber Bling Tee,Fort Myers,Florida,USA,https://www.instagram.com/p/DNizVv5t-QF/,@rsrc.php,,1037486289,,,2026-04-16,,,,,,38,C-Tier,,,Contact:18/Brand:5/Market:5/Reach:10
"Shop Vale Forever Streetwear — Tees, Hoodies & More",Fort Myers,Florida,USA,https://commonhype.com/collections/vale-forever?srsltid=AfmBOopGFMFWLuDLQONsP82Y4jzpe1z866AMX7ESQydLHBLprTWrxRC8,@commonhype,,9166543286,,,2026-04-16,,,,,,38,C-Tier,,,Contact:18/Brand:5/Market:5/Reach:10
"Val Ward Cadillac: Cadillac Dealer in Fort Myers, FL",Fort Myers,Florida,USA,https://www.valwardautos.com/,@valwardcadillac,flags@2x.png,5587692260,,,2026-04-16,,,,,,60,B-Tier,,,Contact:30/Brand:5/Market:5/Reach:20
Available in-store now! Vale Tee - Medium @efrt.co Jeans,Fort Myers,Florida,USA,https://www.instagram.com/p/DMA81l0Ok4w/,@efrt.co,,1037486289,,,2026-04-16,,,,,,38,C-Tier,,,Contact:18/Brand:5/Market:5/Reach:10
Hours & Directions - Fort Myers,Fort Myers,Florida,USA,https://www.valwardautos.com/hours.aspx,@valwardcadillac,flags@2x.png,5587692260,,,2026-04-16,,,,,,60,B-Tier,,,Contact:30/Brand:5/Market:5/Reach:20
Trek Bike Shop of Fort Myers,Fort Myers,Florida,USA,https://electra.trekbikes.com/us/en_US/store/344407/,@electra_bicycle,,800-585-8735,,,2026-04-16,,,,,,38,C-Tier,,,Contact:18/Brand:5/Market:5/Reach:10
"Value City Furniture Stores - Fort Myers, FL",Fort Myers,Florida,USA,https://nextdoor.com/pages/value-city-furniture-stores-fort-myers-fl/,@supports,mood-like-off_16@3x-1298283633a0f2ffc7d073c5c4b14338.png,1146116819,,,2026-04-16,,,,,,60,B-Tier,,,Contact:30/Brand:5/Market:5/Reach:20
Dealer Locator,Fort Myers,Florida,USA,https://www.volvoce.com/united-states/en-us/contact-us/dealer-locator/,@VolvoCE_NA,jcushman@PacWestMachinery.com,1855235601,,,2026-04-16,,,,,,60,B-Tier,,,Contact:30/Brand:5/Market:5/Reach:20
"JSN (@jsncustoms) · Fort Myers, FL",Fort Myers,Florida,USA,https://www.instagram.com/jsncustoms/,@jsncustoms,,1037486289,,,2026-04-16,,,,,,38,C-Tier,,,Contact:18/Brand:5/Market:5/Reach:10
JSNCUSTOMS LLC.: Home,Fort Myers,Florida,USA,https://www.jsnfm.com/,@GMAIL.COM.,13e49d785d8d4f828038b6136f3b48ba@sentry.io,2606801315,,,2026-04-16,,,,,,60,B-Tier,,,Contact:30/Brand:5/Market:5/Reach:20
Just Kicks (@justkicks239) - Fort Myers,Fort Myers,Florida,USA,https://www.instagram.com/justkicks239/,@justkicks239,,1037486289,,,2026-04-16,,,,,,38,C-Tier,,,Contact:18/Brand:5/Market:5/Reach:10
Designers Closet,Fort Myers,Florida,USA,https://designerscloset.com/?srsltid=AfmBOoppbINBVofOIMjO23GAIOspOGNt6pgqfAC_xANYBy4owQLZY2Zj,@designersclosetig,sales@designerscloset.com,1064961020,,,2026-04-16,,,,,,60,B-Tier,,,Contact:30/Brand:5/Market:5/Reach:20
Mainstream Boutique Fort Myers,Fort Myers,Florida,USA,https://www.mainstreamboutiquefortmyers.com/,@mainstreamboutiquefortmyers,,1756386846,,,2026-04-16,,,,,,38,C-Tier,,,Contact:18/Brand:5/Market:5/Reach:10
The Islander FMB,Fort Myers,Florida,USA,https://shoptheislander.com/?srsltid=AfmBOopbXp18g6RJ3KPPuTKosfsA_3W_X7kUG4U9Y53_Yfy4FI8Rxx7C,@gmail.com.,shoptheislander@gmail.com,6851654200,,,2026-04-16,,,,,,60,B-Tier,,,Contact:30/Brand:5/Market:5/Reach:20
Peter Millar Store In Ft Myers,Fort Myers,Florida,USA,https://brodeurcarvell.com/peter-millar-store-in-ft-myers/,@brodeurcarvellfinemenswear,info@brodeurcarvell.com,1709218211,,,2026-04-16,,,,,,60,B-Tier,,,Contact:30/Brand:5/Market:5/Reach:20
Charley's Downtown Boutique: Home,Fort Myers,Florida,USA,https://www.shopcharleysdowntown.com/,@media,13e49d785d8d4f828038b6136f3b48ba@sentry.io,2687793594,,,2026-04-16,,,,,,60,B-Tier,,,Contact:30/Brand:5/Market:5/Reach:20
Jennifer's Fort Myers – Subtle Clothing with Simple ...,Fort Myers,Florida,USA,https://www.jennifersftmyers.com/,@jennifersfortmyers,jennifersfortmyers@gmail.com,1773677155,,,2026-04-16,,,,,,60,B-Tier,,,Contact:30/Brand:5/Market:5/Reach:20
Fort Myers Running Store | Fit2Run Outlet,Fort Myers,Florida,USA,https://www.fit2run.com/pages/fit2run-outlet-fort-myers?srsltid=AfmBOoqD41qhmmre4huYpq8T8cp9BLBnYNmvEplWAG2cdOnR4NC3eynN,@fit2run_therunnerssuperstore,support@fit2run.com,1718190172,,,2026-04-16,,,,,,60,B-Tier,,,Contact:30/Brand:5/Market:5/Reach:20
VERIFIED (@verifiedswfl) • Instagram photos and videos,Fort Myers,Florida,USA,https://www.instagram.com/verifiedswfl/,@verifiedswfl,,1037486289,,,2026-04-16,,,,,,38,C-Tier,,,Contact:18/Brand:5/Market:5/Reach:10
Hayloft Western Wear,Fort Myers,Florida,USA,https://hayloftwestern.com/?srsltid=AfmBOoqLD5aoerX5jLkb97sD00x5VvE_kRk7nxaShdK7OtVfTSQ3kM5w,@hayloftwestern,hayloftwestern@yahoo.com,4376080112,,,2026-04-16,,,,,,60,B-Tier,,,Contact:30/Brand:5/Market:5/Reach:20
"Fort Myers, FL Store: Surf Apparel & Accessories",Fort Myers,Florida,USA,https://www.ronjonsurfshop.com/locations/fort-myers-fl?srsltid=AfmBOop90CHuUUb7Kyp-aic1yxlGSAupr8jpYcNdNPXPK1ztMfDtgSnZ,,,,,,2026-04-16,,,,,,10,C-Tier,,,Contact:0/Brand:5/Market:5/Reach:0
"new! Hell Star Huntington Park CA T Shirt Sz. XL, Large ...",Gainesville,Florida,USA,https://www.instagram.com/p/C_wGH4gyzY6/,@rsrc.php,,1037486289,,,2026-04-16,,,,,,38,C-Tier,,,Contact:18/Brand:5/Market:5/Reach:10
This initial owes you a pair of shoes… Who's REALLY your ...,Gainesville,Florida,USA,https://www.instagram.com/reel/C7kgk4MP7wi/,@rsrc.php,,1037486289,,,2026-04-16,,,,,,38,C-Tier,,,Contact:18/Brand:5/Market:5/Reach:10
Hellstar Men's T-Shirt Size L,Gainesville,Florida,USA,https://www.ebay.com/itm/406538309678,@ebay,,2026041419,,,2026-04-16,,,,,,38,C-Tier,,,Contact:18/Brand:5/Market:5/Reach:10
Caffeine supreme - Atrium Magazine,Gainesville,Florida,USA,https://atriummag.org/caffeine-supreme/,@maudes_cafe,,2677611078,,,2026-04-16,,,,,,38,C-Tier,,,Contact:18/Brand:5/Market:5/Reach:10
"lre""i'$mr.",Gainesville,Florida,USA,https://sos.ks.gov/publications/register/1989/Vol_8_No_38_September_21_1989_p_1371-1424.pdf,@GbHR,X@D.0,2004102919,,,2026-04-16,,,,,,60,B-Tier,,,Contact:30/Brand:5/Market:5/Reach:20
"Dillard's The Oaks Mall, Gainesville, Florida",Gainesville,Florida,USA,https://www.dillards.com/stores/florida/the-oaks-mall-gainesville/0234?srsltid=AfmBOoq4RSlVeWM48hFyu1Sluzxq1pv-Q9sH5-oNiUEiTzqYrg5Xv1QJ,,,117.1776366,,,2026-04-16,,,,,,18,C-Tier,,,Contact:8/Brand:5/Market:5/Reach:0
Vale Gainesville (@valefoodco_gnv),Gainesville,Florida,USA,https://www.instagram.com/valefoodco_gnv/,@valefoodco_gnv,,1037486289,,,2026-04-16,,,,,,38,C-Tier,,,Contact:18/Brand:5/Market:5/Reach:10
Aquatic Pesticide Monitoring Program Review of ...,Gainesville,Florida,USA,https://www.sfei.org/sites/default/files/biblio_files/PestAlternatives_review.pdf,@5Al,lcrum@dfg.ca.gov,722 722 1000,,,2026-04-16,,,,,,60,B-Tier,,,Contact:30/Brand:5/Market:5/Reach:20
Sterling | New Construction Homes for Sale in Jurupa ...,Gainesville,Florida,USA,https://www.centurycommunities.com/find-your-new-home/california/southern-california-metro/jurupa-valley/sterling/,@centurycommunities,,3038850010,,,2026-04-16,,,,,,38,C-Tier,,,Contact:18/Brand:5/Market:5/Reach:10
"Vale Opens New Store in Pinecrest, Florida",Gainesville,Florida,USA,https://www.qsrmagazine.com/news/vale-opens-new-store-in-pinecrest-florida/,,,,,,2026-04-16,,,,,,10,C-Tier,,,Contact:0/Brand:5/Market:5/Reach:0
"Shop Vale Forever Streetwear — Tees, Hoodies & More",Gainesville,Florida,USA,https://commonhype.com/collections/vale-forever?srsltid=AfmBOoq37zgCQ8LnW0d3RKMp8lHI5p_bcQWXf7f7qm1xrWsL0xbBuuNU,@commonhype,,9166543286,,,2026-04-16,,,,,,38,C-Tier,,,Contact:18/Brand:5/Market:5/Reach:10
Shop for Vale Forever @ exclusive wear ‼️#valeforever ...,Gainesville,Florida,USA,https://www.instagram.com/reel/DQZ5B13Ed6W/,@rsrc.php,,1037486289,,,2026-04-16,,,,,,38,C-Tier,,,Contact:18/Brand:5/Market:5/Reach:10
FAQ,Gainesville,Florida,USA,https://www.valeforever.com/pages/faq?srsltid=AfmBOopAKqFsSAmi33ZJgK2XCrrxRFhK53XbD5qaFNfshos2EbqsGRd1,@valeforever.com,connect@valeforever.com,1774299210,,,2026-04-16,,,,,,60,B-Tier,,,Contact:30/Brand:5/Market:5/Reach:20
Gainesville,Gainesville,Florida,USA,https://valehealthykitchen.com/pages/gainesville,@valehealthykitchen,stephen@gointegral.co,1759853849,,,2026-04-16,,,,,,60,B-Tier,,,Contact:30/Brand:5/Market:5/Reach:20
"Knotty Kicks LLC (352) (@knottykicks_) · Gainesville, FL",Gainesville,Florida,USA,https://www.instagram.com/knottykicks_/,@knottykicks_,,1037486289,,,2026-04-16,,,,,,38,C-Tier,,,Contact:18/Brand:5/Market:5/Reach:10
Gainesville Shopping center,Gainesville,Florida,USA,https://locations.dtlr.com/fl/gainesville/gainesville-shopping-center.html,@dtlrofficial,custserv@dtlr.com,1537521453,,,2026-04-16,,,,,,60,B-Tier,,,Contact:30/Brand:5/Market:5/Reach:20
Narcissus Gainesville,Gainesville,Florida,USA,https://narcissusgville.com/,@narcissusgville,,1329837617,,,2026-04-16,,,,,,38,C-Tier,,,Contact:18/Brand:5/Market:5/Reach:10
The Best Shopping in Gainesville FL,Gainesville,Florida,USA,https://www.celebrationpointe.com/latest_news/the-best-shopping-in-gainesville-fl/,@celebrationpointe,pbergman@frankelagency.com,1007224121,,,2026-04-16,,,,,,60,B-Tier,,,Contact:30/Brand:5/Market:5/Reach:20
Sandy's Savvy Chic Resale Boutique | Gainesville's Best ...,Gainesville,Florida,USA,https://sandysresale.com/,@sandysresale,,1613507218,,,2026-04-16,,,,,,38,C-Tier,,,Contact:18/Brand:5/Market:5/Reach:10
The 35 coolest clothing stores and boutiques in Gainesville,Gainesville,Florida,USA,https://wanderlog.com/list/geoCategory/123594/coolest-clothing-stores-and-boutiques-in-gainesville,@elastic,apm-rum@5.16.0,3026914942,,,2026-04-16,,,,,,60,B-Tier,,,Contact:30/Brand:5/Market:5/Reach:20
Malgorzatas Eclectic Gallery & Boutique – Home,Gainesville,Florida,USA,https://www.malgorzatas.com/,@malgorzatas.com.,user@domain.com.,1773100024,,,2026-04-16,,,,,,60,B-Tier,,,Contact:30/Brand:5/Market:5/Reach:20
"Designer Shoe Store in Gainesville, FL Butler Plaza Central",Gainesville,Florida,USA,https://stores.dsw.com/usa/fl/gainesville/dsw-designer-shoe-warehouse-butler-plaza-central.html,@dsw,customerservice@dsw.com,6233712749,,,2026-04-16,,,,,,60,B-Tier,,,Contact:30/Brand:5/Market:5/Reach:20
"CITITRENDS at 1018 N. Main St Gainesville, FL",Gainesville,Florida,USA,https://locations.cititrends.com/fl/gainesville/1018-n--main-st.html,@wearecititrends,,2079328097,,,2026-04-16,,,,,,38,C-Tier,,,Contact:18/Brand:5/Market:5/Reach:10
"The Oaks Mall | Premier Shopping in Gainesville, FL",Gainesville,Florida,USA,https://theoaksmall.com/,@theoaksmallfl,,1775477301,,,2026-04-16,,,,,,38,C-Tier,,,Contact:18/Brand:5/Market:5/Reach:10
"Mens Palace on Instagram: "" NOW OPEN Men's Palace is ...",Gainesville,Florida,USA,https://www.instagram.com/reel/DQdNyFLjK0P/,@rsrc.php,,1037486289,,,2026-04-16,,,,,,38,C-Tier,,,Contact:18/Brand:5/Market:5/Reach:10
"OS Hellstar Tee: S,M,L,XL Mani Jorts: 32 ASICS: 8,9,9.5,10 ...",Tallahassee,Florida,USA,https://www.instagram.com/p/C_i9G-4yXsO/?hl=ar,@coppedfl,,1037486289,,,2026-04-16,,,,,,38,C-Tier,,,Contact:18/Brand:5/Market:5/Reach:10
"OS Hellstar Tee: S,M,L,XL Mani Jorts: 32 ASICS: 8 ...",Tallahassee,Florida,USA,https://www.instagram.com/p/C_i9G-4yXsO/?hl=ar,@coppedfl,,1037486289,,,2026-04-16,,,,,,38,C-Tier,,,Contact:18/Brand:5/Market:5/Reach:10
Governor's Square,Tallahassee,Florida,USA,https://www.hottopic.com/store-details?StoreId=0188&srsltid=AfmBOooZ15O8M4rhpgCtwdelvCZTVFiw55bGdkMyfVu1qFuBfcgUyO-D,@hottopic,htonline@hottopic.com,1776355247,,,2026-04-16,,,,,,60,B-Tier,,,Contact:30/Brand:5/Market:5/Reach:20
Quick look at Hellstar ET T-shirt #hellstar #hellstarstudios ...,Tallahassee,Florida,USA,https://www.instagram.com/reel/DPwnQkXkVjG/,@rsrc.php,,1037486289,,,2026-04-16,,,,,,38,C-Tier,,,Contact:18/Brand:5/Market:5/Reach:10
"Hellstar X Flu Game 12s🌹🖤 Hellstar Tee: M, ...",Tallahassee,Florida,USA,https://www.instagram.com/p/DHZPOcuTC-y/,@rsrc.php,,1037486289,,,2026-04-16,,,,,,38,C-Tier,,,Contact:18/Brand:5/Market:5/Reach:10
"From Polo , to Hellstar, to Harley's to much more ‼️ COME ...",Tallahassee,Florida,USA,https://www.instagram.com/p/DPFKKlzkQqK/,@rsrc.php,,1037486289,,,2026-04-16,,,,,,38,C-Tier,,,Contact:18/Brand:5/Market:5/Reach:10
Supreme “Pounds” Jerseys are available instore in all ...,Tallahassee,Florida,USA,https://www.instagram.com/p/DTVYlmIEREt/,@rsrc.php,,1037486289,,,2026-04-16,,,,,,38,C-Tier,,,Contact:18/Brand:5/Market:5/Reach:10
"COPPED on Instagram: ""Have you visited us yet? Copped in ...",Tallahassee,Florida,USA,https://www.instagram.com/reel/DDZ8vAMsK49/,@rsrc.php,,1037486289,,,2026-04-16,,,,,,38,C-Tier,,,Contact:18/Brand:5/Market:5/Reach:10
Home | Superior Auto sales | Used Cars For Sale ...,Tallahassee,Florida,USA,https://superiorautofl.com/,@superiorauto_sales,superiorautosales24@gmail.com,850-692-9383,,,2026-04-16,,,,,,60,B-Tier,,,Contact:30/Brand:5/Market:5/Reach:20
All New Supreme Restock🚨 Available Instore Today ...,Tallahassee,Florida,USA,https://www.instagram.com/p/Cjnrd9fOMKt/,@rsrc.php,,1037486289,,,2026-04-16,,,,,,38,C-Tier,,,Contact:18/Brand:5/Market:5/Reach:10
"Dillard's Governor's Square, Tallahassee, Florida",Tallahassee,Florida,USA,https://www.dillards.com/stores/florida/governors-square-tallahassee/0243?srsltid=AfmBOorXP2PjQ8gVQYXis1VyuFbu71soWdqEZgXvyKph6y-riScUyV8p,,,117.1776366,,,2026-04-16,,,,,,18,C-Tier,,,Contact:8/Brand:5/Market:5/Reach:0
Rhude Stockists,Tallahassee,Florida,USA,https://www.fashionsauce.com/brands/rhude-stockists,@context,bootstrap@4.6.1,1696774910,,,2026-04-16,,,,,,60,B-Tier,,,Contact:30/Brand:5/Market:5/Reach:20
Vale X Bravest Studios 🖤🤍 Vale camo shorts:34 ...,Tallahassee,Florida,USA,https://www.instagram.com/p/DXCkNcOkeq7/,@thredz_nashville,,1037486289,,,2026-04-16,,,,,,38,C-Tier,,,Contact:18/Brand:5/Market:5/Reach:10
Vale Tees Just Landed Available at 5 Points now!! Open until ...,Tallahassee,Florida,USA,https://www.instagram.com/reel/DXKZBDsAjNQ/,@rsrc.php,,1037486289,,,2026-04-16,,,,,,38,C-Tier,,,Contact:18/Brand:5/Market:5/Reach:10
Tallahasse | West Tennessee St,Tallahassee,Florida,USA,https://valehealthykitchen.com/pages/tallahasse-west-tennessee-st,@valehealthykitchen,stephen@gointegral.co,1759853849,,,2026-04-16,,,,,,60,B-Tier,,,Contact:30/Brand:5/Market:5/Reach:20
COPPED New Orleans,Tallahassee,Florida,USA,https://coppedusa.com/,@coppednola,coppednola@gmail.com,2075810712,,,2026-04-16,,,,,,60,B-Tier,,,Contact:30/Brand:5/Market:5/Reach:20
"COPPED (@coppedfl) · Tallahassee, FL",Tallahassee,Florida,USA,https://www.instagram.com/coppedfl/,@coppedfl,,1037486289,,,2026-04-16,,,,,,38,C-Tier,,,Contact:18/Brand:5/Market:5/Reach:10
WestEnd Square City Gear - TALLAHASSEE,Tallahassee,Florida,USA,https://locations.dtlr.com/fl/tallahassee/westend-square.html,@dtlrofficial,custserv@dtlr.com,1537521453,,,2026-04-16,,,,,,60,B-Tier,,,Contact:30/Brand:5/Market:5/Reach:20
Nic's Toggery,Tallahassee,Florida,USA,https://www.nicstoggery.com/,@nicstoggery,ag_logo_withText_160x160@2x.png,1613527394,,,2026-04-16,,,,,,60,B-Tier,,,Contact:30/Brand:5/Market:5/Reach:20
APB Store • Visit Tallahassee,Tallahassee,Florida,USA,https://visittallahassee.com/partners/apb-store/,@v,bootstrap@4.0.0,1760727607,,,2026-04-16,,,,,,60,B-Tier,,,Contact:30/Brand:5/Market:5/Reach:20
"APB | Men's Streetwear Apparel, Sneakers & Accessories",Tallahassee,Florida,USA,https://www.apbstore.com/?srsltid=AfmBOoo2unWd3lIVvOXuhATMZxG1uqk2WB2zlPJCPDkWGs7kbos-_jAv,@apbstore,,7357837025,,,2026-04-16,,,,,,38,C-Tier,,,Contact:18/Brand:5/Market:5/Reach:10
Designers Closet Tallahassee (@dctally),Tallahassee,Florida,USA,https://www.instagram.com/dctally/,@dctally,,1037486289,,,2026-04-16,,,,,,38,C-Tier,,,Contact:18/Brand:5/Market:5/Reach:10
"Shoe and Sneaker Store in Tallahassee, FL",Tallahassee,Florida,USA,https://www.hibbett.com/storedetails/FL/Tallahassee/1239,@hibbett_westtenn,,1776364785,,,2026-04-16,,,,,,38,C-Tier,,,Contact:18/Brand:5/Market:5/Reach:10
1215 apalachee parkwayspace 270 - TALLAHASSEE,Tallahassee,Florida,USA,https://locations.dtlr.com/fl/tallahassee/1215-apalachee-parkwayspace-270.html,@dtlrofficial,custserv@dtlr.com,1537521453,,,2026-04-16,,,,,,60,B-Tier,,,Contact:30/Brand:5/Market:5/Reach:20
Xclusive VIP | Female Apparel Shop | 508 West Brevard Street ...,Tallahassee,Florida,USA,https://www.xclusivevip.shop/,@formatjs,focus-within-polyfill@5.0.9,2147483647,,,2026-04-16,,,,,,60,B-Tier,,,Contact:30/Brand:5/Market:5/Reach:20
Best Boutiques in Tallahassee,Tallahassee,Florida,USA,https://www.tallystudentsurvival.com/blog/best-boutiques-in-tallahassee/,@SurvivingTally,,1761150721,,,2026-04-16,,,,,,38,C-Tier,,,Contact:18/Brand:5/Market:5/Reach:10
Narcissus Tallahassee: Tallahassee's Premier Women's ...,Tallahassee,Florida,USA,https://narcissusstyle.com/,@narcissustally,,1620742400,,,2026-04-16,,,,,,38,C-Tier,,,Contact:18/Brand:5/Market:5/Reach:10
Discover Tallahassee's Shopping Spots,Tallahassee,Florida,USA,https://visittallahassee.com/blog/shopping-guide/,@rctrecords,bootstrap@4.0.0,1760727607,,,2026-04-16,,,,,,60,B-Tier,,,Contact:30/Brand:5/Market:5/Reach:20
Sparkle Tallahassee,Tallahassee,Florida,USA,https://www.sparkletallahassee.com/?srsltid=AfmBOopBYexqugtyr3nNNTifRwbLwB3IaxSxRKM3VvGyJN2L2mitGAIs,@sparkletallahassee,,1722007460,,,2026-04-16,,,,,,38,C-Tier,,,Contact:18/Brand:5/Market:5/Reach:10
Tallahassee Footwear & Apparel Store | Governors Square ...,Tallahassee,Florida,USA,https://locations.dtlr.com/fl/tallahassee/governors-square.html,@dtlrofficial,custserv@dtlr.com,1537521453,,,2026-04-16,,,,,,60,B-Tier,,,Contact:30/Brand:5/Market:5/Reach:20
"CITITRENDS at 2525 S Monroe St Tallahassee, FL",Tallahassee,Florida,USA,https://locations.cititrends.com/fl/tallahassee/2525-s-monroe-st.html,@wearecititrends,,2079328097,,,2026-04-16,,,,,,38,C-Tier,,,Contact:18/Brand:5/Market:5/Reach:10
#hellstar shirts #clothing #store #utc #bradenton #sarasota,Sarasota,Florida,USA,https://www.instagram.com/p/C0iP9cNsGL0/,@rsrc.php,,1037486289,,,2026-04-16,,,,,,38,C-Tier,,,Contact:18/Brand:5/Market:5/Reach:10
"hubdepartment on Instagram: ""We're hosting our TWO DAY ...",Sarasota,Florida,USA,https://www.instagram.com/reel/DO40Sh9gESh/,@rsrc.php,,1037486289,,,2026-04-16,,,,,,38,C-Tier,,,Contact:18/Brand:5/Market:5/Reach:10
Products,Sarasota,Florida,USA,https://hellstar.com/collections/all,@HELLSTAR,,5230780330,,,2026-04-16,,,,,,38,C-Tier,,,Contact:18/Brand:5/Market:5/Reach:10
New Build-A-Bear points to a shift toward youth,Sarasota,Florida,USA,https://www.heraldtribune.com/story/news/2007/07/04/new-build-a-bear-points-to-a-shift-toward-youth/28563356007/,,,,,,2026-04-16,,,,,,10,C-Tier,,,Contact:0/Brand:5/Market:5/Reach:0
The Wool Jackets Are Back - Yates,Sarasota,Florida,USA,http://www.yatesgear.com/blog/wool-jackets,@sourabhsingh___,support@antisocialsocialclubs.net.,3333333333,,,2026-04-16,,,,,,60,B-Tier,,,Contact:30/Brand:5/Market:5/Reach:20
The Mall At University Town Center,Sarasota,Florida,USA,https://www.hollisterco.com/shop/us/clothing-stores/US/Sarasota/FL/31915,,,,,,2026-04-16,,,,,,10,C-Tier,,,Contact:0/Brand:5/Market:5/Reach:0
Storefront | Hellstar - Sneaker Summit,Sarasota,Florida,USA,https://sneakersummit.ricoconsign.com/store/collection/Hellstar,@sneakersummit,info@sneakersummit.com,4491502798,,,2026-04-16,,,,,,60,B-Tier,,,Contact:30/Brand:5/Market:5/Reach:20
Miromar Outlets Mall | SWFL's Designer Brands Shopping ...,Sarasota,Florida,USA,https://miromaroutlets.com/,,,,,,2026-04-16,,,,,,10,C-Tier,,,Contact:0/Brand:5/Market:5/Reach:0
Find a Dura Supreme Showroom,Sarasota,Florida,USA,https://www.durasupreme.com/find-a-showroom/,,,,,,2026-04-16,,,,,,10,C-Tier,,,Contact:0/Brand:5/Market:5/Reach:0
Superior Sheds Dealer - Sarasota,Sarasota,Florida,USA,https://www.superiorsheds.com/locations/superior-sheds-dealer-sarasota/,@superiorsheds.com,info@superiorsheds.com,1182288991,,,2026-04-16,,,,,,60,B-Tier,,,Contact:30/Brand:5/Market:5/Reach:20
"Superior Home Supplies - Sarasota, FL",Sarasota,Florida,USA,https://nextdoor.com/pages/superior-home-supplies-sarasota-fl/,@supports,mood-like-off_16@3x-1298283633a0f2ffc7d073c5c4b14338.png,1146116819,,,2026-04-16,,,,,,60,B-Tier,,,Contact:30/Brand:5/Market:5/Reach:20
"800 Bell Rd Unit C-D Sarasota, FL 34240 United States come ...",Sarasota,Florida,USA,https://www.instagram.com/reel/C1tCgr8MeOP/,@rsrc.php,,1037486289,,,2026-04-16,,,,,,38,C-Tier,,,Contact:18/Brand:5/Market:5/Reach:10
Fan Outfitters,Sarasota,Florida,USA,http://utcsarasota.com/places/shop/fan-outfitters/,@utcsarasota,UTCLeasing@benderson.com,5994878089,,,2026-04-16,,,,,,60,B-Tier,,,Contact:30/Brand:5/Market:5/Reach:20
Rhude Designer Apparel,Sarasota,Florida,USA,https://www.saksfifthavenue.com/c/custom/email-events/men-s-new-arrivals/apparel/rhude,,,,,,2026-04-16,,,,,,10,C-Tier,,,Contact:0/Brand:5/Market:5/Reach:0
MR Magazine February 2023 by Wainscot Media,Sarasota,Florida,USA,https://issuu.com/wainscotmedia/docs/mr_feb23_issuu,@issuu,,2301171351,,,2026-04-16,,,,,,38,C-Tier,,,Contact:18/Brand:5/Market:5/Reach:10
Vale Forever Collection | Streetwear Styles at ...,Sarasota,Florida,USA,https://www.solebystyle.com/collections/vale-forever?srsltid=AfmBOorFvLsgVD6ZQBYQkaycT8gJq2U9wyLuy1vQdiWMXaa11Sx1eoXf,@solebystyle.cov,shop@solebystyle.com,1748393960,,,2026-04-16,,,,,,60,B-Tier,,,Contact:30/Brand:5/Market:5/Reach:20
Dealer Locator - Varilite,Sarasota,Florida,USA,https://varilite.com/pages/dealer-locator,@font,,1720033121,,,2026-04-16,,,,,,38,C-Tier,,,Contact:18/Brand:5/Market:5/Reach:10
Vale Forever Discount Codes - 50% off | April 2026 - Checkmate,Sarasota,Florida,USA,https://joincheckmate.com/merchants/valeforever.com,@checkmatesavings,support@valeforever.com,129-3940585,,,2026-04-16,,,,,,60,B-Tier,,,Contact:30/Brand:5/Market:5/Reach:20
Vale Locations,Sarasota,Florida,USA,https://www.instagram.com/popular/vale-locations/,@rsrc.php,,1037486289,,,2026-04-16,,,,,,38,C-Tier,,,Contact:18/Brand:5/Market:5/Reach:10
"Up close & personal Every stitch, every detail — the newest ...",Sarasota,Florida,USA,https://www.instagram.com/reel/DT26a2XAJTQ/,@rsrc.php,,1037486289,,,2026-04-16,,,,,,38,C-Tier,,,Contact:18/Brand:5/Market:5/Reach:10
M2F Retailers,Sarasota,Florida,USA,http://www.m2f.com/m2fretailers.html,,,,,,2026-04-16,,,,,,10,C-Tier,,,Contact:0/Brand:5/Market:5/Reach:0
Popcycles,Sarasota,Florida,USA,https://www.trekbikes.com/us/en_US/store/367407/,@trekbikes,,800-585-8735,,,2026-04-16,,,,,,38,C-Tier,,,Contact:18/Brand:5/Market:5/Reach:10
Find a Dealer,Sarasota,Florida,USA,https://www.doublecointires.com/dealers/,@doublecointires,logo-dc@2x.png,1085012432,,,2026-04-16,,,,,,60,B-Tier,,,Contact:30/Brand:5/Market:5/Reach:20
7Charge,Sarasota,Florida,USA,https://www.7-eleven.com/7charge,@7eleven,support@7Charge.com,3333333333,,,2026-04-16,,,,,,60,B-Tier,,,Contact:30/Brand:5/Market:5/Reach:20
Bus Tickets to Popular Destinations,Sarasota,Florida,USA,https://www.greyhound.com/bus,@greyhoundlines,,,,,2026-04-16,,,,,,30,C-Tier,,,Contact:10/Brand:5/Market:5/Reach:10
T.Georgiano's Boutique – T. Georgiano's,Sarasota,Florida,USA,https://tgeorgianos.com/?srsltid=AfmBOoo6_WZJZcZWOiDEb31v6dUTc3mIaI93J9TWp5wachyyrX1fSF8-,@tgeorgianos,info@tgeorgianos.com,9434005984,,,2026-04-16,,,,,,60,B-Tier,,,Contact:30/Brand:5/Market:5/Reach:20
Florida,Sarasota,Florida,USA,https://hypebeast.com/tags/florida,@hypebeast,screenshot-adblock-ultimate@2x.1f5b1723.png,3702846231,,,2026-04-16,,,,,,60,B-Tier,,,Contact:30/Brand:5/Market:5/Reach:20
Peltz Shoes,Sarasota,Florida,USA,http://utcsarasota.com/places/shop/peltz-shoes/,@utcsarasota,UTCLeasing@benderson.com,1941355101,,,2026-04-16,,,,,,60,B-Tier,,,Contact:30/Brand:5/Market:5/Reach:20
Sarasota Florida's Best Women's Fashion Boutique ...,Sarasota,Florida,USA,https://www.influencestyle.com/,@influencestyle,contactus@influencestyle.com,1376600073,,,2026-04-16,,,,,,60,B-Tier,,,Contact:30/Brand:5/Market:5/Reach:20
RAREBIRD | Curated Global Clothing Boutique in Sarasota ...,Sarasota,Florida,USA,https://www.loverarebird.com/?srsltid=AfmBOoq92X5XPlpdxvgvXFAStdQx03EtC2RwjgRlYJE3ymaMfuhJtqm4,@rarebird_boutique,,1273701017,,,2026-04-16,,,,,,38,C-Tier,,,Contact:18/Brand:5/Market:5/Reach:10
The Met at St. Armands | Luxury Sarasota Fashion House ...,Sarasota,Florida,USA,https://www.themetsarasota.com/,@themetsarasota,user@domain.com.,1712007999,,,2026-04-16,,,,,,60,B-Tier,,,Contact:30/Brand:5/Market:5/Reach:20
Isabel Sarasota - Personal Luxury Styling | One-of-a-Kind ...,Sarasota,Florida,USA,https://isabelsarasota.co/,@isabelsarasota.co.,isabel@isabelsarasota.co,7865014708,,,2026-04-16,,,,,,60,B-Tier,,,Contact:30/Brand:5/Market:5/Reach:20
Lotus boutiques - Sarasota,Sarasota,Florida,USA,https://lotus-boutiques.myshopify.com/,@lotusboutique,,1772149808,,,2026-04-16,,,,,,38,C-Tier,,,Contact:18/Brand:5/Market:5/Reach:10
(@hubdepartment) • Instagram photos and videos,Sarasota,Florida,USA,https://www.instagram.com/hubdepartment/,@hubdepartment,,1037486289,,,2026-04-16,,,,,,38,C-Tier,,,Contact:18/Brand:5/Market:5/Reach:10
"Urban Culture Boutique – Trendy Styles in Sarasota, FL ...",Sarasota,Florida,USA,https://shopurbanculture.com/?srsltid=AfmBOorCBekciWY6jC70xQVie00FMGvYOWxLQDVwNRKgUApaab0sCLT2,@font,,1629804013,,,2026-04-16,,,,,,38,C-Tier,,,Contact:18/Brand:5/Market:5/Reach:10
Molly's! A Chic and Unique Boutique,Sarasota,Florida,USA,https://mollyssarasota.com/,@mollys_srq,events90@mollyssarasota.com,1019116743,,,2026-04-16,,,,,,60,B-Tier,,,Contact:30/Brand:5/Market:5/Reach:20
OGs Unlaced Sneaker Store,Sarasota,Florida,USA,http://utcsarasota.com/places/shop/ogs-unlaced-sneaker-store/,@utcsarasota,UTCLeasing@benderson.com,1775909924,,,2026-04-16,,,,,,60,B-Tier,,,Contact:30/Brand:5/Market:5/Reach:20
"Fleet Feet Sarasota | Running Shoes, Run Clubs, Fun ...",Sarasota,Florida,USA,https://www.fleetfeet.com/s/sarasota?srsltid=AfmBOoqJ-mp97KAZJrvhEyJop-HV8hczupcM29OP4ugM9H_JZfqUmmYq,@fleetfeetsrq,,1736786053,,,2026-04-16,,,,,,38,C-Tier,,,Contact:18/Brand:5/Market:5/Reach:10
Shop STUSSY•Put together the perfect fit!,Sarasota,Florida,USA,https://www.instagram.com/p/DTRN8smkSZ_/,@rsrc.php,,1037486289,,,2026-04-16,,,,,,38,C-Tier,,,Contact:18/Brand:5/Market:5/Reach:10
Surge Style,Sarasota,Florida,USA,https://shopsurgestyle.com/?srsltid=AfmBOopnZVUz1tNQV3r1HB4pZAWWvQZpEBpwyDaGsZdJkzYrFlezgiWs,@shopsurgestyle,2bfe88c1a4a1a3cb76b39af612838733b0ce8ab43d3e2d01fc72471820ae03ea_250x250@2x.jpg,1711599693,,,2026-04-16,,,,,,60,B-Tier,,,Contact:30/Brand:5/Market:5/Reach:20
Where to Shop for Men's Clothing in Sarasota,Sarasota,Florida,USA,https://www.sarasotamagazine.com/fashion-and-shopping/where-to-buy-mens-clothing-sarasota,@sarasotamagazine,,2315016646,,,2026-04-16,,,,,,38,C-Tier,,,Contact:18/Brand:5/Market:5/Reach:10
Hellstar x Vale Forever 📸🔥 Shop In Store ✅ 6801 ...,Los Angeles,California,USA,https://www.instagram.com/p/DMYR9ANvEUL/,@rsrc.php,,1037486289,,,2026-04-16,,,,,,58,B-Tier,,,Contact:18/Brand:5/Market:25/Reach:10
Qualité Los Angeles,Los Angeles,California,USA,http://shopqualite.com/,@qualitelosangeles,logo_92x@2x.png,1738554151,,,2026-04-16,,,,,,80,A-Tier,,,Contact:30/Brand:5/Market:25/Reach:20
"hellstar latest season blends LA street luxury, bold ...",Los Angeles,California,USA,https://www.instagram.com/p/DWZhtlrE1Zx/,@rsrc.php,,1037486289,,,2026-04-16,,,,,,58,B-Tier,,,Contact:18/Brand:5/Market:25/Reach:10
Inside Supreme's new West Hollywood store,Los Angeles,California,USA,https://i-d.co/article/supreme-west-hollywood/,@michaelnrodriguez,,1676897667,,,2026-04-16,,,,,,58,B-Tier,,,Contact:18/Brand:5/Market:25/Reach:10
Supreme Store Los Angeles,Los Angeles,California,USA,https://www.instagram.com/explore/locations/523241268/supreme-store-los-angeles/,@rsrc.php,,1037486289,,,2026-04-16,,,,,,58,B-Tier,,,Contact:18/Brand:5/Market:25/Reach:10
Supreme LA,Los Angeles,California,USA,https://www.sneakerfreaker.com/city-guides/los-angeles/supreme-la-los-angeles,@sneakerfreakermag,,690118-8807,,,2026-04-16,,,,,,58,B-Tier,,,Contact:18/Brand:5/Market:25/Reach:10
A Look Inside Supreme's New LA Store,Los Angeles,California,USA,https://hypebeast.com/2023/2/supreme-la-store-west-hollywood-photos,@hypebeast,google-play-en@2x.png,3702846231,,,2026-04-16,,,,,,80,A-Tier,,,Contact:30/Brand:5/Market:25/Reach:20
New Brand: Rhude - Pieces,Los Angeles,California,USA,https://pieceslosangeles.com/blogs/news/new-brand-rhude-1?srsltid=AfmBOorydwRW6VqCTuPYLzHB54JBl29zURznTdD9mmvNczu0GAJlgmzm,@font,,1767727558,,,2026-04-16,,,,,,58,B-Tier,,,Contact:18/Brand:5/Market:25/Reach:10
Rhude pops up at Maxfield in LA,Los Angeles,California,USA,"https://us.fashionnetwork.com/news/Rhude-pops-up-at-maxfield-in-la,998142.html",,,,,,2026-04-16,,,,,,30,C-Tier,,,Contact:0/Brand:5/Market:25/Reach:0
VALE IS OFFICIALLY IN LA COME JOIN US AT OUR FIRST ...,Los Angeles,California,USA,https://www.instagram.com/reel/Cth4I5_uDSO/,@rsrc.php,,1037486289,,,2026-04-16,,,,,,58,B-Tier,,,Contact:18/Brand:5/Market:25/Reach:10
"Vale Clothing - Hoodie, Shirt, Shorts & Jeans",Los Angeles,California,USA,https://valeclothing.org/,@context,support@valeclothing.org,1771523124,,,2026-04-16,,,,,,80,A-Tier,,,Contact:30/Brand:5/Market:25/Reach:20
"Vale Forever Hoodie - Zip Up Styles in Pink, Yellow & ...",Los Angeles,California,USA,https://valeforeverhoodie.com/,,,,,,2026-04-16,,,,,,30,C-Tier,,,Contact:0/Brand:5/Market:25/Reach:0
Vale Forever x HMDD💫♾️ Now Available🚨 Shop ...,Los Angeles,California,USA,https://www.instagram.com/p/DPrgOE_kp65/,@rsrc.php,,1037486289,,,2026-04-16,,,,,,58,B-Tier,,,Contact:18/Brand:5/Market:25/Reach:10
NEW ARRIVALS ‼️ Vale Forever x Hellstar 🔥 ...,Los Angeles,California,USA,https://www.instagram.com/p/DL5b4GESyC6/,@rsrc.php,,1037486289,,,2026-04-16,,,,,,58,B-Tier,,,Contact:18/Brand:5/Market:25/Reach:10
New Brand: Vale Forever - Pieces,Los Angeles,California,USA,https://pieceslosangeles.com/blogs/news/new-brand-vale-forever?srsltid=AfmBOorlP0Ol0kWFI6zvKxjumhyN6umfm6yyWuuale5MPG7A36wMIeNy,@font,,1767727558,,,2026-04-16,,,,,,58,B-Tier,,,Contact:18/Brand:5/Market:25/Reach:10
Recent Vale Forever pick ups shop the latest streetwear ...,Los Angeles,California,USA,https://www.instagram.com/reel/DUGo3MEj31z/,@rsrc.php,,1037486289,,,2026-04-16,,,,,,58,B-Tier,,,Contact:18/Brand:5/Market:25/Reach:10
3 Days of Streetwear and LA Team Gear,Los Angeles,California,USA,https://www.discoverlosangeles.com/things-to-do/los-angeles-streetwear-sports-shopping,,,,,,2026-04-16,,,,,,30,C-Tier,,,Contact:0/Brand:5/Market:25/Reach:0
Toreno's Top 5 Streetwear Joints in LA,Los Angeles,California,USA,https://trippin.world/guide/torenos-top-5-streetwear-joints-in-la,@trippin.world,hello@trippin.com,6441128080,,,2026-04-16,,,,,,80,A-Tier,,,Contact:30/Brand:5/Market:25/Reach:20
HypeBeast Kickz,Los Angeles,California,USA,https://www.hbkickz.com/,@hbkickz23,hypebeastkicks23@yahoo.com,1825789878,,,2026-04-16,,,,,,80,A-Tier,,,Contact:30/Brand:5/Market:25/Reach:20
RIF LA: RIF LOS ANGELES,Los Angeles,California,USA,https://www.rif.la/?srsltid=AfmBOoqJUOo4yQWM7kc45-y5UwglMAHKda8jRtZx2QfjDcXHhYNZXmWY,@riflosangeles,riflogo_265x@2x.png,1635226384,,,2026-04-16,,,,,,80,A-Tier,,,Contact:30/Brand:5/Market:25/Reach:20
Los Angeles,Los Angeles,California,USA,https://hypebeast.com/tags/los-angeles,@hypebeast,screenshot-adblock-ultimate@2x.1f5b1723.png,3702846231,,,2026-04-16,,,,,,80,A-Tier,,,Contact:30/Brand:5/Market:25/Reach:20
TRAFFIC LOS ANGELES | Luxury Men's and Women's ...,Los Angeles,California,USA,https://shoptrafficla.com/,@media,customerservice@shoptrafficla.com,7654415723,,,2026-04-16,,,,,,80,A-Tier,,,Contact:30/Brand:5/Market:25/Reach:20
Pieces – PIECES,Los Angeles,California,USA,https://pieceslosangeles.com/?srsltid=AfmBOop91rPLZ3eG7Fci2B5Tyd7N0d3wWnkc7xYxYUxiS7ZqWVhhdsHa,@font,,1767727558,,,2026-04-16,,,,,,58,B-Tier,,,Contact:18/Brand:5/Market:25/Reach:10
The 11 Best Men's Boutiques In Los Angeles,Los Angeles,California,USA,https://www.modernluxury.com/best-mens-boutiques-los-angeles/,@import,swiper@11.1.0,1775648378,,,2026-04-16,,,,,,80,A-Tier,,,Contact:30/Brand:5/Market:25/Reach:20
"Sneaker Hustle USA: Buy, Sell & Trade Sneakers | Jordans ...",Los Angeles,California,USA,https://sneakerhustleus.com/?srsltid=AfmBOopo9_8f9WJFtNpdQiOn9AwkPiiyGrzj8glM244mOfO3AJf3wB9p,@sneakerhustleusa,,7182159066,,,2026-04-16,,,,,,58,B-Tier,,,Contact:18/Brand:5/Market:25/Reach:10
New Hellstar Arrivals Now Available‼️ Shop these Pieces ...,West Hollywood,California,USA,https://www.instagram.com/p/DQCxFuNkt_h/,@rsrc.php,,1037486289,,,2026-04-16,,,,,,38,C-Tier,,,Contact:18/Brand:5/Market:5/Reach:10
Hellstar Records Hollywood CA Path to Paradise Tee ...,West Hollywood,California,USA,https://www.ebay.com/itm/127369867466,@ebay,,2026041602,,,2026-04-16,,,,,,38,C-Tier,,,Contact:18/Brand:5/Market:5/Reach:10
SUPREME retail store has re-opened its West Hollywood ...,West Hollywood,California,USA,https://www.instagram.com/p/CwEem5MrrMs/,@rsrc.php,,1037486289,,,2026-04-16,,,,,,38,C-Tier,,,Contact:18/Brand:5/Market:5/Reach:10
Supreme store on the Sunset Strip at the site of where ...,West Hollywood,California,USA,https://www.alamy.com/supreme-store-on-the-sunset-strip-at-the-site-of-where-tower-records-once-was-in-los-angeles-ca-image549017490.html,@alamyltd,sales@alamy.com,1504544716,,,2026-04-16,,,,,,60,B-Tier,,,Contact:30/Brand:5/Market:5/Reach:20
Supreme West Hollywood,West Hollywood,California,USA,https://frameweb.com/project/supreme-west-hollywood,@framepublishers,awards@frameweb.com,651-3701400,,,2026-04-16,,,,,,60,B-Tier,,,Contact:30/Brand:5/Market:5/Reach:20
DeAndre Hopkins arrives at Rhude Clothing Line Pop Up ...,West Hollywood,California,USA,https://www.gettyimages.com/detail/video/deandre-hopkins-arrives-at-rhude-clothing-line-pop-up-news-footage/999161528,@gettyimages,,6351776513,,,2026-04-16,,,,,,38,C-Tier,,,Contact:18/Brand:5/Market:5/Reach:10
Vale Forever Blue Inferno Flannel All Sizes Available In ...,West Hollywood,California,USA,https://www.instagram.com/p/DTET8G5Eqho/,@rsrc.php,,1037486289,,,2026-04-16,,,,,,38,C-Tier,,,Contact:18/Brand:5/Market:5/Reach:10
VALE ON SALE Save big on all the latest Vale Forever in ...,West Hollywood,California,USA,https://www.instagram.com/reel/DRpix53jwVi/,@rsrc.php,,1037486289,,,2026-04-16,,,,,,38,C-Tier,,,Contact:18/Brand:5/Market:5/Reach:10
New Brand: Vale Forever - Pieces,West Hollywood,California,USA,https://pieceslosangeles.com/blogs/news/new-brand-vale-forever?srsltid=AfmBOoqutqTnFsLp5FMlqv0TsYVgBGBfJVfQxUHGcamWfMIm7yPWK26P,@font,,1767727558,,,2026-04-16,,,,,,38,C-Tier,,,Contact:18/Brand:5/Market:5/Reach:10
NEW ARRIVALS ‼️ Vale Forever x Hellstar 🔥 ... - Instagram,West Hollywood,California,USA,https://www.instagram.com/p/DL5b4GESyC6/,@rsrc.php,,1037486289,,,2026-04-16,,,,,,38,C-Tier,,,Contact:18/Brand:5/Market:5/Reach:10
"The Best Boutiques in West Hollywood, L.A.'s Most Shop- ...",West Hollywood,California,USA,https://www.theadventuristmagazine.com/city-guides/the-west/california/los-angeles/west-hollywood-best-boutiques,@the_adventurist_magazine,user@domain.com.,1765539906,,,2026-04-16,,,,,,60,B-Tier,,,Contact:30/Brand:5/Market:5/Reach:20
The Ultimate Guide to Shopping in West Hollywood,West Hollywood,California,USA,https://www.visitwesthollywood.com/stories/ultimate-west-hollywood-shopping-guide/,,,,,,2026-04-16,,,,,,10,C-Tier,,,Contact:0/Brand:5/Market:5/Reach:0
"Brick & Mortar Boutique in West Hollywood, CA",West Hollywood,California,USA,https://shopatbrick.com/,@shopatbrick,info@shopatbrick.com,5991460479,,,2026-04-16,,,,,,60,B-Tier,,,Contact:30/Brand:5/Market:5/Reach:20
Take a Look Inside Supreme's New Store in West Hollywood,West Hollywood,California,USA,https://hypebae.com/2023/2/supreme-west-hollywood-store-los-angeles-opening-location-info,@hypebae,screenshot-adblock-ultimate@2x.1f5b1723.png,3702846231,,,2026-04-16,,,,,,60,B-Tier,,,Contact:30/Brand:5/Market:5/Reach:20
Impossible Kicks,West Hollywood,California,USA,https://www.impossiblekicks.com/?srsltid=AfmBOoptlRJGuqqoAkFAIiyPyJxQla5RTna1r_iQy0BSvcYUv_Md-RZ0,,,,,,2026-04-16,,,,,,10,C-Tier,,,Contact:0/Brand:5/Market:5/Reach:0
"Feature: Sneaker Culture, Designer Apparel + Lifestyle",West Hollywood,California,USA,https://feature.com/?srsltid=AfmBOoqwzwAXedkk2wnYoKlwVagu1nnmyS9YM0LsXIHlx-92E9yhLFOi,@feature,icon-paypal@2x.static.png,1554395407,,,2026-04-16,,,,,,60,B-Tier,,,Contact:30/Brand:5/Market:5/Reach:20
A Look Inside Acne Studios' New West Hollywood Store,West Hollywood,California,USA,https://hypebeast.com/2018/3/acne-studios-west-hollywood-store,,,,,,2026-04-16,,,,,,10,C-Tier,,,Contact:0/Brand:5/Market:5/Reach:0
The Ultimate West Hollywood Weekend Shopping Guide,West Hollywood,California,USA,https://www.elle.com/culture/travel-food/a46030642/the-ultimate-west-hollywood-weekend-shopping-guide/,@elleusa,customercare@zadigetvoltaire.com,3646644135,,,2026-04-16,,,,,,60,B-Tier,,,Contact:30/Brand:5/Market:5/Reach:20
5 Clothing Stores You NEED To Experience #departmento ...,West Hollywood,California,USA,https://www.instagram.com/reel/DMa5u1jyufG/,@rsrc.php,,1037486289,,,2026-04-16,,,,,,38,C-Tier,,,Contact:18/Brand:5/Market:5/Reach:10
James Perse Los Angeles,West Hollywood,California,USA,https://www.jamesperse.com/?srsltid=AfmBOorpQVw-5F0LaY7Z7ao-SQfLsOFroeNxK4HPryrmv6J_ddv70jZk,@media,,8031568479,,,2026-04-16,,,,,,38,C-Tier,,,Contact:18/Brand:5/Market:5/Reach:10
"Los Angeles, West Hollywood | JACQUEMUS | Official Store",West Hollywood,California,USA,https://www.jacquemus.com/en_us/store/losangeles.html,,,,,,2026-04-16,,,,,,10,C-Tier,,,Contact:0/Brand:5/Market:5/Reach:0
HellStar X AE Adidas size 13.5 DS/NEW LA EXCLUSIVE 🔥 ...,Fairfax,California,USA,https://www.instagram.com/p/DVCBjTOEa8C/,@rsrc.php,,1037486289,,,2026-04-16,,,,,,38,C-Tier,,,Contact:18/Brand:5/Market:5/Reach:10
"pull up !!! @hellstar Scavenger hunt Thursday, 4/1 at 2:30p",Fairfax,California,USA,https://www.instagram.com/p/DWm3zIficI_/,@hellstar,,1037486289,,,2026-04-16,,,,,,38,C-Tier,,,Contact:18/Brand:5/Market:5/Reach:10
👟👟👟👟👟👟👟👟 Adidas AE 2 ( Hellstar Desert Camo ) ...,Fairfax,California,USA,https://www.instagram.com/reel/DVjIw43grCs/,@rsrc.php,,1037486289,,,2026-04-16,,,,,,38,C-Tier,,,Contact:18/Brand:5/Market:5/Reach:10
How three former Burbank High teammates used fashion to ...,Fairfax,California,USA,https://www.dailynews.com/2024/02/06/how-three-former-burbank-high-teammates-used-fashion-to-create-a-7-on-7-football-program/,@media,bootstrap-icons@1.5.0,1666666667,,,2026-04-16,,,,,,60,B-Tier,,,Contact:30/Brand:5/Market:5/Reach:20
"Supreme Closes Los Angeles Fairfax Shop, New Location ...",Fairfax,California,USA,https://www.flaunt.com/blog/fashion-supreme-closes-los-angeles-fairfax-store,@flauntmagazine,showdown@1.9.1,5292349524,,,2026-04-16,,,,,,60,B-Tier,,,Contact:30/Brand:5/Market:5/Reach:20
Is Fairfax Avenue Dead as the Streetwear Hub of L.A.?,Fairfax,California,USA,https://wwd.com/business-news/retail/supreme-move-fairfax-avenue-sunset-boulevard-affect-streetwear-hub-los-angeles-1235503654/,@wwd,Br7@-V.O,1945704925,,,2026-04-16,,,,,,60,B-Tier,,,Contact:30/Brand:5/Market:5/Reach:20
The Hundreds' Closure Caps Fairfax's OG Streetwear Scene,Fairfax,California,USA,https://www.highsnobiety.com/p/fairfax-los-angeles-streetwear/,@highsnobiety,info@highsnobiety.com,1589980701,,,2026-04-16,,,,,,60,B-Tier,,,Contact:30/Brand:5/Market:5/Reach:20
Supreme Have Closed Their LA Flagship Fairfax Store,Fairfax,California,USA,https://pausemag.co.uk/2017/08/supreme-have-closed-their-la-flagship-fairfax-store/,@pauseonline,samantha.ria@pausemag.co.uk,1758023316,,,2026-04-16,,,,,,60,B-Tier,,,Contact:30/Brand:5/Market:5/Reach:20
Guillermo Andrade Returns to Retail With 424 Flagship on ...,Fairfax,California,USA,https://www.yahoo.com/lifestyle/guillermo-andrade-returns-retail-424-223520592.html,@yahoolifestyle,,8108964313,,,2026-04-16,,,,,,38,C-Tier,,,Contact:18/Brand:5/Market:5/Reach:10
Discover the Rhude Collection,Fairfax,California,USA,https://www.a-ma-maniere.com/collections/rhude?srsltid=AfmBOoqncCELS3hIlhiH1I6cmvAtoDyK6XGiIWjaoJUKYqmryS_0-JG4,@maniere_usa,,1422991689,,,2026-04-16,,,,,,38,C-Tier,,,Contact:18/Brand:5/Market:5/Reach:10
The restock of everyone's favorite Vale Forever has landed ...,Fairfax,California,USA,https://www.instagram.com/reel/DQX597eARY8/,@rsrc.php,,1037486289,,,2026-04-16,,,,,,38,C-Tier,,,Contact:18/Brand:5/Market:5/Reach:10
Fabric Precuts,Fairfax,California,USA,https://www.hawthornesupplyco.com/fabric-precuts?srsltid=AfmBOorgAurE5dVQUuxSkAZj0OSRTH-eUxgAr1UNz9wtIJ-azIJkNkn2,,,,,,2026-04-16,,,,,,10,C-Tier,,,Contact:0/Brand:5/Market:5/Reach:0
Vale Lives Clothing Store Locations,Fairfax,California,USA,https://www.instagram.com/popular/vale-lives-clothing-store-locations/,@rsrc.php,,1037486289,,,2026-04-16,,,,,,38,C-Tier,,,Contact:18/Brand:5/Market:5/Reach:10
"Nonstop on Instagram: "". Vale, one of the hottest brands out ...",Fairfax,California,USA,https://www.instagram.com/reel/DQpr2gukvOJ/,@rsrc.php,,1037486289,,,2026-04-16,,,,,,38,C-Tier,,,Contact:18/Brand:5/Market:5/Reach:10
Location & Directions - Vale Auto Sales,Fairfax,California,USA,https://www.valeautosale.com/location-and-directions,@3.4.1,motion@11.11.13,1988408134,,,2026-04-16,,,,,,60,B-Tier,,,Contact:30/Brand:5/Market:5/Reach:20
Vale: Home,Fairfax,California,USA,https://www.vale.com/,@valenobrasil,frontend-js-react-web@5.0.54,1761247930,,,2026-04-16,,,,,,60,B-Tier,,,Contact:30/Brand:5/Market:5/Reach:20
VALE in 2016 vs 2026 #nyc #viral #thingstodoinny #fyp # ...,Fairfax,California,USA,https://www.instagram.com/p/DTvXbwAgN02/,@rsrc.php,,1037486289,,,2026-04-16,,,,,,38,C-Tier,,,Contact:18/Brand:5/Market:5/Reach:10
BarbTailers,Fairfax,California,USA,https://thebarbshop.com/pages/barbtailers?srsltid=AfmBOopgw0o_IChDrSgVZW6D6qkYte6jLgmUoRy5UrwKyF4fNxe-w1M7,@thebarbshop,,1720640829,,,2026-04-16,,,,,,38,C-Tier,,,Contact:18/Brand:5/Market:5/Reach:10
"Fairfax at Eastvale Square - New Houses in Eastvale, CA",Fairfax,California,USA,https://risewellhomes.com/southern-california/inland-empire-new-homes/neighborhoods/fairfax-at-eastvale-square,,,,,,2026-04-16,,,,,,10,C-Tier,,,Contact:0/Brand:5/Market:5/Reach:0
Photos: The Dawn of LA's Fairfax Avenue Streetwear Scene,Fairfax,California,USA,https://urbmagazine.substack.com/p/photos-the-dawn-of-las-fairfax-avenue,@jessicaandclark,,1619891265,,,2026-04-16,,,,,,38,C-Tier,,,Contact:18/Brand:5/Market:5/Reach:10
Conifer Shop,Fairfax,California,USA,https://www.conifershop.com/?srsltid=AfmBOoonsVhVuYqc6YF3lq-jPtKUX4n2W6n5ivry-1c7SbLBJN4Mjf4U,@conifershop,user@domain.com.,1505361017,,,2026-04-16,,,,,,60,B-Tier,,,Contact:30/Brand:5/Market:5/Reach:20
SHOP | FARIFAX CALIFORNIA,Fairfax,California,USA,https://www.fairfaxcalifornia.com/shop,@fairfax_usa,focus-within-polyfill@5.0.9,2545352419,,,2026-04-16,,,,,,60,B-Tier,,,Contact:30/Brand:5/Market:5/Reach:20
"4:30 Fairfax (@430fairfax) · Los Angeles, CA",Fairfax,California,USA,https://www.instagram.com/430fairfax/,@430fairfax,,1037486289,,,2026-04-16,,,,,,38,C-Tier,,,Contact:18/Brand:5/Market:5/Reach:10
Take a Look at the Grailed on Fairfax Installation,Fairfax,California,USA,https://hypebeast.com/2016/12/grailed-on-fairfax-installation?amp=1,,,,,,2026-04-16,,,,,,10,C-Tier,,,Contact:0/Brand:5/Market:5/Reach:0
SOLESTAGE – Solestage,Fairfax,California,USA,https://www.solestage.com/,@solestage,,1712567275,,,2026-04-16,,,,,,38,C-Tier,,,Contact:18/Brand:5/Market:5/Reach:10
Amazon's Supreme-Inspired Show Fairfax Opens Shop in LA,Fairfax,California,USA,https://www.adweek.com/creativity/amazons-supreme-inspired-show-fairfax-opens-shop-in-la/,@adweek,terry.stanley@adweek.com,1774626878,,,2026-04-16,,,,,,60,B-Tier,,,Contact:30/Brand:5/Market:5/Reach:20
Catwalk Designer Vintage – catwalk,Fairfax,California,USA,https://catwalkdesignervintage.com/,@catwalkfairfax,,1554769634,,,2026-04-16,,,,,,38,C-Tier,,,Contact:18/Brand:5/Market:5/Reach:10
"FOURTWOFOUR ON FAIRFAX, Los Angeles",Fairfax,California,USA,https://trippin.world/spot/fourtwofour-on-fairfax,@fourtwofouronfairfax,hello@trippin.com,6441128080,,,2026-04-16,,,,,,60,B-Tier,,,Contact:30/Brand:5/Market:5/Reach:20
Undefeated,Fairfax,California,USA,https://undefeated.com/,@undefeatedinc,orders@undefeated.com,1614295109,,,2026-04-16,,,,,,60,B-Tier,,,Contact:30/Brand:5/Market:5/Reach:20
2nd STREET USA | Second Hand Clothing Store - Buy & Sell ...,Fairfax,California,USA,https://2ndstreetusa.com/,@2ndstreetusa,,1774963426,,,2026-04-16,,,,,,38,C-Tier,,,Contact:18/Brand:5/Market:5/Reach:10
COOLKICKS – Coolkicks,Fairfax,California,USA,https://shopcoolkicks.com/?srsltid=AfmBOop_6HEGma7G09sHY6LTAE5e5Ef4wQIHFMRLx_CU7XP0N4nf_UZs,@coolkicks,,314952-0354,,,2026-04-16,,,,,,38,C-Tier,,,Contact:18/Brand:5/Market:5/Reach:10
A Look Inside eBay's Wear 'Em Out Fairfax Sneaker Pop-Up,Fairfax,California,USA,https://dot.la/ebay-sneaker-shop-los-angeles-2657406856.html,@dotla,6b64f5cc8af542cbb920e0238864390a@sentry.io,2657406856,,,2026-04-16,,,,,,60,B-Tier,,,Contact:30/Brand:5/Market:5/Reach:20
EBay opens Wear 'Em Out pop-up sneaker store on Fairfax,Fairfax,California,USA,https://spectrumlocalnews.com/nc/coastal/business/2022/05/24/ebay-opens-wear--em-out-pop-up-sneaker-store-on-fairfax-memorial-day-weekend,@SpectrumNews1NC,,1653499560,,,2026-04-16,,,,,,38,C-Tier,,,Contact:18/Brand:5/Market:5/Reach:10
Shop @hellstar in-store & online at pieceslosangeles.com ...,Beverly Hills,California,USA,https://www.instagram.com/reel/DDkOnNqvQOu/,@hellstar,,1037486289,,,2026-04-16,,,,,,38,C-Tier,,,Contact:18/Brand:5/Market:5/Reach:10
Best Authenticated Streetwear Stores Near Beverly Hills - Pieces,Beverly Hills,California,USA,https://pieceslosangeles.com/blogs/news/best-authenticated-streetwear-stores-near-beverly-hills-1?srsltid=AfmBOorw0iS57bmzMUqx28UbEtJUXp6m1PDWOGcqOvU8YlnmkIy07ftt,@font,,1767727558,,,2026-04-16,,,,,,38,C-Tier,,,Contact:18/Brand:5/Market:5/Reach:10
Hellstar Baseball Fitted Hat Green,Beverly Hills,California,USA,https://www.shopholyground.com/products/hellstar-baseball-fitted-hat-green?srsltid=AfmBOoqbGz-TYvx17h6UK__xG5-Oh3LQ3j8Ww6oMPtfYGEApLib4yEGM,@holygroundshop,,2868549642,,,2026-04-16,,,,,,38,C-Tier,,,Contact:18/Brand:5/Market:5/Reach:10
Supreme Jewelry: Designed in Los Angeles by Jirair Kiladjian,Beverly Hills,California,USA,https://www.supremejewelry.net/,@supremejewelry,,3858319594,,,2026-04-16,,,,,,38,C-Tier,,,Contact:18/Brand:5/Market:5/Reach:10
"Supreme, Beverly Hills, CA - Reviews, Ratings, Tips and ...",Beverly Hills,California,USA,https://wanderlog.com/place/details/745258/supreme,@34.090783,apm-rum@5.16.0,3026914942,,,2026-04-16,,,,,,60,B-Tier,,,Contact:30/Brand:5/Market:5/Reach:20
Living the Rhude Life in Beverly Hills,Beverly Hills,California,USA,https://www.gq.com/story/rhude-ss-22,@samschube,help@newyorker.com,6069630293,,,2026-04-16,,,,,,60,B-Tier,,,Contact:30/Brand:5/Market:5/Reach:20
LA STORE Now open 8483 Melrose AV CA 90069 11AM,Beverly Hills,California,USA,https://www.instagram.com/p/DWHarMAjJBM/,@rsrc.php,,1037486289,,,2026-04-16,,,,,,38,C-Tier,,,Contact:18/Brand:5/Market:5/Reach:10
Beverly Hills,Beverly Hills,California,USA,https://boutiques.valentino.com/en-us/united-states/valentino-beverly-hills-usa,,,0684135041,,,2026-04-16,,,,,,18,C-Tier,,,Contact:8/Brand:5/Market:5/Reach:0
Beverly Hills Shopping & Stores,Beverly Hills,California,USA,https://lovebeverlyhills.com/shopping,@lovebevhills,info@mindgruve.com,1788081461,,,2026-04-16,,,,,,60,B-Tier,,,Contact:30/Brand:5/Market:5/Reach:20
RODEO DRIVE – THE INTERSECTION OF LUXURY ...,Beverly Hills,California,USA,https://www.rodeodrive-bh.com/,@rodeodrive,user@domain.com.,1774491810,,,2026-04-16,,,,,,60,B-Tier,,,Contact:30/Brand:5/Market:5/Reach:20
"Sole on Instagram: ""Tired of your wardrobe?? Come find your ...",Beverly Hills,California,USA,https://www.instagram.com/reel/DW4--sFkUQ3/,@rsrc.php,,1037486289,,,2026-04-16,,,,,,38,C-Tier,,,Contact:18/Brand:5/Market:5/Reach:10
Impossible Kicks,Beverly Hills,California,USA,https://www.impossiblekicks.com/?srsltid=AfmBOoo6ARCRi2BriDz0QEzuoReeuu2HNDZftA7kZ0mSd36l4nNy3EtP,,,,,,2026-04-16,,,,,,10,C-Tier,,,Contact:0/Brand:5/Market:5/Reach:0
Blends Opens a New Beverly Hills Location,Beverly Hills,California,USA,https://hypebeast.com/2015/3/blends-opens-a-new-beverly-hills-location,,,,,,2026-04-16,,,,,,10,C-Tier,,,Contact:0/Brand:5/Market:5/Reach:0
ANTA Beverly Hills is now open! It was an honor to attend the ...,Beverly Hills,California,USA,https://www.instagram.com/reel/DUvrd_yE6EI/,@rsrc.php,,1037486289,,,2026-04-16,,,,,,38,C-Tier,,,Contact:18/Brand:5/Market:5/Reach:10
"Los Angeles City Guide: Coffee, Art, Cheap Eats",Beverly Hills,California,USA,https://hypebeast.com/2016/8/los-angeles-city-guide-hypebeast,,,,,,2026-04-16,,,,,,10,C-Tier,,,Contact:0/Brand:5/Market:5/Reach:0
ASRV Private Event Beverly Hills Grand Opening,Beverly Hills,California,USA,https://hypebeast.com/2022/3/asrv-spring-2022-collection-transcend-beverly-hills-grand-opening,,,,,,2026-04-16,,,,,,10,C-Tier,,,Contact:0/Brand:5/Market:5/Reach:0
"My Art is now in Zensai, a Luxury Streetwear Fashion Store ...",Beverly Hills,California,USA,https://www.instagram.com/p/B8S2fNhAUPO/,@rsrc.php,,1037486289,,,2026-04-16,,,,,,38,C-Tier,,,Contact:18/Brand:5/Market:5/Reach:10
Madison Maison an iconic specialty store in Beverly Hills,Beverly Hills,California,USA,https://www.madisonstyle.com/?srsltid=AfmBOorHsgx-dr6cCzLEi8OnKcA3yZCpKWvboa7JqypYIe_MoluCoC3W,@madisonstyle,,1746710984,,,2026-04-16,,,,,,38,C-Tier,,,Contact:18/Brand:5/Market:5/Reach:10
RICK OWENS | OFFICIAL WEBSITE,Beverly Hills,California,USA,https://www.rickowens.eu/,@font,customercare@rickowens.eu,1770205777,,,2026-04-16,,,,,,60,B-Tier,,,Contact:30/Brand:5/Market:5/Reach:20
Shop MadisonStyle Shoe Stores Beverly Hills Malibu California,Beverly Hills,California,USA,https://www.madisonstyle.com/pages/locations-beverly-hills-malibu-fred-segal-los-angeles?srsltid=AfmBOoqzbEvRLiF87hkQlUMSCxjwG_8rB1w5-4GT6Fcqwm54ahyq2Pqk,@madisonstyle,,1746710984,,,2026-04-16,,,,,,38,C-Tier,,,Contact:18/Brand:5/Market:5/Reach:10
Beverly Hills Lingerie: First Streetwear Lingerie Brand,Beverly Hills,California,USA,https://beverlyhillslingerie.com/?srsltid=AfmBOophnwJ5g9xFwWd6uuKeh_DQHyNURa4-kGCQEDSpVHqFmhmCIlUf,@beverlyhillslingerie,Screen_Shot_2019-08-06_at_10.39.38_PM_f6fce90b-4675-4052-91f2-1896a2b60ca9_x63@2x.png,1613537804,,,2026-04-16,,,,,,60,B-Tier,,,Contact:30/Brand:5/Market:5/Reach:20
"Sportswear & Gym Clothing Store in Beverly Hills, CA",Beverly Hills,California,USA,https://asrv.com/blogs/locations/beverly-hills?srsltid=AfmBOopEQ2tVET169FwptqLW_Wc8JRTopnWEQe5Rc9D1r_Z1af54CM9W,@asrv,wings-grey_50x@2x.png,1197032873,,,2026-04-16,,,,,,60,B-Tier,,,Contact:30/Brand:5/Market:5/Reach:20
"LEVELS SF on Instagram: ""Hellstar. Levels. 2146 3rd St. Now ...",San Francisco,California,USA,https://www.instagram.com/reel/DGEf2oRyhj_/,@hellstar,,1037486289,,,2026-04-16,,,,,,38,C-Tier,,,Contact:18/Brand:5/Market:5/Reach:10
"New Hellstar Uniform Zip-Up⭐️ Sizes: S, M, L ...",San Francisco,California,USA,https://www.instagram.com/p/DImvj3WT8PJ/,@rsrc.php,,1037486289,,,2026-04-16,,,,,,38,C-Tier,,,Contact:18/Brand:5/Market:5/Reach:10
"Hellstar Collection: Exclusive Apparel, Graphic Tees & ...",San Francisco,California,USA,https://wycovintagebroadway.com/collections/hellstar?srsltid=AfmBOooCU0x2A8KGAbChkWdBbfwO2wxl8zA4lG4jagsukuCLjjvDNYKo,@WyCoBroadway,,1679016109,,,2026-04-16,,,,,,38,C-Tier,,,Contact:18/Brand:5/Market:5/Reach:10
Hellstar out now !! Hoodies / Sweats ( DM to purchase ),San Francisco,California,USA,https://www.instagram.com/p/DVWcsfHCUYN/,@rsrc.php,,1037486289,,,2026-04-16,,,,,,38,C-Tier,,,Contact:18/Brand:5/Market:5/Reach:10
Last few @hellstar pieces available online. Get them before ...,San Francisco,California,USA,https://www.instagram.com/reel/DGmKbp0SfZc/,@hellstar,,1037486289,,,2026-04-16,,,,,,38,C-Tier,,,Contact:18/Brand:5/Market:5/Reach:10
"LEVELS SF (@levelssf) · San Francisco, CA",San Francisco,California,USA,https://www.instagram.com/levelssf/,@levelssf,,1037486289,,,2026-04-16,,,,,,38,C-Tier,,,Contact:18/Brand:5/Market:5/Reach:10
San Francisco Bay Area Fashion Shops You Must Visit,San Francisco,California,USA,https://branciaga.substack.com/p/san-francisco-bay-area-fashion-shops,@chameleonvtg,denim@selfedge.com,569.5054945,,,2026-04-16,,,,,,60,B-Tier,,,Contact:30/Brand:5/Market:5/Reach:20
"Fresh Society on Instagram: ""New HellStar “beat us” T's now ...",San Francisco,California,USA,https://www.instagram.com/reel/C6pLV4ivtof/,@rsrc.php,,1037486289,,,2026-04-16,,,,,,38,C-Tier,,,Contact:18/Brand:5/Market:5/Reach:10
"Supreme in San Francisco, CA United States",San Francisco,California,USA,https://maps.apple.com/place?place-id=I4CADAA6416758C92,@context,button-foursquare-1@3x.png,122.4105001,,,2026-04-16,,,,,,60,B-Tier,,,Contact:30/Brand:5/Market:5/Reach:20
Peek inside Supreme's San Francisco store,San Francisco,California,USA,https://thespaces.com/supreme-san-francisco/,,,,,,2026-04-16,,,,,,10,C-Tier,,,Contact:0/Brand:5/Market:5/Reach:0
Supreme San Francisco,San Francisco,California,USA,https://frameweb.com/project/supreme-san-francisco,@framepublishers,info@kbtsm.com,1613437237,,,2026-04-16,,,,,,60,B-Tier,,,Contact:30/Brand:5/Market:5/Reach:20
Wilkes Bashford - Mitchell Stores,San Francisco,California,USA,https://wilkesbashford.mitchellstores.com/,,,,,,2026-04-16,,,,,,10,C-Tier,,,Contact:0/Brand:5/Market:5/Reach:0
New Vale Double Knees ❕ VALE FOREVER CHAIN ...,San Francisco,California,USA,https://www.instagram.com/p/DRU5ICSCb87/,@rsrc.php,,1037486289,,,2026-04-16,,,,,,38,C-Tier,,,Contact:18/Brand:5/Market:5/Reach:10
Live Shows — WELCOME TO NIGHT VALE,San Francisco,California,USA,https://www.welcometonightvale.com/live,@nightvaleofficial,user@domain.com.,1426613745,,,2026-04-16,,,,,,60,B-Tier,,,Contact:30/Brand:5/Market:5/Reach:20
Home | Santa Clara Valley Water,San Francisco,California,USA,https://www.valleywater.org/,@scvwd,,9665155858,,,2026-04-16,,,,,,38,C-Tier,,,Contact:18/Brand:5/Market:5/Reach:10
Vale Auto Sales: Used Cars Novato | Used Car Dealers ...,San Francisco,California,USA,https://www.valeautosale.com/,@3.4.1,motion@11.11.13,1988408134,,,2026-04-16,,,,,,60,B-Tier,,,Contact:30/Brand:5/Market:5/Reach:20
No.3 Fine Jewelry: San Francisco • 2354 Polk Street,San Francisco,California,USA,https://www.shopno3.com/?srsltid=AfmBOorEqiZysyOqN7nltddlNspcRMAnzxt_oYw1WJEkNHzojd45P27y,@no3.shop,,1614289458,,,2026-04-16,,,,,,38,C-Tier,,,Contact:18/Brand:5/Market:5/Reach:10
Vale Spider Web Flannel size Large $99 available in store ...,San Francisco,California,USA,https://www.instagram.com/p/DWE6lGFj2hZ/,@rsrc.php,,1037486289,,,2026-04-16,,,,,,38,C-Tier,,,Contact:18/Brand:5/Market:5/Reach:10
Privacy Policy,San Francisco,California,USA,https://edgevale.com/pages/privacy-policy?srsltid=AfmBOoqTRDXgXTlJxn9xTiGiIbyszMFkB5FkjtBOkMOL7bKRmXHJsNia,@edgevaleusa,byr_190x_2x_f2e0cdbf-43c8-4ae1-88ba-4562f169a76a_190x@2x.png,1613772916,,,2026-04-16,,,,,,60,B-Tier,,,Contact:30/Brand:5/Market:5/Reach:20
Find a Stockist,San Francisco,California,USA,https://ereperez.com/en-us/apps/store-locator?srsltid=AfmBOop7OYkSqmq8kXLezBPry9syGa0afJ_c-MHmLhx-6eS4hvASUJwO,@ereperezcosmetics,online@ereperez.com,1775615587,,,2026-04-16,,,,,,60,B-Tier,,,Contact:30/Brand:5/Market:5/Reach:20
"The Darkside Initiative - San Francisco, CA - Apparel and ...",San Francisco,California,USA,https://www.thedarksideinitiative.com/,@thedarksideinitiative,Nanamica-Hoodie-Black-1_d485c708-7c21-4612-b68a-f7d6795d2fb7_25x25@2x.jpg,1752475350,,,2026-04-16,,,,,,60,B-Tier,,,Contact:30/Brand:5/Market:5/Reach:20
State Of Flux | Clothing Brand & Store,San Francisco,California,USA,https://www.stateofflux.shop/,@stateoffluxshop,info@stateofflux.shop,2590526676,,,2026-04-16,,,,,,60,B-Tier,,,Contact:30/Brand:5/Market:5/Reach:20
True Clothing – Shop True Clothing,San Francisco,California,USA,https://www.trueclothing.net/?srsltid=AfmBOoo8azs3XrpAu6PgHbJW0GmFezSgBPaOp6ovd_IAYZCWC8P-qVrZ,@true_sf,,1661581586,,,2026-04-16,,,,,,38,C-Tier,,,Contact:18/Brand:5/Market:5/Reach:10
Bay Area Streetwear Brands,San Francisco,California,USA,https://piedmontave.com/bay-area-streetwear-brands/,@media,chosen-sprite@2x.png,1541183126,,,2026-04-16,,,,,,60,B-Tier,,,Contact:30/Brand:5/Market:5/Reach:20
The City Guide to San Francisco,San Francisco,California,USA,https://hypebeast.com/2019/4/san-francisco-things-to-do-guide-restaurants-shopping-museums-food,,,,,,2026-04-16,,,,,,10,C-Tier,,,Contact:0/Brand:5/Market:5/Reach:0
Upper Playground | Shop Now,San Francisco,California,USA,https://upperplayground.com/,@upperplayground,upperplayproduction@gmail.com,8040009630,,,2026-04-16,,,,,,60,B-Tier,,,Contact:30/Brand:5/Market:5/Reach:20
grails sf – Grails SF,San Francisco,California,USA,https://www.grailssf.com/?srsltid=AfmBOopB5SFPEFvl6yBWa-S6P1QCARM_ZP47UYUP9dwoOKl8CCoZNH0J,@grails.sf,alpinejs@3.13.0,1776212226,,,2026-04-16,,,,,,60,B-Tier,,,Contact:30/Brand:5/Market:5/Reach:20
San Francisco,San Francisco,California,USA,https://hypebeast.com/tags/san-francisco,@hypebeast,screenshot-adblock-ultimate@2x.1f5b1723.png,3702846231,,,2026-04-16,,,,,,60,B-Tier,,,Contact:30/Brand:5/Market:5/Reach:20
Hidden Hype Clothing,San Francisco,California,USA,https://hiddenhype.com/?srsltid=AfmBOopi8zzS5qWxErvv8A__fpoQBMRaQrU2XbhSeTflbEWGbV9KlugO,@hiddenhypeboutique,support@hiddenhype.com,8654104650,,,2026-04-16,,,,,,60,B-Tier,,,Contact:30/Brand:5/Market:5/Reach:20
Restyled SF: Home,San Francisco,California,USA,https://www.restyledsf.us/,@media,hi@mystore.com,2882222241,,,2026-04-16,,,,,,60,B-Tier,,,Contact:30/Brand:5/Market:5/Reach:20
San Francisco Sneaker Stores - SneakerNews.com,San Francisco,California,USA,https://sneakernews.com/sneaker-shopping-guide/san-francisco-sneaker-stores/,,,,,,2026-04-16,,,,,,10,C-Tier,,,Contact:0/Brand:5/Market:5/Reach:0
Market Street,San Francisco,California,USA,https://www.shiekh.com/stores/sf-flagship?srsltid=AfmBOopnbn076YykI3DlctBy6OCxyrNtSKE3O6fK__cewXLxouZBQTK2,,,,,,2026-04-16,,,,,,10,C-Tier,,,Contact:0/Brand:5/Market:5/Reach:0
citykickssd,San Diego,California,USA,https://citykickssd.com/,@citykickssd,Inquiries@CityKicksSD.com,1741849026,,,2026-04-16,,,,,,60,B-Tier,,,Contact:30/Brand:5/Market:5/Reach:20
Bunch of Hellstar Tees in Store‼️ Perfect for the Summer ...,San Diego,California,USA,https://www.instagram.com/reel/DJz0B5ETzwM/,@rsrc.php,,1037486289,,,2026-04-16,,,,,,38,C-Tier,,,Contact:18/Brand:5/Market:5/Reach:10
Shop Overload | Premium Skate and Shoe Store | San Diego ...,San Diego,California,USA,https://shopoverload.com/?srsltid=AfmBOoprMx2agmJTaxH2f9Od8SY9fsaunHVq0g-2Gu0OPRztRaDhXg33,@shopoverload.com,shop@shopoverload.com,1737781903,,,2026-04-16,,,,,,60,B-Tier,,,Contact:30/Brand:5/Market:5/Reach:20
Hellstar Tee Sz M $179.99! 📍9809 Mira Mesa Blvd ⏰ Open ...,San Diego,California,USA,https://www.instagram.com/p/DBuZB_BSPyi/,@rsrc.php,,1037486289,,,2026-04-16,,,,,,38,C-Tier,,,Contact:18/Brand:5/Market:5/Reach:10
ShopMeta,San Diego,California,USA,https://shopmeta.com/?srsltid=AfmBOoqjPQuK8T8kBvpQCqLUB530-14aEuYwWsPu77wzSojSJIjdpADN,@shopmetasd,Group_1127_dc4e0ea3-781b-4b8a-8dfe-f44499968071_110x@2x.png,1643854612,,,2026-04-16,,,,,,60,B-Tier,,,Contact:30/Brand:5/Market:5/Reach:20
Hellstar Studios Screaming Kid T-Shirt 'White' - YankeeKicks,San Diego,California,USA,https://store.yankeekicks.com/products/hellstar-studios-screaming-kid-t-shirt-white?srsltid=AfmBOoqYNqMdpOiCsuTgqYnnuQBPUtUeRWl6WdAjnpEgWyFFCrnqWWRi,@yankeekicks,support@starapps.studio,389-1650986,,,2026-04-16,,,,,,60,B-Tier,,,Contact:30/Brand:5/Market:5/Reach:20
Supreme Clothing,San Diego,California,USA,https://shopmeta.com/collections/supreme-clothing?srsltid=AfmBOoo8LHiSug1CuRnNKvSTtKXgqFOdhPSv_Avmg0_JT1bkjSvTt39K,@shopmetasd,Group_1127_dc4e0ea3-781b-4b8a-8dfe-f44499968071_110x@2x.png,1643854612,,,2026-04-16,,,,,,60,B-Tier,,,Contact:30/Brand:5/Market:5/Reach:20
Reign Supreme Clothing (@wereignsupreme),San Diego,California,USA,https://www.instagram.com/wereignsupreme/,@shopdablock,,1037486289,,,2026-04-16,,,,,,38,C-Tier,,,Contact:18/Brand:5/Market:5/Reach:10
Supremecardshop: Home,San Diego,California,USA,https://www.supremecardshop.com/,@supremecardshop,supremecardshop@gmail.com,1681623493,,,2026-04-16,,,,,,60,B-Tier,,,Contact:30/Brand:5/Market:5/Reach:20
"Introducing BPM Supply, a New Online Store for DJs",San Diego,California,USA,https://blog.bpmmusic.io/news/introducing-bpm-supply-a-new-online-store-for-djs/,@arocksworld,,1800264860,,,2026-04-16,,,,,,38,C-Tier,,,Contact:18/Brand:5/Market:5/Reach:10
"Fashion Valley, San Diego, CA",San Diego,California,USA,https://www.urbanoutfitters.com/stores/urban-outfitters-fashion-valley,,,,,,2026-04-16,,,,,,10,C-Tier,,,Contact:0/Brand:5/Market:5/Reach:0
Westfield UTC,San Diego,California,USA,https://www.roddandgunn.com/us/stores/westfield-utc_5050?srsltid=AfmBOopohI8OQyiRec8qaLFpcv_OBxHIR6VikjWCdMzh6cZ5aj5RE3AL,@roddandgunn,customerservice@roddandgunn.com,1776366233,,,2026-04-16,,,,,,60,B-Tier,,,Contact:30/Brand:5/Market:5/Reach:20
We've been waiting for this one We officially now have ...,San Diego,California,USA,https://www.instagram.com/reel/DNi5dyoo1vM/,@rsrc.php,,1037486289,,,2026-04-16,,,,,,38,C-Tier,,,Contact:18/Brand:5/Market:5/Reach:10
DM TO SHOP🛍️ #explore #sandiego #raybanmeta ...,San Diego,California,USA,https://www.instagram.com/p/DTwwexJiUiq/,@rsrc.php,,1037486289,,,2026-04-16,,,,,,38,C-Tier,,,Contact:18/Brand:5/Market:5/Reach:10
"Fashion Valley on Instagram: ""The first True Classic store in ...",San Diego,California,USA,https://www.instagram.com/reel/DRnIZYmCqF5/,@atlasstores,,1037486289,,,2026-04-16,,,,,,38,C-Tier,,,Contact:18/Brand:5/Market:5/Reach:10
New vale jhorts in store now! At both @holyhavensd and ...,San Diego,California,USA,https://www.instagram.com/reel/DWpCPYlgTYa/,@holyhavensd,,1037486289,,,2026-04-16,,,,,,38,C-Tier,,,Contact:18/Brand:5/Market:5/Reach:10
"SHOEHABIT on Instagram: ""Just in ! Vale Jacket Sz XL ...",San Diego,California,USA,https://www.instagram.com/p/DWr5wCRkmdk/,@rsrc.php,,1037486289,,,2026-04-16,,,,,,38,C-Tier,,,Contact:18/Brand:5/Market:5/Reach:10
Vale Soccer Club | Team.WeGotSoccer.com,San Diego,California,USA,https://www.wegotsoccer.com/valesc,@media,help@unisportsoccer.com,1044154415,,,2026-04-16,,,,,,60,B-Tier,,,Contact:30/Brand:5/Market:5/Reach:20
"Fashion Valley® - A Shopping Center In San Diego, CA - Simon",San Diego,California,USA,https://www.simon.com/mall/fashion-valley,@Fashionvalleyca,,1766078725,,,2026-04-16,,,,,,38,C-Tier,,,Contact:18/Brand:5/Market:5/Reach:10
Dealer Locator,San Diego,California,USA,https://locator.ttdealers.carrier.com/,,,,,,2026-04-16,,,,,,10,C-Tier,,,Contact:0/Brand:5/Market:5/Reach:0
Caliwearsd: CaliWear San Diego - Online Clothing Store,San Diego,California,USA,https://caliwearsd.com/?srsltid=AfmBOoqP6uwYDKIJMfVTzEi8mQjpnXlNuvxB_JbOyN6JoZDEwyV0CngV,@caliwearsd,,1761163216,,,2026-04-16,,,,,,38,C-Tier,,,Contact:18/Brand:5/Market:5/Reach:10
ACD GALLERY - San Diego,San Diego,California,USA,https://acdgallery.com/,@acdgallery,info@acdgallery.com,1614294546,,,2026-04-16,,,,,,60,B-Tier,,,Contact:30/Brand:5/Market:5/Reach:20
Bait store - San Diego,San Diego,California,USA,https://www.baitme.com/stores-san-diego?srsltid=AfmBOopKtXH6N2OLyooRfouuCF7_VW3kd3ML47RkPSgRIP5FvD0EOPOb,@baitme,support@baitme.com,1775557925,,,2026-04-16,,,,,,60,B-Tier,,,Contact:30/Brand:5/Market:5/Reach:20
Holy Haven VTG & Sneakers Store (@holyhavensd),San Diego,California,USA,https://www.instagram.com/holyhavensd/,@thekickbacksd,,1037486289,,,2026-04-16,,,,,,38,C-Tier,,,Contact:18/Brand:5/Market:5/Reach:10
Gstyle Clothing,San Diego,California,USA,https://www.gstyleclothing.com/,@context,Back-print--Hustle_195x195@2x.gif,1614295213,,,2026-04-16,,,,,,60,B-Tier,,,Contact:30/Brand:5/Market:5/Reach:20
Sneaker Club San Diego,San Diego,California,USA,https://thesneakerclubsd.com/,@gmail.com,thesneakerclubsd@gmail.com,1618299147,,,2026-04-16,,,,,,60,B-Tier,,,Contact:30/Brand:5/Market:5/Reach:20
San Diego,San Diego,California,USA,https://hypebeast.com/tags/san-diego,@hypebeast,screenshot-adblock-ultimate@2x.1f5b1723.png,3702846231,,,2026-04-16,,,,,,60,B-Tier,,,Contact:30/Brand:5/Market:5/Reach:20
"ELECT. (@electsandiego) · San Diego, CA",San Diego,California,USA,https://www.instagram.com/electsandiego/,@electsandiego,,1037486289,,,2026-04-16,,,,,,38,C-Tier,,,Contact:18/Brand:5/Market:5/Reach:10
Shopping La Jolla Style - San Diego Tourism Authority,San Diego,California,USA,https://www.sandiego.org/article/shopping-la-jolla-style,,,,,,2026-04-16,,,,,,10,C-Tier,,,Contact:0/Brand:5/Market:5/Reach:0
Discover Luxury at Fashion Valley - San Diego - Simon,San Diego,California,USA,https://www.simon.com/mall/fashion-valley/luxury,@fashionvalleyca,,1766078725,,,2026-04-16,,,,,,38,C-Tier,,,Contact:18/Brand:5/Market:5/Reach:10
"City Kicks (@citykickssd) · San Diego, CA",San Diego,California,USA,https://www.instagram.com/citykickssd/,@citykickssd,,1037486289,,,2026-04-16,,,,,,38,C-Tier,,,Contact:18/Brand:5/Market:5/Reach:10
Shop Overload | Premium Skate and Shoe Store | San ...,San Diego,California,USA,https://shopoverload.com/?srsltid=AfmBOorvcOt3RfWYVVMrtxd-8RfcP5FdtLryWnBTyTnr7DThpTzGOGK1,@shopoverload.com,shop@shopoverload.com,1737781903,,,2026-04-16,,,,,,60,B-Tier,,,Contact:30/Brand:5/Market:5/Reach:20
Newly released @hellstar merchandise hit the shelves 🔥 ...,Melrose,California,USA,https://www.instagram.com/p/Cq6fD8lvzea/,@hellstar,,1037486289,,,2026-04-16,,,,,,38,C-Tier,,,Contact:18/Brand:5/Market:5/Reach:10
HUNDREDS OF @hellstar IN AND OUT ✈️ CHECK OUT ...,Melrose,California,USA,https://www.instagram.com/reel/DTBcSn3Ek11/,@hellstar,,1037486289,,,2026-04-16,,,,,,38,C-Tier,,,Contact:18/Brand:5/Market:5/Reach:10
⭐️ @hellstar Owner hellstarseanie reflects on his past 2 ...,Melrose,California,USA,https://www.instagram.com/reel/C5GRMvnOEkU/,@hellstar,,1037486289,,,2026-04-16,,,,,,38,C-Tier,,,Contact:18/Brand:5/Market:5/Reach:10
Hellstar Studios The Path To Paradise Begins In Hell Tee,Melrose,California,USA,https://attic.city/item/JTL5/hellstar-studios-the-path-to-paradise-begins-in-hell-tee/wasteland,@example.org,,1775905109,,,2026-04-16,,,,,,38,C-Tier,,,Contact:18/Brand:5/Market:5/Reach:10
Banned LA Ruin My Life (@bannedla) - Instagram,Melrose,California,USA,https://www.instagram.com/bannedla/,@bannedla,,1037486289,,,2026-04-16,,,,,,38,C-Tier,,,Contact:18/Brand:5/Market:5/Reach:10
✖️ ALL BLACK EVERYTHING ✖️ Restock on all our Black ...,Melrose,California,USA,https://www.instagram.com/reel/CyHH4_VyVOj/,@rsrc.php,,1037486289,,,2026-04-16,,,,,,38,C-Tier,,,Contact:18/Brand:5/Market:5/Reach:10
"ALLP STUDIOS on Instagram: ""How Hellstar sold $2 million ...",Melrose,California,USA,https://www.instagram.com/reel/C8DDK10yhtr/,@rsrc.php,,1037486289,,,2026-04-16,,,,,,38,C-Tier,,,Contact:18/Brand:5/Market:5/Reach:10
Terms & Conditions - Black Hellstar Hoodie Official Store,Melrose,California,USA,https://blackhellstarhoodie.com/terms-conditions.html,@blackhellstarhoodie.com,,323-555-0198,,,2026-04-16,,,,,,38,C-Tier,,,Contact:18/Brand:5/Market:5/Reach:10
'Supreme' store opening in WeHo brings big concerns ...,Melrose,California,USA,https://abc7.com/post/supreme-clothing-store-west-hollywood-controversy/11526658/,@abc7la,pr@abc7.com,1422894341,,,2026-04-16,,,,,,60,B-Tier,,,Contact:30/Brand:5/Market:5/Reach:20
Streetwear Brands Supreme Store Melrose Supreme Clothing ...,Melrose,California,USA,https://fundacionblazer.org/product/category/view_more/33614761041660,,,,,,2026-04-16,,,,,,10,C-Tier,,,Contact:0/Brand:5/Market:5/Reach:0
Supreme store in L.A. draws fashion fanatics seeking 'dope ...,Melrose,California,USA,https://www.latimes.com/local/lanow/la-me-ln-fashion-fanatics-20150820-story.html,@latimes.404,benjamin.oreskes@latimes.com,2147483647,,,2026-04-16,,,,,,60,B-Tier,,,Contact:30/Brand:5/Market:5/Reach:20
L.A. streetwear brand Rhude pops into Maxfield's Melrose ...,Melrose,California,USA,https://www.latimes.com/fashion/la-ig-wwd-rhude-maxfield-pop-up-20180716-story.html,@latimes.404,,2147483647,,,2026-04-16,,,,,,38,C-Tier,,,Contact:18/Brand:5/Market:5/Reach:10
RHUDE x MAXFIELD POP UP,Melrose,California,USA,https://store2be.com/fr/events/rhude-x-maxfield-pop-up,@popupshopshq,,1010000080,,,2026-04-16,,,,,,38,C-Tier,,,Contact:18/Brand:5/Market:5/Reach:10
About The Brand,Melrose,California,USA,https://rh-ude.com/pages/information?srsltid=AfmBOooxQE9b66vhxo0EogbB4HQ1jLN1J1JQmOVDC5YYShw8ue-V5S4R,@rhude,,1613580349,,,2026-04-16,,,,,,38,C-Tier,,,Contact:18/Brand:5/Market:5/Reach:10
"Vale Hoodie - Zip Up in Pink, Yellow & Black ...",Melrose,California,USA,https://valehoodie.com/,@context,support@valehoodie.com,323-555-0189,,,2026-04-16,,,,,,60,B-Tier,,,Contact:30/Brand:5/Market:5/Reach:20
"Vale Hoodie - Zip Up in Pink, Yellow & Black for Streetwear ...",Melrose,California,USA,https://valehoodie.com/,@context,support@valehoodie.com,323-555-0189,,,2026-04-16,,,,,,60,B-Tier,,,Contact:30/Brand:5/Market:5/Reach:20
"Earthling on Instagram: ""TODAYS THE DAY! 11am-8pm ...",Melrose,California,USA,https://www.instagram.com/reel/DUtImZxjsJm/,@rsrc.php,,1037486289,,,2026-04-16,,,,,,38,C-Tier,,,Contact:18/Brand:5/Market:5/Reach:10
"We're opening our new store on Melrose. April 3rd, 2026 7450 ...",Melrose,California,USA,https://www.instagram.com/reel/DWow7mHKeGO/,@rsrc.php,,1037486289,,,2026-04-16,,,,,,38,C-Tier,,,Contact:18/Brand:5/Market:5/Reach:10
Melrose Showroom,Melrose,California,USA,https://valyoufurniture.com/pages/melrose-showroom?srsltid=AfmBOorurc8abN3xZpvhDR54MK4xA0w324Y3cMXaKpUqQwG1sRflJ7NR,@valyousofa,melrose@valyoufurniture.com,1749097525,,,2026-04-16,,,,,,60,B-Tier,,,Contact:30/Brand:5/Market:5/Reach:20
"8441 melrose pl ste c - los angeles, ca",Melrose,California,USA,https://www.instagram.com/p/DWpCoPRE6Sg/,@rsrc.php,,1037486289,,,2026-04-16,,,,,,38,C-Tier,,,Contact:18/Brand:5/Market:5/Reach:10
"7669 Melrose Ave Los Angeles Ca, 90046 Open 11-7pm (ON ...",Melrose,California,USA,https://www.instagram.com/reel/C7uQPtJPcOJ/,@rsrc.php,,1037486289,,,2026-04-16,,,,,,38,C-Tier,,,Contact:18/Brand:5/Market:5/Reach:10
Posers Hollwood,Melrose,California,USA,http://www.weareposers.com/,@posers_hollywood,user@domain.com.,1577405439,,,2026-04-16,,,,,,60,B-Tier,,,Contact:30/Brand:5/Market:5/Reach:20
Bait store - Los Angeles,Melrose,California,USA,https://www.baitme.com/stores-los-angeles?srsltid=AfmBOoruhCVirU58fKmY0oxQ45LuO9AaVe7Waonv-YDDHNf_LN3nFOyu,@baitme,support@baitme.com,1775557925,,,2026-04-16,,,,,,60,B-Tier,,,Contact:30/Brand:5/Market:5/Reach:20
POP UP LA - MELROSE (@thepopupshopla),Melrose,California,USA,https://www.instagram.com/thepopupshopla/,@thepopupshopla,,1037486289,,,2026-04-16,,,,,,38,C-Tier,,,Contact:18/Brand:5/Market:5/Reach:10
"Melrose Avenue Shopping: Best Boutiques, Vintage & ...",Melrose,California,USA,https://hypeach.com/blogs/news/melrose-avenue-shopping-guide-best-boutiques-vintage-stores?srsltid=AfmBOooGozNuxTPcvc3IUYUg5Gt5UVdW43Zb9ZdJgAXOjvXbIdBBJ37G,@hypeachboutique,HYPEACH_logo_black_919527ed-31a1-4b5d-bc95-c5f9a45f2dbc_200x@2x.png,1658452964,,,2026-04-16,,,,,,60,B-Tier,,,Contact:30/Brand:5/Market:5/Reach:20
The Pop up shop Los Angeles: Top Clothing Brands,Melrose,California,USA,https://thepopupshopla.com/?srsltid=AfmBOoqTKgrf5Gyn74A9uLoXzPmMA6Ice3WE-8r87N7BCBpx-K9EFCN7,@thepopupshopla,,1736991854,,,2026-04-16,,,,,,38,C-Tier,,,Contact:18/Brand:5/Market:5/Reach:10
Clothing Archives,Melrose,California,USA,https://melroseartsdistrict.com/directory-melrose/categories/clothing/,,,,,,2026-04-16,,,,,,10,C-Tier,,,Contact:0/Brand:5/Market:5/Reach:0
Luke Fracher Opens Second Luke's Location in Los Angeles,Melrose,California,USA,https://hypebeast.com/2024/8/lukes-la-store-opening-luke-fracher,@hypebeast,google-play-en@2x.png,3702846231,,,2026-04-16,,,,,,60,B-Tier,,,Contact:30/Brand:5/Market:5/Reach:20
HYPEBEAST Los Angeles (@hypebeastla),Melrose,California,USA,https://www.instagram.com/hypebeastla/,@hypebeastla,,1037486289,,,2026-04-16,,,,,,38,C-Tier,,,Contact:18/Brand:5/Market:5/Reach:10
Streetwear L.A.: Original Hypebeast,Melrose,California,USA,https://www.culturehoney.com/streetwear-l-a-original-hypebeast/,@culturehoneymag,,1776291384,,,2026-04-16,,,,,,38,C-Tier,,,Contact:18/Brand:5/Market:5/Reach:10
"Moist Melrose (@m.premium_clothing) · Los Angeles, CA",Melrose,California,USA,https://www.instagram.com/m.premium_clothing/,@m.premium_clothing,,1037486289,,,2026-04-16,,,,,,38,C-Tier,,,Contact:18/Brand:5/Market:5/Reach:10
RTA Brand: Luxury Streetwear Clothing for Men & Women ...,Melrose,California,USA,https://rta.com/?srsltid=AfmBOooHngiXVpGKNib6XU1hpW15xRHihGkmF405fErKZr8NFtmpkrae,@rtabrand,,9166543286,,,2026-04-16,,,,,,38,C-Tier,,,Contact:18/Brand:5/Market:5/Reach:10
Sneakerhead Melrose (@sneakerheadmelrose),Melrose,California,USA,https://www.instagram.com/sneakerheadmelrose/?hl=en,@sneakerheadmelrose,,1037486289,,,2026-04-16,,,,,,38,C-Tier,,,Contact:18/Brand:5/Market:5/Reach:10
LOS ANGELES MELROSE Store,Melrose,California,USA,https://www.goldengoose.com/us/en/stores/los-angeles/25,@goldengoose,accessibility.info@goldengoose.com,1776353947,,,2026-04-16,,,,,,60,B-Tier,,,Contact:30/Brand:5/Market:5/Reach:20
"620 Broadway New York, NY 10012 COME SHOP!!!",New York City,New York,USA,https://www.instagram.com/p/DOOWtFnDXl7/,@rsrc.php,,1037486289,,,2026-04-16,,,,,,58,B-Tier,,,Contact:18/Brand:5/Market:25/Reach:10
The Most Popular Streetwear Brand In NYC,New York City,New York,USA,https://sellstreetwearnyc.com/the-most-popular-streetwear-brand-in-nyc/,@eastvillagebuyers,Goldbuyers125@gmail.com,1917608893,,,2026-04-16,,,,,,80,A-Tier,,,Contact:30/Brand:5/Market:25/Reach:20
Empire Uptown. | HELLSTAR 💫 Available Now 📍124 ...,New York City,New York,USA,https://www.instagram.com/p/CmXAL_AuyQy/,@rsrc.php,,1037486289,,,2026-04-16,,,,,,58,B-Tier,,,Contact:18/Brand:5/Market:25/Reach:10
New - Shop,New York City,New York,USA,https://us.supreme.com/collections/new,,,1421991361,,,2026-04-16,,,,,,38,C-Tier,,,Contact:8/Brand:5/Market:25/Reach:0
"Rhude's latest drop has arrived featuring Sweatshirts, Tees ...",New York City,New York,USA,https://www.instagram.com/p/DPKiJE-jdZF/,@rsrc.php,,1037486289,,,2026-04-16,,,,,,58,B-Tier,,,Contact:18/Brand:5/Market:25/Reach:10
RHUDE [hidden],New York City,New York,USA,https://ateliernewyork.com/collections/rhude?srsltid=AfmBOoq5PJEeR3m3C-cTWQg9RnKQ_FptAMBC3W7iredj03_JjmnF3Ayd,@keyframes,vue@2.6.10,1467327775,,,2026-04-16,,,,,,80,A-Tier,,,Contact:30/Brand:5/Market:25/Reach:20
RHUDE — VIP SAMPLE SALE,New York City,New York,USA,https://www.vipsamplesale.com/rhude,@vipsamplesalenewyork,user@domain.com.,3141925352,,,2026-04-16,,,,,,80,A-Tier,,,Contact:30/Brand:5/Market:25/Reach:20
Capsule NYC,New York City,New York,USA,https://capsule.nyc/?srsltid=AfmBOoplCNZ74kO0g0Hzn3RA52KM2aXgmRTda2Yi3LQhG7KZVJlUfwJF,@capsule_nyc,icon-paypal@2x.static.png,4380278799,,,2026-04-16,,,,,,80,A-Tier,,,Contact:30/Brand:5/Market:25/Reach:20
VALE FORVER NYC RETAIL – VALE NYC FLAGSHIP,New York City,New York,USA,https://nyc-valeforever.com/,@font,,1732719664,,,2026-04-16,,,,,,58,B-Tier,,,Contact:18/Brand:5/Market:25/Reach:10
"Vale NYC Flagship Store (@valelivesnyc) · New York, NY",New York City,New York,USA,https://www.instagram.com/valelivesnyc/,@valelives,,1037486289,,,2026-04-16,,,,,,58,B-Tier,,,Contact:18/Brand:5/Market:25/Reach:10
@valelives recently opened their New York store ...,New York City,New York,USA,https://www.instagram.com/reel/DKc-vD6Pzuk/,@valelives,,1037486289,,,2026-04-16,,,,,,58,B-Tier,,,Contact:18/Brand:5/Market:25/Reach:10
Contact,New York City,New York,USA,https://nyc-valeforever.com/pages/contact,@font,,1732719664,,,2026-04-16,,,,,,58,B-Tier,,,Contact:18/Brand:5/Market:25/Reach:10
Vale NYC Flagship Store | The Return Of Vale At Our New ...,New York City,New York,USA,https://www.instagram.com/p/DDLGkBGyFfX/?hl=en,@rsrc.php,,1037486289,,,2026-04-16,,,,,,58,B-Tier,,,Contact:18/Brand:5/Market:25/Reach:10
JC Vale Flagship Store – VALE JERSEY CITY,New York City,New York,USA,https://jc-valeforever.com/,@valeflagship,,1722281455,,,2026-04-16,,,,,,58,B-Tier,,,Contact:18/Brand:5/Market:25/Reach:10
Vale Forever Nyc Invasion Big Tee Black,New York City,New York,USA,https://vipclothingstores.com/products/vale-forever-nyc-invasion-big-tee-black?srsltid=AfmBOorfHCOy_9QHv3TwzoIs7hLHB8YQNGS9clrNhR6r7yiwWrhAes30,@vipnashville,csr@vipclothingstores.com,7715935179,,,2026-04-16,,,,,,80,A-Tier,,,Contact:30/Brand:5/Market:25/Reach:20
The Best Streetwear Boutiques in NYC,New York City,New York,USA,https://maps.apple.com/guides?curated=3051781674638227305&_provider=9902,@procell,button-tripadvisor-logo-5@3x.png,3051781674,,,2026-04-16,,,,,,80,A-Tier,,,Contact:30/Brand:5/Market:25/Reach:20
UP NYC - New York City's Premier Clothing & Sneaker Store,New York City,New York,USA,https://upnycstore.com/,@upnyc,,1690304974,,,2026-04-16,,,,,,58,B-Tier,,,Contact:18/Brand:5/Market:25/Reach:10
Noah: Home,New York City,New York,USA,https://noahny.com/?srsltid=AfmBOoqDpsh_yQzM5RIUZFLyQFvxrYnf6mMyuz9H8uiejpxkmHaDSNNX,@noahny,alpine@v2.8.2,7102313590,,,2026-04-16,,,,,,80,A-Tier,,,Contact:30/Brand:5/Market:25/Reach:20
HYPEBEAST NYC (@hypebeastnyc),New York City,New York,USA,https://www.instagram.com/hypebeastnyc/,@hypebeastnyc,,1037486289,,,2026-04-16,,,,,,58,B-Tier,,,Contact:18/Brand:5/Market:25/Reach:10
New York City,New York City,New York,USA,https://hypebeast.com/tags/new-york-city,@hypebeast,screenshot-adblock-ultimate@2x.1f5b1723.png,3702846231,,,2026-04-16,,,,,,80,A-Tier,,,Contact:30/Brand:5/Market:25/Reach:20
HBX New York City Flagship Store Opening Info,New York City,New York,USA,https://hypebeast.com/2022/6/hbx-new-york-city-store-opening-41-division-street-inside-look,,,,,,2026-04-16,,,,,,30,C-Tier,,,Contact:0/Brand:5/Market:25/Reach:0
Hypebeast. Driving Culture Forward,New York City,New York,USA,https://hypebeast.com/,@hypebeast,screenshot-adblock-ultimate@2x.1f5b1723.png,3702846231,,,2026-04-16,,,,,,80,A-Tier,,,Contact:30/Brand:5/Market:25/Reach:20
Atelier New York,New York City,New York,USA,https://ateliernewyork.com/?srsltid=AfmBOopsIYet5NPWpGT0GWbNiOFdjHICgUJ5sjABn7FgaYD165Otz9yu,@keyframes,vue@2.6.10,1467327775,,,2026-04-16,,,,,,80,A-Tier,,,Contact:30/Brand:5/Market:25/Reach:20
The Ultimate NYC Streetwear and Sneaker Store Guide ...,New York City,New York,USA,https://snkrdunk.com/en/magazine/2024/12/27/the-ultimate-nyc-streetwear-and-sneaker-store-guide-for-2025/,@snkrdunk,,4298112987,,,2026-04-16,,,,,,58,B-Tier,,,Contact:18/Brand:5/Market:25/Reach:10
Blue Jeans – Top Streetwear Clothing Store in New York City,New York City,New York,USA,https://bluejeans.nyc/?srsltid=AfmBOoqPRHdiljVXQTBzl5hfI5FOqZQRpdBVAn1k6nWiOqzF7ASTTeCT,@bluejeans.nyc,info@bluejeans.nyc,1702503332,,,2026-04-16,,,,,,80,A-Tier,,,Contact:30/Brand:5/Market:25/Reach:20
West NYC - Upper West Side Sneaker Boutique,New York City,New York,USA,https://www.westnyc.com/?srsltid=AfmBOor6Wq2plNNiOCGbTcshYQOnRhBfulfXcvxIO8zRawa4OSgqJSD5,@westnyc,,1650315540,,,2026-04-16,,,,,,58,B-Tier,,,Contact:18/Brand:5/Market:25/Reach:10
Yankeekicks Store | Footwear | Apparel | Sneaker Care ...,New York City,New York,USA,https://store.yankeekicks.com/?srsltid=AfmBOorTsNxGL8ccJ0hajPFUBWM501uzC7r4jfdnkv3EOOJctXIoLsAY,@yankeekicks,support@starapps.studio,389-1650986,,,2026-04-16,,,,,,80,A-Tier,,,Contact:30/Brand:5/Market:25/Reach:20
A Sneakerhead's Guide to NYC's Coolest Sneaker Stores,New York City,New York,USA,https://www.cntraveler.com/video/watch/locals-guide-a-sneakerheads-guide-to-nycs-coolest-sneaker-stores,@cntraveler,help@newyorker.com,1693825450,,,2026-04-16,,,,,,80,A-Tier,,,Contact:30/Brand:5/Market:25/Reach:20
️ HELLSTAR ⭐️ Capsule 10 items,Brooklyn,New York,USA,https://www.instagram.com/p/Cyg4dc9uyUh/,@rsrc.php,,1037486289,,,2026-04-16,,,,,,38,C-Tier,,,Contact:18/Brand:5/Market:5/Reach:10
StealthNY,Brooklyn,New York,USA,https://www.stealthny.com/?srsltid=AfmBOoqx0-Xk-EN33Kaw_wuWj0tRMjJBpwqmQT3wVWL4B9spkFFiwqAq,@stealth.ny,,1677447934,,,2026-04-16,,,,,,38,C-Tier,,,Contact:18/Brand:5/Market:5/Reach:10
Capsule NYC,Brooklyn,New York,USA,https://capsule.nyc/?srsltid=AfmBOooLP-uTxpDqpiNt4lq6AWqAAJJQNvIRIZRCaR4Qlu1IkIVGtCEQ,@capsule_nyc,icon-paypal@2x.static.png,4380278799,,,2026-04-16,,,,,,60,B-Tier,,,Contact:30/Brand:5/Market:5/Reach:20
Hellstar's I❤️NY POP-UP IS ALMOST HERE! Take a closer ...,Brooklyn,New York,USA,https://www.instagram.com/reel/DOMsiknjTGv/,@rsrc.php,,1037486289,,,2026-04-16,,,,,,38,C-Tier,,,Contact:18/Brand:5/Market:5/Reach:10
I❤️NY!!! Hellstar Pop Up tomorrow! First few people in line ...,Brooklyn,New York,USA,https://www.instagram.com/p/DOMHMpTCb55/,@rsrc.php,,1037486289,,,2026-04-16,,,,,,38,C-Tier,,,Contact:18/Brand:5/Market:5/Reach:10
Hellstar Hoodie SL XL XXL🏴‍☠️ Jeans 38,Brooklyn,New York,USA,https://www.instagram.com/p/CyEl2dFRxES/,@rsrc.php,,1037486289,,,2026-04-16,,,,,,38,C-Tier,,,Contact:18/Brand:5/Market:5/Reach:10
Asphalt NYC,Brooklyn,New York,USA,https://asphalt-nyc.com/?srsltid=AfmBOoo0IN3z0uFcGZ-TmbBW-Bpqt3sKdSuoBgG4BQYV9UEvO5ej4JTu,@ASPHALT_NYC,1178110-FDJ_1_600x@3x.progressive.jpg,1696367787,,,2026-04-16,,,,,,60,B-Tier,,,Contact:30/Brand:5/Market:5/Reach:20
"supreme comes to brooklyn, we photograph the best fan ...",Brooklyn,New York,USA,https://i-d.co/article/supreme-comes-to-brooklyn-we-photograph-the-best-fan-looks/,@i_d,,1507240872,,,2026-04-16,,,,,,38,C-Tier,,,Contact:18/Brand:5/Market:5/Reach:10
"Supreme in Brooklyn, NY United States",Brooklyn,New York,USA,https://maps.apple.com/place?place-id=IA9E9A7F2430C4D1D,@context,button-foursquare-1@3x.png,0089933000,,,2026-04-16,,,,,,60,B-Tier,,,Contact:30/Brand:5/Market:5/Reach:20
Supreme open a new Brooklyn location,Brooklyn,New York,USA,https://hero-magazine.com/article/108154/supreme-open-a-new-brooklyn-location,@ludovicdesaintserninx,,1725241374,,,2026-04-16,,,,,,38,C-Tier,,,Contact:18/Brand:5/Market:5/Reach:10
"Rhude: Tees, Outerwear, Footwear, Accessories, Rhuigi",Brooklyn,New York,USA,https://kith.com/collections/rhude?srsltid=AfmBOoplzkQV5qCu74yosuPGUHMrBe5H-0uTjc17JMBFiIobDORbkkPt,@kith,,200.0310135,,,2026-04-16,,,,,,38,C-Tier,,,Contact:18/Brand:5/Market:5/Reach:10
Rhude just touched down at Backend NY. 🚨 If you know ...,Brooklyn,New York,USA,https://www.instagram.com/p/DRX0E8MjmOY/,@rsrc.php,,1037486289,,,2026-04-16,,,,,,38,C-Tier,,,Contact:18/Brand:5/Market:5/Reach:10
"KICKZNASION BROOKLYN on Instagram: ""Vale Lives Tees In ...",Brooklyn,New York,USA,https://www.instagram.com/reel/DArG0UvvK37/,@rsrc.php,,1037486289,,,2026-04-16,,,,,,38,C-Tier,,,Contact:18/Brand:5/Market:5/Reach:10
Vale Tees Available ‼️🛍️ Shop In store at 9803 4th Ave ...,Brooklyn,New York,USA,https://www.instagram.com/p/DRQPArADpNZ/,@rsrc.php,,1037486289,,,2026-04-16,,,,,,38,C-Tier,,,Contact:18/Brand:5/Market:5/Reach:10
Clique Apparel - Today's Hottest Streetwear Brands!,Brooklyn,New York,USA,https://cliqueapparell.com/?srsltid=AfmBOorCLLCHVOnEdSUVhdCKodHBbF9GOgioaKm7G_XkFDb2U16fLYvB,@cliqueapparell,info@cliqueapparell.com,1326660501,,,2026-04-16,,,,,,60,B-Tier,,,Contact:30/Brand:5/Market:5/Reach:20
Come shop our vale collection. We always adding in new stuff ...,Brooklyn,New York,USA,https://www.instagram.com/reel/DM_SwmxxohK/,@rsrc.php,,1037486289,,,2026-04-16,,,,,,38,C-Tier,,,Contact:18/Brand:5/Market:5/Reach:10
VALE Available Now ‼️ Make sure to stop by 9803 4th Ave ...,Brooklyn,New York,USA,https://www.instagram.com/reel/C6FJjgNrSlx/,@rsrc.php,,1037486289,,,2026-04-16,,,,,,38,C-Tier,,,Contact:18/Brand:5/Market:5/Reach:10
Vale Forever Nyc Store Locations,Brooklyn,New York,USA,https://www.instagram.com/popular/vale-forever-nyc-store-locations/,@rsrc.php,,1037486289,,,2026-04-16,,,,,,38,C-Tier,,,Contact:18/Brand:5/Market:5/Reach:10
VALE available in store 😮‍💨 🕗10AM-8PM 📍471 Fulton ...,Brooklyn,New York,USA,https://www.instagram.com/p/DIox5WUObB_/,@rsrc.php,,1037486289,,,2026-04-16,,,,,,38,C-Tier,,,Contact:18/Brand:5/Market:5/Reach:10
Vale tees in store come get right for the summer‼️ 9803 4th ...,Brooklyn,New York,USA,https://www.instagram.com/reel/DKlAutKRLB7/?hl=ne,@rsrc.php,,1037486289,,,2026-04-16,,,,,,38,C-Tier,,,Contact:18/Brand:5/Market:5/Reach:10
"The Vale Collective | Shopping in Williamsburg, New York",Brooklyn,New York,USA,https://www.timeout.com/newyork/shopping/the-vale-collective,@timeoutnewyork,,1105237622,,,2026-04-16,,,,,,38,C-Tier,,,Contact:18/Brand:5/Market:5/Reach:10
"Brooklyn Projects: Shop Streetwear, Skateboarding Gear ...",Brooklyn,New York,USA,https://brooklynprojects.com/?srsltid=AfmBOorvK2a-eHvvohg8vdtX4h6DPTLJYbCMFekVcrcH13yBpTlMHYc8,@brooklynprojects,,1687026035,,,2026-04-16,,,,,,38,C-Tier,,,Contact:18/Brand:5/Market:5/Reach:10
Brooklyn Cloth - Latest Streetwear Styles & Clothing,Brooklyn,New York,USA,https://www.brooklyncloth.com/?srsltid=AfmBOopK_xpVma-ReoibjpwCfsS_fMqk5nd24Dh7mQqovcy6z5m4G5zm,@brooklyncloth,info@brooklyncloth.com,5743044463,,,2026-04-16,,,,,,60,B-Tier,,,Contact:30/Brand:5/Market:5/Reach:20
brooklynstreetwearcompany,Brooklyn,New York,USA,https://www.instagram.com/brooklynstreetwearcompany/,@rsrc.php,,1037486289,,,2026-04-16,,,,,,38,C-Tier,,,Contact:18/Brand:5/Market:5/Reach:10
Brooklyn,Brooklyn,New York,USA,https://hypebeast.com/tags/brooklyn,@hypebeast,screenshot-adblock-ultimate@2x.1f5b1723.png,3702846231,,,2026-04-16,,,,,,60,B-Tier,,,Contact:30/Brand:5/Market:5/Reach:20
New York | City,Brooklyn,New York,USA,https://hypemaps.com/cities/new-york,@media,3x2-hypemaps@2x.jpg,1610445488,,,2026-04-16,,,,,,60,B-Tier,,,Contact:30/Brand:5/Market:5/Reach:20
Hypebeast Flea New York is underway at Greenpoint ...,Brooklyn,New York,USA,https://nbktimes.com/en/fashion/hypebeast-flea-new-york/,@nbktimes,,5700105482,,,2026-04-16,,,,,,38,C-Tier,,,Contact:18/Brand:5/Market:5/Reach:10
2nd Street Dumbo for Designer Thrifts & Hypebeast Finds,Brooklyn,New York,USA,https://www.lemon8-app.com/genevievebrown/7246182044571861509?region=us,@Lemon8,contact@lemon8-app.com,4267865815,,,2026-04-16,,,,,,60,B-Tier,,,Contact:30/Brand:5/Market:5/Reach:20
Atelier New York,Brooklyn,New York,USA,https://ateliernewyork.com/?srsltid=AfmBOopPogwvADxdLhfViptaTbm7TQfygOV37A-8oESY9OukYY1XZA8Q,@keyframes,vue@2.6.10,1467327775,,,2026-04-16,,,,,,60,B-Tier,,,Contact:30/Brand:5/Market:5/Reach:20
Aimé Leon Dore,Brooklyn,New York,USA,https://www.aimeleondore.com/,@aimeleondore,search-insights@2.17.3,1390524438,,,2026-04-16,,,,,,60,B-Tier,,,Contact:30/Brand:5/Market:5/Reach:20
Noah: Home,Brooklyn,New York,USA,https://noahny.com/?srsltid=AfmBOoreXkuHGEiIZ2vEvoFfFav517dbgXaaD4zUS2YADh_y8CkPQ6SP,@noahny,alpine@v2.8.2,7102313590,,,2026-04-16,,,,,,60,B-Tier,,,Contact:30/Brand:5/Market:5/Reach:20
Impeccable Fashion.. Quality Boutique.. Brooklyn where ...,Brooklyn,New York,USA,https://www.instagram.com/reel/DS0jSgFCSRi/,@maisonbullion,,1037486289,,,2026-04-16,,,,,,38,C-Tier,,,Contact:18/Brand:5/Market:5/Reach:10
Pluggedin Sneaker Boutique (@pluggedinbk_official),Brooklyn,New York,USA,https://www.instagram.com/pluggedinbk_official/?hl=en,@pluggedinbk_official,,1037486289,,,2026-04-16,,,,,,38,C-Tier,,,Contact:18/Brand:5/Market:5/Reach:10
"Top 10 Best Sneaker Shops in Brooklyn, NY",Brooklyn,New York,USA,https://www.brooklyncloth.com/blogs/thepipeline/top-10-best-sneaker-shops-in-brklyn?srsltid=AfmBOoodI4soZ7KvEvx4WxB4MmbBqhLgAMKYtOwyy7olLBJIHjgOkjd1,@font,info@brooklyncloth.com,1745436656,,,2026-04-16,,,,,,60,B-Tier,,,Contact:30/Brand:5/Market:5/Reach:20
https://guides.apple.com/?pg=3051781674638227305&l...,Brooklyn,New York,USA,https://guides.apple.com/?pg=3051781674638227305&lsp=9902&name=the-best-streetwear-boutiques-in-nyc,@procell,button-tripadvisor-logo-5@3x.png,3051781674,,,2026-04-16,,,,,,60,B-Tier,,,Contact:30/Brand:5/Market:5/Reach:20
"Men's Tailored Casual Clothing, Sportswear and Accessories.",Brooklyn,New York,USA,https://thebkcircus.com/,@thebkcircus.com.,ny@thebkcircus.com,718 858 0919,,,2026-04-16,,,,,,60,B-Tier,,,Contact:30/Brand:5/Market:5/Reach:20
COMPLEX & ESPN TEAM UP FOR GRAND OPENING OF ...,Soho,New York,USA,https://www.prnewswire.com/news-releases/complex--espn-team-up-for-grand-opening-of-complex-new-york-store-302535381.html,@PRNewswire,,7505635404,,,2026-04-16,,,,,,38,C-Tier,,,Contact:18/Brand:5/Market:5/Reach:10
"Supreme in New York, NY United States",Soho,New York,USA,https://maps.apple.com/place?place-id=I1BB7DFCFF8AC5819,@context,button-foursquare-1@3x.png,0089933000,,,2026-04-16,,,,,,60,B-Tier,,,Contact:30/Brand:5/Market:5/Reach:20
UniqueHype,Soho,New York,USA,https://www.uniquehypenyc.com/,@uniquehypecollection,hi@beeketing.com.,4251544180,,,2026-04-16,,,,,,60,B-Tier,,,Contact:30/Brand:5/Market:5/Reach:20
The Webster in SoHo,Soho,New York,USA,https://thewebster.com/our-stores/soho-new-york?srsltid=AfmBOoopveBm8inS196it4Y8XTV7mM0iZXaQoB_SH6CJoxJeP7Y4NrRm,@THEWEBSTER.COM.,shop@thewebster.com,1771410634,,,2026-04-16,,,,,,60,B-Tier,,,Contact:30/Brand:5/Market:5/Reach:20
Vale Vs The World 🗺️🌐 Releasing In-Stores This Friday ...,Soho,New York,USA,https://www.instagram.com/p/DWUTPacFOLP/,@rsrc.php,,1037486289,,,2026-04-16,,,,,,38,C-Tier,,,Contact:18/Brand:5/Market:5/Reach:10
Vale,Soho,New York,USA,https://www.stealthny.com/collections/vale?srsltid=AfmBOopZfcHsaeVE6Kxr5tbxIacyLXf_xphs-_O3gxvLtIexsCgyKEu7,@stealth.ny,,1722614092,,,2026-04-16,,,,,,38,C-Tier,,,Contact:18/Brand:5/Market:5/Reach:10
Where to go streetwear shopping in NYC [With Maps] | Soho ...,Soho,New York,USA,https://backwardfashion.com/streetwear/nyc/,,,,,,2026-04-16,,,,,,10,C-Tier,,,Contact:0/Brand:5/Market:5/Reach:0
Top 10 best streetwear stores to visit in Nyc,Soho,New York,USA,https://eastvillagebuyers.com/top-10-best-streetwear-stores-to-visit-in-nyc/,@eastvillagebuyers,Goldbuyers125@gmail.com,(917) 608-8939,,,2026-04-16,,,,,,60,B-Tier,,,Contact:30/Brand:5/Market:5/Reach:20
Shop at SoHo's Best Stores & Boutiques,Soho,New York,USA,https://www.nyctourism.com/itineraries/essential-soho-shopping-guide/,@nyctourism,date-picker@1.4.0,0240950843,,,2026-04-16,,,,,,60,B-Tier,,,Contact:30/Brand:5/Market:5/Reach:20
SOHO HYPEBEAST (@sohohypebeast),Soho,New York,USA,https://www.instagram.com/sohohypebeast/,@sohohypebeast,,1037486289,,,2026-04-16,,,,,,38,C-Tier,,,Contact:18/Brand:5/Market:5/Reach:10
Soho,Soho,New York,USA,https://hypebeast.com/tags/soho,@hypebeast,screenshot-adblock-ultimate@2x.1f5b1723.png,3702846231,,,2026-04-16,,,,,,60,B-Tier,,,Contact:30/Brand:5/Market:5/Reach:20
PURPLE Opens Flagship Store in New York's Soho,Soho,New York,USA,https://hypebeast.com/2024/8/purple-flagship-store-soho-new-york,@hypebeast,google-play-en@2x.png,3702846231,,,2026-04-16,,,,,,60,B-Tier,,,Contact:30/Brand:5/Market:5/Reach:20
The best shops in Soho to visit right now,Soho,New York,USA,https://www.timeout.com/newyork/shopping/where-to-shop-in-soho,@timeoutnewyork,,1105237622,,,2026-04-16,,,,,,38,C-Tier,,,Contact:18/Brand:5/Market:5/Reach:10
NYC – LacedUp,Soho,New York,USA,https://lacedup.com/pages/nyc?srsltid=AfmBOor_0QLeuzrLXLVB-vbWFjSaQyiV2kSdRc9BgkwsQTizbfk2oLrs,@LacedUpManhattan,lacedupnewyork@gmail.com,6720713479,,,2026-04-16,,,,,,60,B-Tier,,,Contact:30/Brand:5/Market:5/Reach:20
Noah: Home,Soho,New York,USA,https://noahny.com/?srsltid=AfmBOoqzGCWvQ8SZFfKgllqSQELzZNGeqpbkiNYC8xQSFrJtn8ulCTed,@noahny,alpine@v2.8.2,7102313590,,,2026-04-16,,,,,,60,B-Tier,,,Contact:30/Brand:5/Market:5/Reach:20
DISTRICT ONE NY,Lower East Side,New York,USA,https://districtoneny.com/?srsltid=AfmBOorcU4v68ZDHoxzXzGWiwL-I6eCoQ0PzK9xEJvk9X7b2hm_LWExx,@districtoneny,,1711118886,,,2026-04-16,,,,,,38,C-Tier,,,Contact:18/Brand:5/Market:5/Reach:10
Brand New Hellstar Tees Available In Store Now!,Lower East Side,New York,USA,https://www.instagram.com/p/Cw0dDHuOp3v/,@rsrc.php,,1037486289,,,2026-04-16,,,,,,38,C-Tier,,,Contact:18/Brand:5/Market:5/Reach:10
the old Germania Bank turned Supreme store. ...,Lower East Side,New York,USA,https://www.instagram.com/p/DTlOmNuESNX/,@rsrc.php,,1037486289,,,2026-04-16,,,,,,38,C-Tier,,,Contact:18/Brand:5/Market:5/Reach:10
RHUDE [hidden],Lower East Side,New York,USA,https://ateliernewyork.com/collections/rhude?srsltid=AfmBOor5xCIymTGHaoSy-IeFmMc6MN76WiSSVxkRZl85e5hygN4wE5qB,@keyframes,vue@2.6.10,1467327775,,,2026-04-16,,,,,,60,B-Tier,,,Contact:30/Brand:5/Market:5/Reach:20
Rhude Mens Hopps SS Tee,Lower East Side,New York,USA,https://extrabutterny.com/products/rhude-mens-hopps-ss-tee,@extrabutter,,1637338128,,,2026-04-16,,,,,,38,C-Tier,,,Contact:18/Brand:5/Market:5/Reach:10
(@thespotnewyorkcity) • Instagram photos and videos,Lower East Side,New York,USA,https://www.instagram.com/thespotnewyorkcity/,@thespotnewyorkcity,,1037486289,,,2026-04-16,,,,,,38,C-Tier,,,Contact:18/Brand:5/Market:5/Reach:10
Opening This Friday At 11:00 AM Eastern Time,Lower East Side,New York,USA,https://www.instagram.com/p/DDK8ahHRc-3/,@rsrc.php,,1037486289,,,2026-04-16,,,,,,38,C-Tier,,,Contact:18/Brand:5/Market:5/Reach:10
Vale NYC Flagship Store | Gotta Lineup Of Heavy Hitters ...,Lower East Side,New York,USA,https://www.instagram.com/p/DQuQcsbDV8H/,@rsrc.php,,1037486289,,,2026-04-16,,,,,,38,C-Tier,,,Contact:18/Brand:5/Market:5/Reach:10
The Return Of Vale At Our New Flagship in NYC 🗽 Grand ...,Lower East Side,New York,USA,https://www.instagram.com/p/DDLGkBGyFfX/the-return-of-vale-at-our-new-flagship-in-nyc-grand-opening-this-fridaydec-6th-a/,@rsrc.php,,1037486289,,,2026-04-16,,,,,,38,C-Tier,,,Contact:18/Brand:5/Market:5/Reach:10
Vale Forever Anthem Tracks Black/Red,Lower East Side,New York,USA,https://www.ebay.com/itm/306701234001,@ebay,,2026041602,,,2026-04-16,,,,,,38,C-Tier,,,Contact:18/Brand:5/Market:5/Reach:10
LOWER EAST SIDE 2026,Lower East Side,New York,USA,http://thelocalartisanguide.com/lower-east-side,@larakoleji,user@domain.com.,1455146958,,,2026-04-16,,,,,,60,B-Tier,,,Contact:30/Brand:5/Market:5/Reach:20
New York City Shopping Guide: Lower East Side Edition,Lower East Side,New York,USA,https://creators.yahoo.com/lifestyle/story/new-york-city-shopping-guide-lower-east-side-edition-174950980.html,@yahoonews,,8108964313,,,2026-04-16,,,,,,38,C-Tier,,,Contact:18/Brand:5/Market:5/Reach:10
"HYPEBEAST on Instagram: ""From SoHo to the Lower East ...",Lower East Side,New York,USA,https://www.instagram.com/reel/C6y1YJxL_YY/,@grupofrontera,,1037486289,,,2026-04-16,,,,,,38,C-Tier,,,Contact:18/Brand:5/Market:5/Reach:10
Lower East Side,Lower East Side,New York,USA,https://hypebeast.com/tags/lower-east-side,@hypebeast,screenshot-adblock-ultimate@2x.1f5b1723.png,3702846231,,,2026-04-16,,,,,,60,B-Tier,,,Contact:30/Brand:5/Market:5/Reach:20
Hypebeast opening flagship store in Chinatown (and other ...,Lower East Side,New York,USA,https://www.bizjournals.com/newyork/news/2022/06/16/hypebeast-opening-flagship-store-nyc-real-estate.html,,,,,,2026-04-16,,,,,,10,C-Tier,,,Contact:0/Brand:5/Market:5/Reach:0
"ESSX NYC - Men's and Women's Designer Clothing, Shoes ...",Lower East Side,New York,USA,https://essxnyc.com/?srsltid=AfmBOoptruQDdwDdio9vltSwnXXzaUbkOXvsyxwJ-ZBJGw11O_mGEzWs,@essxnyc,canvas-confetti@1.9.3,7477205430,,,2026-04-16,,,,,,60,B-Tier,,,Contact:30/Brand:5/Market:5/Reach:20
New York - Lower East Side,Lower East Side,New York,USA,https://thefrankieshop.com/pages/new-york-lower-east-side,@thefrankieshop,custom-elements@1.0.0,1663657338,,,2026-04-16,,,,,,60,B-Tier,,,Contact:30/Brand:5/Market:5/Reach:20
The Singular Lower East Side,Lower East Side,New York,USA,https://www.newyorksocialdiary.com/the-singular-lower-east-side/,,,,,,2026-04-16,,,,,,10,C-Tier,,,Contact:0/Brand:5/Market:5/Reach:0
"The Loop NYC (@theloopnewyork) · New York, NY",Lower East Side,New York,USA,https://www.instagram.com/theloopnewyork/?hl=en,@theloopjc,,1037486289,,,2026-04-16,,,,,,38,C-Tier,,,Contact:18/Brand:5/Market:5/Reach:10
Extra Butter,Lower East Side,New York,USA,https://extrabutterny.com/,@extrabutter,info@extrabutterny.com,1637338128,,,2026-04-16,,,,,,60,B-Tier,,,Contact:30/Brand:5/Market:5/Reach:20
Mannahatta NYC,Lower East Side,New York,USA,https://mhny.nyc/?srsltid=AfmBOoqQxBkcSDQ7DaqjIoQCRKSZ-9dQK02i_zbKouqKfAnjQ4-IsShh,@mannahatta_nyc,,1752625192,,,2026-04-16,,,,,,38,C-Tier,,,Contact:18/Brand:5/Market:5/Reach:10
🔥BRAND NEW HELLSTAR DROP @flawlesshouston 🔥 ...,Houston,Texas,USA,https://www.instagram.com/p/DKA0W7Oy73L/,@flawlesshouston,,1037486289,,,2026-04-16,,,,,,58,B-Tier,,,Contact:18/Brand:5/Market:25/Reach:10
"Sneakers, Premium Vintage and Streetwear Clothing Shop in ...",Houston,Texas,USA,https://www.centrlsply.com/?srsltid=AfmBOopUd8jNAI_k0ZAzl9FLvGwnfOPLLqaPd4t44_Hcu76Yp6sJPMlx,@centrlsply,,1689782825,,,2026-04-16,,,,,,58,B-Tier,,,Contact:18/Brand:5/Market:25/Reach:10
New Hellstar Just Landed Instore! ⚡️ Come Shop Mon-Sat ...,Houston,Texas,USA,https://www.instagram.com/p/DBAJabxSkA3/,@rsrc.php,,1037486289,,,2026-04-16,,,,,,58,B-Tier,,,Contact:18/Brand:5/Market:25/Reach:10
Club Never - Houston,Houston,Texas,USA,https://clubnever.com/,@context,info@clubnever.com,5751450968,,,2026-04-16,,,,,,80,A-Tier,,,Contact:30/Brand:5/Market:25/Reach:20
A Ma Maniére Houston Store,Houston,Texas,USA,https://www.a-ma-maniere.com/pages/a-ma-maniere-houston-store?srsltid=AfmBOoqHlWkRsTxRBdQpt83qHdwtxH2Y-Z0ZppMIwv74ZrAVQleVLF1X,@maniere_usa,,1422991689,,,2026-04-16,,,,,,58,B-Tier,,,Contact:18/Brand:5/Market:25/Reach:10
Sneaker Politics,Houston,Texas,USA,https://sneakerpolitics.com/,@sneakerpolitics,,1691764186,,,2026-04-16,,,,,,58,B-Tier,,,Contact:18/Brand:5/Market:25/Reach:10
Vale Houston Flagship Store 🎖️ (@valelives.htx),Houston,Texas,USA,https://www.instagram.com/valelives.htx/,@valelives,,1037486289,,,2026-04-16,,,,,,58,B-Tier,,,Contact:18/Brand:5/Market:25/Reach:10
Vale Houston Flagship,Houston,Texas,USA,https://htx-valeforever.com/,@valelives.htx,,1721146457,,,2026-04-16,,,,,,58,B-Tier,,,Contact:18/Brand:5/Market:25/Reach:10
FAQ,Houston,Texas,USA,https://htx-valeforever.com/pages/faq,@valelives.htx,connect@valeforever.com,1721146457,,,2026-04-16,,,,,,80,A-Tier,,,Contact:30/Brand:5/Market:25/Reach:20
Dustin Lee - Vale Forever,Houston,Texas,USA,https://www.linkedin.com/in/dustin-lee-994989235,,,,,,2026-04-16,,,,,,30,C-Tier,,,Contact:0/Brand:5/Market:25/Reach:0
News,Houston,Texas,USA,https://htx-valeforever.com/blogs/news,@valelives.htx,,1721146457,,,2026-04-16,,,,,,58,B-Tier,,,Contact:18/Brand:5/Market:25/Reach:10
Contact,Houston,Texas,USA,https://htx-valeforever.com/pages/contact,@valelives.htx,,1721146457,,,2026-04-16,,,,,,58,B-Tier,,,Contact:18/Brand:5/Market:25/Reach:10
Premium Goods Houston | Sneaker Store & Streetwear Boutique,Houston,Texas,USA,https://premiumgoods.com/,@premiumgoodshtx,PG_logo_blk_140x@2x.png,1656379684,,,2026-04-16,,,,,,80,A-Tier,,,Contact:30/Brand:5/Market:25/Reach:20
HYPE (@hype_galleria) • Instagram photos and videos,Houston,Texas,USA,https://www.instagram.com/hype_galleria/,@hype_galleria,,1037486289,,,2026-04-16,,,,,,58,B-Tier,,,Contact:18/Brand:5/Market:25/Reach:10
Here are 7 Houston-based brands bringing streetwear ...,Houston,Texas,USA,https://www.chron.com/culture/article/Here-7-Houston-brands-bringing-streetwear-back-16063321.php,,,,,,2026-04-16,,,,,,30,C-Tier,,,Contact:0/Brand:5/Market:25/Reach:0
HypeBeast GarSal LLC (@hypebeastgarsal),Houston,Texas,USA,https://www.instagram.com/hypebeastgarsal/,@hypebeastgarsal,,1037486289,,,2026-04-16,,,,,,58,B-Tier,,,Contact:18/Brand:5/Market:25/Reach:10
Houston,Houston,Texas,USA,https://hypebeast.com/tags/houston,@hypebeast,screenshot-adblock-ultimate@2x.1f5b1723.png,3702846231,,,2026-04-16,,,,,,80,A-Tier,,,Contact:30/Brand:5/Market:25/Reach:20
Premium Goods Houston | Sneaker Store & Streetwear ...,Houston,Texas,USA,https://premiumgoods.com/,@premiumgoodshtx,PG_logo_blk_140x@2x.png,1656379684,,,2026-04-16,,,,,,80,A-Tier,,,Contact:30/Brand:5/Market:25/Reach:20
Sneaker Summit,Houston,Texas,USA,https://shop.sneakersummit.com/,@sneakersummit.com.,,4491502798,,,2026-04-16,,,,,,58,B-Tier,,,Contact:18/Brand:5/Market:25/Reach:10
Hell Star tees available at both of our locations,Dallas,Texas,USA,https://www.instagram.com/p/Cv88b_gsdil/,@rsrc.php,,1037486289,,,2026-04-16,,,,,,48,B-Tier,,,Contact:18/Brand:5/Market:15/Reach:10
HELLSTAR TEES ARE IN ☄️ BOTH LOCATIONS # ...,Dallas,Texas,USA,https://www.instagram.com/p/CwYUeWIRwnZ/,@1finesse2tymes,,1037486289,,,2026-04-16,,,,,,48,B-Tier,,,Contact:18/Brand:5/Market:15/Reach:10
SOLEPLIER | Sneakers. Streetwear. Culture.,Dallas,Texas,USA,https://soleplier.com/?srsltid=AfmBOortWHm2iECZSx0we4mUEdGftORFcd45Tp3KltLyUp7b1MDXS-xl,@SOLEPLIER,tuffselectph@gmail.com,9166543286,,,2026-04-16,,,,,,70,B-Tier,,,Contact:30/Brand:5/Market:15/Reach:20
A Few HELLSTAR Tees That Will Be Available Friday At ...,Dallas,Texas,USA,https://www.instagram.com/p/DPCOvvICXu5/,@rsrc.php,,1037486289,,,2026-04-16,,,,,,48,B-Tier,,,Contact:18/Brand:5/Market:15/Reach:10
HELLSTAR CLASSIC TEE BLACK/GREEN (GEL PRINT),Dallas,Texas,USA,https://royaltydfw.com/products/hellstar-classic-tee-black-green-gel-print?srsltid=AfmBOoqJOkGFUgbkDnx3GsqGko2XBovMB1q3ysAwBDr3GFbVPtQR-fi8,@rylty.dfw,xxx@xxx.xxx,1725919116,,,2026-04-16,,,,,,70,B-Tier,,,Contact:30/Brand:5/Market:15/Reach:20
The Cool Guy's Guide To Shopping in Dallas,Dallas,Texas,USA,https://www.dmagazine.com/style-beauty-wellness/2025/06/the-cool-guys-guide-to-shopping-in-dallas/,,,,,,2026-04-16,,,,,,20,C-Tier,,,Contact:0/Brand:5/Market:15/Reach:0
更多,Dallas,Texas,USA,https://www.instagram.com/p/DHECEYmRTzm/?hl=zh-cn,@rsrc.php,,1037486289,,,2026-04-16,,,,,,48,B-Tier,,,Contact:18/Brand:5/Market:15/Reach:10
"Luxury Men's Apparel, Footwear & Accessories",Dallas,Texas,USA,https://www.a-ma-maniere.com/?srsltid=AfmBOoo0JGaIO1T9jZcb4rf39z6rp0TcCVoCjI4lEny3dGg1jyvi66od,@maniere_usa,,1422991689,,,2026-04-16,,,,,,48,B-Tier,,,Contact:18/Brand:5/Market:15/Reach:10
⚡️LA VIE WAREHOUSE SALE ⚡️ Our most-anticipated ...,Dallas,Texas,USA,https://www.instagram.com/reel/DNi502gxWjZ/,@rsrc.php,,1037486289,,,2026-04-16,,,,,,48,B-Tier,,,Contact:18/Brand:5/Market:15/Reach:10
NEW @VALELIVES FLANNELS AVAILABLE NOW IN STORE ...,Dallas,Texas,USA,https://www.instagram.com/reel/DOMzmf1EZBH/,@Valabasas,,1037486289,,,2026-04-16,,,,,,48,B-Tier,,,Contact:18/Brand:5/Market:15/Reach:10
Vale Forever. Forever in stock ‼️ New Vale just landed ...,Dallas,Texas,USA,https://www.instagram.com/p/DUloLg4DkBP/,@valelives,,1037486289,,,2026-04-16,,,,,,48,B-Tier,,,Contact:18/Brand:5/Market:15/Reach:10
The Vale Group LLC,Dallas,Texas,USA,https://www.linkedin.com/company/the-vale-group-llc,@linkedin,,1659795776,,,2026-04-16,,,,,,48,B-Tier,,,Contact:18/Brand:5/Market:15/Reach:10
NEW @VALELIVES COLLECTION AVAILABLE NOW‍♂️ ...,Dallas,Texas,USA,https://www.instagram.com/reel/DOM0GmZkTGG/,@VALELIVES,,1037486289,,,2026-04-16,,,,,,48,B-Tier,,,Contact:18/Brand:5/Market:15/Reach:10
VALE Anthem set just landed 🐝🔥 Pullover + track pants,Dallas,Texas,USA,https://www.instagram.com/p/DTjP5L9jWpK/,@rsrc.php,,1037486289,,,2026-04-16,,,,,,48,B-Tier,,,Contact:18/Brand:5/Market:15/Reach:10
Private Selection: Shop The Latest Streetwear Fashion ...,Dallas,Texas,USA,https://www.prvtselection.com/?srsltid=AfmBOoqlmxyf9ql7vGzHzlDk-p0kfoa8oWyskr0HSssyLwg1vzHbDxVS,@prvt.selection,f14faca962674f149161045845b21b35@sentry.zipify.com,9166543286,,,2026-04-16,,,,,,70,B-Tier,,,Contact:30/Brand:5/Market:15/Reach:20
"Contact Our Dallas, TX Office",Dallas,Texas,USA,https://www.tvaleg.com/locations/dallas-texas/,@wearebrightfire,,(469) 458-0024,,,2026-04-16,,,,,,48,B-Tier,,,Contact:18/Brand:5/Market:15/Reach:10
Vale Forever @valelives Cheetah Sweatsuit now available ...,Dallas,Texas,USA,https://www.instagram.com/p/DQFBx31kWRX/,@valelives,,1037486289,,,2026-04-16,,,,,,48,B-Tier,,,Contact:18/Brand:5/Market:15/Reach:10
Sneaker Haven,Dallas,Texas,USA,https://sneakerhaven.shop/?srsltid=AfmBOopw68YdGw8PsibOwAoPnmzElv-8Xwfbwz05zqii9FqwHI3fUBaK,@keyframes,management@sneakerhaven.shop,1320255817,,,2026-04-16,,,,,,70,B-Tier,,,Contact:30/Brand:5/Market:15/Reach:20
"Private Selection (@prvt.selection) · Dallas, TX",Dallas,Texas,USA,https://www.instagram.com/prvt.selection/,@prvt.selection,,1037486289,,,2026-04-16,,,,,,48,B-Tier,,,Contact:18/Brand:5/Market:15/Reach:10
Heights District,Dallas,Texas,USA,https://www.theheightsdistrict.com/?srsltid=AfmBOoqb1dDhtLu1RW_cqLI3ht57wLtQa67Wi68nA2W7b_uMdX5Ushyl,@heightsdistrict,info@theheightsdistrict.com,1752078995,,,2026-04-16,,,,,,70,B-Tier,,,Contact:30/Brand:5/Market:15/Reach:20
Dallas Streetwear,Dallas,Texas,USA,https://www.instagram.com/dallas.streetwear/,@rsrc.php,,1037486289,,,2026-04-16,,,,,,48,B-Tier,,,Contact:18/Brand:5/Market:15/Reach:10
Urban Clothing Stores | Urban Stylez Fashion And Apparel ...,Dallas,Texas,USA,https://www.shopurbanstylez.com/?srsltid=AfmBOoqhoHmZvFmQjPbsBe_WOKp5RCyI8xiACco_twNuqt-Iar16zqoB,@urbanstylez_214,focus-within-polyfill@5.0.9,968-7758814,,,2026-04-16,,,,,,70,B-Tier,,,Contact:30/Brand:5/Market:15/Reach:20
Clutch Vintage Streetwear – Clutch Vintage•Streetwear ...,Dallas,Texas,USA,https://theclutchvintage.com/?srsltid=AfmBOoolCkT6Qa3Vj5gnvQ3n_VKa6z3MGIX9IlLDZnJTqL6o3KbB3fpW,@clutchdallas,,1739334398,,,2026-04-16,,,,,,48,B-Tier,,,Contact:18/Brand:5/Market:15/Reach:10
"PROJECT (@project.dallas) · Dallas, TX",Dallas,Texas,USA,https://www.instagram.com/project.dallas/,@project.dallas,,1037486289,,,2026-04-16,,,,,,48,B-Tier,,,Contact:18/Brand:5/Market:15/Reach:10
Dallas,Dallas,Texas,USA,https://hypebeast.com/tags/dallas,@hypebeast,screenshot-adblock-ultimate@2x.1f5b1723.png,3702846231,,,2026-04-16,,,,,,70,B-Tier,,,Contact:30/Brand:5/Market:15/Reach:20
HUMAN DIOR,Dallas,Texas,USA,https://humandior.com/,@keyframes,humandior@gmail.com,4070210449,,,2026-04-16,,,,,,70,B-Tier,,,Contact:30/Brand:5/Market:15/Reach:20
FORTY FIVE TEN,Dallas,Texas,USA,https://fortyfiveten.com/?srsltid=AfmBOoplZLK7arIL7jooERgc6WYoEXqORA5-VWCasAOFyDziHRRFyTMj,@context,HELP@FORTYFIVETEN.COM,8800171246,,,2026-04-16,,,,,,70,B-Tier,,,Contact:30/Brand:5/Market:15/Reach:20
"BluPrint (@bluprint.tx) · Dallas, TX",Dallas,Texas,USA,https://www.instagram.com/bluprint.tx/,@bluprint.tx,,1037486289,,,2026-04-16,,,,,,48,B-Tier,,,Contact:18/Brand:5/Market:15/Reach:10
"Sneaker Haven (@sneakerhaven.tx) · Dallas, TX",Dallas,Texas,USA,https://www.instagram.com/sneakerhaven.tx/,@watterscreek,,1037486289,,,2026-04-16,,,,,,48,B-Tier,,,Contact:18/Brand:5/Market:15/Reach:10
Private Stock Premium Boutique - Private Stock,Austin,Texas,USA,https://www.privatestockonline.com/,@privatestockatx,,2022111215,,,2026-04-16,,,,,,38,C-Tier,,,Contact:18/Brand:5/Market:5/Reach:10
"Private Stock - A Shopping Center in Austin, TX - Simon",Austin,Texas,USA,https://www.simon.com/mall/the-domain/stores/private-stock,@thedomainaustin,,1766078725,,,2026-04-16,,,,,,38,C-Tier,,,Contact:18/Brand:5/Market:5/Reach:10
Hutson Clothing Co.,Austin,Texas,USA,https://hutsonclothing.com/,@HutsonClothing.com,micah@micahrich.com,5212014134,,,2026-04-16,,,,,,60,B-Tier,,,Contact:30/Brand:5/Market:5/Reach:20
Vale Houston Flagship Store 🎖️ (@valelives.htx),Austin,Texas,USA,https://secure.instagram.com/valelives.htx/?hl=el,@valelives.htx,,1037486289,,,2026-04-16,,,,,,38,C-Tier,,,Contact:18/Brand:5/Market:5/Reach:10
"on Instagram: ""Vale tees S,M,L,XL AVAILABLE""",Austin,Texas,USA,https://www.instagram.com/reel/DTI9-knEfAn/,@rsrc.php,,1037486289,,,2026-04-16,,,,,,38,C-Tier,,,Contact:18/Brand:5/Market:5/Reach:10
Cookies Clothing | Retailers,Austin,Texas,USA,https://cookiessf.com/pages/retailers?srsltid=AfmBOorgCq0U6fRzNmfR7c8r03kDoeDJ7UQD-SGIJBHO1vHRBiCkCdiu,@cookiessf,,1656805369,,,2026-04-16,,,,,,38,C-Tier,,,Contact:18/Brand:5/Market:5/Reach:10
"STAX ATX (@staxaustin) · Austin, TX",Austin,Texas,USA,https://www.instagram.com/staxaustin/,@staxaustin,,1037486289,,,2026-04-16,,,,,,38,C-Tier,,,Contact:18/Brand:5/Market:5/Reach:10
Aisle 5: Home,Austin,Texas,USA,https://www.theaisle5.com/,@gmail.com,hi@mystore.com,7222075137,,,2026-04-16,,,,,,60,B-Tier,,,Contact:30/Brand:5/Market:5/Reach:20
Bloody Rose Boutique,Austin,Texas,USA,https://bloodyroseboutique.com/,@bloodyroseboutique,,7823523422,,,2026-04-16,,,,,,38,C-Tier,,,Contact:18/Brand:5/Market:5/Reach:10
STAX AUSTIN,Austin,Texas,USA,https://staxaustinonline.com/,@font,,5825154475,,,2026-04-16,,,,,,38,C-Tier,,,Contact:18/Brand:5/Market:5/Reach:10
Austin,Austin,Texas,USA,https://hypebeast.com/tags/austin,@hypebeast,screenshot-adblock-ultimate@2x.1f5b1723.png,3702846231,,,2026-04-16,,,,,,60,B-Tier,,,Contact:30/Brand:5/Market:5/Reach:20
ByGeorge Luxury Boutique | Designer Fashion and High-End ...,Austin,Texas,USA,https://bygeorgeaustin.com/?srsltid=AfmBOoqBipmvHoX71DRQZM5oWaV8b_F9SosalKGUzxQ7G7Jv765gZM1G,@bygeorge,,1775595304,,,2026-04-16,,,,,,38,C-Tier,,,Contact:18/Brand:5/Market:5/Reach:10
Explore These 9 Austin Boutiques | Blog,Austin,Texas,USA,https://kathrynscarborough.com/blog/explore-these-9-austin-boutiques,@kathrynscarboroughatx,handlebars-intl@1.1.2,1512970135,,,2026-04-16,,,,,,60,B-Tier,,,Contact:30/Brand:5/Market:5/Reach:20
"Estilo Boutique: Estilo - Women's, Men's, and Kids Boutique ...",Austin,Texas,USA,https://estiloboutique.com/?srsltid=AfmBOopjiid0pypHtA2OwqMv9aIXy0Paj1dYz3RVcyh60irukpWtzxr0,@estilo_austin,,7877537688,,,2026-04-16,,,,,,38,C-Tier,,,Contact:18/Brand:5/Market:5/Reach:10
"Where to Shop Local Clothing Brands | Visit Austin, TX",Austin,Texas,USA,https://www.austintexas.org/austin-insider-blog/blog/post/local-clothing-brands/,@personalvintage,glide@3.4.1,9999999999,,,2026-04-16,,,,,,60,B-Tier,,,Contact:30/Brand:5/Market:5/Reach:20
"Kicking It ATX: Trendy clothing, accessories, & sneakers in ...",Austin,Texas,USA,https://kickingit.com/?srsltid=AfmBOorZ7HULfMQ8vITTTyo0BA5jtq16K1tSpYbTvJ22S1sRGMxhKkNO,@kickingit,,5142983320,,,2026-04-16,,,,,,38,C-Tier,,,Contact:18/Brand:5/Market:5/Reach:10
Sneaker Politics - Austin,Austin,Texas,USA,https://www.2ndstreetdistrict.com/sneaker-politics,@2ndstdistrict,user@domain.com.,1655914806,,,2026-04-16,,,,,,60,B-Tier,,,Contact:30/Brand:5/Market:5/Reach:20
Austin Location | Shop Nice Kicks – ShopNiceKicks.com,Austin,Texas,USA,https://shopnicekicks.com/pages/austin-location,@shopnicekicks,nicekicks.small_140x@2x.png,1613152017,,,2026-04-16,,,,,,60,B-Tier,,,Contact:30/Brand:5/Market:5/Reach:20
"Karavel Shoes | Running, Walking, and Comfort Shoes in ...",Austin,Texas,USA,https://karavelshoes.com/?srsltid=AfmBOorGNdpcHXbp6qAmYgr12E063PbjIMwXDBxl852bOATIcIMa1HNu,@karavelshoes,,1760393966,,,2026-04-16,,,,,,38,C-Tier,,,Contact:18/Brand:5/Market:5/Reach:10
What Stores Sell Hellstar,San Antonio,Texas,USA,https://www.instagram.com/popular/what-stores-sell-hellstar/,@stockroom.oc,,1037486289,,,2026-04-16,,,,,,38,C-Tier,,,Contact:18/Brand:5/Market:5/Reach:10
Hellstar Capsule 9 & 10 Available in store Sizes S - XL FCFS ...,San Antonio,Texas,USA,https://www.instagram.com/reel/CzE57sHvHPN/,@rsrc.php,,1037486289,,,2026-04-16,,,,,,38,C-Tier,,,Contact:18/Brand:5/Market:5/Reach:10
💫 Hellstar Patch Shorts Black L XXXL Available Now In ...,San Antonio,Texas,USA,https://www.instagram.com/p/DQNCH-mDm1s/,@rsrc.php,,1037486289,,,2026-04-16,,,,,,38,C-Tier,,,Contact:18/Brand:5/Market:5/Reach:10
San Antonio - San Pedro Store,San Antonio,Texas,USA,https://www.bootbarn.com/stores?StoreID=0381&srsltid=AfmBOorcrr3pZ74tmtwuKKDEv03qXcVqx-eQIaR2ywOzKk5m0YA0nw7Y,@boot_barn_official,custserv@bootbarn.com,1776370351,,,2026-04-16,,,,,,60,B-Tier,,,Contact:30/Brand:5/Market:5/Reach:20
Private Selection: Shop The Latest Streetwear Fashion ...,San Antonio,Texas,USA,https://www.prvtselection.com/?srsltid=AfmBOoqk6osuMKprkChfhJ0KM0vYWcSzS45COFeYSfTLJcNSQfL8NUPO,@prvt.selection,f14faca962674f149161045845b21b35@sentry.zipify.com,9166543286,,,2026-04-16,,,,,,60,B-Tier,,,Contact:30/Brand:5/Market:5/Reach:20
NEW* HELLSTAR PIECES IN STORE SOON‼️ ONLY AT ...,San Antonio,Texas,USA,https://www.instagram.com/p/C2Ltp8js5IY/,@rsrc.php,,1037486289,,,2026-04-16,,,,,,38,C-Tier,,,Contact:18/Brand:5/Market:5/Reach:10
HELLSTAR size S-M-L new & original ٣٠،٠٠٠ للحجز دايركت ...,San Antonio,Texas,USA,https://www.instagram.com/p/DXKcHifDclK/,@rsrc.php,,1037486289,,,2026-04-16,,,,,,38,C-Tier,,,Contact:18/Brand:5/Market:5/Reach:10
Supreme Meat Purveyors: Creating Tomorrow's Protein ...,San Antonio,Texas,USA,https://suprememeat.com/,@context,,1776188044,,,2026-04-16,,,,,,38,C-Tier,,,Contact:18/Brand:5/Market:5/Reach:10
"WearHouse (@wearhouse.tx) · San Antonio, TX",San Antonio,Texas,USA,https://www.instagram.com/wearhouse.tx/,@wearhouse.tx,,1037486289,,,2026-04-16,,,,,,38,C-Tier,,,Contact:18/Brand:5/Market:5/Reach:10
Rhude Tee ~ Available in Store📍Open From 11-7 weekdays,San Antonio,Texas,USA,https://www.instagram.com/p/DToT6V4DjmW/,@rsrc.php,,1037486289,,,2026-04-16,,,,,,38,C-Tier,,,Contact:18/Brand:5/Market:5/Reach:10
Nothing Bundt Cakes: Delicious Cakes for Birthdays ...,San Antonio,Texas,USA,https://www.nothingbundtcakes.com/?srsltid=AfmBOop3snhm2dIEp36udTwEV2rpLTrKXd4_ZM_8Dme38MCopjbQ-7hZ,@nothingbundtcakes,,1775617646,,,2026-04-16,,,,,,38,C-Tier,,,Contact:18/Brand:5/Market:5/Reach:10
"Checkers & Rally's - Order Online | Burgers, Fries, Cola ...",San Antonio,Texas,USA,https://checkersandrallys.com/,,,,,,2026-04-16,,,,,,10,C-Tier,,,Contact:0/Brand:5/Market:5/Reach:0
Season Passes | Page | Six Flags Over Texas,San Antonio,Texas,USA,https://www.sixflags.com/overtexas/season-passes,@sixflagsovertexas,,8539475137,,,2026-04-16,,,,,,38,C-Tier,,,Contact:18/Brand:5/Market:5/Reach:10
Whataburger | Order Online with Curbside and Delivery,San Antonio,Texas,USA,https://whataburger.com/,@font,systemjs@0.19.27,1141643627,,,2026-04-16,,,,,,60,B-Tier,,,Contact:30/Brand:5/Market:5/Reach:20
Vale Forever New Store Locations,San Antonio,Texas,USA,https://www.instagram.com/popular/vale-forever-new-store-locations/,@rsrc.php,,1037486289,,,2026-04-16,,,,,,38,C-Tier,,,Contact:18/Brand:5/Market:5/Reach:10
"Robert Vale spirit wear, San Antonio, TX, Stingrays",San Antonio,Texas,USA,https://1stplacespiritwear.com/schools/TX/San%20Antonio/Robert%20Vale%20Middle%20School?srsltid=AfmBOoo9rAXIHsY8qfY237AjkjRTxawgckafGknN9sutZKwb7cUiMhLh,,,1125899911,,,2026-04-16,,,,,,18,C-Tier,,,Contact:8/Brand:5/Market:5/Reach:0
Find a Gas Station Near You,San Antonio,Texas,USA,https://www.valero.com/find-gas-station,@valeroenergy,CustomerSupport@Valero.com,8191404076,,,2026-04-16,,,,,,60,B-Tier,,,Contact:30/Brand:5/Market:5/Reach:20
"Street Gear (@street_gearshop) · San Antonio, TX",San Antonio,Texas,USA,https://www.instagram.com/street_gearshop/,@street_gearshop,,1037486289,,,2026-04-16,,,,,,38,C-Tier,,,Contact:18/Brand:5/Market:5/Reach:10
fresh start is a 👟 one of a kind streetwear store,San Antonio,Texas,USA,https://daviesentertainment.com/streetwear-store/,@daviesentertainment,info@daviesentertainment.com,1776363259,,,2026-04-16,,,,,,60,B-Tier,,,Contact:30/Brand:5/Market:5/Reach:20
Countdown SA,San Antonio,Texas,USA,https://www.countdownsa.com/,@countdownsa_,,1349954065,,,2026-04-16,,,,,,38,C-Tier,,,Contact:18/Brand:5/Market:5/Reach:10
Tier One Sneaker Boutique: Home,San Antonio,Texas,USA,https://tier-one-sneaker-boutique.square.site/,@media,13e49d785d8d4f828038b6136f3b48ba@sentry.io,773-8161119,,,2026-04-16,,,,,,60,B-Tier,,,Contact:30/Brand:5/Market:5/Reach:20
"iRun Texas, San Antonio Local Running and Fitness Store",San Antonio,Texas,USA,https://iruntexas.net/,@300,bootstrap@4.3.1,6884696416,,,2026-04-16,,,,,,60,B-Tier,,,Contact:30/Brand:5/Market:5/Reach:20
"Store Directory - 1 Store in San Antonio, Texas",San Antonio,Texas,USA,https://www.hibbett.com/stores/TX/San%20Antonio,@hibbettofficial,,1776364785,,,2026-04-16,,,,,,38,C-Tier,,,Contact:18/Brand:5/Market:5/Reach:10
The 44 coolest clothing stores and boutiques in San Antonio,San Antonio,Texas,USA,https://wanderlog.com/list/geoCategory/123425/coolest-clothing-stores-and-boutiques-in-san-antonio,@7p.m.,apm-rum@5.16.0,3026914942,,,2026-04-16,,,,,,60,B-Tier,,,Contact:30/Brand:5/Market:5/Reach:20
Heights District,San Antonio,Texas,USA,https://www.theheightsdistrict.com/?srsltid=AfmBOoqUbuzOaneDEOVAb5dyNKo14WQFC6MoOm1WAczL8bO21owcJwAS,@heightsdistrict,info@theheightsdistrict.com,1752078995,,,2026-04-16,,,,,,60,B-Tier,,,Contact:30/Brand:5/Market:5/Reach:20
"Dillard's Hulen Mall, Fort Worth, Texas",Fort Worth,Texas,USA,https://www.dillards.com/stores/texas/hulen-mall-fort-worth/0704?srsltid=AfmBOoofGh7xAyrzAWxZ7Gu383vkE9ql2YDz21QgImuwzBsSTMPhYTHE,,,117.1776370,,,2026-04-16,,,,,,18,C-Tier,,,Contact:8/Brand:5/Market:5/Reach:0
ALL NEW PIECES FROM OUR STREETWEAR BRANDS ...,Fort Worth,Texas,USA,https://www.instagram.com/p/DW9XCYolVI1/,@rsrc.php,,1037486289,,,2026-04-16,,,,,,38,C-Tier,,,Contact:18/Brand:5/Market:5/Reach:10
Come Shop Dallas-Fort Worth's #1 Sneaker & Streetwear ...,Fort Worth,Texas,USA,https://www.instagram.com/reel/DGD5Pp1uK1H/,@rsrc.php,,1037486289,,,2026-04-16,,,,,,38,C-Tier,,,Contact:18/Brand:5/Market:5/Reach:10
Fort Worth,Fort Worth,Texas,USA,https://supreme-appliances.com/fort-worth/,@supreme.appliances,info@supreme-appliances.com,945-3546321,,,2026-04-16,,,,,,60,B-Tier,,,Contact:30/Brand:5/Market:5/Reach:20
Supreme Appliances: BIG SALE in DFW | Open-Box & Scratch ...,Fort Worth,Texas,USA,https://supreme-appliances.com/,@supreme.appliances,info@supreme-appliances.com,3333333333,,,2026-04-16,,,,,,60,B-Tier,,,Contact:30/Brand:5/Market:5/Reach:20
The Shops at Clearfork | Men's Clothing Store,Fort Worth,Texas,USA,https://www.mizzenandmain.com/stores/the-shops-at-clearfork?srsltid=AfmBOoovll7--ZlMgXJA2Nga0rKf_uYNEJqEBxbolTJADrroqBynUPWN,@MizzenAndMain,info@mizzenandmain.com,682-499-2180,,,2026-04-16,,,,,,60,B-Tier,,,Contact:30/Brand:5/Market:5/Reach:20
The Squire Shop – Serving Fort Worth & Norman's Finest ...,Fort Worth,Texas,USA,https://thesquireshop.net/,@thesquireshopfw,,1776370992,,,2026-04-16,,,,,,38,C-Tier,,,Contact:18/Brand:5/Market:5/Reach:10
"Fort Worth, TX Store",Fort Worth,Texas,USA,https://www.overland.com/stores/fort-worth-tx?srsltid=AfmBOore1MEGg3yTRbZt01OXSqddjvMLUjXLD8hqEbYHt738cX_dCVWb,,,,,,2026-04-16,,,,,,10,C-Tier,,,Contact:0/Brand:5/Market:5/Reach:0
Shop Rhude's latest summer offering which includes graphic ...,Fort Worth,Texas,USA,https://www.instagram.com/reel/DJeTNpZOtY3/,@rsrc.php,,1037486289,,,2026-04-16,,,,,,38,C-Tier,,,Contact:18/Brand:5/Market:5/Reach:10
@rhude @lostshdws 🌪️,Fort Worth,Texas,USA,https://www.instagram.com/p/DN8qjhOEeel/,@rhude,,1037486289,,,2026-04-16,,,,,,38,C-Tier,,,Contact:18/Brand:5/Market:5/Reach:10
"Culwell & Son on Instagram: ""Don't wait to elevate your style ...",Fort Worth,Texas,USA,https://www.instagram.com/reel/DU0n0GMFPOx/,@rsrc.php,,1037486289,,,2026-04-16,,,,,,38,C-Tier,,,Contact:18/Brand:5/Market:5/Reach:10
VALE FOREVER FAITH BLING TEE - BLACK,Fort Worth,Texas,USA,https://royaltydfw.com/products/vale-forever-faith-bling-tee-black?srsltid=AfmBOoo31jOpzUxrVFpZZMBHqb1K19GfEfkmL-kf2Suyo1aMTrY9fU67,@rylty.dfw,xxx@xxx.xxx,1725919116,,,2026-04-16,,,,,,60,B-Tier,,,Contact:30/Brand:5/Market:5/Reach:20
Private Selection: Shop The Latest Streetwear Fashion ...,Fort Worth,Texas,USA,https://www.prvtselection.com/?srsltid=AfmBOorCUwDCPD0x0Oq0YjX5zWRDXCk4J5Rfq-AY3Pe2zcw3kl3YphN6,@prvt.selection,f14faca962674f149161045845b21b35@sentry.zipify.com,9166543286,,,2026-04-16,,,,,,60,B-Tier,,,Contact:30/Brand:5/Market:5/Reach:20
Locals Only: Home,Fort Worth,Texas,USA,https://localsonlyshop.square.site/,@gmail.com.,Localsonly.Texas@gmail.com,8002591795,,,2026-04-16,,,,,,60,B-Tier,,,Contact:30/Brand:5/Market:5/Reach:20
817 Vintage Hype,Fort Worth,Texas,USA,https://817vintagehype.com/?srsltid=AfmBOooWDMjU330SI22N98JzYrQzgEfn5OdP1BjBeMgmAS5tFV8NIR10,@media,UNADJUSTEDNONRAW_thumb_28c5_1280x@2x.jpg,3595290796,,,2026-04-16,,,,,,60,B-Tier,,,Contact:30/Brand:5/Market:5/Reach:20
Fort Worth Locals: Fort Worth T-Shirts,Fort Worth,Texas,USA,https://shopfwlocals.com/?srsltid=AfmBOooo3TEl9S8SXX8UCF_NBSX-t1lBJLijpxRgxotDYdXvNgA0RtD5,@fwlocals,hello@fwlocals.com,7909584425,,,2026-04-16,,,,,,60,B-Tier,,,Contact:30/Brand:5/Market:5/Reach:20
Monkee's of Fort Worth: MONKEE'S | Shop Clothing ...,Fort Worth,Texas,USA,https://monkeesoffortworth.com/?srsltid=AfmBOooxJUiUudv1eozBr11XXQ21mBrSN6cj0apokaNuN7ND3vj198PF,@monkeesoffortworth,,1775665412,,,2026-04-16,,,,,,38,C-Tier,,,Contact:18/Brand:5/Market:5/Reach:10
5 sneaker boutiques in Fort Worth - FTWtoday,Fort Worth,Texas,USA,https://ftwtoday.6amcity.com/sneaker-stores-fort-worth-tx,@ftwtoday,rmcrobbie@ftwtoday.com,2147483647,,,2026-04-16,,,,,,60,B-Tier,,,Contact:30/Brand:5/Market:5/Reach:20
"6pm. 4226 W Vickery Blvd, Fort Worth, TX 76107 BUY / ...",Fort Worth,Texas,USA,https://www.instagram.com/p/DPCOkhtibYN/,@rsrc.php,,1037486289,,,2026-04-16,,,,,,38,C-Tier,,,Contact:18/Brand:5/Market:5/Reach:10
Elite Footwear,Fort Worth,Texas,USA,https://elitefootweardfw.com/,@elitefootweardfw,filler@godaddy.com,3333333333,,,2026-04-16,,,,,,60,B-Tier,,,Contact:30/Brand:5/Market:5/Reach:20
"Shoe Store Fort Worth, TX | Sneakers and Apparel",Fort Worth,Texas,USA,https://www.hibbett.com/storedetails/TX/Fort%20Worth/1162,@hibbett1162_ftworth,,1776364785,,,2026-04-16,,,,,,38,C-Tier,,,Contact:18/Brand:5/Market:5/Reach:10
FORTY FIVE TEN,Fort Worth,Texas,USA,https://fortyfiveten.com/?srsltid=AfmBOooTEfqJGvvlXidF_mnGnHJoA9iqw8b0hZhD42nI2j57cN9zOEbV,@context,HELP@FORTYFIVETEN.COM,8800171246,,,2026-04-16,,,,,,60,B-Tier,,,Contact:30/Brand:5/Market:5/Reach:20
Lux (Fashion. Culture. Lifestyle.) (@luxfashiondfw),Fort Worth,Texas,USA,https://www.instagram.com/luxfashiondfw/,@luxfashiondfw,,1037486289,,,2026-04-16,,,,,,38,C-Tier,,,Contact:18/Brand:5/Market:5/Reach:10
The Fort Worth Boutique Guide,Fort Worth,Texas,USA,https://thescoutguide.com/fort-worth/editorial/the-fort-worth-boutique-guide/,,,,,,2026-04-16,,,,,,10,C-Tier,,,Contact:0/Brand:5/Market:5/Reach:0
"Hale House Boutique | Fort Worth, TX",Fort Worth,Texas,USA,https://shophalehouse.com/,@shophalehouse,customerservice@shophalehouse.com,1588243550,,,2026-04-16,,,,,,60,B-Tier,,,Contact:30/Brand:5/Market:5/Reach:20
"You Are Here | Fort Worth, TX | Women's Clothing and ...",Fort Worth,Texas,USA,https://youareherefw.com/,@youareherefortworth,accounting@youareherefw.com,2023496374,,,2026-04-16,,,,,,60,B-Tier,,,Contact:30/Brand:5/Market:5/Reach:20
94 Vintage•Sneakers (@94vintagestore),Fort Worth,Texas,USA,https://www.instagram.com/94vintagestore/,@94vintagestore,,1037486289,,,2026-04-16,,,,,,38,C-Tier,,,Contact:18/Brand:5/Market:5/Reach:10
Union Station is Fort Worth's hub for homegrown streetwear,Fort Worth,Texas,USA,https://www.dfwi.org/item/union-station-is-fort-worths-hub-for-homegrown-streetwear,@downtownfortworth,,1776371083,,,2026-04-16,,,,,,38,C-Tier,,,Contact:18/Brand:5/Market:5/Reach:10
Royalty DFW,Fort Worth,Texas,USA,https://royaltydfw.com/?srsltid=AfmBOorvCkI8cxxKjcrP3EcITWXxYLqFxS_SfPe9R08VX2teQ9jaVmWL,@rylty.dfw,xxx@xxx.xxx,1725919116,,,2026-04-16,,,,,,60,B-Tier,,,Contact:30/Brand:5/Market:5/Reach:20
Hellstar Is This What Heaven Sounds Like? Tee ...,Atlanta,Georgia,USA,https://www.instagram.com/showroom_atlanta/p/DH6YByfgCPU/,@rsrc.php,,1037486289,,,2026-04-16,,,,,,58,B-Tier,,,Contact:18/Brand:5/Market:25/Reach:10
"New Hellstar is IN! Available In Store & Online, Only At The Box",Atlanta,Georgia,USA,https://www.instagram.com/reel/DACHcaEpulg/?hl=en,@rsrc.php,,1037486289,,,2026-04-16,,,,,,58,B-Tier,,,Contact:18/Brand:5/Market:25/Reach:10
Light Hellstar Restock! Multiple Sizes and Colors Available! All ...,Atlanta,Georgia,USA,https://www.instagram.com/reel/C4i5W2WAQgV/,@rsrc.php,,1037486289,,,2026-04-16,,,,,,58,B-Tier,,,Contact:18/Brand:5/Market:25/Reach:10
Repeat Atlanta – Repeat ATL,Atlanta,Georgia,USA,https://repeatatlanta.com/?srsltid=AfmBOorABkxLrxu9B59GGb1EswpZUIJbniMEj2Xz5hEkHxWQcP6BNXzn,@repeatatlanta,,5183871936,,,2026-04-16,,,,,,58,B-Tier,,,Contact:18/Brand:5/Market:25/Reach:10
Brand New Hellstar Available In Store Now! White ...,Atlanta,Georgia,USA,https://www.instagram.com/p/C6MYmNZO102/,@goodtimes.atlanta.,,1037486289,,,2026-04-16,,,,,,58,B-Tier,,,Contact:18/Brand:5/Market:25/Reach:10
Our Stores,Atlanta,Georgia,USA,https://www.a-ma-maniere.com/pages/our-stores?srsltid=AfmBOop-sVP_wGiEjfue5y6So-Z8PYmvBCxqrUTEjxRVM5lnRsmsuJub,@maniere_usa,ui@5.0,1422991689,,,2026-04-16,,,,,,80,A-Tier,,,Contact:30/Brand:5/Market:25/Reach:20
Hellstar Black Hoodie - M,Atlanta,Georgia,USA,https://highstakesatlanta.com/products/hellstar-black-hoodie-m?srsltid=AfmBOookjmgH5xXfLS_LN0TMIj2Z7UtSoO30yB91H5MbGRoCkevR8JPW,@font,,1762121638,,,2026-04-16,,,,,,58,B-Tier,,,Contact:18/Brand:5/Market:25/Reach:10
Hellstar Hoodies,Atlanta,Georgia,USA,https://luxuryboxatl.com/collections/hellstar-hoodies?srsltid=AfmBOooRPlBHrP78c9cpLpqDHeFIJzQ_Gcev7HskJ5foyDNC4gxTu9tf,@luxboxatl,,1759960285,,,2026-04-16,,,,,,58,B-Tier,,,Contact:18/Brand:5/Market:25/Reach:10
Brand New Red Hellstar Tee - L,Atlanta,Georgia,USA,https://highstakesatlanta.com/products/brand-new-red-hellstar-tee-l?srsltid=AfmBOooGeILodR1ad-9Qtg-7LhSSuMLflTqVr19GTkrQGEOsY4xWXBqu,@font,,1748288413,,,2026-04-16,,,,,,58,B-Tier,,,Contact:18/Brand:5/Market:25/Reach:10
Supreme ATL (@supremeatlanta),Atlanta,Georgia,USA,https://www.instagram.com/supremeatlanta/,@supremeatlanta,,1037486289,,,2026-04-16,,,,,,58,B-Tier,,,Contact:18/Brand:5/Market:25/Reach:10
"Repeat Atlanta on Instagram: ""Supreme accessories always ...",Atlanta,Georgia,USA,https://www.instagram.com/reel/DUt8QUOjfc8/?hl=en,@rsrc.php,,1037486289,,,2026-04-16,,,,,,58,B-Tier,,,Contact:18/Brand:5/Market:25/Reach:10
"lenox square in atlanta, georgia",Atlanta,Georgia,USA,https://thewebster.com/shop/atlanta?srsltid=AfmBOoooMXZWqRqOQmMDp74Qj4T3nxHfF-qDR3tVp0bDr-UD3KtebkYs,@THEWEBSTER.COM.,ATLTEAM@THEWEBSTER.COM,1771410634,,,2026-04-16,,,,,,80,A-Tier,,,Contact:30/Brand:5/Market:25/Reach:20
"Repeat Atlanta on Instagram: ""Best selection of Denim Tears ...",Atlanta,Georgia,USA,https://www.instagram.com/reel/Cyt-cSygiNK/,@rsrc.php,,1037486289,,,2026-04-16,,,,,,58,B-Tier,,,Contact:18/Brand:5/Market:25/Reach:10
Just In! Rhude Steel Tee Black XXL ...,Atlanta,Georgia,USA,https://www.instagram.com/p/DI4LWUQADFy/,@rsrc.php,,1037486289,,,2026-04-16,,,,,,58,B-Tier,,,Contact:18/Brand:5/Market:25/Reach:10
✨ VALE Forever Tees Now Available Sizes S-XL ...,Atlanta,Georgia,USA,https://www.instagram.com/p/DDKlSTdJSoA/,@rsrc.php,,1037486289,,,2026-04-16,,,,,,58,B-Tier,,,Contact:18/Brand:5/Market:25/Reach:10
VALE,Atlanta,Georgia,USA,https://luxuryboxatl.com/collections/vale?srsltid=AfmBOooBETwcSc9VDO6N71oeduuxnaIw4-Cm7N3YuHIWW4r1XJv-TiNq,@luxboxatl,,1759960285,,,2026-04-16,,,,,,58,B-Tier,,,Contact:18/Brand:5/Market:25/Reach:10
"Vale Lives Zip Hoodie | Verus ATL - Atlanta, GA",Atlanta,Georgia,USA,https://attic.city/item/7WXo/vale-lives-zip-hoodie/versus-atl,@example.org,,1775905109,,,2026-04-16,,,,,,58,B-Tier,,,Contact:18/Brand:5/Market:25/Reach:10
VALE FOREVER BLACK 1980S PAINTERS🔥 New clothing ...,Atlanta,Georgia,USA,https://www.instagram.com/p/DPUdsjIklTK/,@rsrc.php,,1037486289,,,2026-04-16,,,,,,58,B-Tier,,,Contact:18/Brand:5/Market:25/Reach:10
Vale set S-XL Pick up available in Atlanta area also ship ...,Atlanta,Georgia,USA,https://www.instagram.com/p/DNBwJCkRuqm/,@rsrc.php,,1037486289,,,2026-04-16,,,,,,58,B-Tier,,,Contact:18/Brand:5/Market:25/Reach:10
Sizes From 30 - 38 Only At 3210 Roswell Rd - Instagram,Atlanta,Georgia,USA,https://www.instagram.com/p/DOypE4sjqtR/,@rsrc.php,,1037486289,,,2026-04-16,,,,,,58,B-Tier,,,Contact:18/Brand:5/Market:25/Reach:10
Vale Outfits Sweatpants Tees Available Instore 243 Central ...,Atlanta,Georgia,USA,https://www.instagram.com/reel/DNY5IW3xoo-/,@rsrc.php,,1037486289,,,2026-04-16,,,,,,58,B-Tier,,,Contact:18/Brand:5/Market:25/Reach:10
Sixth Ave,Atlanta,Georgia,USA,https://shopsixthave.com/,@6xth.ave,,1758317085,,,2026-04-16,,,,,,58,B-Tier,,,Contact:18/Brand:5/Market:25/Reach:10
Variety of Vale State Bottoms Available Now At PriceTag ...,Atlanta,Georgia,USA,https://www.instagram.com/p/DOypE4sjqtR/,@rsrc.php,,1037486289,,,2026-04-16,,,,,,58,B-Tier,,,Contact:18/Brand:5/Market:25/Reach:10
AVAILABLE NOW A Selection Of Vale Tee's In-Store & Online,Atlanta,Georgia,USA,https://www.instagram.com/p/DWFWpIeESK7/,@rsrc.php,,1037486289,,,2026-04-16,,,,,,58,B-Tier,,,Contact:18/Brand:5/Market:25/Reach:10
Fly Gear ATL - Hottest streetwear clothing in the country,Atlanta,Georgia,USA,https://flygearatl.com/?srsltid=AfmBOooyKrTSvnatid3Eo3ZvCw4EMc1JHOuuExAfVDTumjCRAsFeZ9cN,@flygearatl,sales@flygearatl.com,1672267803,,,2026-04-16,,,,,,80,A-Tier,,,Contact:30/Brand:5/Market:25/Reach:20
Wish Atlanta Boutique - WishATL.com,Atlanta,Georgia,USA,https://wishatl.com/?srsltid=AfmBOopc2uSlmafyf0q2TwhsJEk486TpOZxzPI6aIoKeMRwAgwQwju7F,@wishatl,,1614741952,,,2026-04-16,,,,,,58,B-Tier,,,Contact:18/Brand:5/Market:25/Reach:10
Pure Atlanta | Luxury Contemporary Style,Atlanta,Georgia,USA,https://www.pureatlanta.com/?srsltid=AfmBOoodyY5Na0mn2CQtsKQw-4FNtKmWPOa_KFHYZRscNniyWxaO7KAg,@pureatlanta.,cs@pureatlanta.com,1009528156,,,2026-04-16,,,,,,80,A-Tier,,,Contact:30/Brand:5/Market:25/Reach:20
The Atlanta Streetwear Market ® (@atlantastreetwearmarket),Atlanta,Georgia,USA,https://www.instagram.com/atlantastreetwearmarket/?hl=en,@atlantastreetwearmarket,,1037486289,,,2026-04-16,,,,,,58,B-Tier,,,Contact:18/Brand:5/Market:25/Reach:10
10 Essential Atlanta Shops for Contemporary & Streetwear ...,Atlanta,Georgia,USA,https://www.oberonasscher.com/blogs/sweet-auburn-ave/the-10-coolest-clothing-stores-boutiques-in-atlanta-you-need-to-know?srsltid=AfmBOop4-wt4GuFmZv9ibmV6GkgprUqZZGn-mHS1N8g8wyqHNWODR1EQ,@closette323,,1642484360,,,2026-04-16,,,,,,58,B-Tier,,,Contact:18/Brand:5/Market:25/Reach:10
City Wide Fashions - Atlanta's Best Big & Tall Streetwear Store,Atlanta,Georgia,USA,https://citywidefashions.com/?srsltid=AfmBOooVB0Psc2afUhFc6fUFmXngJKaJNJjRcw6a7R-NAPwp6CtMc7Y7,@whatshappeningatl,,1591373623,,,2026-04-16,,,,,,58,B-Tier,,,Contact:18/Brand:5/Market:25/Reach:10
Full Circle ATL,Atlanta,Georgia,USA,https://fullcircleatl.shop/?srsltid=AfmBOopB3sUBNjhAqwldUDhXcsd4LgUEqZw0ky0sXJgKCSDLCuxbuztn,@fullcircle.atl,,1663349557,,,2026-04-16,,,,,,58,B-Tier,,,Contact:18/Brand:5/Market:25/Reach:10
"Hype24/7: Buy, Sell, Trade Exclusive Sneaker Shop in Atlanta ...",Atlanta,Georgia,USA,https://hype2407.com/?srsltid=AfmBOoqxYE4oV14ejjGdqvmykgEQawo5IQsfqsr_7MpPqhN7ukApp6ap,@hype2407,HYPE247_150x@2x.jpg,9029999862,,,2026-04-16,,,,,,80,A-Tier,,,Contact:30/Brand:5/Market:25/Reach:20
Atlanta,Atlanta,Georgia,USA,https://hypebeast.com/tags/atlanta,@hypebeast,screenshot-adblock-ultimate@2x.1f5b1723.png,3702846231,,,2026-04-16,,,,,,80,A-Tier,,,Contact:30/Brand:5/Market:25/Reach:20
Hype 24/7,Atlanta,Georgia,USA,https://www.atlantadowntown.com/go/hype-24-7,@hype2407,,1776371306,,,2026-04-16,,,,,,58,B-Tier,,,Contact:18/Brand:5/Market:25/Reach:10
HYPE 24/7 Atlanta (@hype2407),Atlanta,Georgia,USA,https://www.instagram.com/hype2407/,@hype247snvl.,,1037486289,,,2026-04-16,,,,,,58,B-Tier,,,Contact:18/Brand:5/Market:25/Reach:10
VERSUS ATL,Atlanta,Georgia,USA,https://vsatl.com/,@vsatl,E8A8B739-42AA-48B7-9DAD-6AC54242D569_195x195@2x.jpg,1614309785,,,2026-04-16,,,,,,80,A-Tier,,,Contact:30/Brand:5/Market:25/Reach:20
Luxury Box: Curated High-Fashion – Luxury Box Atl,Atlanta,Georgia,USA,https://luxuryboxatl.com/?srsltid=AfmBOoqx8R16Wv-ts-z7lLHHdDQqkpx7GXdN4foQNjPc0jMG53iXiEiQ,@luxboxatl,info@luxuryboxatl.com,1759960285,,,2026-04-16,,,,,,80,A-Tier,,,Contact:30/Brand:5/Market:25/Reach:20
Atlanta Sneakers & Clothing | Shop Walter's Clothing Online,Atlanta,Georgia,USA,https://waltersclothing.com/,@waltersclothing,walters_logo_140x@2x.png,1633541555,,,2026-04-16,,,,,,80,A-Tier,,,Contact:30/Brand:5/Market:25/Reach:20
SOLE PLAY ATL – Sole Play,Atlanta,Georgia,USA,https://www.soleplayatl.com/?srsltid=AfmBOoou-PCPQOolsJlfQG9M_SqNXP8Iau_OxNGWn1EfSggU-h04FMDU,@https,,1769452592,,,2026-04-16,,,,,,58,B-Tier,,,Contact:18/Brand:5/Market:25/Reach:10
ATLANTA Shoes & Sneaker Store | 5 Points Plaza City Gear,Atlanta,Georgia,USA,https://locations.dtlr.com/ga/atlanta/5-points-plaza.html,@dtlrofficial,custserv@dtlr.com,1537521453,,,2026-04-16,,,,,,80,A-Tier,,,Contact:30/Brand:5/Market:25/Reach:20
Full Circle Atlanta (@fullcircle.atl),Atlanta,Georgia,USA,https://www.instagram.com/fullcircle.atl/?hl=en,@fullcircle.ath,,1037486289,,,2026-04-16,,,,,,58,B-Tier,,,Contact:18/Brand:5/Market:25/Reach:10
BLK FRVR | Atlanta bred & based Streetwear,Atlanta,Georgia,USA,https://www.blkfrvr.com/?srsltid=AfmBOoqxeWdg5VqYuYj8naQd0JkLjpBsedRC43pDFil63Kt58EB99ALy,@blkfrvr,thespokenwood@gmail.com,1770172486,,,2026-04-16,,,,,,80,A-Tier,,,Contact:30/Brand:5/Market:25/Reach:20
Atlanta Streetwear Market,Atlanta,Georgia,USA,https://www.atlantastreetwearmarket.com/,@atlantastreetwearmarket,user@domain.com.,5908890519,,,2026-04-16,,,,,,80,A-Tier,,,Contact:30/Brand:5/Market:25/Reach:20
Hellstar Hoodies & Pants Available Instore,Chicago,Illinois,USA,https://www.instagram.com/p/DQu2S2agYUE/,@rsrc.php,,1037486289,,,2026-04-16,,,,,,58,B-Tier,,,Contact:18/Brand:5/Market:25/Reach:10
🔥 Hellstar Fit Available -Hoodie Size XL -Jeans ...,Chicago,Illinois,USA,https://www.instagram.com/p/DEdexwMOKBY/,@endlesssupply.wickerpark,,1037486289,,,2026-04-16,,,,,,58,B-Tier,,,Contact:18/Brand:5/Market:25/Reach:10
Endless Supply,Chicago,Illinois,USA,https://endlesssupply.com/?srsltid=AfmBOoo4fl-yLGEkqD_fSPI8UD77IyDWQaK8dQSIBcd2LYhL3D_2yrSd,@endlesssupply,,1719113949,,,2026-04-16,,,,,,58,B-Tier,,,Contact:18/Brand:5/Market:25/Reach:10
🔥 New Hellstar Collection Is Here! 🔥 Level up your street ...,Chicago,Illinois,USA,https://www.instagram.com/p/DTlIYNIEwPt/,@rsrc.php,,1037486289,,,2026-04-16,,,,,,58,B-Tier,,,Contact:18/Brand:5/Market:25/Reach:10
Hellstar SnapBack Available in-store & online! SHOP NOW ...,Chicago,Illinois,USA,https://www.instagram.com/p/C6hJXQ2O7M6/,@rsrc.php,,1037486289,,,2026-04-16,,,,,,58,B-Tier,,,Contact:18/Brand:5/Market:25/Reach:10
Supreme Chicago – Gallery,Chicago,Illinois,USA,https://supreme.com/news/905/images,,,(312) 300 0562,,,2026-04-16,,,,,,38,C-Tier,,,Contact:8/Brand:5/Market:25/Reach:0
Supreme opens first Chicago store,Chicago,Illinois,USA,"https://us.fashionnetwork.com/news/Supreme-opens-first-chicago-store,1462304.html",,,,,,2026-04-16,,,,,,30,C-Tier,,,Contact:0/Brand:5/Market:25/Reach:0
Take a Look Inside Supreme's New Chicago Store,Chicago,Illinois,USA,https://hypebae.com/2022/11/supreme-chicago-store-opening-images-location-info,,,,,,2026-04-16,,,,,,30,C-Tier,,,Contact:0/Brand:5/Market:25/Reach:0
Rhude Tees In Stock❗️🔥 -Size S-XL Available in-store & ...,Chicago,Illinois,USA,https://www.instagram.com/p/DEnQEMWuPBS/,@rsrc.php,,1037486289,,,2026-04-16,,,,,,58,B-Tier,,,Contact:18/Brand:5/Market:25/Reach:10
RSVP Gallery,Chicago,Illinois,USA,https://rsvpgallery.com/?srsltid=AfmBOop93EujYx8FG0-pa9RwKR0axzWEQwqMEwiqTK0TPy3WJFFkjVqz,@rsvpgallery,,1613731237,,,2026-04-16,,,,,,58,B-Tier,,,Contact:18/Brand:5/Market:25/Reach:10
New RHUDE tees just landed for a STEAL!‍♂️ Sizes S–XL ...,Chicago,Illinois,USA,https://www.instagram.com/reel/DTTEe_ODa-J/?hl=en,@rsrc.php,,1037486289,,,2026-04-16,,,,,,58,B-Tier,,,Contact:18/Brand:5/Market:25/Reach:10
Burdeens Chicago,Chicago,Illinois,USA,https://burdeenschicago.com/?srsltid=AfmBOor2-HzESzgAxLvnRkg7cCqU7z5Wv9rOKksOaM9YvapIWKU7fbKE,@burdeenschicago,liga_mx_home_page_480x480@2x.png,1614343759,,,2026-04-16,,,,,,80,A-Tier,,,Contact:30/Brand:5/Market:25/Reach:20
New Rhude Tee Collection ‼️ Available In-Store & Online ...,Chicago,Illinois,USA,https://www.instagram.com/p/DPKBv-Dgcd7/,@rsrc.php,,1037486289,,,2026-04-16,,,,,,58,B-Tier,,,Contact:18/Brand:5/Market:25/Reach:10
Unique Chicago,Chicago,Illinois,USA,https://shopuniquechicago.com/,@uniquechicago,shopuniquechicago@gmail.com,1772573808,,,2026-04-16,,,,,,80,A-Tier,,,Contact:30/Brand:5/Market:25/Reach:20
NEW Vale Shorts In Store & Online Now | 1839 S State St.,Chicago,Illinois,USA,https://www.instagram.com/p/DMlmg-UvCBD/,@rsrc.php,,1037486289,,,2026-04-16,,,,,,58,B-Tier,,,Contact:18/Brand:5/Market:25/Reach:10
"Vale hoodies available now! New styles restocked daily, pull ...",Chicago,Illinois,USA,https://www.instagram.com/reel/DMasidqMVrc/,@rsrc.php,,1037486289,,,2026-04-16,,,,,,58,B-Tier,,,Contact:18/Brand:5/Market:25/Reach:10
The Gallery Online: Step Up Your Style with our Extensive ...,Chicago,Illinois,USA,https://thegallery630.com/?srsltid=AfmBOorhK3NlN_bJKlIrnCQ2mEJycNYIAcT8ECirBc0R5wU7hPxQNApk,@font,xxx@xxx.xxx,1681500872,,,2026-04-16,,,,,,80,A-Tier,,,Contact:30/Brand:5/Market:25/Reach:20
Vale Forever Chicago Store Location,Chicago,Illinois,USA,https://www.instagram.com/popular/vale-forever-chicago-store-location/,@rsrc.php,,1037486289,,,2026-04-16,,,,,,58,B-Tier,,,Contact:18/Brand:5/Market:25/Reach:10
New @valelives Pieces Featuring Our 2 Best Sellers VALE ...,Chicago,Illinois,USA,https://www.instagram.com/reel/DPbiZRfDjQi/,@valelives,,1037486289,,,2026-04-16,,,,,,58,B-Tier,,,Contact:18/Brand:5/Market:25/Reach:10
Vale Lives Chicago Store,Chicago,Illinois,USA,https://www.instagram.com/popular/vale-lives-chicago-store/,@VALELIVES,,1037486289,,,2026-04-16,,,,,,58,B-Tier,,,Contact:18/Brand:5/Market:25/Reach:10
New arrivals from VALE now available in store @valelives,Chicago,Illinois,USA,https://www.instagram.com/reel/DTdVv5hETQv/,@valelives,,1037486289,,,2026-04-16,,,,,,58,B-Tier,,,Contact:18/Brand:5/Market:25/Reach:10
"""Vale hoodies available now! New styles restocked daily, pull ...",Chicago,Illinois,USA,https://www.instagram.com/diplomatic1750/reel/DMasidqMVrc/?hl=ja,@rsrc.php,,1037486289,,,2026-04-16,,,,,,58,B-Tier,,,Contact:18/Brand:5/Market:25/Reach:10
We've got the Vale! Hoodies starting at $185! Sizes Small ...,Chicago,Illinois,USA,https://www.instagram.com/reel/DVjPKisDd4s/,@rsrc.php,,1037486289,,,2026-04-16,,,,,,58,B-Tier,,,Contact:18/Brand:5/Market:25/Reach:10
Vale just DOESN'T MISS!! #theshop147 #fashion #chicago ...,Chicago,Illinois,USA,https://www.instagram.com/p/DPXOvZekTsh/,@culturedowntown,,1037486289,,,2026-04-16,,,,,,58,B-Tier,,,Contact:18/Brand:5/Market:25/Reach:10
Vale's Chicago Store Location,Chicago,Illinois,USA,https://www.instagram.com/popular/Vale's-Chicago-Store-Location/,@rsrc.php,,1037486289,,,2026-04-16,,,,,,58,B-Tier,,,Contact:18/Brand:5/Market:25/Reach:10
Vale tees available now! ☀️ Perfect for the summer heat. ...,Chicago,Illinois,USA,https://www.instagram.com/p/DL71TGPs4jw/,@rsrc.php,,1037486289,,,2026-04-16,,,,,,58,B-Tier,,,Contact:18/Brand:5/Market:25/Reach:10
Full Vale restock is officially HERE! All sizes available ...,Chicago,Illinois,USA,https://www.instagram.com/reel/DVCnJ_HETSO/,@rsrc.php,,1037486289,,,2026-04-16,,,,,,58,B-Tier,,,Contact:18/Brand:5/Market:25/Reach:10
Valee shirts available at #BpcLockerRoom DM for sizes ...,Chicago,Illinois,USA,https://www.instagram.com/reel/DUyjGDykWcD/,@moniebagsz.,,1037486289,,,2026-04-16,,,,,,58,B-Tier,,,Contact:18/Brand:5/Market:25/Reach:10
Vale Hoodies Always In Stock DM Us To Purchase Prices ...,Chicago,Illinois,USA,https://www.instagram.com/reel/DVHToUEDn1m/,@rsrc.php,,1037486289,,,2026-04-16,,,,,,58,B-Tier,,,Contact:18/Brand:5/Market:25/Reach:10
Jugrnaut Clothing - Jugrnaut,Chicago,Illinois,USA,https://store.jugrnaut.com/,@jugrnaut,jugrnautchicago@gmail.com,2504202501,,,2026-04-16,,,,,,80,A-Tier,,,Contact:30/Brand:5/Market:25/Reach:20
Notre Shop,Chicago,Illinois,USA,https://www.notre-shop.com/?srsltid=AfmBOooxbV6lbvZdfh8IXr-3-eRA1SZ2y0eIusHF6ZcQQM_t6ckui-2j,@notre_shop,,(312)-600-9757,,,2026-04-16,,,,,,58,B-Tier,,,Contact:18/Brand:5/Market:25/Reach:10
Exploring Chicago's Best Streetwear Brands and Stores,Chicago,Illinois,USA,https://theghettoflower.com/blog-lifestyle/exploring-chicagos-best-streetwear-brands-and-stores,@theghettoflower,user@domain.com.,1742432760,,,2026-04-16,,,,,,80,A-Tier,,,Contact:30/Brand:5/Market:25/Reach:20
The Shop 147 | # 1 Streetwear Clothing Store In America,Chicago,Illinois,USA,https://theshop147.com/?srsltid=AfmBOoq-hH3grqfHeqPlCzXlf14CQGoxVpz6RxXbMjJ0c2U5gDoqd3Co,@theshop_147,Info@theshop147.com,1715094626,,,2026-04-16,,,,,,80,A-Tier,,,Contact:30/Brand:5/Market:25/Reach:20
Urban Style Clothing Online Store - Iridium Clothing Company,Chicago,Illinois,USA,https://iridiumclothingco.com/?srsltid=AfmBOop4gtFx5FBO-ECxcbgtkNn02-zYkSo8y3QR5P-DT7Tk94kWycoh,@iridiumclothingco,,1741614952,,,2026-04-16,,,,,,58,B-Tier,,,Contact:18/Brand:5/Market:25/Reach:10
"Boneyard Chicago | Sneakers, Streetwear & Vintage ...",Chicago,Illinois,USA,https://boneyardchicago.com/?srsltid=AfmBOooN-Om1_pSbFgEkgZa7CsPMaV2_QLmC2Xoj5GaRwZ3KswD7DS_Z,@boneyard_chicago,,1759155885,,,2026-04-16,,,,,,58,B-Tier,,,Contact:18/Brand:5/Market:25/Reach:10
Eugene Chicago,Chicago,Illinois,USA,https://www.shopwatertower.com/store/eugene-chicago,@eugene.chicago,info@shopwatertower.com,1872329794,,,2026-04-16,,,,,,80,A-Tier,,,Contact:30/Brand:5/Market:25/Reach:20
Eugene.Chicago,Chicago,Illinois,USA,https://www.instagram.com/eugene.chicago/,@eugenechicago.hipmall.,,1037486289,,,2026-04-16,,,,,,58,B-Tier,,,Contact:18/Brand:5/Market:25/Reach:10
Hell Star Tee,Las Vegas,Nevada,USA,https://www.nobleoaksapparel.com/products/hell-star-tee?srsltid=AfmBOoqOIRw5c-M_BVwTlkmB7mpbepwA0EM7pdDrWcWIBYaXfBC0s30t,@nobleoaksapparel,,1727744244,,,2026-04-16,,,,,,48,B-Tier,,,Contact:18/Brand:5/Market:15/Reach:10
Hellstar Black Las Vegas Long Sleeve ComplexCon ...,Las Vegas,Nevada,USA,https://solesdistrict.com/products/hellstar-black-las-vegas-long-sleeve-complexcon-exclusive?srsltid=AfmBOoroXxef5mdSSLmTOLliwsuj0dRvU80BIKQTRS0dtZksQWVxEf61,@soles.district,info@solesdistrict.com,1691506684,,,2026-04-16,,,,,,70,B-Tier,,,Contact:30/Brand:5/Market:15/Reach:20
HELLSTAR Powered By The Star Tee - Black Cotton Shirt,Las Vegas,Nevada,USA,https://freshsociety.co/products/hellstar-star-tee-black,@freshsocietyco,,7609886146,,,2026-04-16,,,,,,48,B-Tier,,,Contact:18/Brand:5/Market:15/Reach:10
Hellstar Las Vegas 2025 convention tee,Las Vegas,Nevada,USA,https://www.instagram.com/p/DWrDOZxjSlu/,@rsrc.php,,1037486289,,,2026-04-16,,,,,,48,B-Tier,,,Contact:18/Brand:5/Market:15/Reach:10
$100 Gallery ATK Night Tee size Large,Las Vegas,Nevada,USA,https://www.instagram.com/p/DOhGydOEiM0/,@rsrc.php,,1037486289,,,2026-04-16,,,,,,48,B-Tier,,,Contact:18/Brand:5/Market:15/Reach:10
7pm Store Hours Las Vegas Everyday 10am - 8pm #rhude ...,Las Vegas,Nevada,USA,https://www.instagram.com/p/DNBZT42ps4n/,@rsrc.php,,1037486289,,,2026-04-16,,,,,,48,B-Tier,,,Contact:18/Brand:5/Market:15/Reach:10
The Webster in Las Vegas,Las Vegas,Nevada,USA,https://thewebster.com/shop/las-vegas?srsltid=AfmBOopPxo3Ud0P2_7vOmXQRP181i1fMIZ8lKg21WVAZasckAQvt_gJ9,@thewebster,,1771410634,,,2026-04-16,,,,,,48,B-Tier,,,Contact:18/Brand:5/Market:15/Reach:10
@loudeezi9 pulled up to our Las Vegas location & cashed out ...,Las Vegas,Nevada,USA,https://www.instagram.com/centralkicksca/reel/DK4_xEiv-28/,@centralkicksvegassouth,,1037486289,,,2026-04-16,,,,,,48,B-Tier,,,Contact:18/Brand:5/Market:15/Reach:10
New arrivals from @rhude are available now at our Wynn ...,Las Vegas,Nevada,USA,https://www.instagram.com/p/CMi8AUtlkhD/,@rhude,,1037486289,,,2026-04-16,,,,,,48,B-Tier,,,Contact:18/Brand:5/Market:15/Reach:10
One of the hottest brands out right now — VALE is officially in ...,Las Vegas,Nevada,USA,https://www.instagram.com/reel/DQfPTZ0EeS3/,@rsrc.php,,1037486289,,,2026-04-16,,,,,,48,B-Tier,,,Contact:18/Brand:5/Market:15/Reach:10
Valley Forever Store Locations,Las Vegas,Nevada,USA,https://www.instagram.com/popular/valley-forever-store-locations/,@sun_kenm,,1037486289,,,2026-04-16,,,,,,48,B-Tier,,,Contact:18/Brand:5/Market:15/Reach:10
L & XL $285 each Vale Forever Pluto Custered Zip Up 'Black',Las Vegas,Nevada,USA,https://www.instagram.com/reel/DSGOLO8k6fX/,@rsrc.php,,1037486289,,,2026-04-16,,,,,,48,B-Tier,,,Contact:18/Brand:5/Market:15/Reach:10
New Vale Hoodies Now Available!,Las Vegas,Nevada,USA,https://www.instagram.com/p/DUomriiEroa/,@rsrc.php,,1037486289,,,2026-04-16,,,,,,48,B-Tier,,,Contact:18/Brand:5/Market:15/Reach:10
🔥🚨New Vale Hoodies Now Available🚨🔥 Vale Forever ...,Las Vegas,Nevada,USA,https://www.instagram.com/p/DUwa4eTEtM4/,@rsrc.php,,1037486289,,,2026-04-16,,,,,,48,B-Tier,,,Contact:18/Brand:5/Market:15/Reach:10
"New Vale Forever, Bravest Studios & HMDD now in stock ...",Las Vegas,Nevada,USA,https://www.instagram.com/reel/DTfyk6KkU8c/,@rsrc.php,,1037486289,,,2026-04-16,,,,,,48,B-Tier,,,Contact:18/Brand:5/Market:15/Reach:10
$150 each Vale Forever Chopper Tee size Small-XL,Las Vegas,Nevada,USA,https://www.instagram.com/p/DW4ZbP5D5Tg/,@rsrc.php,,1037486289,,,2026-04-16,,,,,,48,B-Tier,,,Contact:18/Brand:5/Market:15/Reach:10
Brand New Vale Now Available ! Vale Forever Candy Jorts ...,Las Vegas,Nevada,USA,https://www.instagram.com/reel/DW2Oc-5klst/,@rsrc.php,,1037486289,,,2026-04-16,,,,,,48,B-Tier,,,Contact:18/Brand:5/Market:15/Reach:10
Verified | New Selection Of Vale Forever Just Touched Down ...,Las Vegas,Nevada,USA,https://www.instagram.com/reel/DNLpCpVuT4y/,@rsrc.php,,1037486289,,,2026-04-16,,,,,,48,B-Tier,,,Contact:18/Brand:5/Market:15/Reach:10
Vale Forever Forest Sun Denim Jacket size XL,Las Vegas,Nevada,USA,https://www.instagram.com/p/DWcqQ0bD7JO/,@rsrc.php,,1037486289,,,2026-04-16,,,,,,48,B-Tier,,,Contact:18/Brand:5/Market:15/Reach:10
On The Arm,Las Vegas,Nevada,USA,https://onthearm.lv/?srsltid=AfmBOooDRB425X6UYJ4-2Nic-u_jc_c5jaTpuJNtBLqr7y8HYghlWGmP,@onthearm.lv,,1613518489,,,2026-04-16,,,,,,48,B-Tier,,,Contact:18/Brand:5/Market:15/Reach:10
The Hause Collective Las Vegas (@thehausecollectivelv),Las Vegas,Nevada,USA,https://www.instagram.com/thehausecollectivelv/,@thehausecollectivelv,,1037486289,,,2026-04-16,,,,,,48,B-Tier,,,Contact:18/Brand:5/Market:15/Reach:10
Bring It Back LLC,Las Vegas,Nevada,USA,https://www.bringitbackworldwide.com/,@bringitbackworldwide.com.,admin@bringitbackworldwide.com,2504202501,,,2026-04-16,,,,,,70,B-Tier,,,Contact:30/Brand:5/Market:15/Reach:20
"Las Vegas Rave Shop | Streetwear, Festival Gear & Exotic ...",Las Vegas,Nevada,USA,https://thedroplv.com/?srsltid=AfmBOopkIrXpY26mz0rkpM9rKoQIGXHJ3448JFo3ZvQHEAcJarsWv54P,,,,,,2026-04-16,,,,,,20,C-Tier,,,Contact:0/Brand:5/Market:15/Reach:0
– Urban Necessities,Las Vegas,Nevada,USA,https://urbannecessities.com/,@urban_necessities,,1661223891,,,2026-04-16,,,,,,48,B-Tier,,,Contact:18/Brand:5/Market:15/Reach:10
"Feature: Sneaker Culture, Designer Apparel + Lifestyle",Las Vegas,Nevada,USA,https://feature.com/?srsltid=AfmBOooWqcrZcdiJZz-3iGwU36AWtwZyJDaUauL0KSvTDehyH74yQucs,@feature,icon-paypal@2x.static.png,1554395407,,,2026-04-16,,,,,,70,B-Tier,,,Contact:30/Brand:5/Market:15/Reach:20
Fresh Society Las Vegas (@freshsocietylv),Las Vegas,Nevada,USA,https://www.instagram.com/freshsocietylv/,@freshsocietyco,,1037486289,,,2026-04-16,,,,,,48,B-Tier,,,Contact:18/Brand:5/Market:15/Reach:10
Exclusive Fashion Boutique | luxury streetwear boutique ...,Las Vegas,Nevada,USA,https://www.exclusivefashion.vip/,@exclusive_fashion_boutique__,focus-within-polyfill@5.0.9,2545352419,,,2026-04-16,,,,,,70,B-Tier,,,Contact:30/Brand:5/Market:15/Reach:20
The Shops at Wynn & Encore,Las Vegas,Nevada,USA,https://www.wynnlasvegas.com/shops,@wynnlasvegas,,3718940920,,,2026-04-16,,,,,,48,B-Tier,,,Contact:18/Brand:5/Market:15/Reach:10
Las Vegas Sneaker Stores - SneakerNews.com,Las Vegas,Nevada,USA,https://sneakernews.com/sneaker-shopping-guide/las-vegas-sneaker-stores/,,,,,,2026-04-16,,,,,,20,C-Tier,,,Contact:0/Brand:5/Market:15/Reach:0
Town Square - Las Vegas,Las Vegas,Nevada,USA,https://stores.finishline.com/nv/lasvegas/town-square.html,@finishline,,(702) 263-6023,,,2026-04-16,,,,,,48,B-Tier,,,Contact:18/Brand:5/Market:15/Reach:10
Hearth,Seattle,Washington,USA,https://www.seattlesouthside.com/directory/hearth/,@seattlesouthside,info@seattlesouthside.com,1774450725,,,2026-04-16,,,,,,70,B-Tier,,,Contact:30/Brand:5/Market:15/Reach:20
Rush Hour – Rush Hour,Seattle,Washington,USA,https://rushhour206.com/?srsltid=AfmBOoq6pC_n-_DtuLaX3Fdb0LkmVMfIkoEF_C28X3jhvyQ2v-Q9iC0N,@rush_hour206.,,1726257724,,,2026-04-16,,,,,,48,B-Tier,,,Contact:18/Brand:5/Market:15/Reach:10
Ablaj,Seattle,Washington,USA,https://ablaj.com/,@gmail.com.,ablajnw@gmail.com,1736312362,,,2026-04-16,,,,,,70,B-Tier,,,Contact:30/Brand:5/Market:15/Reach:20
HELLSTAR RECORDS TEE S-XL Available now in Victory ...,Seattle,Washington,USA,https://www.instagram.com/p/Cu7AkJ8L6py/,@rsrc.php,,1037486289,,,2026-04-16,,,,,,48,B-Tier,,,Contact:18/Brand:5/Market:15/Reach:10
Hellstar Flame Purple Brown Shorts,Seattle,Washington,USA,https://modells.com/products/hellstar-flame-shorts-purple-brown?srsltid=AfmBOoogxWfbqtOC0twhKvDiqPN4vINgTblelkabJ2ZGqQ2t7YYL0ZZh,@modells,hello@modells.com,1761829112,,,2026-04-16,,,,,,70,B-Tier,,,Contact:30/Brand:5/Market:15/Reach:20
"Seattle, get ready for the Hellstar Retail Drop at Sneaker ...",Seattle,Washington,USA,https://www.instagram.com/p/C3tF2eTyOZm/,@rsrc.php,,1037486289,,,2026-04-16,,,,,,48,B-Tier,,,Contact:18/Brand:5/Market:15/Reach:10
"Hellstar Classic Tee Green Size Large, DS BRAND NEW",Seattle,Washington,USA,https://www.soleseattle.com/hellstar-classic-tee-green-size-large-ds-brand-new.html,@soleseattle,,2024073017,,,2026-04-16,,,,,,48,B-Tier,,,Contact:18/Brand:5/Market:15/Reach:10
ARCH RIVALS STUDIOS 🏴 (@archrivalsstudios),Seattle,Washington,USA,https://www.instagram.com/archrivalsstudios/,@archrivalsstudios,,1037486289,,,2026-04-16,,,,,,48,B-Tier,,,Contact:18/Brand:5/Market:15/Reach:10
"Toure Apparel 9000 B Rainier Ave south seattle,wa 98118 ...",Seattle,Washington,USA,https://toureapparel.square.site/,@media,toureapparel@yahoo.com,9829539066,,,2026-04-16,,,,,,70,B-Tier,,,Contact:30/Brand:5/Market:15/Reach:20
Rhude for Men,Seattle,Washington,USA,https://www.mrporter.com/en-us/mens/designer/rhude,,,,,,2026-04-16,,,,,,20,C-Tier,,,Contact:0/Brand:5/Market:15/Reach:0
Hearth.SEA,Seattle,Washington,USA,https://www.instagram.com/hearth.sea/,@beastmode,,1037486289,,,2026-04-16,,,,,,48,B-Tier,,,Contact:18/Brand:5/Market:15/Reach:10
"Seattle Premium Outlets® - A Shopping Center In Tulalip, WA",Seattle,Washington,USA,https://www.premiumoutlets.com/outlet/seattle,@seattlepo,,1766078725,,,2026-04-16,,,,,,48,B-Tier,,,Contact:18/Brand:5/Market:15/Reach:10
Casa di LaValle: Welcome,Seattle,Washington,USA,https://casadilavalle.com/,@casadilavalle,slick-carousel@1.8.1,1774947450,,,2026-04-16,,,,,,70,B-Tier,,,Contact:30/Brand:5/Market:15/Reach:20
Suunto Service Centers & Authorized Battery Change Points,Seattle,Washington,USA,https://www.suunto.com/Support/Service-Centers/suunto-service-centers/,@tiendatiburonlibre,info@gergert.kg,855 258 0900,,,2026-04-16,,,,,,70,B-Tier,,,Contact:30/Brand:5/Market:15/Reach:20
"Light Friday Pack, All Dropping Tomorrow In-Stores",Seattle,Washington,USA,https://www.instagram.com/p/DXM5AFUjirm/,@rsrc.php,,1037486289,,,2026-04-16,,,,,,48,B-Tier,,,Contact:18/Brand:5/Market:15/Reach:10
🛍️SEATTLE CLOSET SALE POP-UP @valematcha this ...,Seattle,Washington,USA,https://www.instagram.com/reel/DWp_HFBkhj4/,@valematcha,,1037486289,,,2026-04-16,,,,,,48,B-Tier,,,Contact:18/Brand:5/Market:15/Reach:10
Local schools honored as Washington Distinguished Schools,Seattle,Washington,USA,https://www.kxly.com/news/local-schools-honored-as-washington-distinguished-schools/article_0c683966-4b21-407f-bf42-1c8d757e8445.html,@4newsnow,News4@kxly.com,1748374882,,,2026-04-16,,,,,,70,B-Tier,,,Contact:30/Brand:5/Market:15/Reach:20
Independent bookstores are key to Seattle's literary scene,Seattle,Washington,USA,https://www.greaterseattleonthecheap.com/independent-bookstores/,@SeattleOTC,info@greaterseattleonthecheap.com,1512020740,,,2026-04-16,,,,,,70,B-Tier,,,Contact:30/Brand:5/Market:15/Reach:20
Vale Forever Restock ‼️#cityswagfashionboutique ...,Seattle,Washington,USA,https://www.instagram.com/reel/DU6EWtjEVMo/,@rsrc.php,,1037486289,,,2026-04-16,,,,,,48,B-Tier,,,Contact:18/Brand:5/Market:15/Reach:10
Stüssy,Seattle,Washington,USA,https://www.stussy.com/,@stussy,support@stussy.com,8761933920,,,2026-04-16,,,,,,70,B-Tier,,,Contact:30/Brand:5/Market:15/Reach:20
FAQ,Seattle,Washington,USA,https://www.valeforever.com/pages/faq?srsltid=AfmBOorhsYfLGdGMLDV5YZdnI6uPTyOAm68MJSMJ3buCsk69viCKK-bc,@valeforever.com,connect@valeforever.com,1774299210,,,2026-04-16,,,,,,70,B-Tier,,,Contact:30/Brand:5/Market:15/Reach:20
Vale Matcha & Coffee | Ceremonial-Grade Matcha in Seattle,Seattle,Washington,USA,https://www.valematcha.com/,@vale_now,,1221643346,,,2026-04-16,,,,,,48,B-Tier,,,Contact:18/Brand:5/Market:15/Reach:10
Vale Concepts,Seattle,Washington,USA,https://www.linkedin.com/company/vale-concepts,@linkedin,,1754748884,,,2026-04-16,,,,,,48,B-Tier,,,Contact:18/Brand:5/Market:15/Reach:10
retail vale (@retailvaleshop),Seattle,Washington,USA,https://www.instagram.com/retailvaleshop/,@retailvaleshop,,1037486289,,,2026-04-16,,,,,,48,B-Tier,,,Contact:18/Brand:5/Market:15/Reach:10
Vale Group LLC | Office of the Insurance Commissioner,Seattle,Washington,USA,https://www.insurance.wa.gov/vale-group-llc,@regence.com,bootstrap@5.2.0,206-332-6077,,,2026-04-16,,,,,,70,B-Tier,,,Contact:30/Brand:5/Market:15/Reach:20
Fantagraphics Bookstore & Gallery,Seattle,Washington,USA,https://www.fantagraphics.com/pages/fantagraphics-bookstore-gallery?srsltid=AfmBOoptQKoSCDk-qubWVs2hL9j5oLhdiVz6yTwKL5Fvphf_qkyqtAOz,@fantagraphics,cohen@fantagraphics.com,1614348809,,,2026-04-16,,,,,,70,B-Tier,,,Contact:30/Brand:5/Market:15/Reach:20
A Seattle Shop – Glasswing,Seattle,Washington,USA,https://glasswingshop.com/?srsltid=AfmBOop08DYiT8PUusxNYCFEcNM3tQ3ZJxBGW_6Zg2IpR1BNkkVMnmx7,@glasswingshop,u003ehello@glasswingshop.com,1701725157,,,2026-04-16,,,,,,70,B-Tier,,,Contact:30/Brand:5/Market:15/Reach:20
"SoleSeattle | Lynnwood, WA | Shop Sneakers & Streetwear ...",Seattle,Washington,USA,https://www.soleseattle.com/,@soleseattle,,2024073017,,,2026-04-16,,,,,,48,B-Tier,,,Contact:18/Brand:5/Market:15/Reach:10
LIKELIHOOD. Hello Gorgeous is the standard. Sneakers are ...,Seattle,Washington,USA,https://likelihood.us/?srsltid=AfmBOoob7jUCIun05R8IY6A0p6nDCG1Qyq7mArO4HKU2ysC41amoEsow,@lklihood,Daniel@likelihood.us,1771529931,,,2026-04-16,,,,,,70,B-Tier,,,Contact:30/Brand:5/Market:15/Reach:20
Maestro Athletics - Seattle inspired Streetwear Clothing ...,Seattle,Washington,USA,https://www.instagram.com/maestroathletics/,@rsrc.php,,1037486289,,,2026-04-16,,,,,,48,B-Tier,,,Contact:18/Brand:5/Market:15/Reach:10
Get the LA Streetwear Look at These 6 Seattle Stores,Seattle,Washington,USA,https://www.seattlemet.com/style-and-shopping/2017/05/get-the-la-streetwear-look-at-these-6-seattle-stores,@seattlemet,,9184417761,,,2026-04-16,,,,,,48,B-Tier,,,Contact:18/Brand:5/Market:15/Reach:10
Sadō Room,Seattle,Washington,USA,https://sadoroom.com/,@media,,1441184376,,,2026-04-16,,,,,,48,B-Tier,,,Contact:18/Brand:5/Market:15/Reach:10
Seattle,Seattle,Washington,USA,https://hypebeast.com/tags/seattle,@hypebeast,screenshot-adblock-ultimate@2x.1f5b1723.png,3702846231,,,2026-04-16,,,,,,70,B-Tier,,,Contact:30/Brand:5/Market:15/Reach:20
Zebraclub – ZEBRACLUB,Seattle,Washington,USA,https://zebraclub.com/?srsltid=AfmBOorb5Zv-DtDI41lqsQt5kogfQHHQWySJzzddxrDc3VKv9X-Itf6k,@zebraclub.com.,customer.service@zebraclub.com,5825154475,,,2026-04-16,,,,,,70,B-Tier,,,Contact:30/Brand:5/Market:15/Reach:20
Sneak City,Seattle,Washington,USA,https://thesneakcity.com/,@context,,1649801541,,,2026-04-16,,,,,,48,B-Tier,,,Contact:18/Brand:5/Market:15/Reach:10
Mediums Collective | 705 E Pike St – M E D I U M S,Seattle,Washington,USA,https://mediumscollective.com/?srsltid=AfmBOooHPVl9Ri40KpXH2dlmucT_f2kIae09oukEurqQ4bKJoMbAcvmF,@mediumscollective,Connect@Mediumscollective.com,1613673254,,,2026-04-16,,,,,,70,B-Tier,,,Contact:30/Brand:5/Market:15/Reach:20
Lucky Dog Clothing - Premium Thrift Shop - Seattle WA ...,Seattle,Washington,USA,https://luckydog.clothing/,@luckydogontheave,Screenshot_2024-07-21_at_1.34.03_PM_x60@2x.png,1613791487,,,2026-04-16,,,,,,70,B-Tier,,,Contact:30/Brand:5/Market:15/Reach:20
Urbanity Shop: Urbanity Streetwear,Seattle,Washington,USA,https://urbanityshop.com/?srsltid=AfmBOop_tI-0na7iMRt-xJSSkWz0dV2UWuZr-taJoKzL6eSC9FEzloZn,@font,info@urbanityshop.com,1739904111,,,2026-04-16,,,,,,70,B-Tier,,,Contact:30/Brand:5/Market:15/Reach:20
HOMETEAM SEATTLE | Seattle's Premier Sneaker Shop,Seattle,Washington,USA,https://www.hometeamsea.com/,@h.o.m.e.t.e.a.m,,1311395097,,,2026-04-16,,,,,,48,B-Tier,,,Contact:18/Brand:5/Market:15/Reach:10
Seattle Sneaker Stores - SneakerNews.com,Seattle,Washington,USA,https://sneakernews.com/sneaker-shopping-guide/seattle-sneaker-stores/,,,,,,2026-04-16,,,,,,20,C-Tier,,,Contact:0/Brand:5/Market:15/Reach:0
Seattle Sneaker City (@seattlesneakercity),Seattle,Washington,USA,https://www.instagram.com/seattlesneakercity/,@seattlesneakercity,,1037486289,,,2026-04-16,,,,,,48,B-Tier,,,Contact:18/Brand:5/Market:15/Reach:10
Maestro Athletics - Seattle inspired Streetwear ... - Instagram,Seattle,Washington,USA,https://www.instagram.com/maestroathletics/,@rsrc.php,,1037486289,,,2026-04-16,,,,,,48,B-Tier,,,Contact:18/Brand:5/Market:15/Reach:10
"SoleSeattle | Lynnwood, WA | Shop Sneakers & Streetwear",Seattle,Washington,USA,https://www.soleseattle.com/,@soleseattle,,2024073017,,,2026-04-16,,,,,,48,B-Tier,,,Contact:18/Brand:5/Market:15/Reach:10
Not everyone in Oklahoma City knows about this closet 👀🔌 ...,Oklahoma City,Oklahoma,USA,https://www.instagram.com/p/DO-aIggjp-h/,@rsrc.php,,1037486289,,,2026-04-16,,,,,,38,C-Tier,,,Contact:18/Brand:5/Market:5/Reach:10
Exclusive Sneakers & Streetwear at Le Gala – Le Gala,Oklahoma City,Oklahoma,USA,https://legalastore.com/?srsltid=AfmBOorvybf_6FY2EX8XdtL1XNySD4pGoF2orQMENGP26YW8-2xjx-X7,@legalastoreokc,,1773953626,,,2026-04-16,,,,,,38,C-Tier,,,Contact:18/Brand:5/Market:5/Reach:10
Fresh New Arrivals In Store & Online Now! [Swipe Left] 📍 ...,Oklahoma City,Oklahoma,USA,https://www.instagram.com/p/DQ7HIYMkZvb/,@rsrc.php,,1037486289,,,2026-04-16,,,,,,38,C-Tier,,,Contact:18/Brand:5/Market:5/Reach:10
Gallery Dept. Official Site | Disruptive Art & Classic ...,Oklahoma City,Oklahoma,USA,https://gallerydept.com/,@font,info@stagheaddesigns.com,1158951114,,,2026-04-16,,,,,,60,B-Tier,,,Contact:30/Brand:5/Market:5/Reach:20
Supreme Trailer Sales | Trailer Sales near Oklahoma City,Oklahoma City,Oklahoma,USA,https://www.supremetrailersales.com/,@supremetrailersales_,mcclainadam@hotmail.com,866.259.0026,,,2026-04-16,,,,,,60,B-Tier,,,Contact:30/Brand:5/Market:5/Reach:20
Oklahoma City,Oklahoma City,Oklahoma,USA,https://www.supremeroofing.com/locations/oklahoma/,@supremeroofingdoneright,,1776366839,,,2026-04-16,,,,,,38,C-Tier,,,Contact:18/Brand:5/Market:5/Reach:10
Supreme is an American clothing brand established ...,Oklahoma City,Oklahoma,USA,https://www.instagram.com/p/DEh_A6BxxDN/,@rsrc.php,,1037486289,,,2026-04-16,,,,,,38,C-Tier,,,Contact:18/Brand:5/Market:5/Reach:10
"SUPREME AUTO BODY SHOP, OKLAHOMA CITY, OK",Oklahoma City,Oklahoma,USA,https://sportsbarfinder.com/details/supreme-auto-body-shop-oklahoma-city-ok,@media,Group712@2x.png,1726725798,,,2026-04-16,,,,,,60,B-Tier,,,Contact:30/Brand:5/Market:5/Reach:20
"Streetwear in OKC | Top Fashion Brands, Shops, and Outfits",Oklahoma City,Oklahoma,USA,https://www.visitokc.com/blog/all-posts/post/streetwear-in-okc/,@visitokc,contact@visitokc.com,9999999999,,,2026-04-16,,,,,,60,B-Tier,,,Contact:30/Brand:5/Market:5/Reach:20
Rhude Apparel | Exclusive Styles That Elevate,Oklahoma City,Oklahoma,USA,https://www.socialstatuspgh.com/collections/rhude-1?srsltid=AfmBOooDqzTNq7r6UZXrGrZTDg3E44JMWpsffx5DFLz2YwGR2u2DQnQG,@thesocialstatus,fancybox@3.5.7,1750102237,,,2026-04-16,,,,,,60,B-Tier,,,Contact:30/Brand:5/Market:5/Reach:20
Rhude Oklahoma Hoodie - Black,Oklahoma City,Oklahoma,USA,https://kith.com/products/rhu07ms20041-blk?srsltid=AfmBOopunhysQuqM6boAYTibccNr5WdAO2AtUmu8htkhxdZ08rIebhw8,@kith,,200.0310135,,,2026-04-16,,,,,,38,C-Tier,,,Contact:18/Brand:5/Market:5/Reach:10
"Luxury Men's Apparel, Footwear & Accessories",Oklahoma City,Oklahoma,USA,https://www.a-ma-maniere.com/?srsltid=AfmBOoohMylM5ggbedIU14IgdXt3n5tiO1BzwZhVt9ENdowyzGvd0efx,@maniere_usa,,1422991689,,,2026-04-16,,,,,,38,C-Tier,,,Contact:18/Brand:5/Market:5/Reach:10
new Vale Forever pack just landed in store & online ✅🌐 We ...,Oklahoma City,Oklahoma,USA,https://www.instagram.com/p/DLxoyDwxuNE/,@midtownokc,,1037486289,,,2026-04-16,,,,,,38,C-Tier,,,Contact:18/Brand:5/Market:5/Reach:10
Uniting to Save and Sustain Lives | Baxter,Oklahoma City,Oklahoma,USA,https://www.baxterhealthcare.com.au/,,,6285848631,,,2026-04-16,,,,,,18,C-Tier,,,Contact:8/Brand:5/Market:5/Reach:0
SHIMANO BIKE HOME,Oklahoma City,Oklahoma,USA,https://bike.shimano.com/home.html,,,,,,2026-04-16,,,,,,10,C-Tier,,,Contact:0/Brand:5/Market:5/Reach:0
Thales Group: Building a future,Oklahoma City,Oklahoma,USA,https://www.thalesgroup.com/en,,,,,,2026-04-16,,,,,,10,C-Tier,,,Contact:0/Brand:5/Market:5/Reach:0
Read Customer Service Reviews of valeforever.com,Oklahoma City,Oklahoma,USA,https://www.trustpilot.com/review/valeforever.com,@trustpilot,businessunitprofile-consumersite@2.6570.0,1608392803,,,2026-04-16,,,,,,60,B-Tier,,,Contact:30/Brand:5/Market:5/Reach:20
Garmin Official Site,Oklahoma City,Oklahoma,USA,https://www.garmin.com/en-US/,@garmin,,136 352.1428,,,2026-04-16,,,,,,38,C-Tier,,,Contact:18/Brand:5/Market:5/Reach:10
Masonite Residential | Interior & Exterior Doors,Oklahoma City,Oklahoma,USA,https://www.masonite.com/,@masonitedoors,wght@200..700,2263364138,,,2026-04-16,,,,,,60,B-Tier,,,Contact:30/Brand:5/Market:5/Reach:20
Starbucks® Rewards account,Oklahoma City,Oklahoma,USA,https://www.starbucks.com/rewards,@starbucks,,0176448998,,,2026-04-16,,,,,,38,C-Tier,,,Contact:18/Brand:5/Market:5/Reach:10
Getting ready for NBA YoungBoy in OKC? Pull up fresh ...,Oklahoma City,Oklahoma,USA,https://www.instagram.com/reel/DQXvS6BEYgp/,@legalastoreokc,,1037486289,,,2026-04-16,,,,,,38,C-Tier,,,Contact:18/Brand:5/Market:5/Reach:10
"Vale Clothing Official | Streetwear Hoodies, T-Shirts & Essentials",Oklahoma City,Oklahoma,USA,https://www.valewears.com/,@supports,997ed588b4b24ed4b821c4194a72cce2@sentry.shoplazza.com,1638950411,,,2026-04-16,,,,,,60,B-Tier,,,Contact:30/Brand:5/Market:5/Reach:20
"Vale Cannabis Co. | Dispensary Menu, Reviews & Photos",Oklahoma City,Oklahoma,USA,https://www.leafly.com/dispensary-info/vale-cannabis-co,@leafly,,3234670467,,,2026-04-16,,,,,,38,C-Tier,,,Contact:18/Brand:5/Market:5/Reach:10
"Val's Distributing Company - Oklahoma City, OK",Oklahoma City,Oklahoma,USA,https://nextdoor.com/pages/vals-distributing-company-oklahoma-city-ok/,@supports,mood-like-off_16@3x-1298283633a0f2ffc7d073c5c4b14338.png,1146116819,,,2026-04-16,,,,,,60,B-Tier,,,Contact:30/Brand:5/Market:5/Reach:20
Suppliers,Oklahoma City,Oklahoma,USA,https://www.vale.com/suppliers,@valenobrasil,frontend-js-react-web@5.0.54,1776350708,,,2026-04-16,,,,,,60,B-Tier,,,Contact:30/Brand:5/Market:5/Reach:20
Varley's Auto & Performance 3114 N Western Ave ...,Oklahoma City,Oklahoma,USA,https://simpletire.com/tire-shops/shop/varley's-auto-%26-performance/85319?srsltid=AfmBOorW_GtJBSXraun4D5GvnBuxA3scAiZIvmvnWGbtQ65SNaZC1GyH,@simple_tire,,1672839114,,,2026-04-16,,,,,,38,C-Tier,,,Contact:18/Brand:5/Market:5/Reach:10
GRINMORE – Fashion Apparel & Streetwear Style Boutique,Oklahoma City,Oklahoma,USA,https://www.grinmorestore.com/,@grinmorestore,xxx@xxx.xxx,1395917692,,,2026-04-16,,,,,,60,B-Tier,,,Contact:30/Brand:5/Market:5/Reach:20
10th St Sneaks,Oklahoma City,Oklahoma,USA,https://10thstsneaks.biz/,,,,,,2026-04-16,,,,,,10,C-Tier,,,Contact:0/Brand:5/Market:5/Reach:0
Embassykicks – EmbassyKicks,Oklahoma City,Oklahoma,USA,https://embassykicks.com/,@font,,1660794627,,,2026-04-16,,,,,,38,C-Tier,,,Contact:18/Brand:5/Market:5/Reach:10
OKC Things To Do 📍 | If you're looking for a sneaker store ...,Oklahoma City,Oklahoma,USA,https://www.instagram.com/reel/DHLzYeLOeFC/,@rsrc.php,,1037486289,,,2026-04-16,,,,,,38,C-Tier,,,Contact:18/Brand:5/Market:5/Reach:10
Stop by @legalastoreokc to check out their updated space ...,Oklahoma City,Oklahoma,USA,https://www.instagram.com/reel/DOAOnspjamc/,@legalastoreokc,,1037486289,,,2026-04-16,,,,,,38,C-Tier,,,Contact:18/Brand:5/Market:5/Reach:10
FRESH at Penn Square Mall - Oklahoma City - Simon,Oklahoma City,Oklahoma,USA,https://www.simon.com/mall/penn-square-mall/stores/fresh,,,,,,2026-04-16,,,,,,10,C-Tier,,,Contact:0/Brand:5/Market:5/Reach:0
"Le Gala | Oklahoma City, OK",Oklahoma City,Oklahoma,USA,https://www.visitokc.com/listing/le-gala/2619/,@visitokc,contact@visitokc.com,9999999999,,,2026-04-16,,,,,,60,B-Tier,,,Contact:30/Brand:5/Market:5/Reach:20
Variant Sneakers And Apparel (@variantokc),Oklahoma City,Oklahoma,USA,https://www.instagram.com/variantokc/,@variantvault.co,,1037486289,,,2026-04-16,,,,,,38,C-Tier,,,Contact:18/Brand:5/Market:5/Reach:10
Betsy King Shoes - A Shoe Boutique - Betsy King Shoes,Oklahoma City,Oklahoma,USA,https://www.betsykingshoes.com/,@betsykingshoes,,2020051417,,,2026-04-16,,,,,,38,C-Tier,,,Contact:18/Brand:5/Market:5/Reach:10
"embassykicks · Oklahoma City, OK",Oklahoma City,Oklahoma,USA,https://www.instagram.com/embassykicks/,@rsrc.php,,1037486289,,,2026-04-16,,,,,,38,C-Tier,,,Contact:18/Brand:5/Market:5/Reach:10
To Le Gala and Beyond! The OKC streetwear store,Oklahoma City,Oklahoma,USA,https://luxiere.co/editorials/community/le-gala-okc-streetwear,@luxieremagazine,lenis@1.0.23,,,,2026-04-16,,,,,,52,B-Tier,,,Contact:22/Brand:5/Market:5/Reach:20
Opolis Clothing,Oklahoma City,Oklahoma,USA,https://opolisclothing.com/?srsltid=AfmBOooCnVDw7ZfV7dOt_XxwlZ8Ke_DBLxQxIcqSoul5fMwe_NzQyDB4,@opolisclothing,,9681747299,,,2026-04-16,,,,,,38,C-Tier,,,Contact:18/Brand:5/Market:5/Reach:10
Rally House Tulsa Outlets | Sooners & OSU Cowboys Shop,Tulsa,Oklahoma,USA,https://www.rallyhouse.com/stores/jenks/801-east-outlet-drive?srsltid=AfmBOophBTzjMndI-ji4CgpHIRHMEYP-H59dtUCcfvVbauvv3FBUFVBR,@rally_house,rallytulsapremium@rallyhouse.com,1774452326,,,2026-04-16,,,,,,60,B-Tier,,,Contact:30/Brand:5/Market:5/Reach:20
Rally House Tulsa Hills | Oklahoma Sooners & OSU Store,Tulsa,Oklahoma,USA,https://www.rallyhouse.com/stores/tulsa/7422-s-olympia-ave?srsltid=AfmBOoomMfY99sreG83_BHRcsIIshBKfMGy7NaMA2L4mUAzl0g8_6_ay,@rally_house,TulsaHills@rallyhouse.com,1774452326,,,2026-04-16,,,,,,60,B-Tier,,,Contact:30/Brand:5/Market:5/Reach:20
Store Directory for Woodland Hills Mall - Simon,Tulsa,Oklahoma,USA,https://www.simon.com/mall/woodland-hills-mall/stores,,,,,,2026-04-16,,,,,,10,C-Tier,,,Contact:0/Brand:5/Market:5/Reach:0
New @hellstar hats in stock now!! Available while supplies ...,Tulsa,Oklahoma,USA,https://www.instagram.com/p/C5JbIdTuffZ/?hl=bg,@hellstar,,1037486289,,,2026-04-16,,,,,,38,C-Tier,,,Contact:18/Brand:5/Market:5/Reach:10
SCHEELS at Woodland Hills Mall - Tulsa - Simon,Tulsa,Oklahoma,USA,https://www.simon.com/mall/woodland-hills-mall/stores/scheels,,,,,,2026-04-16,,,,,,10,C-Tier,,,Contact:0/Brand:5/Market:5/Reach:0
Uptown Cheapskate Tulsa | Resale & Thrift Clothing Store,Tulsa,Oklahoma,USA,https://www.uptowncheapskate.com/location/tulsa/,@uptowncheapskate,cure@bcfranchise.com,3771977781,,,2026-04-16,,,,,,60,B-Tier,,,Contact:30/Brand:5/Market:5/Reach:20
Woodland Hills Mall,Tulsa,Oklahoma,USA,https://www.hollisterco.com/shop/us/clothing-stores/US/Tulsa/OK/31415,,,,,,2026-04-16,,,,,,10,C-Tier,,,Contact:0/Brand:5/Market:5/Reach:0
HELLSTAR INNER PEACE SHIRT (BRAND NEW),Tulsa,Oklahoma,USA,https://a-list-tulsa.com/products/hellstar-inner-peace-shirt-brand-new?srsltid=AfmBOooxPcQv1A67z3zppYF_MIWlMwVKXAtQbcfbsGF-9-S8RNRAmDfq,@font,,1722299705,,,2026-04-16,,,,,,38,C-Tier,,,Contact:18/Brand:5/Market:5/Reach:10
went down to the farmers market this morning and this store ...,Tulsa,Oklahoma,USA,https://www.instagram.com/reel/DWuGmsdEkeK/,@rsrc.php,,1037486289,,,2026-04-16,,,,,,38,C-Tier,,,Contact:18/Brand:5/Market:5/Reach:10
"New Year, New Supreme🔥🥶 Shop hundreds of hype clothing ...",Tulsa,Oklahoma,USA,https://www.instagram.com/reel/C1cv0ygPW7r/,@rsrc.php,,1037486289,,,2026-04-16,,,,,,38,C-Tier,,,Contact:18/Brand:5/Market:5/Reach:10
Shop Streetwear,Tulsa,Oklahoma,USA,https://www.rackstulsa.com/shop/shop-streetwear/LRWRP65TICPJL7VVT62XDN3O,@media,13e49d785d8d4f828038b6136f3b48ba@sentry.io,9841457916,,,2026-04-16,,,,,,60,B-Tier,,,Contact:30/Brand:5/Market:5/Reach:20
Wing Supreme,Tulsa,Oklahoma,USA,https://www.wingsupreme.com/,@thewingsupreme,user@domain.com.,1708110296,,,2026-04-16,,,,,,60,B-Tier,,,Contact:30/Brand:5/Market:5/Reach:20
Dior,Tulsa,Oklahoma,USA,https://www.saksfifthavenue.com/c/content/designer-landing-pages/dior-landing,,,,,,2026-04-16,,,,,,10,C-Tier,,,Contact:0/Brand:5/Market:5/Reach:0
Gearhead Outfitters,Tulsa,Oklahoma,USA,https://gearheadoutfitters.com/?srsltid=AfmBOorf1QKvFKhSQBiWGxQZ70Frk6Ji4cWkVtmK13aellk6qGGJYNE-,@gearheadoutfitters,mllegeorgesand@gmail.com,1200098592,,,2026-04-16,,,,,,60,B-Tier,,,Contact:30/Brand:5/Market:5/Reach:20
RHUDE SEVEN FALLS SNAKE CORE BEIGE WHITE ...,Tulsa,Oklahoma,USA,https://www.ebay.com/itm/187448714056,@ebay,,2026041602,,,2026-04-16,,,,,,38,C-Tier,,,Contact:18/Brand:5/Market:5/Reach:10
Peloton | Find a Store Near You,Tulsa,Oklahoma,USA,https://stores.onepeloton.com/,@onepeloton,,,,,2026-04-16,,,,,,30,C-Tier,,,Contact:10/Brand:5/Market:5/Reach:10
Fabricut,Tulsa,Oklahoma,USA,https://fabricut.com/,@fabricut,3c95bae9904047abb357eaa0bef097db@sentry.io,5684193739,,,2026-04-16,,,,,,60,B-Tier,,,Contact:30/Brand:5/Market:5/Reach:20
Locations,Tulsa,Oklahoma,USA,https://buc-ees.com/locations/,@bucees,,1776184546,,,2026-04-16,,,,,,38,C-Tier,,,Contact:18/Brand:5/Market:5/Reach:10
Shop All Departments,Tulsa,Oklahoma,USA,https://www.harborfreight.com/shop-all-departments,@harborfreight,,1002349783,,,2026-04-16,,,,,,38,C-Tier,,,Contact:18/Brand:5/Market:5/Reach:10
Styling our new Vale Forever Delivery!!!,Tulsa,Oklahoma,USA,https://www.instagram.com/reel/DTWL39TDkZF/,@rsrc.php,,1037486289,,,2026-04-16,,,,,,38,C-Tier,,,Contact:18/Brand:5/Market:5/Reach:10
Vale Painting,Tulsa,Oklahoma,USA,https://m.valepainting.com/,@valepainting.com,info@valepainting.com,1888507748,,,2026-04-16,,,,,,60,B-Tier,,,Contact:30/Brand:5/Market:5/Reach:20
"Vale Painting Company, Inc. | Tulsa, OK",Tulsa,Oklahoma,USA,https://www.procore.com/network/p/vale-painting-company-inc-tulsa,,,,,,2026-04-16,,,,,,10,C-Tier,,,Contact:0/Brand:5/Market:5/Reach:0
"Commercial Painting, Painting Services | Tulsa, OK",Tulsa,Oklahoma,USA,http://www.valepainting.com/,,,(888) 507-7483,,,2026-04-16,,,,,,18,C-Tier,,,Contact:8/Brand:5/Market:5/Reach:0
"Open daily at Woodland Hills Mall in Tulsa, OK 🛍️ Shop ...",Tulsa,Oklahoma,USA,https://www.instagram.com/reel/CkljrpVPjoU/,@rsrc.php,,1037486289,,,2026-04-16,,,,,,38,C-Tier,,,Contact:18/Brand:5/Market:5/Reach:10
Umber – umber,Tulsa,Oklahoma,USA,https://umbershoppe.com/?srsltid=AfmBOoqLM46Ya8QYkFKiroMhz78OmwH0ecoGth-ask6-SVPr25Dvkvel,@umberthelabel,Umber.Tulsa@gmail.com,1653665613,,,2026-04-16,,,,,,60,B-Tier,,,Contact:30/Brand:5/Market:5/Reach:20
A-list Tulsa,Tulsa,Oklahoma,USA,https://a-list-tulsa.com/?srsltid=AfmBOormALToIV9KvdZe1sXcLa9ytow4I8SVPKfUZDQ-ZZJGVKn0_W9C,@font,,1722299705,,,2026-04-16,,,,,,38,C-Tier,,,Contact:18/Brand:5/Market:5/Reach:10
The Racks Tulsa,Tulsa,Oklahoma,USA,https://www.rackstulsa.com/,@media,13e49d785d8d4f828038b6136f3b48ba@sentry.io,9841457916,,,2026-04-16,,,,,,60,B-Tier,,,Contact:30/Brand:5/Market:5/Reach:20
"MAC Collection - Tulsa, OK Clothing & Accessory Boutique",Tulsa,Oklahoma,USA,https://shopmaccollection.com/?srsltid=AfmBOooBqL15aaN29sTItusZC83SjeqPl9CwqrNCPA6M3_3PSl2nGJyg,@shopmaccollection,,1205984890,,,2026-04-16,,,,,,38,C-Tier,,,Contact:18/Brand:5/Market:5/Reach:10
Designer Clothing and Luxury Fashion Boutique | abersons,Tulsa,Oklahoma,USA,https://abersonstyle.com/,@abersonstyle,,(918) 742-7335,,,2026-04-16,,,,,,38,C-Tier,,,Contact:18/Brand:5/Market:5/Reach:10
Silhouette Sneakers & Art,Tulsa,Oklahoma,USA,https://www.silhouettetulsa.com/,@silhouettetulsa,Help@SilhouetteTulsa.com,1686941681,,,2026-04-16,,,,,,60,B-Tier,,,Contact:30/Brand:5/Market:5/Reach:20
The ultimate sneaker store in Oklahoma is HERE! Silhouette ...,Tulsa,Oklahoma,USA,https://www.instagram.com/reel/DD4joJ-J9Bu/,@rsrc.php,,1037486289,,,2026-04-16,,,,,,38,C-Tier,,,Contact:18/Brand:5/Market:5/Reach:10
Luxury boutique Willamina offers high-end apparel and ...,Tulsa,Oklahoma,USA,https://www.tulsapeople.com/lifestyle/unique-boutique-luxury-boutique-willamina-offers-high-end-apparel-and-accessory-brands-not-accessible-within/article_e387967f-0cb2-4031-af82-59f00d3ac026.html,@tulsapeople,contactus@langdonpublishing.com,0758030105,,,2026-04-16,,,,,,60,B-Tier,,,Contact:30/Brand:5/Market:5/Reach:20
Black Sheep Boutique - Tulsa,Tulsa,Oklahoma,USA,https://shopblacksheepboutique.com/,@shopblacksheepboutique,,1755278287,,,2026-04-16,,,,,,38,C-Tier,,,Contact:18/Brand:5/Market:5/Reach:10
The Tulsa Shopping Guide,Tulsa,Oklahoma,USA,https://thescoutguide.com/tulsa/editorial/the-tulsa-shopping-guide-2/,,,,,,2026-04-16,,,,,,10,C-Tier,,,Contact:0/Brand:5/Market:5/Reach:0
Clothing Boutique Tulsa Oklahoma 💕 (@suiteoneboutique),Tulsa,Oklahoma,USA,https://www.instagram.com/suiteoneboutique/,@suiteoneboutique,,1037486289,,,2026-04-16,,,,,,38,C-Tier,,,Contact:18/Brand:5/Market:5/Reach:10
"Tulsa, Oklahoma",Tulsa,Oklahoma,USA,https://www.store5a.com/pages/location-tulsa-oklahoma?srsltid=AfmBOopk6zFBkNx-odpZD2ahClBkp17I8mJHBtX-ChhfxQHb0fBo_mMx,@store5a,11.13-MKT-15_370x230@2x.png,1138838843,,,2026-04-16,,,,,,60,B-Tier,,,Contact:30/Brand:5/Market:5/Reach:20
"Silhouette Sneakers & Art (@silhouettetulsa) · Tulsa, OK",Tulsa,Oklahoma,USA,https://www.instagram.com/silhouettetulsa/,@silhouettetulsa,,1037486289,,,2026-04-16,,,,,,38,C-Tier,,,Contact:18/Brand:5/Market:5/Reach:10
"J.Cole Shoes | Tulsa | Stillwater | Women's Shoes, Clothes ...",Tulsa,Oklahoma,USA,https://www.jcoleshoes.com/?srsltid=AfmBOorvFeU211aJr7ZrHDPQiwhJK5IvLOO0KqCWzXwp3w3ItfW7mPKZ,@font,,8654104650,,,2026-04-16,,,,,,38,C-Tier,,,Contact:18/Brand:5/Market:5/Reach:10
"CITITRENDS at 2329 W. Edison Tulsa, OK",Tulsa,Oklahoma,USA,https://locations.cititrends.com/ok/tulsa/2329-w--edison.html,@wearecititrends,,2079328097,,,2026-04-16,,,,,,38,C-Tier,,,Contact:18/Brand:5/Market:5/Reach:10
McCain Mall,Little Rock,Arkansas,USA,https://www.zumiez.com/stores/us537?srsltid=AfmBOoq9gdTjW2XWQNELSi-OSy4Jr9726ifOQxJJW2X-RQYrfwmeS79e,@original,,1120080485,,,2026-04-16,,,,,,38,C-Tier,,,Contact:18/Brand:5/Market:5/Reach:10
Underground Clothing (@undergroundclothinglr),Little Rock,Arkansas,USA,https://www.instagram.com/undergroundclothinglr/,@undergroundclothinglr,,1037486289,,,2026-04-16,,,,,,38,C-Tier,,,Contact:18/Brand:5/Market:5/Reach:10
Mablevale Plaza - LITTLE ROCK Footwear & Apparel Store,Little Rock,Arkansas,USA,https://locations.dtlr.com/ar/littlerock/mablevale-plaza.html,@dtlrofficial,custserv@dtlr.com,1537521453,,,2026-04-16,,,,,,60,B-Tier,,,Contact:30/Brand:5/Market:5/Reach:20
"Gee'sSpot (@_geespotboutique) · North Little Rock, AR",Little Rock,Arkansas,USA,https://www.instagram.com/_geespotboutique/,@_geespotboutique,,1037486289,,,2026-04-16,,,,,,38,C-Tier,,,Contact:18/Brand:5/Market:5/Reach:10
#little rock Arkansas,Little Rock,Arkansas,USA,https://www.instagram.com/reel/DQzy8lXCX4A/,@bpclockerroom.,,1037486289,,,2026-04-16,,,,,,38,C-Tier,,,Contact:18/Brand:5/Market:5/Reach:10
Supreme Fixture Store,Little Rock,Arkansas,USA,https://supremefixture.com/index.php/store/,,,,,,2026-04-16,,,,,,10,C-Tier,,,Contact:0/Brand:5/Market:5/Reach:0
Supreme Styles Barber & Beauty Supply Depot,Little Rock,Arkansas,USA,https://www.vagaro.com/supremestylesbarberandbeautysupplies,,,,,,2026-04-16,,,,,,10,C-Tier,,,Contact:0/Brand:5/Market:5/Reach:0
"Dillard's Mccain Mall, North Little Rock, Arkansas",Little Rock,Arkansas,USA,https://www.dillards.com/stores/arkansas/mccain-mall-north-little-rock/0407?srsltid=AfmBOop50rJ_ftzl5357stNzot1Y35Ph_DCnGa6D7sEhjVyUFP1DESdB,,,117.1776372,,,2026-04-16,,,,,,18,C-Tier,,,Contact:8/Brand:5/Market:5/Reach:0
Dolce Vesta Locations,Little Rock,Arkansas,USA,https://www.dolcevesta.com/pages/locations?srsltid=AfmBOopRPgjshjDkfMA6ZNKIMdqHmikJef_sqV9SZUVbHjpvDC63LfHk,@dolce_vesta_menswear,sales@dolcevesta.com,(501) 420-1443,,,2026-04-16,,,,,,60,B-Tier,,,Contact:30/Brand:5/Market:5/Reach:20
Rhude Men's Sale,Little Rock,Arkansas,USA,https://www.endclothing.com/row/sale/rhude?srsltid=AfmBOoprZG-uYh3bHYazhB6AGrD2xPcD9D5l2UdZvNSEqBBGeSymYyHx,@endclothing,506debe00a79ca2a8b2ea420e73c8475@o4509078657302528.ingest.de.sentry.io,1120663921,,,2026-04-16,,,,,,60,B-Tier,,,Contact:30/Brand:5/Market:5/Reach:20
Mining Industry,Little Rock,Arkansas,USA,https://www.idahogeology.org/Uploads/Data/ISMIR/1929_ISMIR.pdf,@CXx,W@p.m,0100040200,,,2026-04-16,,,,,,60,B-Tier,,,Contact:30/Brand:5/Market:5/Reach:20
VALE FOREVER Zip-Up 'Carver' Size S/M/XL/XXL ...,Little Rock,Arkansas,USA,https://www.instagram.com/p/DVJ_fb-AWGz/,@rsrc.php,,1037486289,,,2026-04-16,,,,,,38,C-Tier,,,Contact:18/Brand:5/Market:5/Reach:10
"VALENTINE HANSEN - LITTLE ROCK, 72227-2496 Real ...",Little Rock,Arkansas,USA,https://www.realtor.com/realestateagents/5673495dbb954c0100676d42,,,,,,2026-04-16,,,,,,10,C-Tier,,,Contact:0/Brand:5/Market:5/Reach:0
New Vale Forever INSTORE 🔥 Vale Forever Bolt Tee White ...,Little Rock,Arkansas,USA,https://www.instagram.com/p/DAbXQWhJKDL/,@rsrc.php,,1037486289,,,2026-04-16,,,,,,38,C-Tier,,,Contact:18/Brand:5/Market:5/Reach:10
NEW ARRIVALS IN STORE‼️🚨 Vale Forever Ether Zip Up ...,Little Rock,Arkansas,USA,https://www.instagram.com/p/DSLVPpdkTRM/,@rsrc.php,,1037486289,,,2026-04-16,,,,,,38,C-Tier,,,Contact:18/Brand:5/Market:5/Reach:10
New VALE items available in store & online • • • #repeatatlanta ...,Little Rock,Arkansas,USA,https://www.instagram.com/reel/DTwBN1cDfYJ/,@valelives,,1037486289,,,2026-04-16,,,,,,38,C-Tier,,,Contact:18/Brand:5/Market:5/Reach:10
Restock AR Vale Forever Classic Rugby L/S Tee Green,Little Rock,Arkansas,USA,https://shop.app/products/11999910691134/vale-forever-classic-rugby-l-s-tee-green,,,,,,2026-04-16,,,,,,10,C-Tier,,,Contact:0/Brand:5/Market:5/Reach:0
"Bale Chevrolet | Best Deals on Chevrolet Cars in Little Rock, AR",Little Rock,Arkansas,USA,https://www.balechevrolet.com/?srsltid=AfmBOooGBtHJ38HWMPh6UvtdxwdebtSXGj1eMMSegsHmhSKEgfKeUWC-,@bale_chevrolet,flags@2x.png,501-588-7570,,,2026-04-16,,,,,,60,B-Tier,,,Contact:30/Brand:5/Market:5/Reach:20
Mabelvale Wholesale Cars: Used Cars Little Rock AR | Used ...,Little Rock,Arkansas,USA,https://mabelvalewholesalecars.com/,@34.716203,,501-813-6709,,,2026-04-16,,,,,,38,C-Tier,,,Contact:18/Brand:5/Market:5/Reach:10
"SWM Mabelvale Plaza | Store in Little Rock, AR",Little Rock,Arkansas,USA,https://www.gamestop.com/store/us/ar/little-rock/6540/swm-mabelvale-plaza-gamestop,,,,,,2026-04-16,,,,,,10,C-Tier,,,Contact:0/Brand:5/Market:5/Reach:0
Specialty Shops and Boutiques Make Chenal Valley a ...,Little Rock,Arkansas,USA,https://www.littlerocksoiree.com/specialty-shops-and-boutiques-make-chenal-valley-a-retail-destination/,@littlerocksoiree,info@littlerocksoiree.com,5098186727,,,2026-04-16,,,,,,60,B-Tier,,,Contact:30/Brand:5/Market:5/Reach:20
"Mablevale Plaza Shopping Center in Little Rock, AR",Little Rock,Arkansas,USA,https://locations.dollartree.com/ar/little-rock/10215-mablevale-plaza-dr-ste-201,@dollartree,,1501243087,,,2026-04-16,,,,,,38,C-Tier,,,Contact:18/Brand:5/Market:5/Reach:10
Hustle Gear | Men's Clothing Store: Hustle Gear | Premium ...,Little Rock,Arkansas,USA,https://hustlegear.us/?srsltid=AfmBOopkYAoZo1I0dushB0OtU17kQt9c9NCl2jeEeHK3F5fg7ZonR6Mj,@hustlegear2024,help@hustlegear.us,1654545122,,,2026-04-16,,,,,,60,B-Tier,,,Contact:30/Brand:5/Market:5/Reach:20
"streetwear (@cultureclothingcompany_lr) · Little Rock, AR",Little Rock,Arkansas,USA,https://www.instagram.com/cultureclothingcompany_lr/,@cultureclothingcompany_lr,,1037486289,,,2026-04-16,,,,,,38,C-Tier,,,Contact:18/Brand:5/Market:5/Reach:10
Men's Clothing | 88Move | Little Rock,Little Rock,Arkansas,USA,https://www.shop88move.com/,@gmail.com,focus-within-polyfill@5.0.9,2545352419,,,2026-04-16,,,,,,60,B-Tier,,,Contact:30/Brand:5/Market:5/Reach:20
House of Hype - Luxury Streetwear,Little Rock,Arkansas,USA,https://houseofhype.co/,,,,,,2026-04-16,,,,,,10,C-Tier,,,Contact:0/Brand:5/Market:5/Reach:0
Drip Clothing at McCain Mall - Simon,Little Rock,Arkansas,USA,https://www.simon.com/mall/mccain-mall/stores/drip-clothing,,,,,,2026-04-16,,,,,,10,C-Tier,,,Contact:0/Brand:5/Market:5/Reach:0
E.Leigh's Boutique,Little Rock,Arkansas,USA,https://www.shopeleighs.com/?srsltid=AfmBOorH1kOD-kGMm5Ou-mkQfQirBvbGj6JC71Kjxh6UrZEqM-cytjnU,@eleighsboutique,,1689368553,,,2026-04-16,,,,,,38,C-Tier,,,Contact:18/Brand:5/Market:5/Reach:10
Clothing store (@houseofhypelr),Little Rock,Arkansas,USA,https://www.instagram.com/houseofhypelr/,@poundgamebell.,,1037486289,,,2026-04-16,,,,,,38,C-Tier,,,Contact:18/Brand:5/Market:5/Reach:10
Markham Square - LITTLE ROCK Footwear & Apparel Store,Little Rock,Arkansas,USA,https://locations.dtlr.com/ar/littlerock/markham-square.html,@dtlrofficial,custserv@dtlr.com,1537521453,,,2026-04-16,,,,,,60,B-Tier,,,Contact:30/Brand:5/Market:5/Reach:20
Drip Clothing,Little Rock,Arkansas,USA,https://www.parkplazamall.com/stores/drip-clothing/,@600,,,,,2026-04-16,,,,,,30,C-Tier,,,Contact:10/Brand:5/Market:5/Reach:10
"House of Hype Little Rock, come experience the hype! Shot by ...",Little Rock,Arkansas,USA,https://www.instagram.com/reel/CxnvVz-Lrwi/,@rsrc.php,,1037486289,,,2026-04-16,,,,,,38,C-Tier,,,Contact:18/Brand:5/Market:5/Reach:10
Rock City Kicks,Little Rock,Arkansas,USA,https://rockcitykicks.com/?srsltid=AfmBOopeEkQY686Q6TsipGKwmSvj-9UjsXIjYmwSAqCkKShJ3sMFyyjt,@rockcitykicks,,4758705893,,,2026-04-16,,,,,,38,C-Tier,,,Contact:18/Brand:5/Market:5/Reach:10
Remix Shoe Store Little Rock (@remixshoe_littlerock),Little Rock,Arkansas,USA,https://www.instagram.com/remixshoe_littlerock/?hl=en,@remixshoe_littlerock,,1037486289,,,2026-04-16,,,,,,38,C-Tier,,,Contact:18/Brand:5/Market:5/Reach:10
Rock City Running - Little Rock Specialty Running & Walking ...,Little Rock,Arkansas,USA,https://www.rockcityrunning.com/,@RockCityRunning,info@rockcityrunning.com,1770227395,,,2026-04-16,,,,,,60,B-Tier,,,Contact:30/Brand:5/Market:5/Reach:20
"Shoe Store North Little Rock, AR | Sneakers and Apparel",Little Rock,Arkansas,USA,https://www.hibbett.com/storedetails/AR/North%20Little%20Rock/1424,@hibbettnorthlittlerockar,,1776364785,,,2026-04-16,,,,,,38,C-Tier,,,Contact:18/Brand:5/Market:5/Reach:10
Underground Clothing,Little Rock,Arkansas,USA,https://undergroundclothing.com/?srsltid=AfmBOoqvNNzcbf45d9jjZfiTuixzuKBB_RTJKU5Ew3Hn6t6nkyAbKcFJ,@Undergroundclothinglr,info@undergroundclothing.com,1663009043,,,2026-04-16,,,,,,60,B-Tier,,,Contact:30/Brand:5/Market:5/Reach:20
Hellstar fit for the warmer weather ☀️ - nwahype,Fayetteville,Arkansas,USA,https://www.instagram.com/p/C4tnsJYJn7O/,@rsrc.php,,1037486289,,,2026-04-16,,,,,,38,C-Tier,,,Contact:18/Brand:5/Market:5/Reach:10
Essentials Hoodie Resellers Online,Fayetteville,Arkansas,USA,https://www.instagram.com/popular/essentials-hoodie-resellers-online/,@rsrc.php,,1037486289,,,2026-04-16,,,,,,38,C-Tier,,,Contact:18/Brand:5/Market:5/Reach:10
Sp5der Worldwide Thailand,Fayetteville,Arkansas,USA,https://www.instagram.com/popular/sp5der-worldwide-thailand/,@rsrc.php,,1037486289,,,2026-04-16,,,,,,38,C-Tier,,,Contact:18/Brand:5/Market:5/Reach:10
#1 Sneaker & Streetwear Store in Arkansas – NWAHYPE,Fayetteville,Arkansas,USA,https://nwahype.com/?srsltid=AfmBOoprbGyJow58sYcyt67we8MAB3ZeieneyR42NrfLgrguBXAYJ4ix,@nwahype,,1724109644,,,2026-04-16,,,,,,38,C-Tier,,,Contact:18/Brand:5/Market:5/Reach:10
Come check out the Dickson St store's selection in HELLSTAR ...,Fayetteville,Arkansas,USA,https://www.instagram.com/reel/DBPfO-1v4I7/,@bigxthaplug,,1037486289,,,2026-04-16,,,,,,38,C-Tier,,,Contact:18/Brand:5/Market:5/Reach:10
These new Hellstar hats go too hard Amazing quality on these ...,Fayetteville,Arkansas,USA,https://www.instagram.com/reel/C6r0ODPPmEa/,@rsrc.php,,1037486289,,,2026-04-16,,,,,,38,C-Tier,,,Contact:18/Brand:5/Market:5/Reach:10
Shop new Hellstar & Lost Intricacy in store & online‼️ ...,Fayetteville,Arkansas,USA,https://www.instagram.com/p/C_gGRwIvTVr/?hl=en,@rsrc.php,,1037486289,,,2026-04-16,,,,,,38,C-Tier,,,Contact:18/Brand:5/Market:5/Reach:10
"NWA HYPE on Instagram: ""Up close look at the Supreme x ...",Fayetteville,Arkansas,USA,https://www.instagram.com/reel/DBCguEXvBF0/,@rsrc.php,,1037486289,,,2026-04-16,,,,,,38,C-Tier,,,Contact:18/Brand:5/Market:5/Reach:10
Northwest Arkansas Shopping | Fayetteville Boutiques,Fayetteville,Arkansas,USA,https://www.experiencefayetteville.com/experience/shop,@fayettevillear,info@experiencefayetteville.com,9294989014,,,2026-04-16,,,,,,60,B-Tier,,,Contact:30/Brand:5/Market:5/Reach:20
Northwest Arkansas Mall,Fayetteville,Arkansas,USA,https://www.hottopic.com/store-details?StoreId=0320&srsltid=AfmBOop24vpxcMnZ21ImFagH08_7ZjemplrGIhqV10Ss7LByPwuPd3bE,@hottopic,htonline@hottopic.com,1776355247,,,2026-04-16,,,,,,60,B-Tier,,,Contact:30/Brand:5/Market:5/Reach:20
Gearhead Outfitters Fayetteville 72701 - Locally,Fayetteville,Arkansas,USA,https://www.locally.com/store/11475/gearhead-outfitters-fayetteville,@gearheadoutfitters,,3083708593,,,2026-04-16,,,,,,38,C-Tier,,,Contact:18/Brand:5/Market:5/Reach:10
Walker Brothers,Fayetteville,Arkansas,USA,https://walkerbrothers.com/?srsltid=AfmBOooUugmopdB07ERbfqTxD_fV_MaR_HkPJc17JmQY4rxIRAgsOmXo,@shopwalkerbrothers,,1731000841,,,2026-04-16,,,,,,38,C-Tier,,,Contact:18/Brand:5/Market:5/Reach:10
Men's Designer T-Shirts | Rhude,Fayetteville,Arkansas,USA,https://www.saksfifthavenue.com/c/men/apparel/t-shirts/rhude,,,,,,2026-04-16,,,,,,10,C-Tier,,,Contact:0/Brand:5/Market:5/Reach:0
News Drip in store‼️ Dickson St open until 6pm NWA Mall ...,Fayetteville,Arkansas,USA,https://www.instagram.com/reel/DSNr1XEEVgu/,@rsrc.php,,1037486289,,,2026-04-16,,,,,,38,C-Tier,,,Contact:18/Brand:5/Market:5/Reach:10
@onlyfreshpieces CRAZY NEW LOAD JUST LANDED ‼️ ...,Fayetteville,Arkansas,USA,https://www.instagram.com/reel/DKm0kVExB2V/,@onlyfreshpieces,,1037486289,,,2026-04-16,,,,,,38,C-Tier,,,Contact:18/Brand:5/Market:5/Reach:10
Vale Forever United Futbol White Jersey ⚽️⁠ Size: S-XXL ...,Fayetteville,Arkansas,USA,https://www.instagram.com/p/DQR3Cu_E3WJ/,@rsrc.php,,1037486289,,,2026-04-16,,,,,,38,C-Tier,,,Contact:18/Brand:5/Market:5/Reach:10
Tons of New Vale Forever just landed in store & online Sizes ...,Fayetteville,Arkansas,USA,https://www.instagram.com/reel/DE0x47WuxNp/,@rsrc.php,,1037486289,,,2026-04-16,,,,,,38,C-Tier,,,Contact:18/Brand:5/Market:5/Reach:10
Vale Forever Moshpit Tee Cream 🤘⁠ Size,Fayetteville,Arkansas,USA,https://www.instagram.com/p/DPhFLcMCqiL/,@rsrc.php,,1037486289,,,2026-04-16,,,,,,38,C-Tier,,,Contact:18/Brand:5/Market:5/Reach:10
An Up-CloseLook at the New Vale Forever Shorts that just hit ...,Fayetteville,Arkansas,USA,https://www.instagram.com/reel/DN9UKDODyBE/,@rsrc.php,,1037486289,,,2026-04-16,,,,,,38,C-Tier,,,Contact:18/Brand:5/Market:5/Reach:10
Restock AR: Shop The Latest Streetwear Fashion & Sneakers,Fayetteville,Arkansas,USA,https://restockar.com/?srsltid=AfmBOoqy0uA5k6wOLTTTdTH352kgs56fmNlkFViWb-gk4c6nhL5ZMRol,@restock,splide-extension-auto-scroll@0.5.3,1694813899,,,2026-04-16,,,,,,60,B-Tier,,,Contact:30/Brand:5/Market:5/Reach:20
NEW VALE HOODIE 'Seacluster' Blue IN STOCK,Fayetteville,Arkansas,USA,https://www.instagram.com/p/DO357k0DrTT/,@rsrc.php,,1037486289,,,2026-04-16,,,,,,38,C-Tier,,,Contact:18/Brand:5/Market:5/Reach:10
Come Checkout our new arrivals Vale Forever Classic Bling ...,Fayetteville,Arkansas,USA,https://www.instagram.com/reel/DJ7mUKAJ52U/,@rsrc.php,,1037486289,,,2026-04-16,,,,,,38,C-Tier,,,Contact:18/Brand:5/Market:5/Reach:10
"NWA HYPE (@nwahypedickson) · Fayetteville, AR",Fayetteville,Arkansas,USA,https://www.instagram.com/nwahypedickson/reels/,@nwahypedickson,,1037486289,,,2026-04-16,,,,,,38,C-Tier,,,Contact:18/Brand:5/Market:5/Reach:10
rockcitykicks - Fayetteville - Sneaker Boutique in Northwest ...,Fayetteville,Arkansas,USA,https://rockcitykicksfay.myshopify.com/?srsltid=AfmBOooaCufMLSYl8z5DR8PD_JTj2O3rf79kOyKur1Iw5gkSrxbJm3dk,@rckfay,AURORA_HV4484-405_PHSLH000-2000_450x@2x.jpg,1613684153,,,2026-04-16,,,,,,60,B-Tier,,,Contact:30/Brand:5/Market:5/Reach:20
Black Market Arkansas,Fayetteville,Arkansas,USA,https://blkmktark.com/,@blkmktark,cutfortyTSBRside_1000x_89e53f0e-22bf-4134-9fee-6feee7e2e527_320x@2x.jpg,1614734509,,,2026-04-16,,,,,,60,B-Tier,,,Contact:30/Brand:5/Market:5/Reach:20
ShopRiffraff.com - Online Women's Boutique Clothing Shop,Fayetteville,Arkansas,USA,https://shopriffraff.com/?srsltid=AfmBOooiqdG0n8FF9cb24dMrFMWUQAlAoKn4An3mIKsNjdMnWbG65jbE,@shopriffraff,info@stagheaddesigns.com,1660932051,,,2026-04-16,,,,,,60,B-Tier,,,Contact:30/Brand:5/Market:5/Reach:20
"Southern Trend Clothing | Fayetteville, AR",Fayetteville,Arkansas,USA,https://southerntrend.com/,@southerntrendclothing,,1757082516,,,2026-04-16,,,,,,38,C-Tier,,,Contact:18/Brand:5/Market:5/Reach:10
"Streetwear Store in Fayetteville, AR",Fayetteville,Arkansas,USA,https://www.instagram.com/p/DPhCPIMiFZy/,@rsrc.php,,1037486289,,,2026-04-16,,,,,,38,C-Tier,,,Contact:18/Brand:5/Market:5/Reach:10
Blythe Fayetteville Boutique,Fayetteville,Arkansas,USA,https://www.buyblythe.com/?srsltid=AfmBOop4iWEMjFeMbUkMKxPZ8F0KNaQKQPIpQLAkP3_09_8dKExjnc1F,@buyblythe,,1723422535,,,2026-04-16,,,,,,38,C-Tier,,,Contact:18/Brand:5/Market:5/Reach:10
Whimsy Whoo | Arkansas Boutique & Razorback Store in ...,Fayetteville,Arkansas,USA,https://shopwhimsywhoo.com/?srsltid=AfmBOors7qg_AvqMc9GmjVSm9sZ7jT8A8iFSAhSzF1sPPvTVltGPEBLS,@shopwhimsywhoo,hello@shopwhimsywhoo.com,1762965243,,,2026-04-16,,,,,,60,B-Tier,,,Contact:30/Brand:5/Market:5/Reach:20
By Request: Women's and Men's Clothing,Fayetteville,Arkansas,USA,https://www.byrequestnwa.com/,@byrequestnwa,Untitled-1_46f38aa6-cd33-4cf3-b569-cdbe18e8c744_1280x@2x.jpg,1154807831,,,2026-04-16,,,,,,60,B-Tier,,,Contact:30/Brand:5/Market:5/Reach:20
"Style Encore Fayetteville, AR (@styleencorefayettevillear)",Fayetteville,Arkansas,USA,https://www.instagram.com/styleencorefayettevillear/,@styleencorefayettevillear,,1037486289,,,2026-04-16,,,,,,38,C-Tier,,,Contact:18/Brand:5/Market:5/Reach:10
"Boutique Shopping in Fayetteville, Arkansas: Where to ...",Fayetteville,Arkansas,USA,https://www.experiencefayetteville.com/experience/shop/item/298-best-clothing-boutiques-in-fayetteville,@nwa.fashionweek,info@experiencefayetteville.com,9294989014,,,2026-04-16,,,,,,60,B-Tier,,,Contact:30/Brand:5/Market:5/Reach:20
"Fox Trot Boutique | Women's apparel, accessories, and artisan ...",Fayetteville,Arkansas,USA,https://www.foxtrotboutique.com/,@foxtrotboutique,,1720711034,,,2026-04-16,,,,,,38,C-Tier,,,Contact:18/Brand:5/Market:5/Reach:10
lola – LOLA,Fayetteville,Arkansas,USA,https://shoplola.com/?srsltid=AfmBOoo9aZMef8Ln4DkoLc7wEaZNm4ZxPsiJ5VbWUHEjw1M2vYRpS_-i,@lolaboutique,ecom-swiper@11.0.5.js,1596683411,,,2026-04-16,,,,,,60,B-Tier,,,Contact:30/Brand:5/Market:5/Reach:20
Northwest Arkansas - Fayetteville,Fayetteville,Arkansas,USA,https://stores.finishline.com/ar/fayetteville/northwest-arkansas.html,@finishline,,(479) 571-0284,,,2026-04-16,,,,,,38,C-Tier,,,Contact:18/Brand:5/Market:5/Reach:10
"rockcitykicks - Fayetteville on Instagram: ""Welcome to ...",Fayetteville,Arkansas,USA,https://www.instagram.com/reel/DNTjhCDvzRL/,@rsrc.php,,1037486289,,,2026-04-16,,,,,,38,C-Tier,,,Contact:18/Brand:5/Market:5/Reach:10
NEW HELLSTAR AND RETRO 4 JUST ARRIVED‼️ Only ...,Detroit,Michigan,USA,https://www.instagram.com/p/C95tPRYxAk4/,@culturedetroit.,,1037486289,,,2026-04-16,,,,,,38,C-Tier,,,Contact:18/Brand:5/Market:5/Reach:10
OPEN 7 DAYS A WEEK | HELLSTAR YOU NEED IT WE GOT ...,Detroit,Michigan,USA,https://www.instagram.com/reel/DDKivhrpM7Q/,@hellstar,,1037486289,,,2026-04-16,,,,,,38,C-Tier,,,Contact:18/Brand:5/Market:5/Reach:10
"Come shop 19638 W 7 MILE RD DETROIT, MI 48219",Detroit,Michigan,USA,https://www.instagram.com/p/DICA2DNA42X/?hl=en,@rsrc.php,,1037486289,,,2026-04-16,,,,,,38,C-Tier,,,Contact:18/Brand:5/Market:5/Reach:10
@ossdetroit | The only store in Michigan to find these 〽️🔥 pr ...,Detroit,Michigan,USA,https://www.instagram.com/reel/C35g5oXraqw/,@ossdetroit,,1037486289,,,2026-04-16,,,,,,38,C-Tier,,,Contact:18/Brand:5/Market:5/Reach:10
Rkive | HellStar | 0.5g | All In-One Rosin Pod,Detroit,Michigan,USA,https://weedmaps.com/dispensaries/the-cake-house-detroit/menu/rkive-hellstar-5-g,@weedmaps,amarques_mobile@weedmaps.com,5068966960,,,2026-04-16,,,,,,60,B-Tier,,,Contact:30/Brand:5/Market:5/Reach:20
HELL STAR STYLES AVAILABLE AT THE STORE IN ALL SIZES,Detroit,Michigan,USA,https://www.instagram.com/reel/CwGONleBR_Q/,@rsrc.php,,1037486289,,,2026-04-16,,,,,,38,C-Tier,,,Contact:18/Brand:5/Market:5/Reach:10
@hellstar Available in store now 🏃🏻‍♂️💨 M $120‼️ . . . 🏃🏻‍♂️ ...,Detroit,Michigan,USA,https://www.instagram.com/p/DLYruSeNJWA/,@hellstar,,1037486289,,,2026-04-16,,,,,,38,C-Tier,,,Contact:18/Brand:5/Market:5/Reach:10
Social Status Detroit,Detroit,Michigan,USA,https://www.socialstatuspgh.com/pages/social-status-detroit?srsltid=AfmBOopne89yIgEe8PLz2MlrY3Scj-0nxuZjGn06zKLQw7nBuVhizw6y,@thesocialstatus,fancybox@3.5.7,1750102237,,,2026-04-16,,,,,,60,B-Tier,,,Contact:30/Brand:5/Market:5/Reach:20
(@ossdetroit) • Instagram photos and videos,Detroit,Michigan,USA,https://www.instagram.com/ossdetroit/?hl=en,@ossdetroit,,1037486289,,,2026-04-16,,,,,,38,C-Tier,,,Contact:18/Brand:5/Market:5/Reach:10
Six local spots to let your hypebeast flag fly,Detroit,Michigan,USA,https://www.metrotimes.com/arts/six-local-spots-to-let-your-hypebeast-flag-fly-4898367/,@metrotimes,letters@metrotimes.com,9999999999,,,2026-04-16,,,,,,60,B-Tier,,,Contact:30/Brand:5/Market:5/Reach:20
Come Check Our Our Newest Pieces From @rhude 🛍️ We ...,Detroit,Michigan,USA,https://www.instagram.com/reel/DPJ5v2gkag5/,@ruedbutrich.,,1037486289,,,2026-04-16,,,,,,38,C-Tier,,,Contact:18/Brand:5/Market:5/Reach:10
New season rhude just touched down! Most sizes available ...,Detroit,Michigan,USA,https://www.instagram.com/reel/DWPKqEeDDE-/,@rsrc.php,,1037486289,,,2026-04-16,,,,,,38,C-Tier,,,Contact:18/Brand:5/Market:5/Reach:10
House of Drip,Detroit,Michigan,USA,https://houseofdripmi.com/,@layer,abuse@company.site,9999999999,,,2026-04-16,,,,,,60,B-Tier,,,Contact:30/Brand:5/Market:5/Reach:20
Fairlane Town Center,Detroit,Michigan,USA,https://www.hottopic.com/store-details?StoreId=0730&srsltid=AfmBOopRUwF9w5XUY86dzfocOxLOX7wlnoOhoEMag1tksrCkNQ_Sjtly,@hottopic,htonline@hottopic.com,1776355247,,,2026-04-16,,,,,,60,B-Tier,,,Contact:30/Brand:5/Market:5/Reach:20
New Vale Just Landed 🛬 in-store. Only at @culturedetroit,Detroit,Michigan,USA,https://www.instagram.com/p/DPmVGM5kR26/,@culturedetroit,,1037486289,,,2026-04-16,,,,,,38,C-Tier,,,Contact:18/Brand:5/Market:5/Reach:10
Vale Fits Ready To Go For You 😮‍💨👟 Vale hoodies priced,Detroit,Michigan,USA,https://www.instagram.com/p/DWmQ3CsFRnm/,@kicksncuts,,1037486289,,,2026-04-16,,,,,,38,C-Tier,,,Contact:18/Brand:5/Market:5/Reach:10
"Greyson Clothiers: Performance Golf, Lifestyle & Activewear",Detroit,Michigan,USA,https://greysonclothiers.com/?srsltid=AfmBOoroeRyu7nlIrVQLvDtl4V0fOgK0EbOHLPZbBj4oqwmkJsuAQ0rG,@greysonclothiers,info@greysonclothiers.com,4110188642,,,2026-04-16,,,,,,60,B-Tier,,,Contact:30/Brand:5/Market:5/Reach:20
VALÉ | HOME,Detroit,Michigan,USA,https://www.valeinallcaps.com/,@valeinallcaps,user@domain.com.,1661278895,,,2026-04-16,,,,,,60,B-Tier,,,Contact:30/Brand:5/Market:5/Reach:20
Annual Back to School Sale Starts NOW! Vale Tees – $114.99 ...,Detroit,Michigan,USA,https://www.instagram.com/reel/DNV9ORptak3/,@rsrc.php,,1037486289,,,2026-04-16,,,,,,38,C-Tier,,,Contact:18/Brand:5/Market:5/Reach:10
Active NPDES Permits,Detroit,Michigan,USA,https://www.michigan.gov/-/media/Project/Websites/egle/Documents/Programs/WRD/NPDES/permit-inventory.xlsx?rev=96a94e5a5b8a4ad4a6124ada1cf68262,@jPQ,,,,,2026-04-16,,,,,,30,C-Tier,,,Contact:10/Brand:5/Market:5/Reach:10
ossdetroit | New arrivals from Vale now available 📦 📺 Mon ...,Detroit,Michigan,USA,https://www.instagram.com/p/DQKfxOBkggv/,@ossdetroit,,1037486289,,,2026-04-16,,,,,,38,C-Tier,,,Contact:18/Brand:5/Market:5/Reach:10
"New VALE HOODIES , come hop on the trim side ‼️ All ...",Detroit,Michigan,USA,https://www.instagram.com/reel/DV_3TwqDynZ/,@rsrc.php,,1037486289,,,2026-04-16,,,,,,38,C-Tier,,,Contact:18/Brand:5/Market:5/Reach:10
New Vale Hoodies Instore ! If you tryna be on the trim side ...,Detroit,Michigan,USA,https://www.instagram.com/p/DV1O0ubj3il/?__d=11,@rsrc.php,,1037486289,,,2026-04-16,,,,,,38,C-Tier,,,Contact:18/Brand:5/Market:5/Reach:10
Vintage March Madness Tees ‍ Tees start at $50 • All Brand ...,Detroit,Michigan,USA,https://www.instagram.com/reel/DW6rpaCjS9x/,@rsrc.php,,1037486289,,,2026-04-16,,,,,,38,C-Tier,,,Contact:18/Brand:5/Market:5/Reach:10
"Unique Chicago on Instagram: ""Brand New Vale Flannels In ...",Detroit,Michigan,USA,https://www.instagram.com/reel/DJaj9e7xhqe/,@unique.detroit.,,1037486289,,,2026-04-16,,,,,,38,C-Tier,,,Contact:18/Brand:5/Market:5/Reach:10
"Value World: Thrifting in Detroit MI, Cleveland OH, and ...",Detroit,Michigan,USA,https://valueworld.com/,@ValueWorldThrift,payroll@crownedeagle.com,1763746449,,,2026-04-16,,,,,,60,B-Tier,,,Contact:30/Brand:5/Market:5/Reach:20
new vale drip just came in more coming ...,Detroit,Michigan,USA,https://www.instagram.com/p/DKPuyprxHL5/,@rsrc.php,,1037486289,,,2026-04-16,,,,,,38,C-Tier,,,Contact:18/Brand:5/Market:5/Reach:10
BUY•SELL•TRADE (@staytriim) - Instagram,Detroit,Michigan,USA,https://www.instagram.com/staytriim/,@staytriim,,1037486289,,,2026-04-16,,,,,,38,C-Tier,,,Contact:18/Brand:5/Market:5/Reach:10
Xhibition — Contemporary Fashion & Exclusive Streetwear,Detroit,Michigan,USA,https://www.xhibition.co/,@xhibition_,support@xhibition.co,1698177333,,,2026-04-16,,,,,,60,B-Tier,,,Contact:30/Brand:5/Market:5/Reach:20
"CultureDet • Streetwear (@culturedetroit) · Detroit, MI",Detroit,Michigan,USA,https://www.instagram.com/culturedetroit/,@culturedetroit,,1037486289,,,2026-04-16,,,,,,38,C-Tier,,,Contact:18/Brand:5/Market:5/Reach:10
Krispy Addicts: America's Dopest Clothing Boutique,Detroit,Michigan,USA,https://krispyaddicts.com/?srsltid=AfmBOopPhKbMO5GYa8nU8oZb3uCh8ZLp30kQ61DpLwFNBnxReapmirhb,@krispy_addicts,info@krispyaddicts.com,1740178145,,,2026-04-16,,,,,,60,B-Tier,,,Contact:30/Brand:5/Market:5/Reach:20
Two 18 - Sneaker & Clothing Boutique,Detroit,Michigan,USA,https://two18.com/?srsltid=AfmBOopjvOKBYPVgqAMbJ2dXfEJ44M4dICW2b0rbhHBsft24vtD1VbjI,@shoptwo18,,1640038558,,,2026-04-16,,,,,,38,C-Tier,,,Contact:18/Brand:5/Market:5/Reach:10
MTVTN.com: Motivation | Streetwear & University of Michigan ...,Detroit,Michigan,USA,https://mtvtn.com/?srsltid=AfmBOooUKK8_Ndg2YGUho6PlOQmTLm3YitoWmIOPlcn8ZO01vt3vVl0M,@mtvtn,,1269916960,,,2026-04-16,,,,,,38,C-Tier,,,Contact:18/Brand:5/Market:5/Reach:10
Survived Streetwear,Detroit,Michigan,USA,https://survivedstreetwear.com/,@survivedappareldetroit,Website_single_logo_2_180x@2x.png,8821957473,,,2026-04-16,,,,,,60,B-Tier,,,Contact:30/Brand:5/Market:5/Reach:20
Hype Stew Sneakers Detroit,Detroit,Michigan,USA,https://hypestew.com/?srsltid=AfmBOoq6NRkKu4D781If-HDdmR2TYKBWXMNpsoCIsyV75aeGa1UjSGEo,@hypestew,hypestewdetroit@gmail.com,1246846374,,,2026-04-16,,,,,,60,B-Tier,,,Contact:30/Brand:5/Market:5/Reach:20
Hypehouse (@hypehouse_royaloak),Detroit,Michigan,USA,https://www.instagram.com/hypehouse_royaloak/,@hypehouse_royaloak,,1037486289,,,2026-04-16,,,,,,38,C-Tier,,,Contact:18/Brand:5/Market:5/Reach:10
City Man - America's Best Mens Streetwear Clothing Stores,Detroit,Michigan,USA,https://citymanusa.com/?srsltid=AfmBOoop9WJkCDX4PUyA6s5IHIyUf9qebYEhnVL6tzYqg8ZQGQaxhvAQ,@context,swiper@9.2.2,1738665192,,,2026-04-16,,,,,,60,B-Tier,,,Contact:30/Brand:5/Market:5/Reach:20
Three Thirteen Store: DETROITS BRAND NAME,Detroit,Michigan,USA,https://www.threethirteenstore.com/?srsltid=AfmBOorLSe2S3FzK5xKjUK5zX1i6BhXMSac7vGJwetH-QP2l-cWn04NA,@font,,2925728515,,,2026-04-16,,,,,,38,C-Tier,,,Contact:18/Brand:5/Market:5/Reach:10
Sneakerhead's Paradise: Detroit's Footwear Culture ...,Detroit,Michigan,USA,https://visitdetroit.com/inside-the-d/sneakerhead/,@embed.js,info@visitdetroit.com,1773776011,,,2026-04-16,,,,,,60,B-Tier,,,Contact:30/Brand:5/Market:5/Reach:20
Burn Rubber Sneaker Boutique,Detroit,Michigan,USA,https://burnrubbersneakers.com/,@burnrubberdetroit,,1626189672,,,2026-04-16,,,,,,38,C-Tier,,,Contact:18/Brand:5/Market:5/Reach:10
"Deadstock Retro Jordans, Rare Nike & Adidas Sneakers in ...",Detroit,Michigan,USA,https://www.nojokicks.com/,@nojokicksdetroit,info@nojokicks.com,1487422398,,,2026-04-16,,,,,,60,B-Tier,,,Contact:30/Brand:5/Market:5/Reach:20
SANA Detroit,Detroit,Michigan,USA,https://sanadetroit.com/?srsltid=AfmBOoqpUNPmhOH6QXKEa_mNE80dHDiFrjbFpFwF7Tu4NaodOv1pPP8i,@sanadetroit,dev@jpillora.com,1738690871,,,2026-04-16,,,,,,60,B-Tier,,,Contact:30/Brand:5/Market:5/Reach:20
"Reynolds & Sons | 12 Monroe Center St NE, Grand Rapids, MI",Grand Rapids,Michigan,USA,https://reynoldsandsons.com/?srsltid=AfmBOooAwN4hr1RA0Koe8GCn4iH_dQFUSLAjsWchnbi_k93e3GJdOU1-,@reynolds_n_sons,,1737741346,,,2026-04-16,,,,,,38,C-Tier,,,Contact:18/Brand:5/Market:5/Reach:10
All Brands,Grand Rapids,Michigan,USA,https://www.nordstrom.com/brands-list/?srsltid=AfmBOop4Yxk6jl5WEJPdt1ZddofUGjD5jk-hPkQrBH_vO-lgxJEa_jqA,@4GfJ,,0123456789,,,2026-04-16,,,,,,38,C-Tier,,,Contact:18/Brand:5/Market:5/Reach:10
"Love Supreme Craft Cannabis | Grand Rapids, MI",Grand Rapids,Michigan,USA,https://www.lovesupremecultivations.com/,@lovesupremecc,user@domain.com.,1648055126,,,2026-04-16,,,,,,60,B-Tier,,,Contact:30/Brand:5/Market:5/Reach:20
new Supreme tees in store! All sizes and colors up to XXL. ...,Grand Rapids,Michigan,USA,https://www.instagram.com/p/C8z_D-0PLJt/,@rsrc.php,,1037486289,,,2026-04-16,,,,,,38,C-Tier,,,Contact:18/Brand:5/Market:5/Reach:10
Premier,Grand Rapids,Michigan,USA,https://thepremierstore.com/?srsltid=AfmBOorH12bpxXHKvLr9lAGjuM5lK1xFnIMTjaUuxbZzcz8l4r10rd8w,@premierskate,numbro@2.3.1,1639060251,,,2026-04-16,,,,,,60,B-Tier,,,Contact:30/Brand:5/Market:5/Reach:20
Popular Demand Clothing Store,Grand Rapids,Michigan,USA,https://popular-demand.com/,@populardemandstore,info@popular-demand.com,9460289072,,,2026-04-16,,,,,,60,B-Tier,,,Contact:30/Brand:5/Market:5/Reach:20
"Retail & Wholesale Companies in La Vale, MD",Grand Rapids,Michigan,USA,"https://www.indeed.com/companies/best-Retail-&-Wholesale-companies-in-La-Vale,-MD",,,,,,2026-04-16,,,,,,10,C-Tier,,,Contact:0/Brand:5/Market:5/Reach:0
Auto Value,Grand Rapids,Michigan,USA,https://www.autovalue.com/,@autovalue_bumpertobumper,,,,,2026-04-16,,,,,,30,C-Tier,,,Contact:10/Brand:5/Market:5/Reach:10
Green Vale Farm - Grand Haven Area,Grand Rapids,Michigan,USA,https://visitgrandhaven.com/listings/green-vale-farm/,@visitgrandhavenarea,green.vale.farm.creamery@gmail.com,4855063027,,,2026-04-16,,,,,,60,B-Tier,,,Contact:30/Brand:5/Market:5/Reach:20
"4352 Valley Vale Dr NE, Grand Rapids, MI 49525",Grand Rapids,Michigan,USA,https://www.zillow.com/homedetails/4352-Valley-Vale-Dr-NE-Grand-Rapids-MI-49525/23764290_zpid/,,,,,,2026-04-16,,,,,,10,C-Tier,,,Contact:0/Brand:5/Market:5/Reach:0
Electra Vale Go! 9D EQ,Grand Rapids,Michigan,USA,https://www.westmichiganbike.com/product/electra-vale-go-9d-eq-402200-1.htm,@TwitterTag,,1769762267,,,2026-04-16,,,,,,38,C-Tier,,,Contact:18/Brand:5/Market:5/Reach:10
"Veurink's RV and Marine Center in Grand Rapids, MI",Grand Rapids,Michigan,USA,https://www.veurinksrv.com/locations/grand-rapids,@veurinksrv,,1680129395,,,2026-04-16,,,,,,38,C-Tier,,,Contact:18/Brand:5/Market:5/Reach:10
✨Retail Highlights✨ 🧀 We're excited to include @green. ...,Grand Rapids,Michigan,USA,https://www.instagram.com/p/DDs5vKdtsbE/,@green.vale.farm,,1037486289,,,2026-04-16,,,,,,38,C-Tier,,,Contact:18/Brand:5/Market:5/Reach:10
FERAL Grand Rapids | New & Used Outdoor Gear Shop,Grand Rapids,Michigan,USA,https://liveferal.com/pages/feral-grand-rapids?srsltid=AfmBOoqWtuNyDWu2mrrQdealD3XLSPu5hCK7KTxd75Cm6YC7ybFz9l8b,@feraldenver,,1768398599,,,2026-04-16,,,,,,38,C-Tier,,,Contact:18/Brand:5/Market:5/Reach:10
"A.K. Rikk's | Luxury Clothing, Shoes & Accessories",Grand Rapids,Michigan,USA,https://akrikks.com/?srsltid=AfmBOorzNEOTOeirogV4NybU4N79-xklB0MkS8F2k77KXKRuemrFdV0t,@akrikks,,1741869100,,,2026-04-16,,,,,,38,C-Tier,,,Contact:18/Brand:5/Market:5/Reach:10
Woodland Mall ::: Popular Demand,Grand Rapids,Michigan,USA,https://shopwoodlandmall.com/store/popular-demand,@woodlandmall,WoodlandMallMarketing@preit.com,1616206101,,,2026-04-16,,,,,,60,B-Tier,,,Contact:30/Brand:5/Market:5/Reach:20
Unique Shopping in Grand Rapids,Grand Rapids,Michigan,USA,https://www.experiencegr.com/articles/post/unique-shopping/,@experiencegrandrapids,,9999999999,,,2026-04-16,,,,,,38,C-Tier,,,Contact:18/Brand:5/Market:5/Reach:10
Popular Demand (@populardemandstore),Grand Rapids,Michigan,USA,https://www.instagram.com/populardemandstore/?hl=en,@populardemandstore,,1037486289,,,2026-04-16,,,,,,38,C-Tier,,,Contact:18/Brand:5/Market:5/Reach:10
Summit Lane Boutique,Grand Rapids,Michigan,USA,https://shopsummitlane.com/?srsltid=AfmBOooyR7Gikv7AdUGEP1wa2zmQ9xalM_0ohDwE_2goLxucw6kUOtMO,@shop_summit_lane,,1736196494,,,2026-04-16,,,,,,38,C-Tier,,,Contact:18/Brand:5/Market:5/Reach:10
Jefes (@jefes.mi) • Instagram photos and videos,Grand Rapids,Michigan,USA,https://www.instagram.com/jefes.mi/,@jefes.mi,,1037486289,,,2026-04-16,,,,,,38,C-Tier,,,Contact:18/Brand:5/Market:5/Reach:10
Sonnys Sneaker Shop,Grand Rapids,Michigan,USA,https://sonnysgr.com/,@sonnysgr,Customersupport@sonnysgr.com,1724902169,,,2026-04-16,,,,,,60,B-Tier,,,Contact:30/Brand:5/Market:5/Reach:20
"We just restocked 100+ new clothing pieces for you, stop ...",Grand Rapids,Michigan,USA,https://www.instagram.com/p/C7AHHcFvszB/,@rsrc.php,,1037486289,,,2026-04-16,,,,,,38,C-Tier,,,Contact:18/Brand:5/Market:5/Reach:10
Second Vibess: Reworked Vintage Clothing,Grand Rapids,Michigan,USA,https://www.secondvibess.com/,@second_vibess,focus-within-polyfill@5.0.9,2545352419,,,2026-04-16,,,,,,60,B-Tier,,,Contact:30/Brand:5/Market:5/Reach:20
"Shakedown Street: Local Head Shop in Grand Rapids, MI",Grand Rapids,Michigan,USA,https://shakedowngr.com/,@shakedownstreetinc,,1684958780,,,2026-04-16,,,,,,38,C-Tier,,,Contact:18/Brand:5/Market:5/Reach:10
No Limit (@nolimit.gr),Grand Rapids,Michigan,USA,https://www.instagram.com/nolimit.gr/?hl=en,@nolimit.gr,,1037486289,,,2026-04-16,,,,,,38,C-Tier,,,Contact:18/Brand:5/Market:5/Reach:10
HELLSTAR HSTAR T-SHIRT,Ann Arbor,Michigan,USA,https://www.a-ma-maniere.com/products/hellstar-hstar-t-shirt?srsltid=AfmBOoqYygFQvt2Gig2CBA2F0HEhL54MDoxumR7qFdqoPaGYJ8kgknjU,@maniere_usa,,1422991689,,,2026-04-16,,,,,,38,C-Tier,,,Contact:18/Brand:5/Market:5/Reach:10
Briarwood,Ann Arbor,Michigan,USA,https://www.hollisterco.com/shop/us/clothing-stores/US/AnnArbor/MI/31987,,,,,,2026-04-16,,,,,,10,C-Tier,,,Contact:0/Brand:5/Market:5/Reach:0
"Order Supreme Cheesy Breads - Ann Arbor, MI ...",Ann Arbor,Michigan,USA,https://www.doordash.com/store/supreme-cheesy-breads-ann-arbor-1614003/?srsltid=AfmBOopqk2uf57k60g6ZlJgy3eL2bQCKR07tnA8vD8ZG38QGhPCaWuB5,,,,,,2026-04-16,,,,,,10,C-Tier,,,Contact:0/Brand:5/Market:5/Reach:0
Supreme Cheesy Breads & More,Ann Arbor,Michigan,USA,https://postmates.com/store/supreme-cheesy-breads-%26-more/Vxz6AWtBSXKYTLqFRufIpA/12975c51-be66-42c4-992f-f1939b5204a8/dcaede8b-2262-4ee2-89be-8408be710517?mod=storeInfo&modctx=%257B%2522storeSlug%2522%253A%2522supreme-cheesy-breads-%252526-more%2522%252C%2522storeUuid%2522%253A%2522571cfa01-6b41-4972-984c-ba8546e7c8a4%2522%252C%2522sectionUuid%2522%253A%252212975c51-be66-42c4-992f-f1939b5204a8%2522%257D&ps=1,@postmates,badge_check@3x.png,065-4057625,,,2026-04-16,,,,,,60,B-Tier,,,Contact:30/Brand:5/Market:5/Reach:20
Order Supreme Cheesy Breads & More - Menu & Prices,Ann Arbor,Michigan,USA,https://www.ubereats.com/store/supreme-cheesy-breads-%26-more/Vxz6AWtBSXKYTLqFRufIpA?srsltid=AfmBOoqDjA1ZOagvIadqMmuFzWbQCHt7yu55gOoVGwGWIoB0NX7UO9YJ,@ubereats,badge_check@3x.png,065-4057625,,,2026-04-16,,,,,,60,B-Tier,,,Contact:30/Brand:5/Market:5/Reach:20
"Local Streetwear Boutique, Motivation, hosts Supreme pop ...",Ann Arbor,Michigan,USA,https://www.ecurrent.com/news/local-streetwear-boutique-motivation-hosts-supreme-pop-up/,@current_mag,,2166679213,,,2026-04-16,,,,,,38,C-Tier,,,Contact:18/Brand:5/Market:5/Reach:10
Rally House Ann Arbor Main Street,Ann Arbor,Michigan,USA,https://www.rallyhouse.com/stores/ann-arbor/315-south-main-street?srsltid=AfmBOopTNj6EVNsX2asifFA8NNMeDN092eKNXuWsx2knnYHNvQNFclt6,@rally_house,rallyaamainstreet@rallyhouse.com,1774452326,,,2026-04-16,,,,,,60,B-Tier,,,Contact:30/Brand:5/Market:5/Reach:20
Bivouac Ann Arbor,Ann Arbor,Michigan,USA,https://www.bivouacannarbor.com/?srsltid=AfmBOorNkm0i1xhQE_hkgMxlI5MH0nMNeH8c8rI19ovUe0_9Jh9rYwLz,@bivouacboutique,info@bivouacannarbor.com,1583337852,,,2026-04-16,,,,,,60,B-Tier,,,Contact:30/Brand:5/Market:5/Reach:20
Lane Bryant Stores: Women's Plus Size Clothing Store ...,Ann Arbor,Michigan,USA,https://stores.lanebryant.com/,@lanebryant,,866-886-4731,,,2026-04-16,,,,,,38,C-Tier,,,Contact:18/Brand:5/Market:5/Reach:10
Find Your Local Budget Blinds | Budget Blinds Locations,Ann Arbor,Michigan,USA,https://www.budgetblinds.com/locations/,@budgetblinds,,007679-1000,,,2026-04-16,,,,,,38,C-Tier,,,Contact:18/Brand:5/Market:5/Reach:10
Location Directory,Ann Arbor,Michigan,USA,https://vcahospitals.com/find-a-hospital/location-directory,@vca,,1126933456,,,2026-04-16,,,,,,38,C-Tier,,,Contact:18/Brand:5/Market:5/Reach:10
Vale Hoodie Restock In!🔥 Come Shop The Best Selection ...,Ann Arbor,Michigan,USA,https://www.instagram.com/p/DSDnNPSD2oj/,@rsrc.php,,1037486289,,,2026-04-16,,,,,,38,C-Tier,,,Contact:18/Brand:5/Market:5/Reach:10
MTVTN.com: Motivation | Streetwear & University of Michigan ...,Ann Arbor,Michigan,USA,https://mtvtn.com/?srsltid=AfmBOorq9sD3Sd6xzgqoi2Mi9D1c7bWmdfQMUVq3wFC6ExeitBEF6VkD,@mtvtn,,1269916960,,,2026-04-16,,,,,,38,C-Tier,,,Contact:18/Brand:5/Market:5/Reach:10
Auto Value Ann Arbor,Ann Arbor,Michigan,USA,https://locations.autovalue.com/mi/ann-arbor/1871012/,@context,,734-769-4900,,,2026-04-16,,,,,,38,C-Tier,,,Contact:18/Brand:5/Market:5/Reach:10
"Value City Furniture in Ann Arbor, MI United States",Ann Arbor,Michigan,USA,https://maps.apple.com/place?place-id=IE24E334516E192D6,@context,snippet-yelp-logo-6@2x.png,0089933000,,,2026-04-16,,,,,,60,B-Tier,,,Contact:30/Brand:5/Market:5/Reach:20
"Thrift Store in Ypsilanti, MI | Value World on E Michigan Ave",Ann Arbor,Michigan,USA,https://valueworld.com/blog/locations/ypsilanti/,@ValueWorldThrift,payroll@crownedeagle.com,1763746449,,,2026-04-16,,,,,,60,B-Tier,,,Contact:30/Brand:5/Market:5/Reach:20
The Vapor Shoppe: Michigan's Top Vape and Smoke Shop,Ann Arbor,Michigan,USA,https://thevaporshoppeusa.com/,@font,Logo_f953bc88-27da-48f6-a254-2069b0793719_180x@2x.png,1635777489,,,2026-04-16,,,,,,60,B-Tier,,,Contact:30/Brand:5/Market:5/Reach:20
TODAY CLOTHING,Ann Arbor,Michigan,USA,https://www.todayclothing.com/,@todayclothing,store@todayclothing.com,1200478660,,,2026-04-16,,,,,,60,B-Tier,,,Contact:30/Brand:5/Market:5/Reach:20
8 Men's Boutiques Around Ann Arbor,Ann Arbor,Michigan,USA,https://www.ecurrent.com/feature/8-mens-boutiques-around-ann-arbor/,@current_mag,,9999999999,,,2026-04-16,,,,,,38,C-Tier,,,Contact:18/Brand:5/Market:5/Reach:10
Motivation Boutique,Ann Arbor,Michigan,USA,https://www.annarbor.org/listing/motivation-boutique/1097/,@annarbor,glide@3.4.1,9999999999,,,2026-04-16,,,,,,60,B-Tier,,,Contact:30/Brand:5/Market:5/Reach:20
Our new Motivation store is now open 7 days a week! Take a ...,Ann Arbor,Michigan,USA,https://www.instagram.com/reel/DTlCPidES6f/,@rsrc.php,,1037486289,,,2026-04-16,,,,,,38,C-Tier,,,Contact:18/Brand:5/Market:5/Reach:10
Motivation - Ann Arbor,Ann Arbor,Michigan,USA,https://mtvtn.com/?srsltid=AfmBOop6BRshe82_lFidmKFyUrge95bMsU7lSFm3IKpw4KO73h9NBvjV,@mtvtn,,1269916960,,,2026-04-16,,,,,,38,C-Tier,,,Contact:18/Brand:5/Market:5/Reach:10
5 Ann Arbor Clothing Stores that Will Elevate Your Style,Ann Arbor,Michigan,USA,https://themich.org/2021/04/13/5-ann-arbor-clothing-stores-that-will-elevate-your-style/,@media,,1194984363,,,2026-04-16,,,,,,38,C-Tier,,,Contact:18/Brand:5/Market:5/Reach:10
Selections from the Museum of Peace And Quiet FW25 ...,Ann Arbor,Michigan,USA,https://www.instagram.com/p/DTq6j82Ecbt/,@rsrc.php,,1037486289,,,2026-04-16,,,,,,38,C-Tier,,,Contact:18/Brand:5/Market:5/Reach:10
Rally House Ann Arbor State Street,Ann Arbor,Michigan,USA,https://www.rallyhouse.com/stores/ann-arbor/303-south-state-street?srsltid=AfmBOorDpYmfaeBHISGG6e7Qtohvy985EtVvWgk_uIZ7qbkY3UCIilFD,@rally_house,rallyaastatestreet@rallyhouse.com,1774452326,,,2026-04-16,,,,,,60,B-Tier,,,Contact:30/Brand:5/Market:5/Reach:20
City Man - America's Best Mens Streetwear Clothing Stores,Ann Arbor,Michigan,USA,https://citymanusa.com/?srsltid=AfmBOors8hmSZJLu_ZfzfzV9RR1Gi2FJby8qaeiBLDyasbR8qpXWA5mH,@context,swiper@9.2.2,1738665192,,,2026-04-16,,,,,,60,B-Tier,,,Contact:30/Brand:5/Market:5/Reach:20
"Ann Arbor Running Company - Shoes, Apparel and More",Ann Arbor,Michigan,USA,https://www.annarborrunningcompany.com/?srsltid=AfmBOorLa_xHULgxemTY2Ss_I5cUDMLhp6V7rxNnTedmRIm2rjAM3uA-,@annarbor_rc,orders@annarborrunningcompany.com,1738632969,,,2026-04-16,,,,,,60,B-Tier,,,Contact:30/Brand:5/Market:5/Reach:20
KICKS (Parque La Colina),Bogotá,Colombia,Colombia,,@kicks.com.co,,310 274 9829,,,,,,,"Premium flagship | Multi-city chain | Carries Jordan | Nike | Adidas | New Balance | New Era | RipNDip | Premium positioning | Bogotá, Colombia",,33,C-Tier,Jordan | Nike | Adidas | New Balance | New Era | RipNDip,"Premium flagship | Multi-city chain | Carries Jordan | Nike | Adidas | New Balance | New Era | RipNDip | Premium positioning | Bogotá, Colombia",Contact:18/Brand:0/Market:5/Reach:10
KICKS (Multiplaza),Bogotá,Colombia,Colombia,,@kicks.com.co,,318 754 2892,,,,,,,"Premium flagship | Bogotá, Colombia",,33,C-Tier,,"Premium flagship | Bogotá, Colombia",Contact:18/Brand:0/Market:5/Reach:10
KICKS (Unicentro),Bogotá,Colombia,Colombia,,@kicks.com.co,,318 255 6130,,,,,,,"Premium flagship | Bogotá, Colombia",,33,C-Tier,,"Premium flagship | Bogotá, Colombia",Contact:18/Brand:0/Market:5/Reach:10
KICKS (Calle 82),Bogotá,Colombia,Colombia,,@kicks.com.co,,317 382 0024,,,,,,,"Premium flagship | Bogotá, Colombia",,33,C-Tier,,"Premium flagship | Bogotá, Colombia",Contact:18/Brand:0/Market:5/Reach:10
KICKS (Centro Mayor),Bogotá,Colombia,Colombia,,@kicks.com.co,,310 205 2786,,,,,,,"Premium flagship | Bogotá, Colombia",,33,C-Tier,,"Premium flagship | Bogotá, Colombia",Contact:18/Brand:0/Market:5/Reach:10
HYPE Concept Store,Bogotá,Colombia,Colombia,,@hype.com.co,contacto@hype.com.co,+57 300-728-1471,,,,,,,"Top-tier boutique | Carries Jordan | Nike | Adidas | Vans | Pleasures | New Balance | Exclusive drops | Bogotá, Colombia",,55,B-Tier,Jordan | Nike | Adidas | Vans | Pleasures | New Balance,"Top-tier boutique | Carries Jordan | Nike | Adidas | Vans | Pleasures | New Balance | Exclusive drops | Bogotá, Colombia",Contact:30/Brand:0/Market:5/Reach:20
Broken Chains Bogotá Flagship,Bogotá,Colombia,Colombia,,@brokenchains.co,,+57 310 443 6885,,,,,,,"Top-tier boutique | Premium positioning | Coffee concept inside | Est. 2018 | Bogotá, Colombia",,33,C-Tier,,"Top-tier boutique | Premium positioning | Coffee concept inside | Est. 2018 | Bogotá, Colombia",Contact:18/Brand:0/Market:5/Reach:10
MONOIC Studios,Bogotá,Colombia,Colombia,,@monoicstudios,,,,,,,,,"Strong multi-city brand | Premium positioning | Bogotá, Colombia",,25,C-Tier,,"Strong multi-city brand | Premium positioning | Bogotá, Colombia",Contact:10/Brand:0/Market:5/Reach:10
CLOUD,Bogotá,Colombia,Colombia,,@cloudtenbrand,,,,,,,,,"Rising streetwear store | Limited edition drops | Bogotá, Colombia",,25,C-Tier,,"Rising streetwear store | Limited edition drops | Bogotá, Colombia",Contact:10/Brand:0/Market:5/Reach:10
Tienda Estilo Urbano,Bogotá,Colombia,Colombia,,@tiendaestilourbano,,,,,,,,,"Pipeline prospect | Ships internationally | National shipping | Bogotá, Colombia",,25,C-Tier,,"Pipeline prospect | Ships internationally | National shipping | Bogotá, Colombia",Contact:10/Brand:0/Market:5/Reach:10
Creep Brand,Bogotá,Colombia,Colombia,,@creepbrand,,,,,,,,,"Rising streetwear store | Premium positioning | Ships internationally | Bogotá, Colombia",,25,C-Tier,,"Rising streetwear store | Premium positioning | Ships internationally | Bogotá, Colombia",Contact:10/Brand:0/Market:5/Reach:10
NEA (No Existen Atajos),Bogotá,Colombia,Colombia,,@nea_colombia,,,,,,,,,"Rising streetwear store | Premium positioning | Bogotá, Colombia",,25,C-Tier,,"Rising streetwear store | Premium positioning | Bogotá, Colombia",Contact:10/Brand:0/Market:5/Reach:10
404 Streetwear,Bogotá,Colombia,Colombia,,@404streetwear,,,,,,,,,"Pipeline prospect | Est. 2020 | Limited edition drops | Bogotá, Colombia",,25,C-Tier,,"Pipeline prospect | Est. 2020 | Limited edition drops | Bogotá, Colombia",Contact:10/Brand:0/Market:5/Reach:10
Taboada,Bogotá,Colombia,Colombia,,@taboada_moda,,,,,,,,,"Pipeline prospect | Bogotá, Colombia",,25,C-Tier,,"Pipeline prospect | Bogotá, Colombia",Contact:10/Brand:0/Market:5/Reach:10
Broken Chains Medellín,Medellín,Colombia,Colombia,,@brokenchains.co,,+57 314 752 8117,,,,,,,"Top-tier boutique | Coffee concept inside | Medellín, Colombia",,33,C-Tier,,"Top-tier boutique | Coffee concept inside | Medellín, Colombia",Contact:18/Brand:0/Market:5/Reach:10
KICKS (El Tesoro),Medellín,Colombia,Colombia,,@kicks.com.co,,316 773 7666,,,,,,,"Premium flagship | Medellín, Colombia",,33,C-Tier,,"Premium flagship | Medellín, Colombia",Contact:18/Brand:0/Market:5/Reach:10
KICKS (Arkadia),Medellín,Colombia,Colombia,,@kicks.com.co,,318 251 6262,,,,,,,"Premium flagship | Medellín, Colombia",,33,C-Tier,,"Premium flagship | Medellín, Colombia",Contact:18/Brand:0/Market:5/Reach:10
Aurum 79,Medellín,Colombia,Colombia,,@aurum79co,,,,,,,,,"Rising streetwear store | Premium positioning | Medellín, Colombia",,25,C-Tier,,"Rising streetwear store | Premium positioning | Medellín, Colombia",Contact:10/Brand:0/Market:5/Reach:10
Street Wear Shop MDE,Medellín,Colombia,Colombia,,@streetwearmde,,321 770 6214,,,,,,,"Rising streetwear store | Medellín, Colombia",,33,C-Tier,,"Rising streetwear store | Medellín, Colombia",Contact:18/Brand:0/Market:5/Reach:10
KICKS (Viva Envigado),Envigado,Colombia,Colombia,,@kicks.com.co,,317 810 0468,,,,,,,"Premium flagship | Envigado, Colombia",,33,C-Tier,,"Premium flagship | Envigado, Colombia",Contact:18/Brand:0/Market:5/Reach:10
Broken Chains Cali,Cali,Colombia,Colombia,,@brokenchains.co,,+57 324 248 2329,,,,,,,"Top-tier boutique | Coffee concept inside | Cali, Colombia",,33,C-Tier,,"Top-tier boutique | Coffee concept inside | Cali, Colombia",Contact:18/Brand:0/Market:5/Reach:10
KICKS (Jardín Plaza),Cali,Colombia,Colombia,,@kicks.com.co,,317 402 6962,,,,,,,"Premium flagship | Cali, Colombia",,33,C-Tier,,"Premium flagship | Cali, Colombia",Contact:18/Brand:0/Market:5/Reach:10
CaliKings,Cali,Colombia,Colombia,,@calikingscali,calikingsoficial@gmail.com,+57 305 749 1340,Yes,,,,,,"Strong multi-city brand | Carries Jordan | Nike | New Era | Supreme | Puma | Reebok | Asics | Vans | Louis Vuitton | Cali, Colombia",,65,B-Tier,Jordan | Nike | New Era | Supreme | Puma | Reebok | Asics | Vans | Louis Vuitton,"Strong multi-city brand | Carries Jordan | Nike | New Era | Supreme | Puma | Reebok | Asics | Vans | Louis Vuitton | Cali, Colombia",Contact:30/Brand:10/Market:5/Reach:20
Dynamo Brand (Unico),Cali,Colombia,Colombia,,@dynamo_live,,,,,,,,,"Rising streetwear store | Cali, Colombia",,25,C-Tier,,"Rising streetwear store | Cali, Colombia",Contact:10/Brand:0/Market:5/Reach:10
Dynamo Brand (Centro),Cali,Colombia,Colombia,,@dynamo_live,,,,,,,,,"Rising streetwear store | Cali, Colombia",,25,C-Tier,,"Rising streetwear store | Cali, Colombia",Contact:10/Brand:0/Market:5/Reach:10
Mad Label,Cali,Colombia,Colombia,,@madlabelcolombia,,+57 315 583 7100,,,,,,,"Rising streetwear store | Carries Vans | Converse | DC Shoes | Cali, Colombia",,33,C-Tier,Vans | Converse | DC Shoes,"Rising streetwear store | Carries Vans | Converse | DC Shoes | Cali, Colombia",Contact:18/Brand:0/Market:5/Reach:10
Impacto Urban,Cali,Colombia,Colombia,,@impactourban,,,,,,,,,"Pipeline prospect | Cali, Colombia",,25,C-Tier,,"Pipeline prospect | Cali, Colombia",Contact:10/Brand:0/Market:5/Reach:10
QST Streetwear,Cali,Colombia,Colombia,,@qst.co,,,,,,,,,"Rising streetwear store | Cali, Colombia",,25,C-Tier,,"Rising streetwear store | Cali, Colombia",Contact:10/Brand:0/Market:5/Reach:10
Freedom Store Cali (El Tesoro),Cali,Colombia,Colombia,,@freedomstorecal,,318-5049868,,,,,,,"Rising streetwear store | 24K followers | CC El Tesoro L40 | Limited edition drops | Cali, Colombia",,33,C-Tier,,"Rising streetwear store | 24K followers | CC El Tesoro L40 | Limited edition drops | Cali, Colombia",Contact:18/Brand:0/Market:5/Reach:10
Freedom Store Cali (Centro),Cali,Colombia,Colombia,,@freedomstoreca,,3127906710,,,,,,,"Rising streetwear store | 27K followers | Carrera 7 #13-70 Centro | Limited edition drops | Cali, Colombia",,33,C-Tier,,"Rising streetwear store | 27K followers | Carrera 7 #13-70 Centro | Limited edition drops | Cali, Colombia",Contact:18/Brand:0/Market:5/Reach:10
KICKS (Buena Vista),Barranquilla,Colombia,Colombia,,@kicks.com.co,,318 237 8155,,,,,,,"Premium flagship | Barranquilla, Colombia",,33,C-Tier,,"Premium flagship | Barranquilla, Colombia",Contact:18/Brand:0/Market:5/Reach:10
KICKS (La Serrezuela),Cartagena,Colombia,Colombia,,@kicks.com.co,,318 262 7084,,,,,,,"Premium flagship | Premium positioning | Cartagena, Colombia",,33,C-Tier,,"Premium flagship | Premium positioning | Cartagena, Colombia",Contact:18/Brand:0/Market:5/Reach:10
KICKS (Cacique),Bucaramanga,Colombia,Colombia,,@kicks.com.co,,316 774 8579,,,,,,,"Premium flagship | Bucaramanga, Colombia",,33,C-Tier,,"Premium flagship | Bucaramanga, Colombia",Contact:18/Brand:0/Market:5/Reach:10
KICKS (Jardín Plaza Cúcuta),Cúcuta,Colombia,Colombia,,@kicks.com.co,,310 207 0604,,,,,,,"Premium flagship | Cúcuta, Colombia",,33,C-Tier,,"Premium flagship | Cúcuta, Colombia",Contact:18/Brand:0/Market:5/Reach:10
Broken Chains Pereira,Pereira,Colombia,Colombia,,@brokenchains.co,,+57 322 588 5245,,,,,,,"Top-tier boutique | Pereira, Colombia",,33,C-Tier,,"Top-tier boutique | Pereira, Colombia",Contact:18/Brand:0/Market:5/Reach:10
Tenis Shop Pereira,Pereira,Colombia,Colombia,,@tenisshoppereiraa,,,,,,,,,"Rising streetwear store | 22K followers | Sneaker focus | Pereira, Colombia",,25,C-Tier,,"Rising streetwear store | 22K followers | Sneaker focus | Pereira, Colombia",Contact:10/Brand:0/Market:5/Reach:10
Gallery Resale Store,Pereira,Colombia,Colombia,,,,,,,,,,,"Rising streetwear store | Website galleryresalestore.co | Resale/consignment concept | Physical store | Pereira, Colombia",,5,C-Tier,,"Rising streetwear store | Website galleryresalestore.co | Resale/consignment concept | Physical store | Pereira, Colombia",Contact:0/Brand:0/Market:5/Reach:0
Sneakers Peico,Pereira,Colombia,Colombia,,@sneakerspeico,,,,,,,,,"Pipeline prospect | 459 followers | Physical store contraentrega | Pereira, Colombia",,25,C-Tier,,"Pipeline prospect | 459 followers | Physical store contraentrega | Pereira, Colombia",Contact:10/Brand:0/Market:5/Reach:10
Tenis Store Pereira 2,Pereira,Colombia,Colombia,,@tenis_storepereira2,,,,,,,,,"Pipeline prospect | 336 followers | 466 posts consistent activity | Pereira, Colombia",,25,C-Tier,,"Pipeline prospect | 336 followers | 466 posts consistent activity | Pereira, Colombia",Contact:10/Brand:0/Market:5/Reach:10
MONOIC Studios (online),Nacional,Colombia,Colombia,,@monoicstudios,,,,,,,,,"Strong multi-city brand | Premium positioning | Ships internationally | Nacional, Colombia",,25,C-Tier,,"Strong multi-city brand | Premium positioning | Ships internationally | Nacional, Colombia",Contact:10/Brand:0/Market:5/Reach:10
Creep Brand (online),Nacional,Colombia,Colombia,,@creepbrand,,,,,,,,,"Rising streetwear store | Nacional, Colombia",,25,C-Tier,,"Rising streetwear store | Nacional, Colombia",Contact:10/Brand:0/Market:5/Reach:10
NEA Colombia (online),Nacional,Colombia,Colombia,,@nea_colombia,,,,,,,,,"Rising streetwear store | National shipping | Nacional, Colombia",,25,C-Tier,,"Rising streetwear store | National shipping | Nacional, Colombia",Contact:10/Brand:0/Market:5/Reach:10
404 Streetwear (online),Nacional,Colombia,Colombia,,@404streetwear,,,,,,,,,"Pipeline prospect | National shipping | Limited edition drops | Nacional, Colombia",,25,C-Tier,,"Pipeline prospect | National shipping | Limited edition drops | Nacional, Colombia",Contact:10/Brand:0/Market:5/Reach:10
QST (online),Nacional,Colombia,Colombia,,@qst.co,,,,,,,,,"Rising streetwear store | Nacional, Colombia",,25,C-Tier,,"Rising streetwear store | Nacional, Colombia",Contact:10/Brand:0/Market:5/Reach:10
Dynamo Brand (online),Nacional,Colombia,Colombia,,@dynamo_live,,,,,,,,,"Rising streetwear store | National shipping | Nacional, Colombia",,25,C-Tier,,"Rising streetwear store | National shipping | Nacional, Colombia",Contact:10/Brand:0/Market:5/Reach:10
Impacto Urban (online),Nacional,Colombia,Colombia,,@impactourban,,,,,,,,,"Pipeline prospect | National shipping | Nacional, Colombia",,25,C-Tier,,"Pipeline prospect | National shipping | Nacional, Colombia",Contact:10/Brand:0/Market:5/Reach:10
Cloud (online),Nacional,Colombia,Colombia,,@cloudtenbrand,,,,,,,,,"Rising streetwear store | Limited edition drops | Nacional, Colombia",,25,C-Tier,,"Rising streetwear store | Limited edition drops | Nacional, Colombia",Contact:10/Brand:0/Market:5/Reach:10
HYPE (online),Nacional,Colombia,Colombia,,@hype.com.co,contacto@hype.com.co,300-728-1471,,,,,,,"Top-tier boutique | Carries Jordan | Nike | Adidas | New Balance | Exclusive drops | National shipping | Flagship store | Nacional, Colombia",,55,B-Tier,Jordan | Nike | Adidas | New Balance,"Top-tier boutique | Carries Jordan | Nike | Adidas | New Balance | Exclusive drops | National shipping | Flagship store | Nacional, Colombia",Contact:30/Brand:0/Market:5/Reach:20
Legalize Store,Medellín,Colombia,Colombia,,@legalizestore,,,,,,,,,"Pipeline prospect | Physical store CC Hollywood | Since 1997 | Old School Oversize brand | Medellin, Colombia",,25,C-Tier,,"Pipeline prospect | Physical store CC Hollywood | Since 1997 | Old School Oversize brand | Medellin, Colombia",Contact:10/Brand:0/Market:5/Reach:10
Urban Place,Bucaramanga,Colombia,Colombia,,@urbanplacestore,,,,,,,,,"Rising streetwear store | 3,406 followers | Physical store Calle 34 #25-44 | Bucaramanga, Colombia",,25,C-Tier,,"Rising streetwear store | 3,406 followers | Physical store Calle 34 #25-44 | Bucaramanga, Colombia",Contact:10/Brand:0/Market:5/Reach:10
Urban Men,Cali,Colombia,Colombia,,,,,,,,,,,"Pipeline prospect | Cali, Colombia",,5,C-Tier,,"Pipeline prospect | Cali, Colombia",Contact:0/Brand:0/Market:5/Reach:0
Sneaker Store Medellín,Medellín,Colombia,Colombia,,@sneakerstoremedellin,,,,,,,,,"Rising streetwear store | Medellín, Colombia",,25,C-Tier,,"Rising streetwear store | Medellín, Colombia",Contact:10/Brand:0/Market:5/Reach:10
QST (Bogotá),Bogotá,Colombia,Colombia,,@qst.co,,,,,,,,,"Rising streetwear store | Bogotá, Colombia",,25,C-Tier,,"Rising streetwear store | Bogotá, Colombia",Contact:10/Brand:0/Market:5/Reach:10
404 Streetwear (IG),Nacional,Colombia,Colombia,,@404street,,,,,,,,,"Pipeline prospect | Ships internationally | National shipping | Nacional, Colombia",,25,C-Tier,,"Pipeline prospect | Ships internationally | National shipping | Nacional, Colombia",Contact:10/Brand:0/Market:5/Reach:10
Tienda Estilo Urbano (IG),Nacional,Colombia,Colombia,,@tiendaestilourbano,,,,,,,,,"Pipeline prospect | Nacional, Colombia",,25,C-Tier,,"Pipeline prospect | Nacional, Colombia",Contact:10/Brand:0/Market:5/Reach:10
