Store Name,City,State,Country,Website,Instagram,Email,Phone,Carries Supreme,Carries Hellstar,Carries Godspeed,Last Order Date,Outreach Status,Outreach Channel,Notes,Date Added,Lead Score,Priority Tier
HYP Miami,Miami (Brickell),FL,,hypmiami.com,@hypmiami,No,No,No,,New Lead,Premium streetwear Brickell - Chrome Hearts/Fear of God/GV Gallery - TOP PRIORITY,,,,,10,📋 TIER 3 — Warm
UNKNWN Miami,Miami,FL,,unknwn.com,@unknwn,No,No,No,,New Lead,Iconic Miami streetwear destination - KEY ACCOUNT,,,,,10,📋 TIER 3 — Warm
SoleFly South Miami,Miami,FL,,solefly.com,305-661-3423,No,No,No,,New Lead,8099 S Dixie Hwy #2 Miami FL 33143 - Collab boutique,,,,,10,📋 TIER 3 — Warm
SoleFly Cutler Bay,Cutler Bay,FL,,solefly.com,305-800-3423,No,No,No,,New Lead,18433 S Dixie Hwy Cutler Bay FL 33157,,,,,-30,❄️ TIER 4 — Cold
SoleFly Doral,Doral,FL,,solefly.com,@solefly,No,No,No,,New Lead,8405 NW 53 St Ste E106 Doral FL 33166,,,,,-30,❄️ TIER 4 — Cold
Survival Miami,Miami,FL,,survivalmiami.com,(786) 705-3777,info@survivalmiami.com,No,No,,New Lead,4 South Florida locations - multi-door deal potential,,,,,-20,❄️ TIER 4 — Cold
BASE Miami,Miami (Wynwood),FL,,,@basemiami,No,No,No,,New Lead,Yelp Top 10 Miami streetwear - Wynwood location,,,,,10,📋 TIER 3 — Warm
Sniper Gang Hotbox,Miami,FL,,,@snipergang,No,No,No,,New Lead,Rap/streetwear lifestyle store - Yelp Top 10,,,,,10,📋 TIER 3 — Warm
ReUp Miami,Miami,FL,,,@reupmiami,No,No,No,,New Lead,Resale + streetwear boutique - Yelp Top 10,,,,,10,📋 TIER 3 — Warm
D-Koncept,Miami,FL,,,@dkoncept_,No,No,No,,New Lead,Miami streetwear boutique - Yelp Top 10,,,,,10,📋 TIER 3 — Warm
Lower East Coast,Miami,FL,,,@lowereastcoastmiami,No,No,No,,New Lead,Miami streetwear - culture-forward,,,,,10,📋 TIER 3 — Warm
Cool J's,Miami,FL,,,@cooljsmiami,No,No,No,,New Lead,Streetwear + urban - Yelp Top 10 Miami,,,,,10,📋 TIER 3 — Warm
Wynwood Shop,Miami (Wynwood),FL,,wynwoodshop.com,@wynwoodshop,No,No,No,,New Lead,Wynwood - high tourist + local traffic,,,,,-30,❄️ TIER 4 — Cold
305 Streetwear,Miami,FL,,305streetwear.com,@305streetwear,No,No,No,,New Lead,Miami-born streetwear brand + retail,,,,,10,📋 TIER 3 — Warm
The Webster Miami,Miami Beach,FL,,thewebster.us,@thewebster,Yes,No,No,,New Lead,1220 Collins Ave - Luxury streetwear - Off-White/Fear of God,,,,,10,📋 TIER 3 — Warm
Supply & Advise,Miami Beach,FL,,supplyandadvise.com,@supplyandadvise,No,No,No,,New Lead,Premium menswear + streetwear Miami Beach,,,,,10,📋 TIER 3 — Warm
Addict Miami,Miami (Wynwood),FL,,,@addictmiami,No,No,No,,New Lead,2271 NW 2nd Ave Miami FL 33127 - Wynwood institution,,,,,-30,❄️ TIER 4 — Cold
Culture Kings Miami,Miami,FL,,culturekings.com,@culturekings,Yes,No,No,,New Lead,Premium streetwear chain - carries Supreme-level brands,,,,,25,⭐ TIER 2 — Strong
Local Motion Miami,Miami,FL,,,@localmotionmiami,No,No,No,,New Lead,Miami lifestyle + streetwear boutique,,,,,10,📋 TIER 3 — Warm
The Sneaker Don,Miami,FL,,,@thesneakerdonmiami,No,No,No,,New Lead,Miami luxury sneaker boutique,,,,,10,📋 TIER 3 — Warm
Miami Thread,Miami,FL,,,@miamithread,No,No,No,,New Lead,Miami streetwear + fashion boutique,,,,,10,📋 TIER 3 — Warm
Kicks Miami,Miami,FL,,,@kicksmiami,No,No,No,,New Lead,Miami sneaker retail boutique,,,,,10,📋 TIER 3 — Warm
Elite Kicks Miami,Miami,FL,,,@elitekicksmiami,No,No,No,,New Lead,Miami premium sneaker boutique,,,,,10,📋 TIER 3 — Warm
Fresh Prince Kicks,Miami,FL,,,@freshprincekicks,No,No,No,,New Lead,Miami sneaker boutique,,,,,10,📋 TIER 3 — Warm
786 Sneakers,Miami,FL,,,@786sneakers,No,No,No,,New Lead,Miami sneaker boutique - 305 culture,,,,,10,📋 TIER 3 — Warm
SBRK (Streetbreak),Miami,FL,,,@sbrk_miami,No,No,No,,New Lead,Miami streetwear boutique,,,,,10,📋 TIER 3 — Warm
Overdose Miami,Miami (Wynwood),FL,,,@overdosemiami,No,No,No,,New Lead,Wynwood streetwear boutique,,,,,10,📋 TIER 3 — Warm
Streetwear Exchange,Miami,FL,,,@streetwearexchangemiami,No,No,No,,New Lead,Miami streetwear resale + retail,,,,,10,📋 TIER 3 — Warm
Kicks Factory,Miami,FL,,,@kicksfactorymiami,No,No,No,,New Lead,Miami sneaker boutique + streetwear,,,,,10,📋 TIER 3 — Warm
SneakerHead Miami,Miami,FL,,,@sneakerheadmiami,No,No,No,,New Lead,Miami sneaker lifestyle boutique,,,,,10,📋 TIER 3 — Warm
Concepts Miami,Miami,FL,,cncpts.com,@cncpts,No,No,No,,New Lead,Premium sneaker boutique with Miami distribution,,,,,10,📋 TIER 3 — Warm
Hialeah Kicks,Hialeah,FL,,,@hialehakicks,No,No,No,,New Lead,Hialeah sneaker boutique - dense market,,,,,10,📋 TIER 3 — Warm
North Miami Beach Streetwear,North Miami Beach,FL,,,@nmbstreetwear,No,No,No,,New Lead,North Miami Beach streetwear boutique,,,,,10,📋 TIER 3 — Warm
Aventura Kicks,Aventura,FL,,,@aventurakicks,No,No,No,,New Lead,Near Aventura Mall - affluent customer base,,,,,10,📋 TIER 3 — Warm
Sneaker Circle,Hollywood,FL,,,@sneakercircle,No,No,No,,New Lead,Hollywood FL sneaker boutique,,,,,10,📋 TIER 3 — Warm
The Plug HTB,Hollywood,FL,,,@theplughtb,No,No,No,,New Lead,Hollywood FL streetwear boutique,,,,,10,📋 TIER 3 — Warm
Hallandale Kicks,Hallandale Beach,FL,,,@hallandalekicks,No,No,No,,New Lead,Hallandale Beach sneaker boutique,,,,,10,📋 TIER 3 — Warm
The Vault FL,Fort Lauderdale,FL,,thevaultfl.com,954-882-7481,No,No,No,,New Lead,3920 Riverland Rd FTL 33312 - VERIFIED - TOP PRIORITY,,,,,-30,❄️ TIER 4 — Cold
Knotty Boy,Fort Lauderdale,FL,,,@knottyboyfitments,No,No,No,,New Lead,Fort Lauderdale streetwear + lifestyle,,,,,10,📋 TIER 3 — Warm
Broward Thread,Fort Lauderdale,FL,,,@browardthread,No,No,No,,New Lead,Fort Lauderdale streetwear boutique,,,,,10,📋 TIER 3 — Warm
Dope City Apparel,Fort Lauderdale,FL,,,@dopecityapparel,No,No,No,,New Lead,Fort Lauderdale urban + streetwear,,,,,10,📋 TIER 3 — Warm
Lucre,Pompano Beach,FL,,lucreindustries.com,@lucreindustries,No,No,No,,New Lead,2306 E Atlantic Blvd Pompano Beach FL 33062 - VERIFIED,,,,,-30,❄️ TIER 4 — Cold
The Hook Up,Pompano Beach,FL,,,@thehookupfl,No,No,No,,New Lead,Pompano Beach streetwear - Yelp Top 10,,,,,10,📋 TIER 3 — Warm
Cr8tive Outfitters,Pompano Beach,FL,,,@cr8tiveoutfitters,No,No,No,,New Lead,Pompano Beach streetwear,,,,,10,📋 TIER 3 — Warm
Sneaker Lovers,Pompano Beach,FL,,,@sneakerloversfl,No,No,No,,New Lead,Pompano Beach sneaker boutique,,,,,10,📋 TIER 3 — Warm
Soul Society Boutique,Pompano Beach,FL,,,@soulsocietyboutique,No,No,No,,New Lead,Lifestyle + streetwear - Pompano Beach,,,,,10,📋 TIER 3 — Warm
Boca Kickz,Boca Raton,FL,,,@bocakickz,No,No,No,,New Lead,Boca Raton sneaker boutique - affluent market,,,,,10,📋 TIER 3 — Warm
Fresh Kicks Boca,Boca Raton,FL,,,@freshkicksboca,No,No,No,,New Lead,Boca Raton sneaker boutique,,,,,10,📋 TIER 3 — Warm
Delray Kicks,Delray Beach,FL,,,@delraykicks,No,No,No,,New Lead,Delray Beach - Atlantic Ave traffic,,,,,10,📋 TIER 3 — Warm
Palm Beach Streetwear,West Palm Beach,FL,,,@palmbeachstreetwear,No,No,No,,New Lead,West Palm Beach streetwear boutique,,,,,10,📋 TIER 3 — Warm
SoleCity WPB,West Palm Beach,FL,,,@solecitywpb,No,No,No,,New Lead,West Palm Beach sneaker + streetwear,,,,,10,📋 TIER 3 — Warm
The Hookup WPB,West Palm Beach,FL,,,@thehookupwpb,No,No,No,,New Lead,West Palm Beach urban + streetwear,,,,,10,📋 TIER 3 — Warm
Lake Worth Threads,Lake Worth,FL,,,@lakewortththreads,No,No,No,,New Lead,Lake Worth streetwear boutique,,,,,10,📋 TIER 3 — Warm
Riviera Beach Kicks,Riviera Beach,FL,,,@rivierabeachkicks,No,No,No,,New Lead,Riviera Beach sneaker boutique,,,,,10,📋 TIER 3 — Warm
Boynton Beach Kicks,Boynton Beach,FL,,,@boyntonbeachkicks,No,No,No,,New Lead,Boynton Beach sneaker + streetwear,,,,,10,📋 TIER 3 — Warm
HYP Miami,Miami (Brickell),FL,,hypmiami.com,@hypmiami,No,No,No,,New Lead,Premium streetwear Brickell - Chrome Hearts/Fear of God/GV Gallery - TOP PRIORITY,,,,,10,📋 TIER 3 — Warm
UNKNWN Miami,Miami,FL,,unknwn.com,@unknwn,No,No,No,,New Lead,Iconic Miami streetwear destination - KEY ACCOUNT,,,,,10,📋 TIER 3 — Warm
SoleFly South Miami,Miami,FL,,solefly.com,305-661-3423,No,No,No,,New Lead,8099 S Dixie Hwy #2 Miami FL 33143 - Collab boutique,,,,,10,📋 TIER 3 — Warm
SoleFly Cutler Bay,Cutler Bay,FL,,solefly.com,305-800-3423,No,No,No,,New Lead,18433 S Dixie Hwy Cutler Bay FL 33157,,,,,-30,❄️ TIER 4 — Cold
SoleFly Doral,Doral,FL,,solefly.com,@solefly,No,No,No,,New Lead,8405 NW 53 St Ste E106 Doral FL 33166,,,,,-30,❄️ TIER 4 — Cold
Survival Miami,Miami,FL,,survivalmiami.com,(786) 705-3777,No,No,No,,New Lead,4 South Florida locations - multi-door deal potential. Email: info@survivalmiami.com,,,,,-30,❄️ TIER 4 — Cold
BASE Miami,Miami (Wynwood),FL,,,@basemiami,No,No,No,,New Lead,Yelp Top 10 Miami streetwear - Wynwood location,,,,,10,📋 TIER 3 — Warm
Sniper Gang Hotbox,Miami,FL,,,@snipergang,No,No,No,,New Lead,Rap/streetwear lifestyle store - Yelp Top 10,,,,,10,📋 TIER 3 — Warm
ReUp Miami,Miami,FL,,,@reupmiami,No,No,No,,New Lead,Resale + streetwear boutique - Yelp Top 10,,,,,10,📋 TIER 3 — Warm
D-Koncept,Miami,FL,,,@dkoncept_,No,No,No,,New Lead,Miami streetwear boutique - Yelp Top 10,,,,,10,📋 TIER 3 — Warm
Lower East Coast,Miami,FL,,,@lowereastcoastmiami,No,No,No,,New Lead,Miami streetwear - culture-forward,,,,,10,📋 TIER 3 — Warm
Cool J's,Miami,FL,,,@cooljsmiami,No,No,No,,New Lead,Streetwear + urban - Yelp Top 10 Miami,,,,,10,📋 TIER 3 — Warm
Wynwood Shop,Miami (Wynwood),FL,,wynwoodshop.com,@wynwoodshop,No,No,No,,New Lead,Wynwood - high tourist + local traffic,,,,,-30,❄️ TIER 4 — Cold
305 Streetwear,Miami,FL,,305streetwear.com,@305streetwear,No,No,No,,New Lead,Miami-born streetwear brand + retail,,,,,10,📋 TIER 3 — Warm
The Webster Miami,Miami Beach,FL,,thewebster.us,@thewebster,Yes,No,No,,New Lead,1220 Collins Ave - Luxury streetwear - Off-White/Fear of God,,,,,10,📋 TIER 3 — Warm
Supply & Advise,Miami Beach,FL,,supplyandadvise.com,@supplyandadvise,No,No,No,,New Lead,Premium menswear + streetwear Miami Beach,,,,,10,📋 TIER 3 — Warm
Addict Miami,Miami (Wynwood),FL,,,@addictmiami,No,No,No,,New Lead,2271 NW 2nd Ave Miami FL 33127 - Wynwood institution,,,,,-30,❄️ TIER 4 — Cold
Culture Kings Miami,Miami,FL,,culturekings.com,@culturekings,Yes,No,No,,New Lead,Premium streetwear chain - carries Supreme-level brands,,,,,25,⭐ TIER 2 — Strong
Local Motion Miami,Miami,FL,,,@localmotionmiami,No,No,No,,New Lead,Miami lifestyle + streetwear boutique,,,,,10,📋 TIER 3 — Warm
The Sneaker Don,Miami,FL,,,@thesneakerdonmiami,No,No,No,,New Lead,Miami luxury sneaker boutique,,,,,10,📋 TIER 3 — Warm
Miami Thread,Miami,FL,,,@miamithread,No,No,No,,New Lead,Miami streetwear + fashion boutique,,,,,10,📋 TIER 3 — Warm
Kicks Miami,Miami,FL,,,@kicksmiami,No,No,No,,New Lead,Miami sneaker retail boutique,,,,,10,📋 TIER 3 — Warm
Elite Kicks Miami,Miami,FL,,,@elitekicksmiami,No,No,No,,New Lead,Miami premium sneaker boutique,,,,,10,📋 TIER 3 — Warm
Fresh Prince Kicks,Miami,FL,,,@freshprincekicks,No,No,No,,New Lead,Miami sneaker boutique,,,,,10,📋 TIER 3 — Warm
786 Sneakers,Miami,FL,,,@786sneakers,No,No,No,,New Lead,Miami sneaker boutique - 305 culture,,,,,10,📋 TIER 3 — Warm
SBRK (Streetbreak),Miami,FL,,,@sbrk_miami,No,No,No,,New Lead,Miami streetwear boutique,,,,,10,📋 TIER 3 — Warm
Overdose Miami,Miami (Wynwood),FL,,,@overdosemiami,No,No,No,,New Lead,Wynwood streetwear boutique,,,,,10,📋 TIER 3 — Warm
Streetwear Exchange,Miami,FL,,,@streetwearexchangemiami,No,No,No,,New Lead,Miami streetwear resale + retail,,,,,10,📋 TIER 3 — Warm
Kicks Factory,Miami,FL,,,@kicksfactorymiami,No,No,No,,New Lead,Miami sneaker boutique + streetwear,,,,,10,📋 TIER 3 — Warm
SneakerHead Miami,Miami,FL,,,@sneakerheadmiami,No,No,No,,New Lead,Miami sneaker lifestyle boutique,,,,,10,📋 TIER 3 — Warm
Concepts Miami,Miami,FL,,cncpts.com,@cncpts,No,No,No,,New Lead,Premium sneaker boutique with Miami distribution,,,,,10,📋 TIER 3 — Warm
Hialeah Kicks,Hialeah,FL,,,@hialehakicks,No,No,No,,New Lead,Hialeah sneaker boutique - dense market,,,,,10,📋 TIER 3 — Warm
North Miami Beach Streetwear,North Miami Beach,FL,,,@nmbstreetwear,No,No,No,,New Lead,North Miami Beach streetwear boutique,,,,,10,📋 TIER 3 — Warm
Aventura Kicks,Aventura,FL,,,@aventurakicks,No,No,No,,New Lead,Near Aventura Mall - affluent customer base,,,,,10,📋 TIER 3 — Warm
Sneaker Circle,Hollywood,FL,,,@sneakercircle,No,No,No,,New Lead,Hollywood FL sneaker boutique,,,,,10,📋 TIER 3 — Warm
The Plug HTB,Hollywood,FL,,,@theplughtb,No,No,No,,New Lead,Hollywood FL streetwear boutique,,,,,10,📋 TIER 3 — Warm
Hallandale Kicks,Hallandale Beach,FL,,,@hallandalekicks,No,No,No,,New Lead,Hallandale Beach sneaker boutique,,,,,10,📋 TIER 3 — Warm
The Vault FL,Fort Lauderdale,FL,,thevaultfl.com,954-882-7481,No,No,No,,New Lead,3920 Riverland Rd FTL 33312 - VERIFIED - TOP PRIORITY,,,,,-30,❄️ TIER 4 — Cold
Knotty Boy,Fort Lauderdale,FL,,,@knottyboyfitments,No,No,No,,New Lead,Fort Lauderdale streetwear + lifestyle,,,,,10,📋 TIER 3 — Warm
Broward Thread,Fort Lauderdale,FL,,,@browardthread,No,No,No,,New Lead,Fort Lauderdale streetwear boutique,,,,,10,📋 TIER 3 — Warm
Dope City Apparel,Fort Lauderdale,FL,,,@dopecityapparel,No,No,No,,New Lead,Fort Lauderdale urban + streetwear,,,,,10,📋 TIER 3 — Warm
Lucre,Pompano Beach,FL,,lucreindustries.com,@lucreindustries,No,No,No,,New Lead,2306 E Atlantic Blvd Pompano Beach FL 33062 - VERIFIED,,,,,-30,❄️ TIER 4 — Cold
The Hook Up,Pompano Beach,FL,,,@thehookupfl,No,No,No,,New Lead,Pompano Beach streetwear - Yelp Top 10,,,,,10,📋 TIER 3 — Warm
Cr8tive Outfitters,Pompano Beach,FL,,,@cr8tiveoutfitters,No,No,No,,New Lead,Pompano Beach streetwear,,,,,10,📋 TIER 3 — Warm
Sneaker Lovers,Pompano Beach,FL,,,@sneakerloversfl,No,No,No,,New Lead,Pompano Beach sneaker boutique,,,,,10,📋 TIER 3 — Warm
Soul Society Boutique,Pompano Beach,FL,,,@soulsocietyboutique,No,No,No,,New Lead,Lifestyle + streetwear - Pompano Beach,,,,,10,📋 TIER 3 — Warm
Boca Kickz,Boca Raton,FL,,,@bocakickz,No,No,No,,New Lead,Boca Raton sneaker boutique - affluent market,,,,,10,📋 TIER 3 — Warm
Fresh Kicks Boca,Boca Raton,FL,,,@freshkicksboca,No,No,No,,New Lead,Boca Raton sneaker boutique,,,,,10,📋 TIER 3 — Warm
Delray Kicks,Delray Beach,FL,,,@delraykicks,No,No,No,,New Lead,Delray Beach - Atlantic Ave traffic,,,,,10,📋 TIER 3 — Warm
Palm Beach Streetwear,West Palm Beach,FL,,,@palmbeachstreetwear,No,No,No,,New Lead,West Palm Beach streetwear boutique,,,,,10,📋 TIER 3 — Warm
SoleCity WPB,West Palm Beach,FL,,,@solecitywpb,No,No,No,,New Lead,West Palm Beach sneaker + streetwear,,,,,10,📋 TIER 3 — Warm
The Hookup WPB,West Palm Beach,FL,,,@thehookupwpb,No,No,No,,New Lead,West Palm Beach urban + streetwear,,,,,10,📋 TIER 3 — Warm
Lake Worth Threads,Lake Worth,FL,,,@lakewortththreads,No,No,No,,New Lead,Lake Worth streetwear boutique,,,,,10,📋 TIER 3 — Warm
Riviera Beach Kicks,Riviera Beach,FL,,,@rivierabeachkicks,No,No,No,,New Lead,Riviera Beach sneaker boutique,,,,,10,📋 TIER 3 — Warm
Boynton Beach Kicks,Boynton Beach,FL,,,@boyntonbeachkicks,No,No,No,,New Lead,Boynton Beach sneaker + streetwear,,,,,10,📋 TIER 3 — Warm
Men's Closet,Orlando,FL,,https://mensclosetclothing.com,(407) 578-4878,No,No,No,,Not Contacted,"Original streetwear boutique since 1988. OFF White, Palm Angels, ASSC. 5510 W Colonial Dr Ste 102.",,,,,10,📋 TIER 3 — Warm
Aphonics Kicks (Florida Mall),Orlando,FL,,https://www.aphonicss.com,(321) 247-5020,Yes,No,No,,Not Contacted,8001 S Orange Blossom Trl. Supreme carrier. Tier 1.,,,,,25,⭐ TIER 2 — Strong
Aphonics Kicks (Int'l Dr),Orlando,FL,,https://www.aphonicss.com,(407) 851-6255,Yes,No,No,,Not Contacted,5263 International Dr. Orlando Outlet Marketplace. 2nd location.,,,,,10,📋 TIER 3 — Warm
A Sneaker City,Orlando,FL,,,@asneakercityorlando,No,No,No,,Not Contacted,"8001 S Orange Blossom Trl, The Florida Mall.",,,,,10,📋 TIER 3 — Warm
Timeless Sneaker Boutique,Orlando,FL,,https://www.simon.com/mall/the-florida-mall/stores/timeless-sneaker-boutique,,No,No,No,,Not Contacted,The Florida Mall. Premium sneaker boutique.,,,,,0,❄️ TIER 4 — Cold
The Bodega Vintage/Streetwear,Orlando,FL,,,@TheBodegaOrlando,No,No,No,,Not Contacted,Vintage + streetwear boutique in Orlando.,,,,,10,📋 TIER 3 — Warm
Lovely Kickz Boutique,Orlando,FL,,,,No,No,No,,Not Contacted,Sneaker boutique in Orlando area.,,,,,0,❄️ TIER 4 — Cold
Culture of Fame,Tampa,FL,,https://cultureoffame.com,(813) 769-9287,No,No,No,,Not Contacted,4941 E Busch Blvd Ste #210. Family-owned 20+ years.,,,,,-30,❄️ TIER 4 — Cold
813 Designer World,Tampa,FL,,https://813designerworld.com,(813) 252-8585,No,No,No,,Not Contacted,6202 N 40th St. Authorized retailer. New merch daily.,,,,,10,📋 TIER 3 — Warm
FLY,Tampa,FL,,,(813) 853-6712,No,No,No,,Not Contacted,3904 Corporex Park Dr Ste 102. Exclusive brands since 2009. Tier 1.,,,,,-30,❄️ TIER 4 — Cold
Entourage Streetwear,Tampa,FL,,https://entouragestreetwear.com,,No,No,No,,Not Contacted,Tampa-based premium streetwear and sneakers.,,,,,0,❄️ TIER 4 — Cold
Secured Tampa,Lutz,FL,,https://www.securedtampa.com,@securedtampa,Yes,No,No,,Not Contacted,Tampa Premium Outlets. Supreme + Bape carrier. Tier 1.,,,,,25,⭐ TIER 2 — Strong
Hotbins Tampa,Tampa,FL,,https://hotbins.com,(813) 915-5771,No,No,No,,Not Contacted,4001 E Busch Blvd. Buy/sell/trade sneaker chain.,,,,,10,📋 TIER 3 — Warm
Impossible Kicks Tampa,Tampa,FL,,https://impossiblekicks.com,@impossiblekicks,Yes,No,No,,Not Contacted,International Plaza & Bay Street. Premium boutique.,,,,,10,📋 TIER 3 — Warm
KickzR4Us Sneaker Boutique,Tampa,FL,,,,No,No,No,,Not Contacted,Sneaker boutique in Tampa Bay area.,,,,,0,❄️ TIER 4 — Cold
Hotbins Brandon,Brandon,FL,,https://hotbins.com,(813) 278-8793,No,No,No,,Not Contacted,1423 E Brandon Blvd.,,,,,-30,❄️ TIER 4 — Cold
Fresh Rags FL,Pinellas Park,FL,,https://freshragsfl.com,,No,No,No,,Not Contacted,7620 49th Street. Tampa Bay streetwear since 2008.,,,,,0,❄️ TIER 4 — Cold
Hotbins St. Petersburg,St. Petersburg,FL,,https://hotbins.com,@hotbinssaintpete,No,No,No,,Not Contacted,1055 62nd Ave N.,,,,,-30,❄️ TIER 4 — Cold
Matter of Fact,St. Petersburg,FL,,https://shopmatteroffact.com,@shopmatteroffact,No,No,No,,Not Contacted,Contemporary streetwear boutique in St Pete.,,,,,10,📋 TIER 3 — Warm
Hotbins Holiday,Holiday,FL,,https://hotbins.com,(727) 935-1323,No,No,No,,Not Contacted,2599 US-19. North Pinellas area.,,,,,-30,❄️ TIER 4 — Cold
Soleciety Sneaker Boutique,Wesley Chapel,FL,,https://solecietyshop.com,@solecietyshop,No,No,No,,Not Contacted,28211 Paseo Dr. Closed due to Hurricane Milton - monitor reopen.,,,,,10,📋 TIER 3 — Warm
JD Sports Wesley Chapel,Lutz,FL,,https://stores.jdsports.com/fl/lutz/tampa-premium-outlet.html,,No,No,No,,Not Contacted,Tampa Premium Outlets.,,,,,-40,❄️ TIER 4 — Cold
OG Unlaced Sneaker Store,Sarasota,FL,,https://ogunlaced.com,(740) 278-6770,No,No,No,,Not Contacted,University Town Center Mall. 21K Instagram followers. Buy/Sell/Trade. Email: OgsUnlaced@gmail.com,,,,,10,📋 TIER 3 — Warm
Hotbins Sarasota,Sarasota,FL,,https://hotbins.com,(941) 706-2650,No,No,No,,Not Contacted,935 N Beneva Rd Ste 802.,,,,,-30,❄️ TIER 4 — Cold
Urban Culture Boutique,Sarasota,FL,,https://shopurbanculture.com,,No,No,No,,Not Contacted,478 John Ringling Blvd. Downtown Sarasota boutique.,,,,,0,❄️ TIER 4 — Cold
Graffiti SRQ,Sarasota,FL,,https://graffitisrq.com,,No,No,No,,Not Contacted,Custom streetwear shop in Sarasota.,,,,,0,❄️ TIER 4 — Cold
T. Georgiano's Boutique,Sarasota,FL,,https://tgeorgianos.com,(941) 870-3727,No,No,No,,Not Contacted,Designer sneaker boutique. Vintage + modern. Email: info@tgeorgianos.com | Instagram: @tgeorgianos,,,,,10,📋 TIER 3 — Warm
Hyped Lounge,Sarasota,FL,,,@hyped_lounge,No,No,No,,Not Contacted,Sarasota-based streetwear brand/boutique.,,,,,10,📋 TIER 3 — Warm
Sole Culture,Sarasota,FL,,,@soleculturej,No,No,No,,Not Contacted,3.3K Instagram. Sneaker boutique.,,,,,10,📋 TIER 3 — Warm
Verified Sneaker Boutique,Fort Myers,FL,,https://www.verifiedfm.com,(856) 655-2353,Yes,No,No,,Not Contacted,"4125 Cleveland Ave Ste 1720, Edison Mall. Supreme carrier! Tier 1.",,,,,25,⭐ TIER 2 — Strong
Hotbins Fort Myers,Fort Myers,FL,,https://hotbins.com,(239) 689-1163,No,No,No,,Not Contacted,4650 S Cleveland Ave Suite 12.,,,,,-30,❄️ TIER 4 — Cold
JD Sports Fort Myers,Fort Myers,FL,,https://stores.jdsports.com/fl/ftmyers/edison-mall.html,(239) 277-7782,No,No,No,,Not Contacted,"4125 Cleveland Ave 1835A, Edison Mall.",,,,,-30,❄️ TIER 4 — Cold
Steps Shoe Retailer,Fort Myers,FL,,https://stepsshoeretailer.com,,No,No,No,,Not Contacted,Exclusive shoes and clothing in SW Florida.,,,,,0,❄️ TIER 4 — Cold
JD Sports Naples,Naples,FL,,https://stores.jdsports.com/fl/naples/coastland-center.html,,No,No,No,,Not Contacted,Coastland Center Naples.,,,,,-40,❄️ TIER 4 — Cold
Envyus Shop,Cape Coral,FL,,,,No,No,No,,Not Contacted,Streetwear boutique in Cape Coral.,,,,,0,❄️ TIER 4 — Cold
RDRNNR Curated,Cape Coral,FL,,,,No,No,No,,Not Contacted,Curated streetwear/fashion boutique.,,,,,0,❄️ TIER 4 — Cold
Just Kicks,Cape Coral,FL,,,,No,No,No,,Not Contacted,Sneaker shop in Cape Coral.,,,,,0,❄️ TIER 4 — Cold
Jsncustoms,Cape Coral,FL,,,,No,No,No,,Not Contacted,Custom streetwear and kicks.,,,,,0,❄️ TIER 4 — Cold
In-Stock Sneakers,Gainesville,FL,,https://in-stocksneakers.com,,Yes,Yes,No,,Not Contacted,Oaks Mall (between Lids & T-Mobile). HELLSTAR + SUPREME carrier! #1 Priority Gainesville.,,,,,40,🔥 TIER 1 — Hot
Swag Shop,Gainesville,FL,,,,No,No,No,,Not Contacted,Top Gainesville streetwear shop per Yelp.,,,,,0,❄️ TIER 4 — Cold
Hotbins Daytona Beach,Daytona Beach,FL,,https://hotbins.com,(386) 333-9190,No,No,No,,Not Contacted,872 N Nova Rd.,,,,,-30,❄️ TIER 4 — Cold
JD Sports Daytona Beach,Daytona Beach,FL,,https://stores.jdsports.com/fl/daytonabeach/daytona-outlet.html,,No,No,No,,Not Contacted,Daytona Outlet.,,,,,-40,❄️ TIER 4 — Cold
JD Sports Lakeland,Lakeland,FL,,https://stores.jdsports.com/fl/lakeland/lakeland-square.html,,No,No,No,,Not Contacted,Lakeland Square Mall.,,,,,-40,❄️ TIER 4 — Cold
Duval Kickz,Jacksonville,FL,,duvalkickz.com,@duvalkickz,Yes,Yes,Yes,,Not Contacted,"150 Riverside Ave Suite 301, Jacksonville FL 32202. CONFIRMED carries Godspeed + Hellstar. TOP PRIORITY.",,,,,—,🏷️ CURRENT ACCOUNT
Timeless Sneaker Boutique (The Avenues),Jacksonville,FL,,timeless-sneakers.com,(904) 672-7707,Yes,No,No,,Not Contacted,"10300 Southside Blvd Unit 1460, Jacksonville FL 32256. Carries Supreme, Anti Social Social Club, Gallery Dept, Off-White, Sp5der, Eric Emanuel.",,,,,55,🔥 TIER 1 — Hot
Timeless Sneaker Boutique (Orange Park),Orange Park,FL,,timeless-sneakers.com,(904) 592-7272,Yes,No,No,,Not Contacted,"1910 Wells Rd, Orange Park FL. Premium streetwear boutique.",,,,,10,📋 TIER 3 — Warm
APB Sneaker + Apparel Boutique,Jacksonville,FL,,apbstore.com,(904) 619-2987,No,No,No,,Not Contacted,"817 Lomax St, Jacksonville FL 32204. Men's streetwear + sneakers boutique.",,,,,10,📋 TIER 3 — Warm
Soul2Sole,Jacksonville,FL,,,(904) 999-8551,No,No,No,,Not Contacted,"14866 Old St Augustine Rd Ste 106, Jacksonville FL 32258. Buy/sell/trade sneaker shop.",,,,,10,📋 TIER 3 — Warm
Leveled Up Sneaker Boutique (Jax Beach),Jacksonville Beach,FL,,leveledupstore.com,@leveledupjaxbeach,No,No,No,,Not Contacted,"14181 Beach Blvd Suite 3, Jacksonville FL 32250. Buy/Sell/Trade sneakers.",,,,,10,📋 TIER 3 — Warm
Leveled Up Sneaker Boutique (Orange Park),Orange Park,FL,,leveledupstore.com,@leveledupstore,No,No,No,,Not Contacted,"Orange Park Mall, Orange Park FL. Buy/Sell/Trade sneakers & streetwear.",,,,,10,📋 TIER 3 — Warm
Onassis Krown,Jacksonville,FL,,onassiskrown.com,@onassiskrown,No,No,No,,Not Contacted,Jacksonville FL. Streetwear/urban fashion brand with local retail presence.,,,,,10,📋 TIER 3 — Warm
JD Sports (St. Johns Town Center),Jacksonville,FL,,jdsports.com,@jdsports,No,No,No,,Not Contacted,"10281 Midtown Pkwy Suite 215, Jacksonville FL. Major sneaker/sportswear chain.",,,,,10,📋 TIER 3 — Warm
Strange CVLT,Jacksonville,FL,,strangecvlt.com,,No,No,No,,Not Contacted,Jacksonville FL area. Alternative/niche streetwear boutique.,,,,,0,❄️ TIER 4 — Cold
The Hype Section,St. Augustine,FL,,,(904) 840-1892,No,No,No,,Not Contacted,"104 Ashourian Ave Ste 104, St. Johns FL 32092. Sneaker boutique near St. Augustine. Sat 11AM-7PM, buy/sell/trade.",,,,,10,📋 TIER 3 — Warm
IN-STOCK Sneakers,Gainesville,FL,,in-stocksneakers.com,(352) 888-3715,No,No,No,,Not Contacted,"The Oaks Mall (next to Lids), Gainesville FL. Buy/Sell/Trade authenticated sneakers.",,,,,10,📋 TIER 3 — Warm
KicksFromFlorida,Gainesville,FL,,,@kicksfromflorida,No,No,No,,Not Contacted,Gainesville FL. Student-owned sneaker resell business.,,,,,10,📋 TIER 3 — Warm
JD Sports (Governor's Square),Tallahassee,FL,,jdsports.com,(850) 877-8107,No,No,No,,Not Contacted,"1500 Apalachee Pkwy, Tallahassee FL 32301. Major sneaker/sportswear chain.",,,,,10,📋 TIER 3 — Warm
City Gear,Tallahassee,FL,,citygear.com,,No,No,No,,Not Contacted,"1215 Apalachee Pkwy Space 270, Tallahassee FL. Urban streetwear chain (Hibbett Sports).",,,,,0,❄️ TIER 4 — Cold
Hype Sneakers & Streetwear,Tallahassee,FL,,,,No,No,No,,Not Contacted,"Tallahassee FL. Licensed retailer: G-Star, Lacoste, Timberland. High-end sneaker resale. 6 locations.",,,,,0,❄️ TIER 4 — Cold
Backstage Boutique,Pensacola,FL,,,(850) 607-0292,No,No,No,,Not Contacted,"Cordova Mall, 5100 N 9th Ave, Pensacola FL 32504. High-end sneakers and hype streetwear. Carries Nike, Jordan, Yeezy.",,,,,10,📋 TIER 3 — Warm
JD Sports (Cordova Mall),Pensacola,FL,,jdsports.com,@jdsports,No,No,No,,Not Contacted,"5100 N 9th Ave E515, Pensacola FL 32504. Major sneaker/sportswear chain.",,,,,10,📋 TIER 3 — Warm
Garden Street Vintage,Pensacola,FL,,,@gardenstreetvtg,No,No,No,,Not Contacted,"7 E Gregory St, Pensacola FL 32502. Hand-curated vintage & streetwear. Locally owned.",,,,,10,📋 TIER 3 — Warm
Coastal Kicks Pensacola,Pensacola,FL,,shopcoastalkicks.com,@coastalkickspcola,No,No,No,,Not Contacted,Pensacola FL. Sister location to Fort Walton Beach. Moved to FWB - verify current status.,,,,,10,📋 TIER 3 — Warm
Coastal Kicks,Fort Walton Beach,FL,,shopcoastalkicks.com,(850) 200-0699,No,No,No,,Not Contacted,"170 Miracle Strip Pkwy SE, Fort Walton Beach FL 32548. Sneaker & clothing boutique. Connected to @destinhype.",,,,,10,📋 TIER 3 — Warm
Awoken Kicks,Panama City Beach,FL,,awokenkicks.com,@awoken__kicks,No,No,No,,Not Contacted,"205 Bluefish Drive Suite 100, Panama City Beach FL 32413 (Pier Park). Sneaker/Streetwear/Vintage. Largest selection in the Panhandle.",,,,,10,📋 TIER 3 — Warm
JD Sports (Paddock Mall),Ocala,FL,,jdsports.com,@jdsports,No,No,No,,Not Contacted,"3100 College Road 198A, Ocala FL 34474. Major sneaker/sportswear chain.",,,,,10,📋 TIER 3 — Warm
The Shops at Amelia Market,Fernandina Beach,FL,,,,No,No,No,,Research Needed,Amelia Island/Fernandina Beach FL. Boutique complex downtown. Verify streetwear presence.,,,,,0,❄️ TIER 4 — Cold
Store Name,City,State,Instagram,Website,Phone,Carries Supreme,Carries Hellstar,Carries Godspeed,Last Order Date,Outreach Status,Notes,,,,,—,🏷️ CURRENT ACCOUNT
Undefeated - La Brea,Los Angeles,CA,,undefeated.com,(323) 937-6077,No,Unknown,No,,Not Contacted,111 S La Brea Ave LA 90036,,,,,-30,❄️ TIER 4 — Cold
Undefeated - Silver Lake,Los Angeles,CA,,undefeated.com,(323) 668-1315,No,Unknown,No,,Not Contacted,3827 Sunset Blvd LA 90026,,,,,-30,❄️ TIER 4 — Cold
Undefeated - UACTP,Los Angeles,CA,,undefeated.com,(213) 354-4042,No,Unknown,No,,Not Contacted,2200 Beverly Blvd LA 90057,,,,,-30,❄️ TIER 4 — Cold
Undefeated - Santa Monica,Santa Monica,CA,,undefeated.com,(310) 399-4195,No,Unknown,No,,Not Contacted,2654 Main St #B Santa Monica 90405,,,,,-30,❄️ TIER 4 — Cold
Undefeated - Glendale,Glendale,CA,,undefeated.com,(818) 696-2751,No,Unknown,No,,Not Contacted,114 N Brand Blvd Unit C Glendale 91203,,,,,-30,❄️ TIER 4 — Cold
Blends - Downtown LA,Los Angeles,CA,,blendsus.com,(714) 477-0628,No,Unknown,No,,Not Contacted,1218 S Flower St DTLA | contact@blendsus.com,,,,,-30,❄️ TIER 4 — Cold
Blends - Costa Mesa,Costa Mesa,CA,,blendsus.com,(714) 477-0628,No,Unknown,No,,Not Contacted,Costa Mesa CA | contact@blendsus.com,,,,,-30,❄️ TIER 4 — Cold
Blends - San Diego,San Diego,CA,,blendsus.com,(714) 477-0628,No,Unknown,No,,Not Contacted,San Diego CA | contact@blendsus.com,,,,,-30,❄️ TIER 4 — Cold
Supreme Los Angeles,Los Angeles,CA,,supreme.com,@supremenewyork,Yes,No,No,,Not Contacted,439 N Fairfax Ave LA 90036,,,,,25,⭐ TIER 2 — Strong
Brain Dead,Los Angeles,CA,,braindead.world,@braindead,No,Unknown,No,,Not Contacted,927 N Fairfax Ave LA 90046,,,,,-30,❄️ TIER 4 — Cold
UNION Los Angeles,Los Angeles,CA,,unionlosangeles.com,@unionlosangeles,No,Unknown,No,,Not Contacted,110 S La Brea Ave LA 90036,,,,,-30,❄️ TIER 4 — Cold
The Hundreds,Los Angeles,CA,,thehundreds.com,@thehundreds,No,Unknown,No,,Not Contacted,7909 Rosewood Ave LA 90048,,,,,-30,❄️ TIER 4 — Cold
Dover Street Market LA,Los Angeles,CA,,doverstreetmarket.com,@doverstreetmarket,No,Unknown,No,,Not Contacted,360 N La Cienega Blvd LA 90048,,,,,-30,❄️ TIER 4 — Cold
Born x Raised,Los Angeles,CA,,bxr.la,@bornxraised,No,Unknown,No,,Not Contacted,4637 Hollywood Blvd LA 90027,,,,,-30,❄️ TIER 4 — Cold
Pleasures,Los Angeles,CA,,pleasures.us,@pleasures,No,Unknown,No,,Not Contacted,7969 Santa Monica Blvd LA 90046,,,,,-30,❄️ TIER 4 — Cold
Babylon LA,Los Angeles,CA,,babylonla.com,@babylonla,No,Unknown,No,,Not Contacted,1026 S Fairfax Ave LA 90019,,,,,-30,❄️ TIER 4 — Cold
Stussy Chapter LA,Los Angeles,CA,,stussy.com,@stussy,No,Unknown,No,,Not Contacted,408 N Fairfax Ave LA 90036,,,,,10,📋 TIER 3 — Warm
Sportie LA,Los Angeles,CA,,sportiela.com,(323) 655-3137,No,Unknown,No,,Not Contacted,7753 Melrose Ave LA 90046,,,,,-30,❄️ TIER 4 — Cold
Maxfield LA,West Hollywood,CA,,maxfieldla.com,@maxfieldla,No,Unknown,No,,Not Contacted,8825 Melrose Ave WeHo 90069,,,,,-30,❄️ TIER 4 — Cold
H Lorenzo,West Hollywood,CA,,hlorenzo.com,(310) 855-0030,No,Unknown,No,,Not Contacted,8660 Sunset Blvd WeHo 90069,,,,,-30,❄️ TIER 4 — Cold
The Webster LA,Los Angeles,CA,,thewebster.us,(323) 272-1165,No,Unknown,No,,Not Contacted,8820 Melrose Ave LA 90069,,,,,-30,❄️ TIER 4 — Cold
424,Los Angeles,CA,,424online.com,@424,No,Unknown,No,,Not Contacted,424 W Olympic Blvd LA 90015,,,,,-30,❄️ TIER 4 — Cold
Stampd,Los Angeles,CA,,stampd.com,@stampd,No,Unknown,No,,Not Contacted,Los Angeles CA,,,,,-30,❄️ TIER 4 — Cold
Round Two Vintage,Los Angeles,CA,,roundtwovintage.com,@roundtwovintage,No,Unknown,No,,Not Contacted,1214 N Highland Ave Hollywood 90038,,,,,-30,❄️ TIER 4 — Cold
American Rag Cie,Los Angeles,CA,,amrag.com,@americanragcie,No,Unknown,No,,Not Contacted,150 S La Brea Ave LA 90036,,,,,-30,❄️ TIER 4 — Cold
Carre WeHo,West Hollywood,CA,,carrewh.com,@carrewh,No,Unknown,No,,Not Contacted,West Hollywood CA,,,,,-30,❄️ TIER 4 — Cold
Chrome Hearts LA,West Hollywood,CA,,chromehearts.com,(310) 659-8625,No,Unknown,No,,Not Contacted,931 N Fairfax Ave WeHo 90046,,,,,10,📋 TIER 3 — Warm
CLSC LA,Los Angeles,CA,,clscworldwide.com,@clscworldwide,No,Unknown,No,,Not Contacted,California streetwear brand,,,,,10,📋 TIER 3 — Warm
Crooks & Castles,Los Angeles,CA,,crooksncastles.com,@crooksncastles,No,Unknown,No,,Not Contacted,LA streetwear brand retail,,,,,10,📋 TIER 3 — Warm
LRG,Los Angeles,CA,,lrgclothing.com,@lrgclothing,No,Unknown,No,,Not Contacted,Lifted Research Group - LA streetwear,,,,,10,📋 TIER 3 — Warm
BAIT,Los Angeles,CA,,baitme.com,@baitme,No,Unknown,No,,Not Contacted,support@baitme.com | Anime streetwear,,,,,10,📋 TIER 3 — Warm
Off The Hook SD,San Diego,CA,,offthehooksd.com,(619) 291-2099,No,Unknown,No,,Not Contacted,3776 5th Ave San Diego 92103,,,,,-30,❄️ TIER 4 — Cold
Social Status San Diego,San Diego,CA,,socialstatusshop.com,@socialstatusshop,No,Unknown,No,,Not Contacted,San Diego CA,,,,,-30,❄️ TIER 4 — Cold
Anchor & Bridge,San Diego,CA,,anchorandbridge.com,(619) 255-3690,No,Unknown,No,,Not Contacted,4050 Voltaire St San Diego 92107,,,,,-30,❄️ TIER 4 — Cold
Bodega Skateboards SD,San Diego,CA,,,(619) 544-1516,No,Unknown,No,,Not Contacted,San Diego CA,,,,,10,📋 TIER 3 — Warm
Endemic Surf SD,San Diego,CA,,endemicsurf.com,(619) 334-7873,No,Unknown,No,,Not Contacted,San Diego CA | Surf + streetwear,,,,,10,📋 TIER 3 — Warm
HUF San Francisco,San Francisco,CA,,hufworldwide.com,(415) 551-0383,No,Unknown,No,,Not Contacted,924 Valencia St SF 94110 | support@hufworldwide.com,,,,,10,📋 TIER 3 — Warm
Stussy Chapter SF,San Francisco,CA,,stussy.com,@stussy,No,Unknown,No,,Not Contacted,2300 Fillmore St SF 94115,,,,,10,📋 TIER 3 — Warm
FTC Skateboarding,San Francisco,CA,,ftcskate.com,(415) 553-8900,No,Unknown,No,,Not Contacted,1632 Haight St SF 94117,,,,,10,📋 TIER 3 — Warm
Upper Playground SF,San Francisco,CA,,upperplayground.com,@upperplayground,No,Unknown,No,,Not Contacted,220 Fillmore St SF 94117,,,,,-30,❄️ TIER 4 — Cold
DLX Superfunk,San Francisco,CA,,dlxsf.com,(415) 626-1627,No,Unknown,No,,Not Contacted,1831 Market St SF 94103,,,,,-30,❄️ TIER 4 — Cold
Archive SF,San Francisco,CA,,archivesf.com,(415) 861-2004,No,Unknown,No,,Not Contacted,San Francisco CA,,,,,-30,❄️ TIER 4 — Cold
Kicks Lab SF,San Francisco,CA,,kickslab.com,@kickslab,No,Unknown,No,,Not Contacted,San Francisco CA | Japanese sneaker boutique,,,,,10,📋 TIER 3 — Warm
Wasteland SF,San Francisco,CA,,shopwasteland.com,(415) 863-3150,No,Unknown,No,,Not Contacted,1660 Haight St SF 94117,,,,,-30,❄️ TIER 4 — Cold
Round Two SF,San Francisco,CA,,roundtwovintage.com,@roundtwovintage,No,Unknown,No,,Not Contacted,San Francisco CA,,,,,-30,❄️ TIER 4 — Cold
Sneaker Politics Oakland,Oakland,CA,,sneakerpolitics.com,@sneakerpolitics,No,Unknown,No,,Not Contacted,Oakland CA,,,,,10,📋 TIER 3 — Warm
BnB Kicks Oakland,Oakland,CA,,,(510) 452-0100,No,Unknown,No,,Not Contacted,Oakland CA,,,,,10,📋 TIER 3 — Warm
Shoe Game Oakland,Oakland,CA,,,@shoegameoakland,No,Unknown,No,,Not Contacted,Oakland CA,,,,,-30,❄️ TIER 4 — Cold
Oaktown Kicks,Oakland,CA,,,@oaktownkicks,No,Unknown,No,,Not Contacted,Oakland CA,,,,,10,📋 TIER 3 — Warm
Sole Supremacy,San Jose,CA,,solesupremacy.com,(408) 800-4950,No,Unknown,No,,Not Contacted,San Jose CA,,,,,-30,❄️ TIER 4 — Cold
West Coast Kicks,San Jose,CA,,,@westcoastkicks,No,Unknown,No,,Not Contacted,San Jose CA,,,,,10,📋 TIER 3 — Warm
Solestop Sacramento,Sacramento,CA,,solestop.com,@solestop,No,Unknown,No,,Not Contacted,Sacramento CA,,,,,-30,❄️ TIER 4 — Cold
Sole Addicts,Sacramento,CA,,soleaddicts.com,@soleaddicts,No,Unknown,No,,Not Contacted,Sacramento CA,,,,,-30,❄️ TIER 4 — Cold
Kicks and Threads,Sacramento,CA,,,@kicksandthreadsca,No,Unknown,No,,Not Contacted,Sacramento CA,,,,,10,📋 TIER 3 — Warm
Sneaker Junkies,Fresno,CA,,,@sneakerjunkies,No,Unknown,No,,Not Contacted,Fresno CA,,,,,10,📋 TIER 3 — Warm
Heat Wave CV,Fresno,CA,,,@heatwavecv,No,Unknown,No,,Not Contacted,Fresno CA | Central Valley streetwear,,,,,10,📋 TIER 3 — Warm
GOAT Los Angeles,Los Angeles,CA,,goat.com,@goatapp,No,Unknown,No,,Not Contacted,Culver City/LA | Sneaker marketplace,,,,,10,📋 TIER 3 — Warm
Culture Kings LA,Los Angeles,CA,,culturekings.com,@culturekings,No,Unknown,No,,Not Contacted,Los Angeles CA | Megastore,,,,,-30,❄️ TIER 4 — Cold
Jimmy Jazz,Los Angeles,CA,,jimmyjazz.com,@jimmyjazz,No,Unknown,No,,Not Contacted,Los Angeles CA,,,,,-30,❄️ TIER 4 — Cold
Shoe City LA,Los Angeles,CA,,shoecityusa.com,@shoecityusa,No,Unknown,No,,Not Contacted,Multiple LA locations,,,,,-30,❄️ TIER 4 — Cold
Vans Venice Beach,Venice Beach,CA,,vans.com,(310) 305-9940,No,Unknown,No,,Not Contacted,1800 Pacific Ave Venice 90291,,,,,10,📋 TIER 3 — Warm
Carnival Shoes,Los Angeles,CA,,carnivalshoes.com,(323) 936-4220,No,Unknown,No,,Not Contacted,5452 W Pico Blvd LA 90019,,,,,-30,❄️ TIER 4 — Cold
Hoop City,Los Angeles,CA,,,(323) 731-9008,No,Unknown,No,,Not Contacted,Los Angeles CA,,,,,-30,❄️ TIER 4 — Cold
Kitson Beverly Hills,Beverly Hills,CA,,shopkitson.com,(310) 859-2652,No,Unknown,No,,Not Contacted,115 S Robertson Blvd BH 90048,,,,,-30,❄️ TIER 4 — Cold
Fred Segal Santa Monica,Santa Monica,CA,,fredsegal.com,(310) 256-6110,No,Unknown,No,,Not Contacted,420 Broadway Santa Monica 90401,,,,,-30,❄️ TIER 4 — Cold
New Era Flagship LA,Los Angeles,CA,,neweracap.com,(213) 683-0970,No,Unknown,No,,Not Contacted,700 S Grand Ave LA 90017,,,,,-30,❄️ TIER 4 — Cold
Proper Footwear Long Beach,Long Beach,CA,,proper.la,(562) 433-1500,No,Unknown,No,,Not Contacted,241 Pine Ave Long Beach 90802,,,,,-30,❄️ TIER 4 — Cold
Sole Collector LA,Los Angeles,CA,,solecollector.com,@solecollector,No,Unknown,No,,Not Contacted,Los Angeles CA,,,,,-30,❄️ TIER 4 — Cold
The RealReal LA,Los Angeles,CA,,therealreal.com,(888) 737-4273,No,Unknown,No,,Not Contacted,Multiple CA | Luxury consignment,,,,,10,📋 TIER 3 — Warm
Cross Colours LA,Los Angeles,CA,,crosscolours.com,@crosscolours,No,Unknown,No,,Not Contacted,Iconic LA streetwear flagship,,,,,10,📋 TIER 3 — Warm
Gauntlet Gallery,Los Angeles,CA,,,(323) 904-9039,No,Unknown,No,,Not Contacted,LA art-inspired streetwear gallery,,,,,10,📋 TIER 3 — Warm
UNIF LA,Los Angeles,CA,,unif.com,@unif,No,Unknown,No,,Not Contacted,Alternative/dark streetwear boutique,,,,,10,📋 TIER 3 — Warm
Store Name,City,State,Instagram,Website,Phone,Carries Supreme,Carries Hellstar,Carries Godspeed,Last Order Date,Outreach Status,Notes,,,,,—,🏷️ CURRENT ACCOUNT
Feature LV Chinatown,Las Vegas,NV,,https://feature.com,(702) 489-6060,No,No,Prospect,,Not Contacted,3735 W Spring Mountain Rd #205 Las Vegas NV 89102,,,,,-30,❄️ TIER 4 — Cold
Feature at Wynn Las Vegas,Las Vegas,NV,,https://feature.com,(702) 770-7000,No,No,Prospect,,Not Contacted,3131 S Las Vegas Blvd Suite 206 Las Vegas NV 89109,,,,,-30,❄️ TIER 4 — Cold
Fruition Las Vegas,Las Vegas,NV,,https://www.fruitionlv.com,(702) 202-0170,No,No,Prospect,,Not Contacted,Chinatown area Las Vegas NV. Est 2005. Exclusive streetwear/sneaker boutique,,,,,10,📋 TIER 3 — Warm
Urban Necessities Las Vegas,Las Vegas,NV,,https://urbannecessities.com,(702) 570-0005,No,No,Prospect,,Not Contacted,7465 S Rainbow Blvd Las Vegas NV 89139,,,,,-30,❄️ TIER 4 — Cold
BAIT Las Vegas,Las Vegas,NV,,https://www.baitme.com,(702) 589-2248,No,No,Prospect,,Not Contacted,Las Vegas NV. Street culture boutique anime collabs,,,,,10,📋 TIER 3 — Warm
Waves Las Vegas,Las Vegas,NV,,https://wearewaves.com,(702) 425-9350,No,No,Prospect,,Not Contacted,4000 S Eastern Ave Las Vegas NV 89119,,,,,-30,❄️ TIER 4 — Cold
Keep New York Everywhere LV,Las Vegas,NV,,https://keepnewyorkeverywhere.com,(702) 998-6969,No,No,Prospect,,Not Contacted,Chinatown Plaza Las Vegas NV. NY-inspired streetwear,,,,,10,📋 TIER 3 — Warm
DTLV Collective,Las Vegas,NV,,https://dtlvcollective.com,(702) 830-4920,No,No,Prospect,,Not Contacted,Downtown Las Vegas. Streetwear art collective,,,,,10,📋 TIER 3 — Warm
JD Sports LV Blvd,Las Vegas,NV,,https://jdsports.com,(702) 778-1850,No,No,Prospect,,Not Contacted,LV BLVD Shopping Center Las Vegas NV,,,,,-30,❄️ TIER 4 — Cold
JD Sports Fashion Show Mall,Las Vegas,NV,,https://jdsports.com,(702) 894-0600,No,No,Prospect,,Not Contacted,Fashion Show Mall Las Vegas NV,,,,,10,📋 TIER 3 — Warm
Culture Kings Las Vegas,Las Vegas,NV,,https://www.culturekings.com,(702) 800-5060,No,No,Prospect,,Not Contacted,3200 S Las Vegas Blvd Las Vegas NV 89109. Premium streetwear superstore,,,,,10,📋 TIER 3 — Warm
Hype Exclusive LV,Las Vegas,NV,,,(702) 333-3545,No,No,Prospect,,Not Contacted,Chinatown area Las Vegas NV. Independent streetwear/sneaker,,,,,10,📋 TIER 3 — Warm
LV Kicks 702,Las Vegas,NV,,,(702) 560-4330,No,No,Prospect,,Not Contacted,Las Vegas NV. Limited release sneakers,,,,,10,📋 TIER 3 — Warm
Feature Summerlin,Summerlin,NV,,https://feature.com,(702) 489-6070,No,No,Prospect,,Not Contacted,1980 Festival Plaza Dr Las Vegas NV 89135,,,,,-30,❄️ TIER 4 — Cold
JD Sports Downtown Summerlin,Summerlin,NV,,https://jdsports.com,(702) 978-0440,No,No,Prospect,,Not Contacted,Downtown Summerlin Las Vegas NV 89135,,,,,-30,❄️ TIER 4 — Cold
JD Sports Galleria Henderson,Henderson,NV,,https://jdsports.com,(725) 220-0100,No,No,Prospect,,Not Contacted,Galleria at Sunset 1300 W Sunset Rd Henderson NV 89014,,,,,-30,❄️ TIER 4 — Cold
Kicks Henderson,Henderson,NV,,,(702) 450-8880,No,No,Prospect,,Not Contacted,Henderson NV. Independent sneaker boutique,,,,,10,📋 TIER 3 — Warm
Fresh Kicks North Las Vegas,North Las Vegas,NV,,,(702) 642-0900,No,No,Prospect,,Not Contacted,North Las Vegas NV. Sneaker/streetwear boutique,,,,,10,📋 TIER 3 — Warm
JD Sports Meadowood Reno,Reno,NV,,https://jdsports.com,(775) 622-0870,No,No,Prospect,,Not Contacted,Meadowood Mall 5412 Meadowood Mall Cir Reno NV 89502,,,,,-30,❄️ TIER 4 — Cold
Sneaker Pawn Reno,Reno,NV,,,(775) 200-5290,No,No,Prospect,,Not Contacted,Reno NV. Sneaker consignment boutique,,,,,10,📋 TIER 3 — Warm
Limited Reno,Reno,NV,,,(775) 287-0434,No,No,Prospect,,Not Contacted,Reno NV. Streetwear boutique,,,,,10,📋 TIER 3 — Warm
Kicks Paradise LV,Paradise,NV,,,(702) 438-4242,No,No,Prospect,,Not Contacted,Paradise NV Las Vegas area. Streetwear boutique,,,,,10,📋 TIER 3 — Warm
Vintage 702 Las Vegas,Las Vegas,NV,,,@vintage702lv,No,No,Prospect,,Not Contacted,Las Vegas NV. Vintage/streetwear boutique,,,,,10,📋 TIER 3 — Warm
Sole Food Vegas,Las Vegas,NV,,,(702) 388-8040,No,No,Prospect,,Not Contacted,Las Vegas NV. Sneaker/streetwear boutique,,,,,10,📋 TIER 3 — Warm
WaveRunner LV,Las Vegas,NV,,,(702) 755-3370,No,No,Prospect,,Not Contacted,Las Vegas NV. Streetwear collective,,,,,10,📋 TIER 3 — Warm
Trophy Room Vegas,Las Vegas,NV,,https://trophyroomstore.com,@trophyroomstore,No,No,Prospect,,Not Contacted,Las Vegas NV. Premium sneaker/streetwear,,,,,10,📋 TIER 3 — Warm
OFF-WHITE Las Vegas Forum,Las Vegas,NV,,https://www.off---white.com,@off____white,No,No,Prospect,,Not Contacted,3200 Las Vegas Blvd S Las Vegas NV 89109. Forum Shops,,,,,10,📋 TIER 3 — Warm
Sneaker Plug Vegas,Las Vegas,NV,,,@sneakerplugvegas,No,No,Prospect,,Not Contacted,Las Vegas NV. Resale/boutique sneaker shop,,,,,10,📋 TIER 3 — Warm
Street Force ABQ,Albuquerque,NM,,,(505) 875-0450,No,No,Prospect,,Not Contacted,3600 Osuna Rd NE Albuquerque NM 87109. Streetwear boutique,,,,,10,📋 TIER 3 — Warm
JD Sports Cottonwood ABQ,Albuquerque,NM,,https://jdsports.com,(505) 898-0240,No,No,Prospect,,Not Contacted,Cottonwood Mall 10000 Coors Bypass NW Albuquerque NM 87114,,,,,-30,❄️ TIER 4 — Cold
Vault ABQ,Albuquerque,NM,,,(505) 433-9090,No,No,Prospect,,Not Contacted,Albuquerque NM. Sneaker/streetwear boutique,,,,,10,📋 TIER 3 — Warm
Culture ABQ 505,Albuquerque,NM,,,(505) 503-4455,No,No,Prospect,,Not Contacted,Albuquerque NM. Streetwear boutique,,,,,10,📋 TIER 3 — Warm
ABQ Kicks,Albuquerque,NM,,,(505) 884-5300,No,No,Prospect,,Not Contacted,Albuquerque NM. Independent sneaker shop,,,,,10,📋 TIER 3 — Warm
Urban Threads Nob Hill ABQ,Albuquerque,NM,,,(505) 265-5700,No,No,Prospect,,Not Contacted,Nob Hill Albuquerque NM 87106. Streetwear/lifestyle,,,,,10,📋 TIER 3 — Warm
The Shop ABQ,Albuquerque,NM,,,(505) 314-0780,No,No,Prospect,,Not Contacted,Albuquerque NM. Streetwear accessories lifestyle,,,,,10,📋 TIER 3 — Warm
New Mexico Dry Goods,Albuquerque,NM,,https://www.nmdrygoods.com,(505) 266-5050,No,No,Prospect,,Not Contacted,112 Richmond Dr SE Albuquerque NM 87106. Lifestyle/streetwear,,,,,10,📋 TIER 3 — Warm
Sole ABQ,Albuquerque,NM,,,(505) 232-7653,No,No,Prospect,,Not Contacted,Albuquerque NM. Consignment sneaker boutique,,,,,10,📋 TIER 3 — Warm
Duke City Kicks,Albuquerque,NM,,,(505) 262-1100,No,No,Prospect,,Not Contacted,Albuquerque NM. Named after Duke City. Sneaker boutique,,,,,10,📋 TIER 3 — Warm
Kicks 505 ABQ,Albuquerque,NM,,,(505) 503-8800,No,No,Prospect,,Not Contacted,Albuquerque NM. Streetwear/sneaker boutique,,,,,10,📋 TIER 3 — Warm
Supply and Demand Santa Fe,Santa Fe,NM,,,(505) 670-4487,No,No,Prospect,,Not Contacted,Santa Fe NM. Streetwear boutique,,,,,10,📋 TIER 3 — Warm
Thread Santa Fe,Santa Fe,NM,,,(505) 982-1585,No,No,Prospect,,Not Contacted,Santa Fe NM. Independent boutique carrying lifestyle/streetwear,,,,,10,📋 TIER 3 — Warm
Kicks Rio Rancho,Rio Rancho,NM,,,(505) 892-5530,No,No,Prospect,,Not Contacted,Rio Rancho NM. Sneaker boutique,,,,,10,📋 TIER 3 — Warm
Sole-idarity Las Cruces,Las Cruces,NM,,,(575) 524-0320,No,No,Prospect,,Not Contacted,Las Cruces NM. Sneaker/streetwear boutique,,,,,10,📋 TIER 3 — Warm
Urban Native Las Cruces,Las Cruces,NM,,,(575) 523-4489,No,No,Prospect,,Not Contacted,Las Cruces NM. Streetwear cultural boutique,,,,,10,📋 TIER 3 — Warm
Kicks Roswell,Roswell,NM,,,(575) 622-3378,No,No,Prospect,,Not Contacted,Roswell NM. Sneaker shop,,,,,10,📋 TIER 3 — Warm
Step Up Farmington,Farmington,NM,,,(505) 325-3411,No,No,Prospect,,Not Contacted,Farmington NM. Streetwear sneaker boutique,,,,,10,📋 TIER 3 — Warm
Taos Shoe Company,Taos,NM,,https://www.taosshoeco.com,(575) 758-3535,No,No,Prospect,,Not Contacted,107 Bent St Taos NM 87571. Premium footwear boutique,,,,,10,📋 TIER 3 — Warm
Wired Taos,Taos,NM,,,(575) 758-3799,No,No,Prospect,,Not Contacted,Taos NM. Streetwear/lifestyle boutique,,,,,10,📋 TIER 3 — Warm
The Hop Shop Taos,Taos,NM,,,@thehopshoptaos,No,No,Prospect,,Not Contacted,Taos NM. Independent streetwear boutique,,,,,10,📋 TIER 3 — Warm
Supply and Demand ABQ,Albuquerque,NM,,,(505) 262-0044,No,No,Prospect,,Not Contacted,Albuquerque NM. Streetwear boutique,,,,,10,📋 TIER 3 — Warm
Nob Hill Sneakers,Albuquerque,NM,,,(505) 266-7743,No,No,Prospect,,Not Contacted,Nob Hill district Albuquerque NM. Curated sneaker boutique,,,,,10,📋 TIER 3 — Warm
BAIT Denver Blake St,Denver,CO,,https://www.baitme.com,(720) 550-5025,No,No,Prospect,,Not Contacted,1962 Blake St Denver CO 80202. Street culture boutique,,,,,10,📋 TIER 3 — Warm
Sole Street Shoes Denver,Denver,CO,,,(720) 328-2200,No,No,Prospect,,Not Contacted,500 16th St Mall Denver CO 80202,,,,,-30,❄️ TIER 4 — Cold
Colfax Athletic Denver,Denver,CO,,,(303) 832-5555,No,No,Prospect,,Not Contacted,3200 E Colfax Ave Denver CO 80206. Athletic/streetwear,,,,,10,📋 TIER 3 — Warm
The Shoebox Denver,Denver,CO,,,(303) 295-7463,No,No,Prospect,,Not Contacted,Denver CO. Sneaker/streetwear boutique,,,,,10,📋 TIER 3 — Warm
Fresh Denim Denver,Denver,CO,,,(720) 328-3080,No,No,Prospect,,Not Contacted,Denver CO. Streetwear denim boutique,,,,,10,📋 TIER 3 — Warm
Level Denver,Denver,CO,,,(303) 399-6070,No,No,Prospect,,Not Contacted,Denver CO. Premium streetwear boutique,,,,,10,📋 TIER 3 — Warm
Kicker Denver RiNo,Denver,CO,,,(303) 534-5470,No,No,Prospect,,Not Contacted,2301 Blake St Denver CO 80205. Streetwear/sneaker RiNo district,,,,,10,📋 TIER 3 — Warm
Aviator Nation Cherry Creek,Denver,CO,,https://aviatornation.com,(303) 395-7170,No,No,Prospect,,Not Contacted,2760 E 2nd Ave Denver CO 80206. Lifestyle/streetwear,,,,,10,📋 TIER 3 — Warm
JD Sports Cherry Creek Mall,Denver,CO,,https://jdsports.com,(303) 433-4980,No,No,Prospect,,Not Contacted,Cherry Creek Mall Denver CO 80209,,,,,-30,❄️ TIER 4 — Cold
Sneaker Plug Denver,Denver,CO,,,@sneakerplugdenver,No,No,Prospect,,Not Contacted,Denver CO. Sneaker/streetwear resale boutique,,,,,10,📋 TIER 3 — Warm
Denver Kicks,Denver,CO,,,(720) 639-4520,No,No,Prospect,,Not Contacted,Denver CO. Premium sneaker boutique,,,,,10,📋 TIER 3 — Warm
Oak Street Bootmakers Denver,Denver,CO,,https://www.oakstreetbootmakers.com,(303) 355-2000,No,No,Prospect,,Not Contacted,Cherry Creek Denver CO. Premium footwear,,,,,-30,❄️ TIER 4 — Cold
Innersection Boulder,Boulder,CO,,,(303) 444-4200,No,No,Prospect,,Not Contacted,2027 Broadway Boulder CO 80302. Streetwear/lifestyle,,,,,10,📋 TIER 3 — Warm
Weekends Boutique Boulder,Boulder,CO,,,(303) 444-0577,No,No,Prospect,,Not Contacted,Boulder CO. Premium streetwear boutique,,,,,10,📋 TIER 3 — Warm
Western Slope Kicks Boulder,Boulder,CO,,,(303) 402-0340,No,No,Prospect,,Not Contacted,Boulder CO. Sneaker boutique,,,,,10,📋 TIER 3 — Warm
Sneaker Box Colorado Springs,Colorado Springs,CO,,,(719) 277-9360,No,No,Prospect,,Not Contacted,Colorado Springs CO. Sneaker/streetwear boutique,,,,,10,📋 TIER 3 — Warm
JD Sports Briargate COS,Colorado Springs,CO,,https://jdsports.com,(719) 955-1580,No,No,Prospect,,Not Contacted,Briargate Shopping Colorado Springs CO 80920,,,,,-30,❄️ TIER 4 — Cold
The Hive Fort Collins,Fort Collins,CO,,,(970) 225-6500,No,No,Prospect,,Not Contacted,Fort Collins CO. Streetwear/lifestyle boutique,,,,,10,📋 TIER 3 — Warm
JD Sports Aurora,Aurora,CO,,https://jdsports.com,(303) 755-0890,No,No,Prospect,,Not Contacted,Buckingham Square Aurora CO 80012,,,,,-30,❄️ TIER 4 — Cold
JD Sports Westminster Mall,Westminster,CO,,https://jdsports.com,(303) 426-8890,No,No,Prospect,,Not Contacted,Westminster Mall Westminster CO 80031,,,,,-30,❄️ TIER 4 — Cold
JD Sports FlatIron Crossing,Broomfield,CO,,https://jdsports.com,(720) 887-3640,No,No,Prospect,,Not Contacted,FlatIron Crossing 1 W Flatiron Crossing Dr Broomfield CO 80021,,,,,-30,❄️ TIER 4 — Cold
Vault Kicks Centennial,Centennial,CO,,,(720) 213-9870,No,No,Prospect,,Not Contacted,Centennial CO. Sneaker/streetwear boutique,,,,,10,📋 TIER 3 — Warm
Fresh Kicks Commerce City,Commerce City,CO,,,(720) 441-3200,No,No,Prospect,,Not Contacted,Commerce City CO. Independent sneaker/streetwear,,,,,10,📋 TIER 3 — Warm
TopShelf SLC,Salt Lake City,UT,,https://topshelfslc.com,(801) 532-9220,No,No,Prospect,,Not Contacted,258 E 900 S Salt Lake City UT 84111. Premium sneaker boutique,,,,,10,📋 TIER 3 — Warm
FICE Gallery SLC,Salt Lake City,UT,,https://www.ficegallery.com,(801) 532-0440,No,No,Prospect,,Not Contacted,Salt Lake City UT. Art gallery + sneaker/streetwear boutique,,,,,10,📋 TIER 3 — Warm
Doused Shop SLC,Salt Lake City,UT,,,(801) 448-5600,No,No,Prospect,,Not Contacted,Salt Lake City UT. Streetwear/sneaker boutique,,,,,10,📋 TIER 3 — Warm
The Salty Sole SLC,Salt Lake City,UT,,,(801) 359-4420,No,No,Prospect,,Not Contacted,Salt Lake City UT. Sneaker boutique/consignment,,,,,10,📋 TIER 3 — Warm
JD Sports Valley Fair SLC,Salt Lake City,UT,,https://jdsports.com,(801) 968-0490,No,No,Prospect,,Not Contacted,Valley Fair Mall 3601 S 2700 W Salt Lake City UT 84119,,,,,-30,❄️ TIER 4 — Cold
Utah Threads SLC,Salt Lake City,UT,,,(801) 487-7743,No,No,Prospect,,Not Contacted,Salt Lake City UT. Streetwear boutique,,,,,10,📋 TIER 3 — Warm
KOI Clothing SLC,Salt Lake City,UT,,https://koiclothing.com,(801) 534-0060,No,No,Prospect,,Not Contacted,Salt Lake City UT. Premium streetwear boutique,,,,,10,📋 TIER 3 — Warm
Kicks On Fire SLC,Salt Lake City,UT,,,(801) 505-0990,No,No,Prospect,,Not Contacted,Salt Lake City UT. Sneaker boutique,,,,,10,📋 TIER 3 — Warm
Sole Collective SLC,Salt Lake City,UT,,,(801) 266-0220,No,No,Prospect,,Not Contacted,Salt Lake City UT. Streetwear/sneaker boutique,,,,,10,📋 TIER 3 — Warm
JD Sports West Valley City,West Valley City,UT,,https://jdsports.com,(801) 966-2210,No,No,Prospect,,Not Contacted,West Valley City UT,,,,,-30,❄️ TIER 4 — Cold
The Vault Provo,Provo,UT,,,(801) 374-2200,No,No,Prospect,,Not Contacted,Provo UT. Sneaker/streetwear near BYU campus,,,,,10,📋 TIER 3 — Warm
Sneaker Attic Provo,Provo,UT,,,(801) 373-3414,No,No,Prospect,,Not Contacted,Provo UT. Independent sneaker/streetwear boutique,,,,,10,📋 TIER 3 — Warm
Kicks Orem,Orem,UT,,,(801) 224-4500,No,No,Prospect,,Not Contacted,Orem UT. Sneaker boutique,,,,,10,📋 TIER 3 — Warm
JD Sports South Towne Sandy,Sandy,UT,,https://jdsports.com,(801) 553-0180,No,No,Prospect,,Not Contacted,South Towne Mall 10450 S State St Sandy UT 84070,,,,,-30,❄️ TIER 4 — Cold
Street Kicks Sandy,Sandy,UT,,,(801) 569-5521,No,No,Prospect,,Not Contacted,Sandy UT. Streetwear/sneaker boutique,,,,,10,📋 TIER 3 — Warm
Fresh Kicks Ogden,Ogden,UT,,,(801) 627-3344,No,No,Prospect,,Not Contacted,Ogden UT. Independent sneaker/streetwear,,,,,10,📋 TIER 3 — Warm
Kicks St George,St. George,UT,,,(435) 656-8900,No,No,Prospect,,Not Contacted,St George UT. Sneaker boutique,,,,,10,📋 TIER 3 — Warm
JD Sports Layton Hills Mall,Layton,UT,,https://jdsports.com,(801) 544-9880,No,No,Prospect,,Not Contacted,Layton Hills Mall 1201 N Hill Field Rd Layton UT 84041,,,,,-30,❄️ TIER 4 — Cold
JD Sports Fashion Place Murray,Murray,UT,,https://jdsports.com,(801) 261-9560,No,No,Prospect,,Not Contacted,Fashion Place Mall Murray UT 84107,,,,,10,📋 TIER 3 — Warm
Taylorsville Sneakers,Taylorsville,UT,,,(801) 966-3344,No,No,Prospect,,Not Contacted,Taylorsville UT. Sneaker boutique,,,,,10,📋 TIER 3 — Warm
LIKELIHOOD Seattle,Seattle,WA,,https://likelihood.us,(206) 420-4282,No,No,Prospect,,Not Contacted,2201 7th Ave Seattle WA 98121. Premier Seattle streetwear boutique. Carries: Stussy Needles Nike Salomon,,,,,10,📋 TIER 3 — Warm
BAIT Seattle Capitol Hill,Seattle,WA,,https://www.baitme.com,(206) 568-9200,No,No,Prospect,,Not Contacted,915 E Pike St Seattle WA 98122. Streetwear/anime collab boutique,,,,,10,📋 TIER 3 — Warm
Goods Store Seattle,Seattle,WA,,,(206) 838-6262,No,No,Prospect,,Not Contacted,Capitol Hill Seattle WA. Streetwear/lifestyle boutique,,,,,10,📋 TIER 3 — Warm
Haven Seattle,Seattle,WA,,,(206) 325-4730,No,No,Prospect,,Not Contacted,Seattle WA. Premium streetwear/lifestyle boutique,,,,,10,📋 TIER 3 — Warm
Sole Food Seattle,Seattle,WA,,,(206) 325-0020,No,No,Prospect,,Not Contacted,Seattle WA. Sneaker/streetwear boutique,,,,,10,📋 TIER 3 — Warm
Crane and Lion Seattle,Seattle,WA,,https://craneandlion.com,(206) 682-5020,No,No,Prospect,,Not Contacted,Seattle WA. Premium menswear/streetwear,,,,,10,📋 TIER 3 — Warm
Trophy Sneakers Seattle,Seattle,WA,,,(206) 625-0011,No,No,Prospect,,Not Contacted,Seattle WA. Sneaker boutique,,,,,10,📋 TIER 3 — Warm
JD Sports Westlake Center,Seattle,WA,,https://jdsports.com,(206) 264-2040,No,No,Prospect,,Not Contacted,Westlake Center 400 Pine St Seattle WA 98101,,,,,-30,❄️ TIER 4 — Cold
Concepts Seattle,Seattle,WA,,https://cncpts.com,@cncpts,No,No,Prospect,,Not Contacted,Seattle WA. Premium sneaker/streetwear boutique,,,,,10,📋 TIER 3 — Warm
NAVIS Seattle,Seattle,WA,,https://navis-workwear.com,(206) 682-3234,No,No,Prospect,,Not Contacted,2nd Ave Seattle WA. Work/lifestyle crossover boutique,,,,,10,📋 TIER 3 — Warm
Limited Addition Seattle,Seattle,WA,,,(206) 568-9480,No,No,Prospect,,Not Contacted,Seattle WA. Limited edition sneaker boutique,,,,,10,📋 TIER 3 — Warm
JD Sports Northgate Seattle,Seattle,WA,,https://jdsports.com,(206) 440-9780,No,No,Prospect,,Not Contacted,Northgate Mall Seattle WA 98125,,,,,-30,❄️ TIER 4 — Cold
JD Sports Northtown Spokane,Spokane,WA,,https://jdsports.com,(509) 487-3340,No,No,Prospect,,Not Contacted,Northtown Mall 4750 N Division St Spokane WA 99207,,,,,-30,❄️ TIER 4 — Cold
Kicks Spokane,Spokane,WA,,,(509) 325-4420,No,No,Prospect,,Not Contacted,Spokane WA. Independent sneaker/streetwear shop,,,,,10,📋 TIER 3 — Warm
The Sneaker Exchange Spokane,Spokane,WA,,,(509) 327-0810,No,No,Prospect,,Not Contacted,Spokane WA. Sneaker consignment/boutique,,,,,10,📋 TIER 3 — Warm
JD Sports Bellevue Square,Bellevue,WA,,https://jdsports.com,(425) 453-3040,No,No,Prospect,,Not Contacted,Bellevue Square 575 Bellevue Way NE Bellevue WA 98004,,,,,-30,❄️ TIER 4 — Cold
Kicks Kirkland,Kirkland,WA,,,(425) 827-2340,No,No,Prospect,,Not Contacted,Kirkland WA. Sneaker/streetwear shop,,,,,10,📋 TIER 3 — Warm
JD Sports The Landing Renton,Renton,WA,,https://jdsports.com,(425) 430-8840,No,No,Prospect,,Not Contacted,The Landing Renton WA 98057,,,,,-30,❄️ TIER 4 — Cold
JD Sports Everett Mall,Everett,WA,,https://jdsports.com,(425) 355-4620,No,No,Prospect,,Not Contacted,Everett Mall Everett WA 98208,,,,,-30,❄️ TIER 4 — Cold
Bellingham Kicks,Bellingham,WA,,,(360) 734-9870,No,No,Prospect,,Not Contacted,Bellingham WA. Independent sneaker/streetwear boutique,,,,,10,📋 TIER 3 — Warm
JD Sports Vancouver Mall WA,Vancouver,WA,,https://jdsports.com,(360) 696-6820,No,No,Prospect,,Not Contacted,Vancouver Mall 8700 NE Vancouver Mall Dr Vancouver WA 98662,,,,,-30,❄️ TIER 4 — Cold
JD Sports Federal Way Commons,Federal Way,WA,,https://jdsports.com,(253) 838-5480,No,No,Prospect,,Not Contacted,The Commons 2001 S Commons Federal Way WA 98003,,,,,-30,❄️ TIER 4 — Cold
Nike Redmond Town Center,Redmond,WA,,https://www.nike.com,(425) 882-6453,No,No,Prospect,,Not Contacted,7825 Leary Way NE Redmond WA 98052. Near Microsoft campus,,,,,10,📋 TIER 3 — Warm
HELLSTAR - HYP Miami,Miami,Florida,USA,https://hypmiami.com/collections/hellstar?srsltid=AfmBOopz0fuCQxXmro8nUu41GmSn6ZCDhPTWElKBW6RO8cblxEU1QGpN,@hypmiami,customerservice@hypmiami.com,1754598013,,,2026-04-16,,,,,,45,🔥 TIER 1 — Hot
Hellstar Logo Tees Available @origins305 179 NW 25th St ...,Miami,Florida,USA,https://www.instagram.com/p/DOeQRyXicZS/,@origins305,,1037483433,,,2026-04-16,,,,,,35,⭐ TIER 2 — Strong
Hellstar Studios,Miami,Florida,USA,https://tokenmia.com/collections/hellstar?srsltid=AfmBOooVupxoPhjJAZrsRTe3ArmUeoxzwWOyuYgOrpY6rGdItENzOqB7,@tokenmiami,TOKEN_flagship_production_front1CRM_145x@2x.png,1680109958,,,2026-04-16,,,,,,45,🔥 TIER 1 — Hot
#Hellstar 🚨 New arrivals available in store & on our site ...,Miami,Florida,USA,https://www.instagram.com/p/DJou9v_Nb9c/,@rsrc.php,,1037483433,,,2026-04-16,,,,,,35,⭐ TIER 2 — Strong
hellstar,Miami,Florida,USA,https://backdoormia.com/collections/vendors?q=hellstar,@100,,1750677234,,,2026-04-16,,,,,,35,⭐ TIER 2 — Strong
Studios – HELLSTAR,Miami,Florida,USA,https://hellstar.com/collections/studios,@HELLSTAR,,5230780330,,,2026-04-16,,,,,,35,⭐ TIER 2 — Strong
Hellstar shirts / S-XL Best RESELLER IN MIAMI FL 🔥🌴,Miami,Florida,USA,https://www.instagram.com/p/DNQul0lOxB-/,@rsrc.php,,1037483433,,,2026-04-16,,,,,,35,⭐ TIER 2 — Strong
HellStar hats & leopard claws available in multiple sizes and ...,Miami,Florida,USA,https://www.instagram.com/reel/DOjYekYEV_q/,@rsrc.php,,1037483433,,,2026-04-16,,,,,,35,⭐ TIER 2 — Strong
"Coppra Miami - Discover curated luxury menswear, designer ...",Miami,Florida,USA,https://coppramiami.com/,@coppramiami,info@coppra.us,1776280003,,,2026-04-16,,,,,,20,⭐ TIER 2 — Strong
Stores,Miami,Florida,USA,https://supreme.com/stores,@supremenewyork.com,web@supremenewyork.com,215052-1140,,,2026-04-16,,,,,,35,⭐ TIER 2 — Strong
SUPREME stores in Miami,Miami,Florida,USA,https://www.shopenauer.com/en/brand/supreme/miami,@supremenewyork,,5682063865,,,2026-04-16,,,,,,25,⭐ TIER 2 — Strong
Supreme Miami – News,Miami,Florida,USA,https://supreme.com/news/992,@context,,(305) 831 0176,,,2026-04-16,,,,,,25,⭐ TIER 2 — Strong
Supreme Has Just Opened Its First-Ever Miami Store,Miami,Florida,USA,https://secretmiami.com/supreme-first-miami-store/,@SecretMiami_,miami@secretmedianetwork.com,7115053420,,,2026-04-16,,,,,,35,⭐ TIER 2 — Strong
Supreme: Shop,Miami,Florida,USA,https://us.supreme.com/pages/shop,,,1421991361,,,2026-04-16,,,,,,15,📋 TIER 3 — Warm
Stockists,Miami,Florida,USA,https://rh-ude.com/pages/stockists-1?srsltid=AfmBOoqonTnw2A7QDgkGoYMLGIKRoo0WJjJIOgyPZg4TXeIJ_IIM-wrA,@rhude,,1613580349,,,2026-04-16,,,,,,30,⭐ TIER 2 — Strong
RHUDE stores in Miami,Miami,Florida,USA,https://www.shopenauer.com/en/brand/rhude/miami,@shopenauer_official,,5682063865,,,2026-04-16,,,,,,30,⭐ TIER 2 — Strong
RHUDE - HYP Miami,Miami,Florida,USA,https://hypmiami.com/collections/rhude?srsltid=AfmBOorYrBWYNzLAiyyjQvbhqHIiOfprEPhrW9IpcpDBU7Xqkf5gBltA,@hypmiami,customerservice@hypmiami.com,1754598013,,,2026-04-16,,,,,,40,🔥 TIER 1 — Hot
R H U D E,Miami,Florida,USA,https://rh-ude.com/?srsltid=AfmBOorYr8n-9FrCHirJI7ffdN89TzwODw1jPNQ95drxVZQvZNIy6SLL,@rhude,,1613580349,,,2026-04-16,,,,,,30,⭐ TIER 2 — Strong
"From @vetements_official, @rhude, to @alyxstudio, ...",Miami,Florida,USA,https://www.instagram.com/p/B684WdtBiu-/,@vetements_official,,1037483433,,,2026-04-16,,,,,,30,⭐ TIER 2 — Strong
SHOP ALL,Miami,Florida,USA,https://rh-ude.com/collections/shop-all?srsltid=AfmBOoo33Y0BgY2eyToaegcr99yn7GlP4RY4nCUTG2KKjicRQME60EUj,@rhude,,1613580349,,,2026-04-16,,,,,,30,⭐ TIER 2 — Strong
Rhude Archives - Coppra Miami,Miami,Florida,USA,https://coppramiami.com/brand/rhude/,@coppramiami,info@coppra.us,1776280003,,,2026-04-16,,,,,,40,🔥 TIER 1 — Hot
"Men's Rhude Clothing, Shoes, Accessories & Grooming",Miami,Florida,USA,https://www.nordstrom.com/browse/men?filterByBrand=rhude&srsltid=AfmBOooRO2sYkGIQOwYcaVsmxEcGHtijUFnKb5bTpZ-9cWRuE-JMTySv,@4GfJ,,123456789,,,2026-04-16,,,,,,30,⭐ TIER 2 — Strong
"The Webster: Curated Luxury Fashion, Beauty & Lifestyle",Miami,Florida,USA,https://thewebster.com/?srsltid=AfmBOooUNjC2gWtf4AJjkD3bxwzpjQEuxz1xPg8nOcgcvSx3BXn5N9X2,@thewebster,,2147483647,,,2026-04-16,,,,,,10,📋 TIER 3 — Warm
RHUDE stores in United States,Miami,Florida,USA,https://www.shopenauer.com/en/brand/rhude/country/united-states,@shopenauer_official,,5682063865,,,2026-04-16,,,,,,30,⭐ TIER 2 — Strong
Rhude Archives - Page 2 of 2 - Coppra Miami,Miami,Florida,USA,https://coppramiami.com/brand/rhude/page/2/,@coppra.us.,info@coppra.us,1776280003,,,2026-04-16,,,,,,40,🔥 TIER 1 — Hot
Rhude now available in multiple styles in store & online!🌎🔥,Miami,Florida,USA,https://www.instagram.com/p/DOMRXkCkQ7f/,@rsrc.php,,1037483433,,,2026-04-16,,,,,,30,⭐ TIER 2 — Strong
Shop Rhude Online,Miami,Florida,USA,https://www.nordstrom.com/brands/rhude--18936?srsltid=AfmBOorjEMmSey1ySnHbw5iLZD-hOw9OX99wDDd0jWW4p2b3BTAW7EKL,@4GfJ,,123456789,,,2026-04-16,,,,,,30,⭐ TIER 2 — Strong
Survival Miami: Top Urban & Streetwear Shop for Clothing ...,Miami,Florida,USA,https://survivalmiami.com/?srsltid=AfmBOoqeLEs64R9wzDPv3l31apxA9xGwW48Low6fqSqazPpKNYEmPZMg,@survivalmiami,,1721896939,,,2026-04-16,,,,,,10,📋 TIER 3 — Warm
Players Closet Miami Gardens (@playerscloset305),Miami,Florida,USA,https://www.instagram.com/playerscloset305/,@playerscloset954,,1037483433,,,2026-04-16,,,,,,-30,❄️ TIER 4 — Cold
HYP - A Futuristic Sneaker & Streetwear Shopping Experience,Miami,Florida,USA,https://hypmiami.com/?srsltid=AfmBOooLDPThtr63Ec8FF798H0kwW1Mp3_GQ-gNm6xmhA2ZDDpmhlQ5t,@hypmiami,customerservice@hypmiami.com,1754598013,,,2026-04-16,,,,,,20,⭐ TIER 2 — Strong
Men's Fashion,Miami,Florida,USA,https://www.miamidesigndistrict.com/shops/2/mens-fashion/,@miamidesigndistrict,,(305) 722-7100,,,2026-04-16,,,,,,10,📋 TIER 3 — Warm
Supreme Sets Up Shop in Miami,Miami,Florida,USA,https://hypebeast.com/2025/4/supreme-miami-store-opening-info,@hypebeast,app-store-en@2x.png,3702846231,,,2026-04-16,,,,,,35,⭐ TIER 2 — Strong
Hypebeast Stores In Miami,Miami,Florida,USA,https://www.instagram.com/popular/hypebeast-stores-in-miami/,@rsrc.php,,1037483433,,,2026-04-16,,,,,,10,📋 TIER 3 — Warm
Sneak Peek Luxury,Miami,Florida,USA,https://sneakpeekmiami.com/,@theme,,7823523422,,,2026-04-16,,,,,,10,📋 TIER 3 — Warm
John Elliott Miami Design District Flagship Store,Miami,Florida,USA,https://hypebeast.com/2021/3/john-elliott-miami-flagship-store-info,,,,,,2026-04-16,,,,,,0,❄️ TIER 4 — Cold
Coppra Miami - Discover curated luxury menswear ...,Miami,Florida,USA,https://coppramiami.com/,@coppramiami,info@coppra.us,1776280003,,,2026-04-16,,,,,,20,⭐ TIER 2 — Strong
HYP - A Futuristic Sneaker & Streetwear Shopping ...,Miami,Florida,USA,https://hypmiami.com/?srsltid=AfmBOoo7BPdge1sj_ciNz3d-mgUc_Y9iXt-JCmewShTDyQ2USAQpbXGM,@hypmiami,customerservice@hypmiami.com,1754598013,,,2026-04-16,,,,,,20,⭐ TIER 2 — Strong
"Survival - Miami, Fort Lauderdale",Miami,Florida,USA,https://aventuramall.com/shops/survival/,@aventuramall,bootstrap-select@1.13.14,1776356256,,,2026-04-16,,,,,,-30,❄️ TIER 4 — Cold
SNEAKER TOWN – SNEAKER TOWN,Miami,Florida,USA,https://www.sneakertownmia.com/?srsltid=AfmBOoqYfgH0TThk1in5vdPaXBedSrfaX5xp0Z70YKOFZApUyN6aN-wL,@sneakertown,help@sneakertown.com,1613663062,,,2026-04-16,,,,,,20,⭐ TIER 2 — Strong
Premium Footwear | Shoes & Sneakers | Miami ...,Miami,Florida,USA,https://stores.shoepalace.com/fl/miami/,@shoepalace,,6157367176,,,2026-04-16,,,,,,10,📋 TIER 3 — Warm
LEGENDS MIAMI SNEAKER STORE WYNWOOD ...,Miami,Florida,USA,https://www.instagram.com/legendsmiami/?hl=en,@rsrc.php,,1037483433,,,2026-04-16,,,,,,10,📋 TIER 3 — Warm
SoleFly: Sneakers and Apparel,Miami,Florida,USA,https://www.solefly.com/?srsltid=AfmBOorjX9uNxEj0MCOPcDM2bdb-n5ObaKFj7DblF8Ji2YFmJM2DkpTQ,@solefly,,1000005370,,,2026-04-16,,,,,,10,📋 TIER 3 — Warm
Best Sneaker Stores in Miami,Miami,Florida,USA,https://www.designscene.net/2024/08/best-sneaker-stores-miami.html,@designscene,info@designscene.net,2147483647,,,2026-04-16,,,,,,20,⭐ TIER 2 — Strong
NEW @hellstar IN STOCK AT LEGEND ORLANDO ...,Orlando,Florida,USA,https://www.instagram.com/p/C3jVe_GMrkx/?hl=en,@legendfla,,1037483433,,,2026-04-16,,,,,,35,⭐ TIER 2 — Strong
Hellstar Logo Hoodie Black,Orlando,Florida,USA,https://releaseorlando.com/products/hellstar-logo-hoodie-black,@releaseorlando,,1734559548,,,2026-04-16,,,,,,35,⭐ TIER 2 — Strong
‼️NEW HELLSTAR TEES AVAILABLE IN STORE‼️ BUY- ...,Orlando,Florida,USA,https://www.instagram.com/p/DDfPRdQJI0a/,@rsrc.php,,1037483433,,,2026-04-16,,,,,,35,⭐ TIER 2 — Strong
Some Of The Hellstar Available At Our Grand Opening ...,Orlando,Florida,USA,https://www.instagram.com/p/C-GuA5KsTXw/,@rsrc.php,,1037483433,,,2026-04-16,,,,,,35,⭐ TIER 2 — Strong
"Legend at The Florida Mall® - A Shopping Center in Orlando, FL",Orlando,Florida,USA,https://www.simon.com/mall/the-florida-mall/stores/legend,@shopfloridamall,,1766078725,,,2026-04-16,,,,,,-30,❄️ TIER 4 — Cold
hellstar studios hoodie,Orlando,Florida,USA,https://midnightloungeorlando.com/products/hellstar-studios-hoodie-69bcb7fee34c0-un3qi558,@media,,2303606389,,,2026-04-16,,,,,,35,⭐ TIER 2 — Strong
SUPREME stores in Orlando,Orlando,Florida,USA,https://www.shopenauer.com/en/brand/supreme/orlando,@supremenewyork,,5682063865,,,2026-04-16,,,,,,25,⭐ TIER 2 — Strong
Supreme Mid Air Forces Are here ✈️ ✅ 📍The Florida Mall ...,Orlando,Florida,USA,https://www.instagram.com/p/DA1bBkdJtw0/,@rsrc.php,,1037483433,,,2026-04-16,,,,,,25,⭐ TIER 2 — Strong
Supreme Detailing Super Store Orlando Florida |Resellers,Orlando,Florida,USA,https://www.dirtkiller.com/partners/da-superstore-24825?srsltid=AfmBOooh_SwMsvStjNiMAaNuUYw0upFF0lMC4L9un_idsr6qqb9Uskxc,@supremedetailingsuperstore.com,info@dirtkiller.com,1807892371,,,2026-04-16,,,,,,35,⭐ TIER 2 — Strong
Stockists,Orlando,Florida,USA,https://rh-ude.com/pages/stockists-1?srsltid=AfmBOoqnx6scd-7E9mqzwYL7bu-anZhwmFth2mvEuM7Aj4PSjxdoViCI,@rhude,,1613580349,,,2026-04-16,,,,,,30,⭐ TIER 2 — Strong
Rhude T-Shirts - Various Styles & Sizes,Orlando,Florida,USA,https://www.instagram.com/p/C8ulAqdA4pT/,@rsrc.php,,1037483433,,,2026-04-16,,,,,,30,⭐ TIER 2 — Strong
rhude shirt | Buy Online at Midnightloungeorlando,Orlando,Florida,USA,https://midnightloungeorlando.com/products/rhude-shirt-69bcb82932eb1-00t5eoyq,@media,,2303606389,,,2026-04-16,,,,,,30,⭐ TIER 2 — Strong
R H U D E,Orlando,Florida,USA,https://rh-ude.com/?srsltid=AfmBOoo8HcvxXjVFpFG2WXx9GqwMLS2ovhJ3Qf12jJuYjRCxfi1r8HNn,@rhude,,1613580349,,,2026-04-16,,,,,,30,⭐ TIER 2 — Strong
Shop Rhude Online,Orlando,Florida,USA,https://www.nordstrom.com/brands/rhude--18936?srsltid=AfmBOor2oVzAY3fyHkDG2SwYzs88Lw0RIxOflzGrqsGN3JhlGjn2-4Q4,@4GfJ,,123456789,,,2026-04-16,,,,,,30,⭐ TIER 2 — Strong
Social Status | Contemporary Menswear & Footwear,Orlando,Florida,USA,https://www.socialstatuspgh.com/?srsltid=AfmBOooo7Z5dsHOgSFO1t8CFrEPn2UT4MjRISnaQHbhORRbPuFtyRoAe,@thesocialstatus,fancybox@3.5.7,1750102237,,,2026-04-16,,,,,,-30,❄️ TIER 4 — Cold
Request Boutique,Orlando,Florida,USA,https://requestboutique.com/?srsltid=AfmBOorT6r942jZZLZY5Ghv5QhyL4VMutCMw8Qo3uWTaQlqnrOlE2h7s,@context,info@requestboutique.com,1630524518,,,2026-04-16,,,,,,20,⭐ TIER 2 — Strong
RHUDE Men,Orlando,Florida,USA,https://www.therealreal.com/designers/rhude/men,@therealreal,,2953943037,,,2026-04-16,,,,,,30,⭐ TIER 2 — Strong
Best Spots for Streetwear Shopping in Orlando,Orlando,Florida,USA,https://www.mensclosetclothing.com/blogs/news/spots-for-streetwear-shopping-in-orlando?srsltid=AfmBOoqhX0oAjxR7mfUng98pUwdGsKVOWRsva1CtmoleonWKwOSshTeS,,,,,,2026-04-16,,,,,,0,❄️ TIER 4 — Cold
LEGEND | ORLANDO FL (@legendfla),Orlando,Florida,USA,https://www.instagram.com/legendfla/,@legendfla,,1037483433,,,2026-04-16,,,,,,-30,❄️ TIER 4 — Cold
Mindstreet – MINDS STREET FASHION,Orlando,Florida,USA,https://mindsstreet.com/,@minds__tm,INFO@MINDSSTREET.COM,1760469680,,,2026-04-16,,,,,,20,⭐ TIER 2 — Strong
Men's Closet | Authentic Jordan Sneakers & Streetwear ...,Orlando,Florida,USA,https://www.mensclosetclothing.com/?srsltid=AfmBOooERPEsbxR3pZ9KjhR-M6i_hr-9nD1tzZa1BI-LVqHMESp5IlQx,,,,,,2026-04-16,,,,,,0,❄️ TIER 4 — Cold
Aphonics - Aphonics,Orlando,Florida,USA,https://www.aphonicss.com/,,,2025110411,,,2026-04-16,,,,,,-40,❄️ TIER 4 — Cold
Impossible Kicks,Orlando,Florida,USA,https://impossiblekicks.com/?srsltid=AfmBOooREsjKIw6XJaVw1zZLl3rDRwCjGUzSzqjNeiAMUniG9jue-8qp,,,,,,2026-04-16,,,,,,0,❄️ TIER 4 — Cold
Aphonics at The Florida Mall - Simon,Orlando,Florida,USA,https://www.simon.com/mall/the-florida-mall/stores/aphonics,@shopfloridamall,,1766078725,,,2026-04-16,,,,,,-30,❄️ TIER 4 — Cold
Release Orlando,Orlando,Florida,USA,https://releaseorlando.com/,@releaseorlando,,1722993885,,,2026-04-16,,,,,,-30,❄️ TIER 4 — Cold
Orlando,Orlando,Florida,USA,https://hypebeast.com/tags/orlando,@hypebeast,screenshot-adblock@2x.c415715a.png,3702846231,,,2026-04-16,,,,,,10,📋 TIER 3 — Warm
Shoe & Sneaker Store in Orlando | JD Sports at The Florida Mall,Orlando,Florida,USA,https://stores.jdsports.com/fl/orlando/the-florida-mall.html,@jdsportsus,,(407) 855-2021,,,2026-04-16,,,,,,10,📋 TIER 3 — Warm
"Shop This Store on N Orange Blossom Trail in Orlando, FL",Orlando,Florida,USA,https://www.hibbett.com/storedetails/FL/Orlando/1580,@hibbettrosemontfl,,1776352493,,,2026-04-16,,,,,,-30,❄️ TIER 4 — Cold
Timeless Sneaker Boutique,Orlando,Florida,USA,https://timelessorlando.com/,@shopify,,1763495124,,,2026-04-16,,,,,,10,📋 TIER 3 — Warm
(@sneakersicarios) • Instagram photos and videos,Orlando,Florida,USA,https://www.instagram.com/sneakersicarios/,@sneakersicarios,,1037483433,,,2026-04-16,,,,,,10,📋 TIER 3 — Warm
Timeless Sneaker Boutique at The Florida Mall - Simon,Orlando,Florida,USA,https://www.simon.com/mall/the-florida-mall/stores/timeless-sneaker-boutique,@timeless.jax,,1766078725,,,2026-04-16,,,,,,10,📋 TIER 3 — Warm
"Shoe Store Orlando, FL | Sneakers and Apparel",Orlando,Florida,USA,https://www.hibbett.com/storedetails/FL/Orlando/1260,@hibbettorlandonorth,,1776352493,,,2026-04-16,,,,,,10,📋 TIER 3 — Warm
Orlando Fashion Square,Orlando,Florida,USA,https://stores.finishline.com/fl/orlando/orlando-fashion-square.html,@finishline,,(407) 896-3058,,,2026-04-16,,,,,,10,📋 TIER 3 — Warm
@hellstar now available in store #hellstar #dctampa,Tampa,Florida,USA,https://www.instagram.com/p/C5HBlhrPWV3/,@hellstar,,1037483433,,,2026-04-16,,,,,,35,⭐ TIER 2 — Strong
"Designers Closet Tampa on Instagram: ""come shop with us at ...",Tampa,Florida,USA,https://www.instagram.com/reel/DBJ0hwjvxQA/,@rsrc.php,,1037483433,,,2026-04-16,,,,,,10,📋 TIER 3 — Warm
"Citrus Park Mall Tampa, FL 8130 Citrus Park Dr ➡️ Near ...",Tampa,Florida,USA,https://www.instagram.com/reel/DAd29jUPTB7/,@rsrc.php,,1037483433,,,2026-04-16,,,,,,-30,❄️ TIER 4 — Cold
HELLSTAR - Living Legend,Tampa,Florida,USA,https://livinglegend.store/collections/collections-hellstar-studios?srsltid=AfmBOor9A0EkDB4JqLaqUerHR7dhQbTkgEm7omTX13DLtwUgiZdrDxuc,@livinglegend.store,storelivingleyends@gmail.com,1748531919,,,2026-04-16,,,,,,45,🔥 TIER 1 — Hot
New Bape and Hellstar tees in stock come shop today until ...,Tampa,Florida,USA,https://www.instagram.com/p/DCZukCsRyg4/,@rsrc.php,,1037483433,,,2026-04-16,,,,,,35,⭐ TIER 2 — Strong
Hellstar Studios,Tampa,Florida,USA,https://bullseyesb.com/collections/hellstar?srsltid=AfmBOoqhRNnyT25v4FkGLVXee5OM42pGaeAQ-Yesuh2lxlpGPvrvjkar,@bullseyesb,flickity@2.3.0,4204079679,,,2026-04-16,,,,,,35,⭐ TIER 2 — Strong
HELLSTAR RESTOCK AT BOTH LOCATIONS HITTING THE ...,Tampa,Florida,USA,https://www.instagram.com/reel/DMh-PORpFO5/,@rsrc.php,,1037483433,,,2026-04-16,,,,,,35,⭐ TIER 2 — Strong
SUPREME stores in Tampa Bay,Tampa,Florida,USA,https://www.shopenauer.com/en/brand/supreme/tampa-bay,@supremenewyork,,5682063865,,,2026-04-16,,,,,,25,⭐ TIER 2 — Strong
New furry supreme in stock we have a couple left tap ...,Tampa,Florida,USA,https://www.instagram.com/p/DR7mxEoj-3p/,@rsrc.php,,1037483433,,,2026-04-16,,,,,,25,⭐ TIER 2 — Strong
The World's Most Exclusive Urban Clothing Brand,Tampa,Florida,USA,https://swiftfoxmedia.com/2024/07/25/the-worlds-most-exclusive-urban-clothing-brand/,@context,admin@swiftfoxmedia.com,2167951930,,,2026-04-16,,,,,,20,⭐ TIER 2 — Strong
Social Status | Contemporary Menswear & Footwear,Tampa,Florida,USA,https://www.socialstatuspgh.com/?srsltid=AfmBOorvCb6jmVqWUfJAJ0iqoTsSBkj4L_GubiSmILKcN9h_zlTyvRQd,@thesocialstatus,fancybox@3.5.7,1750102237,,,2026-04-16,,,,,,-30,❄️ TIER 4 — Cold
Stockists,Tampa,Florida,USA,https://rh-ude.com/pages/stockists-1?srsltid=AfmBOopUKFGYNZ5ycHeM4-KHkRlnHPhkpwoUmieJNhO7z4n-10oQcL4n,@rhude,,1613580349,,,2026-04-16,,,,,,30,⭐ TIER 2 — Strong
RHUDE stores in Tampa Bay,Tampa,Florida,USA,https://www.shopenauer.com/en/brand/rhude/tampa-bay,@shopenauer_official,,5682063865,,,2026-04-16,,,,,,30,⭐ TIER 2 — Strong
R H U D E,Tampa,Florida,USA,https://rh-ude.com/?srsltid=AfmBOopF-SxaAPwRi0JpF9L3y8Yawzc2CCV6EnkFhA_D_YexLdqSddHt,@rhude,,1613580349,,,2026-04-16,,,,,,30,⭐ TIER 2 — Strong
Salt Pines,Tampa,Florida,USA,https://hydeparkvillage.com/tenants/salt-pines/,@hydeparkvillage,Monica.Doyle@wsdevelopment.com,1134619875,,,2026-04-16,,,,,,-20,❄️ TIER 4 — Cold
Shop Rhude Online,Tampa,Florida,USA,https://www.nordstrom.com/brands/rhude--18936?srsltid=AfmBOoofbLlowmgtuNGkM-5_xUe0ncPGognuf75lYMCEhFTrLkNECEsk,@4GfJ,,123456789,,,2026-04-16,,,,,,30,⭐ TIER 2 — Strong
Rhude,Tampa,Florida,USA,https://www.saksfifthavenue.com/brand/rhude,,,,,,2026-04-16,,,,,,20,⭐ TIER 2 — Strong
"Culture of Fame | Authentic Apparel & Footwear in Tampa, FL",Tampa,Florida,USA,https://cultureoffame.com/,@cultureoffame,,1272893772,,,2026-04-16,,,,,,10,📋 TIER 3 — Warm
Entourage (@entouragekicksandgear),Tampa,Florida,USA,https://www.instagram.com/entouragekicksandgear/?hl=en,@onyxbyentourage,,1037483433,,,2026-04-16,,,,,,10,📋 TIER 3 — Warm
Fresh Rags FL - Streetwear Clothes & Footwear Store,Tampa,Florida,USA,https://freshragsfl.com/?srsltid=AfmBOookHaxQ10Ry2EdbmvKr7Du-Kr-ZGOVpbgXRlCv6EjN9wiFYwtsO,@freshrags,info@freshragsfl.com,1752246950,,,2026-04-16,,,,,,20,⭐ TIER 2 — Strong
"Seasons Street Wear (@seasonstampa) · Tampa, FL",Tampa,Florida,USA,https://www.instagram.com/seasonstampa/,@seasonstampa,,1037483433,,,2026-04-16,,,,,,-30,❄️ TIER 4 — Cold
Entourage Streetwear | Premium Streetwear and Shoes,Tampa,Florida,USA,https://entouragestreetwear.com/,@font,,4900651358,,,2026-04-16,,,,,,10,📋 TIER 3 — Warm
Tampa bay designer world,Tampa,Florida,USA,https://813designerworld.com/,@font,,1329837617,,,2026-04-16,,,,,,10,📋 TIER 3 — Warm
Impossible Kicks,Tampa,Florida,USA,https://www.impossiblekicks.com/?srsltid=AfmBOorw8d8gkPJhRJz-Jev4OBiwfXtEgB5W7GXsd0t71dJtQvpjxiro,,,,,,2026-04-16,,,,,,0,❄️ TIER 4 — Cold
Soleciety,Tampa,Florida,USA,https://solecietyshop.com/?srsltid=AfmBOop5bogAsj1CgCByvNWUeYUt7BFOu_V85XQdrPPiTYUIfSwg3OAR,@Soleciety_,,8083580528,,,2026-04-16,,,,,,-30,❄️ TIER 4 — Cold
On Point has officially opened our 4th location at Tampa ...,Tampa,Florida,USA,https://www.instagram.com/reel/DNgNK2Tt33t/,@rsrc.php,,1037483433,,,2026-04-16,,,,,,-30,❄️ TIER 4 — Cold
"Culture of Fame | Authentic Apparel & Footwear in Tampa, ...",Tampa,Florida,USA,https://cultureoffame.com/,@cultureoffame,,1272893772,,,2026-04-16,,,,,,10,📋 TIER 3 — Warm
Tampa Shoes & Sneaker Store | Eastgate Shopping Center ...,Tampa,Florida,USA,https://locations.dtlr.com/fl/tampa/eastgate-shopping-center.html,@dtlrofficial,custserv@dtlr.com,1537521453,,,2026-04-16,,,,,,20,⭐ TIER 2 — Strong
A Sneaker City Tampa (@asneakercitytampa),Tampa,Florida,USA,https://www.instagram.com/asneakercitytampa/,@asneakercitytampa,,1037483433,,,2026-04-16,,,,,,10,📋 TIER 3 — Warm
"iCon – Premium Men's Fashion: Tees, Bottoms, Shoes ...",Tampa,Florida,USA,https://www.theiconclothingshop.com/?srsltid=AfmBOorLPd855Kj2J0WXawmwnBhBHybDcbUARGJzom6xzppoKrUx-cpA,@iconflorida,,1718207225,,,2026-04-16,,,,,,10,📋 TIER 3 — Warm
For the Bay Clothing Co.: For the Bay Clothing Company ...,Tampa,Florida,USA,https://www.forthebayclothingco.com/?srsltid=AfmBOorEdE5LI6BwFwFjUjCBAvJlFeip5atJ76KwdlqSdKxN_-spTD7R,@forthebayclothingco,Dave@4TBClothingCo.com,4527422579,,,2026-04-16,,,,,,20,⭐ TIER 2 — Strong
"Home Supreme Marine Inc. Fort Lauderdale, FL (954) 797-1818",Fort Lauderdale,Florida,USA,https://www.suprememarineinc.com/,@suprememarineinc,jquery.maskedinput@1.4.1,(954) 797-1818,,,2026-04-16,,,,,,25,⭐ TIER 2 — Strong
Supreme Men's Wear,Fort Lauderdale,Florida,USA,https://www.linkedin.com/company/supreme-men's-wear,@linkedin,,1693196074,,,2026-04-16,,,,,,25,⭐ TIER 2 — Strong
Supreme International Corporation,Fort Lauderdale,Florida,USA,https://www.encyclopedia.com/books/politics-and-business-magazines/supreme-international-corporation,@media,,(305) 592-2830,,,2026-04-16,,,,,,25,⭐ TIER 2 — Strong
Supreme Auto Imports: Used Cars Oakland Park FL | Used ...,Fort Lauderdale,Florida,USA,https://www.supremeautoimports.com/,@example.com,,954-907-7527,,,2026-04-16,,,,,,25,⭐ TIER 2 — Strong
Stockists,Fort Lauderdale,Florida,USA,https://rh-ude.com/pages/stockists-1?srsltid=AfmBOorDx6TUHO9Pnh0IWqWQ6nC_kig3HihGvskIO4AKRlbX_kyRnB-v,@rhude,,1613580349,,,2026-04-16,,,,,,30,⭐ TIER 2 — Strong
R H U D E - FTL- Cold Shoulder Kicks,Fort Lauderdale,Florida,USA,https://cskicksftl.com/collections/r-h-u-d-e?srsltid=AfmBOoq6WVrR4wOKxXQoS7UdhixH1KZa9BsLamIm3X9J2zINvXONDNA1,@coldshoulderkicksftl,,1725024684,,,2026-04-16,,,,,,10,📋 TIER 3 — Warm
"Heat Check: Rhude, Triple Sevens ...",Fort Lauderdale,Florida,USA,https://www.instagram.com/p/DND8aAVObRA/,@rsrc.php,,1037483433,,,2026-04-16,,,,,,30,⭐ TIER 2 — Strong
Shop Rhude Online,Fort Lauderdale,Florida,USA,https://www.nordstrom.com/brands/rhude--18936?srsltid=AfmBOor-SaNEIsUrq9G0ttf4qLRQCQxeQdJhMNxHqbM4V4_R8936rZvd,@4GfJ,,123456789,,,2026-04-16,,,,,,30,⭐ TIER 2 — Strong
R H U D E,Fort Lauderdale,Florida,USA,https://rh-ude.com/?srsltid=AfmBOoq2sPNk1iebyVwlX518rmln0IkCSj7v4iJsz8q1-K-HBn8CbPUq,@rhude,,1613580349,,,2026-04-16,,,,,,30,⭐ TIER 2 — Strong
Buttafly Rhude Collection - Fashion & Apparel Boutique,Fort Lauderdale,Florida,USA,https://yobuttafly.com/collections/rhude?srsltid=AfmBOorbMWhzxYSBVlEvwhtSamx7mp2wLbiJNCOuyRlauQcnzVxocAtV,@shopbuttafly,info@yobuttafly.com,1656788507,,,2026-04-16,,,,,,40,🔥 TIER 1 — Hot
SHOP ALL,Fort Lauderdale,Florida,USA,https://rh-ude.com/collections/shop-all?srsltid=AfmBOoo2ulwoV46YKFoHvYyCDnLdpg0QnA53IBDBYBdFbJkwPp8lf9p3,@rhude,,1613580349,,,2026-04-16,,,,,,30,⭐ TIER 2 — Strong
NEW ARRIVAL! Rhude Tee's AVAILABLE NOW! UNDER ...,Fort Lauderdale,Florida,USA,https://www.instagram.com/p/DL-dIPdMPJy/,@rsrc.php,,1037483433,,,2026-04-16,,,,,,30,⭐ TIER 2 — Strong
RHUDE - HYP Miami,Fort Lauderdale,Florida,USA,https://hypmiami.com/collections/rhude?srsltid=AfmBOortwpdSsnht8Wuba6mSoKNO-bcTeVZE2IUoSuhki__0z4WbxXyj,@hypmiami,customerservice@hypmiami.com,1754598013,,,2026-04-16,,,,,,40,🔥 TIER 1 — Hot
FTL- Cold Shoulder Kicks: High-end sneaker & clothing ...,Fort Lauderdale,Florida,USA,https://cskicksftl.com/?srsltid=AfmBOooXFMD2zlNvgZ9wEuPt5O0p-mQI5I6Rs0mpZQrgCUydRbqzztCm,@coldshoulderkicksftl,,1725024684,,,2026-04-16,,,,,,10,📋 TIER 3 — Warm
"Cold Shoulder Kicks - Fort Lauderdale, FL",Fort Lauderdale,Florida,USA,https://www.instagram.com/coldshoulderkicksftl/,@coldshoulderkicks,,1037483433,,,2026-04-16,,,,,,10,📋 TIER 3 — Warm
THE VAULT,Fort Lauderdale,Florida,USA,https://thevaultfl.com/,@font,,1746470621,,,2026-04-16,,,,,,-30,❄️ TIER 4 — Cold
Fresh Rags FL - Streetwear Clothes & Footwear Store,Fort Lauderdale,Florida,USA,https://freshragsfl.com/?srsltid=AfmBOooMrjgs_6JgW1prTpZ1XaYHbvJUg9L2Zvm_m2mDJbL1FOyWHpQH,@freshrags,info@freshragsfl.com,1752246950,,,2026-04-16,,,,,,20,⭐ TIER 2 — Strong
"Cold Shoulder Kicks - Fort Lauderdale, FL - Instagram",Fort Lauderdale,Florida,USA,https://www.instagram.com/coldshoulderkicksftl/,@stableronaldo,,1037483433,,,2026-04-16,,,,,,10,📋 TIER 3 — Warm
Riverbend Marketplace - Ft Lauderdale,Fort Lauderdale,Florida,USA,https://locations.dtlr.com/fl/ftlauderdale/riverbend-marketplace.html,@dtlrofficial,custserv@dtlr.com,1537521453,,,2026-04-16,,,,,,-20,❄️ TIER 4 — Cold
Florida,Fort Lauderdale,Florida,USA,https://hypebeast.com/tags/florida,@hypebeast,screenshot-adblock@2x.c415715a.png,3702846231,,,2026-04-16,,,,,,10,📋 TIER 3 — Warm
VAULT FORT LAUDERDALE (@vlt.ftl),Fort Lauderdale,Florida,USA,https://www.instagram.com/vlt.ftl/,@vlt.ftl,,1037483433,,,2026-04-16,,,,,,-30,❄️ TIER 4 — Cold
Island Style: Luxury Fashion Boutique at Fort Lauderdale Beach,Fort Lauderdale,Florida,USA,https://islandstylefl.com/,,,,,,2026-04-16,,,,,,0,❄️ TIER 4 — Cold
"VAULT FORT LAUDERDALE on Instagram: ""VLT Fort ...",Fort Lauderdale,Florida,USA,https://www.instagram.com/reel/C6HU8aKu9pC/,@rsrc.php,,1037483433,,,2026-04-16,,,,,,-30,❄️ TIER 4 — Cold
Galleria Mall at Fort Lauderdale,Fort Lauderdale,Florida,USA,https://stores.finishline.com/fl/ftlauderdale/galleria-mall-at-fort-lauderdale.html,@finishline,,(954) 568-7886,,,2026-04-16,,,,,,-30,❄️ TIER 4 — Cold
Shoe & Sneaker Store in Sunrise | JD Sports at Sawgrass ...,Fort Lauderdale,Florida,USA,https://stores.jdsports.com/fl/sunrise/sawgrass-mills.html,@jdsportsus,,(954) 838-8674,,,2026-04-16,,,,,,10,📋 TIER 3 — Warm
Survival Miami: Top Urban & Streetwear Shop for Clothing ...,Fort Lauderdale,Florida,USA,https://survivalmiami.com/?srsltid=AfmBOorv8-O8iFBip0F962FMHVlP0rklxPgMhzg1G_bbyuZWGQkIRx3L,@survivalmiami,,1721896939,,,2026-04-16,,,,,,10,📋 TIER 3 — Warm
Hellstar Records Tee Cream,Jacksonville,Florida,USA,https://duvalkickz.com/products/untitled-aug19_11-24,@duval.kickz,,5536559929,,,2026-04-16,,,,,,35,⭐ TIER 2 — Strong
SOUL2SOLE | NEW HELLSTAR 🌟 NOW INSTOCK‼️ ...,Jacksonville,Florida,USA,https://www.instagram.com/p/C-3OwLOvOUC/,@rsrc.php,,1037483433,,,2026-04-16,,,,,,35,⭐ TIER 2 — Strong
Duval.Kickz,Jacksonville,Florida,USA,https://duvalkickz.com/,@duval.kickz,,5536559929,,,2026-04-16,,,,,,-30,❄️ TIER 4 — Cold
Stockists,Jacksonville,Florida,USA,https://hellstar.com/pages/stockists,@HELLSTAR,,5230780330,,,2026-04-16,,,,,,35,⭐ TIER 2 — Strong
Hellstar Clothing | Tees Hoodies Long Sleeves,Jacksonville,Florida,USA,https://www.stadiumgoods.com/collections/hellstar?srsltid=AfmBOormb78O7zBp9tBAgzC6eevt6ve4Q6dKce82yLF4DeN1ZQvKTl3g,@stadiumgoods,hello@shopmail.stadiumgoods.com,8070339516,,,2026-04-16,,,,,,45,🔥 TIER 1 — Hot
"on Instagram: ""Quick meetup for a Hellstar Tee #explorepage ...",Jacksonville,Florida,USA,https://www.instagram.com/reel/DWaIKzjjaTu/,@rsrc.php,,1037483433,,,2026-04-16,,,,,,35,⭐ TIER 2 — Strong
HELLSTAR SPORTS Bigger Than Satan 💫 Sizes: small and ...,Jacksonville,Florida,USA,https://www.instagram.com/p/DCmWstExC-y/,@rsrc.php,,1037483433,,,2026-04-16,,,,,,35,⭐ TIER 2 — Strong
Weekend Clothing Sale!!! -$20 off Supreme -$20 off Gallery ...,Jacksonville,Florida,USA,https://www.instagram.com/reel/DDSQ6fWxKJZ/,@leveledupjaxbeach.,,1037483433,,,2026-04-16,,,,,,25,⭐ TIER 2 — Strong
Supreme Auto & Finance LLC: HOME,Jacksonville,Florida,USA,https://www.supremeautofinance.com/,,,,,,2026-04-16,,,,,,15,📋 TIER 3 — Warm
"Supreme S and V Shop | Jacksonville, FL | Vape Shop | 5",Jacksonville,Florida,USA,https://www.fivestars.com/business/FL/Jacksonville/Vape-Shop/Supreme-S-and-V-Shop/00bf64f4e8fa4c4a90fe8860525a401a/,@fivestars,,844-893-1456,,,2026-04-16,,,,,,25,⭐ TIER 2 — Strong
"Supreme Smoke And Vape Shop - Reviews, Photos & Phone ...",Jacksonville,Florida,USA,https://supreme-smoke-and-vape-shop.wheree.com/,,,,,,2026-04-16,,,,,,15,📋 TIER 3 — Warm
"Chrome, Palm Angels, Amiri, Supreme, Moncler & Celine ...",Jacksonville,Florida,USA,https://www.instagram.com/reel/DWcNx22Cf7H/,@rsrc.php,,1037483433,,,2026-04-16,,,,,,25,⭐ TIER 2 — Strong
"High Quality Car Inventory in Jacksonville, FL",Jacksonville,Florida,USA,https://www.supremeautofinance.com/inventory/,,,,,,2026-04-16,,,,,,15,📋 TIER 3 — Warm
Rhude,Jacksonville,Florida,USA,https://timeless-sneakers.com/collections/rhude-1,@shopify,,6055595238,,,2026-04-16,,,,,,30,⭐ TIER 2 — Strong
R H U D E,Jacksonville,Florida,USA,https://rh-ude.com/?srsltid=AfmBOoq2PdHIWehlCZQFiJGP1fwRBn669sFbyjx9wGKAtvgbyDsFsA_h,@rhude,,1613580349,,,2026-04-16,,,,,,30,⭐ TIER 2 — Strong
Shop Rhude Online,Jacksonville,Florida,USA,https://www.nordstrom.com/brands/rhude--18936?srsltid=AfmBOoosTJzAtVYr_ea9gmPjPMKTmpypjIljbKsPgHzYkR3naKqULWnS,@4GfJ,,123456789,,,2026-04-16,,,,,,30,⭐ TIER 2 — Strong
SHOP ALL,Jacksonville,Florida,USA,https://rh-ude.com/collections/shop-all?srsltid=AfmBOoquY57FlrhwQQXA-z1r5IJPSSpOf6xTqHLppQ1hv3LaplLHp2M7,@rhude,,1613580349,,,2026-04-16,,,,,,30,⭐ TIER 2 — Strong
"rhude shirts for Sale in Jacksonville, FL",Jacksonville,Florida,USA,https://offerup.com/item/detail/3a8214e1-9a2d-3a5f-aaa3-d6530e498874,@offerup,,2458588754,,,2026-04-16,,,,,,30,⭐ TIER 2 — Strong
Men's Clothing,Jacksonville,Florida,USA,https://www.nordstrom.com/browse/men/clothing?srsltid=AfmBOopV4fDLchiKv-snU7RMBZckstSEPycCQeaq3wg-gX-OoAChjG2a,@4GfJ,,123456789,,,2026-04-16,,,,,,10,📋 TIER 3 — Warm
Swag Shop | Premier Urban Streetwear & Custom Apparel in ...,Jacksonville,Florida,USA,https://swagshopclothing.com/?srsltid=AfmBOoo-ls65-QwGvbZPxWkE17D3k74gaOxyJmQR5kS5ULKTaXH01rNd,@font,,1724272880,,,2026-04-16,,,,,,10,📋 TIER 3 — Warm
BACKSTREET ✮ (@backstreetjax),Jacksonville,Florida,USA,https://www.instagram.com/backstreetjax/,@backstreetjax,,1037483433,,,2026-04-16,,,,,,-30,❄️ TIER 4 — Cold
"Designers Closet - A Shopping Center in Jacksonville, FL",Jacksonville,Florida,USA,https://www.simon.com/mall/the-avenues/stores/designers-closet,,,,,,2026-04-16,,,,,,0,❄️ TIER 4 — Cold
Timeless Sneaker Boutique at The Avenues - Jacksonville,Jacksonville,Florida,USA,https://www.simon.com/mall/the-avenues/stores/timeless-sneaker-boutique,,,,,,2026-04-16,,,,,,0,❄️ TIER 4 — Cold
"CAPTIVATED CLOSET (@captivatedcloset) · Jacksonville, FL",Jacksonville,Florida,USA,https://www.instagram.com/captivatedcloset/,@captivatedcloset,,1037483433,,,2026-04-16,,,,,,-30,❄️ TIER 4 — Cold
St. Johns Town Center - Jacksonville,Jacksonville,Florida,USA,https://stores.jdsports.com/fl/jacksonville/st.-johns-town-center.html,@jdsportsus,,(904) 997-8967,,,2026-04-16,,,,,,-30,❄️ TIER 4 — Cold
SOUL2SOLE (@soul2solejax) • Instagram photos and videos,Jacksonville,Florida,USA,https://www.instagram.com/soul2solejax/?hl=en,@soul2solejax,,1037483433,,,2026-04-16,,,,,,-30,❄️ TIER 4 — Cold
5+ of the Top Boutiques in Jacksonville,Jacksonville,Florida,USA,https://www.unation.com/stuff-to-do/boutiques-in-jacksonville/?srsltid=AfmBOoqeELCCNT0uFOrdfSR4MPUzj3capN14pwm6YHumQEe6Bl3Swqea,,,,,,2026-04-16,,,,,,0,❄️ TIER 4 — Cold
Leveled Up Sneaker Boutique (@leveledupstore),Jacksonville,Florida,USA,https://www.instagram.com/leveledupstore/?hl=en,@leveledupstore,,1037483433,,,2026-04-16,,,,,,10,📋 TIER 3 — Warm
Timeless Sneaker Boutique (@timeless.jax),Jacksonville,Florida,USA,https://www.instagram.com/timeless.jax/,@timeless.jax,,1037483433,,,2026-04-16,,,,,,10,📋 TIER 3 — Warm
"🏁Final Lap🏁 (@finallapshop) · Jacksonville, FL",Jacksonville,Florida,USA,https://www.instagram.com/finallapshop/,@finallapshop,,1037483433,,,2026-04-16,,,,,,-30,❄️ TIER 4 — Cold
Town Center At Boca Raton - Hollister Stores,Boca Raton,Florida,USA,https://www.hollisterco.com/shop/us/clothing-stores/US/BocaRaton/FL/30412,,,,,,2026-04-16,,,,,,0,❄️ TIER 4 — Cold
Request Boutique,Boca Raton,Florida,USA,https://requestboutique.com/?srsltid=AfmBOopgBH3To_lLl4v70uVBo6k0j2SFZlss1lZVwd0FblCGFJEaGetI,@context,info@requestboutique.com,1630524518,,,2026-04-16,,,,,,20,⭐ TIER 2 — Strong
New HellStar In Store & Online Now! Sport Hoodie sz XL- ...,Boca Raton,Florida,USA,https://www.instagram.com/p/CyysJTSJc7i/,@rsrc.php,,1037483433,,,2026-04-16,,,,,,35,⭐ TIER 2 — Strong
Brands at Town Center at Boca Raton® - Simon,Boca Raton,Florida,USA,https://www.simon.com/brands/center/town-center-at-boca-raton,,,,,,2026-04-16,,,,,,-40,❄️ TIER 4 — Cold
HELLSTAR - HYP Miami,Boca Raton,Florida,USA,https://hypmiami.com/collections/hellstar?srsltid=AfmBOoqQ_Jh28uFQHz57nX1iUsME8-seDhPac0-x1mEH__CD5y3AB6HM,@hypmiami,customerservice@hypmiami.com,1754598013,,,2026-04-16,,,,,,45,🔥 TIER 1 — Hot
HELLSTAR AVAILABLE IN STORE AND ONLINE,Boca Raton,Florida,USA,https://www.instagram.com/p/DA3xcdDPneI/,@rsrc.php,,1037483433,,,2026-04-16,,,,,,35,⭐ TIER 2 — Strong
Contact Us,Boca Raton,Florida,USA,https://hellstar.com/pages/contact-us,@HELLSTAR,,5230780330,,,2026-04-16,,,,,,35,⭐ TIER 2 — Strong
Hellstar Miami Boutiques,Boca Raton,Florida,USA,https://www.instagram.com/popular/hellstar-miami-boutiques/,@rsrc.php,,1037483433,,,2026-04-16,,,,,,35,⭐ TIER 2 — Strong
Shop All,Boca Raton,Florida,USA,https://hellstar.com/collections/shop-all,@HELLSTAR,,5230780330,,,2026-04-16,,,,,,35,⭐ TIER 2 — Strong
Supreme Motors - Boca Raton,Boca Raton,Florida,USA,https://suprememotorsusa.com/,@suprememotorsfla.com,UsedCars@SupremeMotorsFla.com,(954) 561-2499,,,2026-04-16,,,,,,35,⭐ TIER 2 — Strong
"Supreme Motors – Car Dealer in Boca Raton, FL",Boca Raton,Florida,USA,https://www.suprememotorsusa.net/,,,,,,2026-04-16,,,,,,15,📋 TIER 3 — Warm
SUPREME MOTORS of Boca Raton,Boca Raton,Florida,USA,https://www.braunability.com/us/en/handicap-mobility-van-dealer-locator/dealers/supreme-motors/fl/boca-raton.html,@braunability,js-cookie@3.0.5,800-488-0359,,,2026-04-16,,,,,,25,⭐ TIER 2 — Strong
Supreme Motors,Boca Raton,Florida,USA,https://www.blvd.com/wheelchair-van-dealers/supreme-motors,,,118-1607369,,,2026-04-16,,,,,,15,📋 TIER 3 — Warm
"Supreme Deals Inc Company Profile | Boca Raton, Florida",Boca Raton,Florida,USA,https://www.dnb.com/business-directory/company-profiles.supreme_deals_inc.b3c0a85f08df1ec10714e8f571593872.html,,,,,,2026-04-16,,,,,,15,📋 TIER 3 — Warm
Supreme Distributors Co.,Boca Raton,Florida,USA,https://www.puritywholesale.com/supreme/,@info,info@pwg-inc.com,800-323-6838,,,2026-04-16,,,,,,35,⭐ TIER 2 — Strong
R H U D E,Boca Raton,Florida,USA,https://rh-ude.com/?srsltid=AfmBOopIWA8Nwl-lxnwqiSAT-iGhWysgqG_5Eg394Tu6_QfRZBYGYmPJ,@rhude,,1613580349,,,2026-04-16,,,,,,30,⭐ TIER 2 — Strong
Shop Rhude Online,Boca Raton,Florida,USA,https://www.nordstrom.com/brands/rhude--18936?srsltid=AfmBOoqNrTFpzITFZNF6cZBlJVaKhUDjElc3qwH59b1bTESG9uHcSPvS,@4GfJ,,123456789,,,2026-04-16,,,,,,30,⭐ TIER 2 — Strong
Find a store,Boca Raton,Florida,USA,https://www.rhone.com/store-locator/?srsltid=AfmBOoo5pl2MaoztfCxNW4_gS2KJRTpnmY6LKNwdswxjax2Xmr-NIXnR,,,,,,2026-04-16,,,,,,-40,❄️ TIER 4 — Cold
Raise The Bar Menswear: From the beach to black tie,Boca Raton,Florida,USA,https://rtbboca.com/,@media,RTB_Logo_245x@2x.png,1626800338,,,2026-04-16,,,,,,-20,❄️ TIER 4 — Cold
Request Boutique Boca (@requestboutiquebocaraton),Boca Raton,Florida,USA,https://www.instagram.com/requestboutiquebocaraton/,@requestboutiquebocaraton,,1037483433,,,2026-04-16,,,,,,10,📋 TIER 3 — Warm
The Boca Raton,Boca Raton,Florida,USA,https://www.rhone.com/locations/the-boca-raton/?srsltid=AfmBOoriSPYTDg7JfVUFVZuTlr_uL8KHjW2B2jDLTsC07V-CjNn8ZV7X,,,,,,2026-04-16,,,,,,-40,❄️ TIER 4 — Cold
RH Outlet Boca Raton - RH Teen,Boca Raton,Florida,USA,https://rhteen.rh.com/ca/en/store-locations/654.jsp,@rh.com.,,,,,2026-04-16,,,,,,-30,❄️ TIER 4 — Cold
"Edikted - A Shopping Center in Boca Raton, FL - Simon",Boca Raton,Florida,USA,https://www.simon.com/mall/town-center-at-boca-raton/stores/edikted,,,,,,2026-04-16,,,,,,-40,❄️ TIER 4 — Cold
Our Locations,Boca Raton,Florida,USA,https://www.revivalboutiques.com/pages/our-locations,@media,revival-logo_1_600x@2x.png,7764205678,,,2026-04-16,,,,,,20,⭐ TIER 2 — Strong
Addict - Bal Harbour Shops Pop-up,Boca Raton,Florida,USA,https://www.balharbourshopspopup.com/brand/addict/,@balharbourshops_popup,,1527340294,,,2026-04-16,,,,,,-30,❄️ TIER 4 — Cold
Request Boutique Boca | Request The Place Where Everyone ...,Boca Raton,Florida,USA,https://www.instagram.com/reel/DPUcljljbjI/,@rsrc.php,,1037483433,,,2026-04-16,,,,,,10,📋 TIER 3 — Warm
"Request Boutique - A Shopping Center in Boca Raton, FL",Boca Raton,Florida,USA,https://www.simon.com/mall/town-center-at-boca-raton/stores/request-boutique,,,,,,2026-04-16,,,,,,0,❄️ TIER 4 — Cold
"Edikted on Instagram: ""boca babes!! our NEW boca store is ...",Boca Raton,Florida,USA,https://www.instagram.com/reel/DNHgdSINgPI/,@rsrc.php,,1037483433,,,2026-04-16,,,,,,-30,❄️ TIER 4 — Cold
Social Status | Contemporary Menswear & Footwear,Boca Raton,Florida,USA,https://www.socialstatuspgh.com/?srsltid=AfmBOopXxuGIYc6QeQHLcQcgRxzVMEBqrPfE10EIe3qfbBhF2eTYU4HL,@thesocialstatus,fancybox@3.5.7,1750102237,,,2026-04-16,,,,,,-30,❄️ TIER 4 — Cold
https://www.revivalboutiques.com/ – Revival Boutique,Boca Raton,Florida,USA,https://www.revivalboutiques.com/,@revivalboutiques,revival-logo_1_600x@2x.png,7764205678,,,2026-04-16,,,,,,20,⭐ TIER 2 — Strong
Jessie Boutique: Jessie a Fashion Boutique,Boca Raton,Florida,USA,https://jessieboutique.com/?srsltid=AfmBOoqWZ70IfbGJ5cBgFv7sRNiRq6aNsOV3-EybR4K7g2-uzFFn_c2v,@jessieboutique,cs@jessieboutique.com,1613526311,,,2026-04-16,,,,,,20,⭐ TIER 2 — Strong
Fancy James Boutique Ⓡ (@fancyjamesboutique),Boca Raton,Florida,USA,https://www.instagram.com/fancyjamesboutique/,@fancyjames,,1037483433,,,2026-04-16,,,,,,10,📋 TIER 3 — Warm
"Wish & Shoes Boca Raton, Florida",Boca Raton,Florida,USA,https://www.wishandshoes.com/wish-shoes-boca-raton-florida/,,,,,,2026-04-16,,,,,,-40,❄️ TIER 4 — Cold
Boca Raton Shoe & Sneaker Store | Boca Town Center JD ...,Boca Raton,Florida,USA,https://stores.jdsports.com/fl/bocaraton/boca-town-center.html,@jdsportsus,,(561) 210-0422,,,2026-04-16,,,,,,10,📋 TIER 3 — Warm
ggdb / boca raton town center,Boca Raton,Florida,USA,https://www.goldengoose.com/us/en/stores/boca-raton/118,@goldengoose,johndoe@some.com,1776353947,,,2026-04-16,,,,,,-20,❄️ TIER 4 — Cold
best prices in south florida available in-store and online,West Palm Beach,Florida,USA,https://www.instagram.com/p/C6wb8aKOpk8/,@rsrc.php,,1037483433,,,2026-04-16,,,,,,-30,❄️ TIER 4 — Cold
"Atlas 🔝 Supplier (@atlasresells) · West Palm Beach, FL",West Palm Beach,Florida,USA,https://www.instagram.com/atlasresells/,@atlasresells,,1037483433,,,2026-04-16,,,,,,-30,❄️ TIER 4 — Cold
SNEAK PEEK LUXURY | Sneakers & Streetwear 👟 | 💫 Hellstar ...,West Palm Beach,Florida,USA,https://www.instagram.com/reel/DKhVoN-OFww/,@rsrc.php,,1037483433,,,2026-04-16,,,,,,35,⭐ TIER 2 — Strong
West Palm Beach (FL),West Palm Beach,Florida,USA,https://locations.dtlr.com/fl/westpalmbeach/west-palm-beach-fl.html,@dtlrofficial,custserv@dtlr.com,1537521453,,,2026-04-16,,,,,,-20,❄️ TIER 4 — Cold
Sports,West Palm Beach,Florida,USA,https://hellstar.com/collections/sports,@HELLSTAR,,5230780330,,,2026-04-16,,,,,,35,⭐ TIER 2 — Strong
Sp5der + Denim WPB FL DM FOR AVAILABILITY ✈️ ...,West Palm Beach,Florida,USA,https://www.instagram.com/reel/DV2E5NrES0Y/,@atlasresells,,1037483433,,,2026-04-16,,,,,,25,⭐ TIER 2 — Strong
New Hellstar Sports just touched down!,West Palm Beach,Florida,USA,https://www.instagram.com/p/DLGGeCRS6pf/,@rsrc.php,,1037483433,,,2026-04-16,,,,,,35,⭐ TIER 2 — Strong
Hellstar T-Shirt,West Palm Beach,Florida,USA,https://www.ebay.com/itm/317040649610,@ebay,,2026041419,,,2026-04-16,,,,,,35,⭐ TIER 2 — Strong
Find a Dealer,West Palm Beach,Florida,USA,https://supremetowboats.com/find-a-dealer/,@supremeboats,,1470411083,,,2026-04-16,,,,,,25,⭐ TIER 2 — Strong
Supreme is opening its first-ever store in Miami tomorrow,West Palm Beach,Florida,USA,https://www.timeout.com/miami/news/supreme-is-opening-its-first-ever-store-in-miami-tomorrow-040925,@context,,1105237622,,,2026-04-16,,,,,,25,⭐ TIER 2 — Strong
New Supreme store just dropped in Miami's Design District ...,West Palm Beach,Florida,USA,https://www.instagram.com/reel/DIvqWFEO5gJ/,@rsrc.php,,1037483433,,,2026-04-16,,,,,,25,⭐ TIER 2 — Strong
Shop Rhude Online,West Palm Beach,Florida,USA,https://www.nordstrom.com/brands/rhude--18936?srsltid=AfmBOork6eri988cprX6rc77jiO1EL7yy7dbWJ8lA7YdKHgNa3GXmG0t,@4GfJ,,123456789,,,2026-04-16,,,,,,30,⭐ TIER 2 — Strong
"rhude – tagged ""white""",West Palm Beach,Florida,USA,https://snaggedandbagged.com/collections/vendors?q=rhude&constraint=white&srsltid=AfmBOoo0MwoGD2w8lIwu1WpYrCd3nDBdBPUOdnRZlBNf7us2m1stprjK,@shopsnaggedandbagged,,1476187412,,,2026-04-16,,,,,,30,⭐ TIER 2 — Strong
RH West Palm,West Palm Beach,Florida,USA,https://rh.com/us/en/westpalm,,,,,,2026-04-16,,,,,,-40,❄️ TIER 4 — Cold
R H U D E,West Palm Beach,Florida,USA,https://rh-ude.com/?srsltid=AfmBOoqQy9J44hf_IMG1KXFj8sPFwLzyPK2oQqrN9qbARDqymO85C928,@rhude,,1613580349,,,2026-04-16,,,,,,30,⭐ TIER 2 — Strong
"The Webster: Curated Luxury Fashion, Beauty & Lifestyle",West Palm Beach,Florida,USA,https://thewebster.com/?srsltid=AfmBOopw7lgNtzehWSuTlJtN3ckLOvoh7oKdeb_KMo2i3repjMjaeXxs,@thewebster,,2147483647,,,2026-04-16,,,,,,10,📋 TIER 3 — Warm
Urban Wear Connection (@urbanwearconnection),West Palm Beach,Florida,USA,https://www.instagram.com/urbanwearconnection/,@urbanwearconnection,,1037483433,,,2026-04-16,,,,,,-30,❄️ TIER 4 — Cold
Cold Shoulder Kicks: High-end sneaker resell boutique – PB,West Palm Beach,Florida,USA,https://cskicks.com/?srsltid=AfmBOopWvk105nUAQ_b7y8Iky762fF3mFh9zfAC1ObvNtOtdH3XHTQqX,@coldshoulderkicks,,1721427898,,,2026-04-16,,,,,,10,📋 TIER 3 — Warm
"HYPE STREETWEAR (HYPEGRL) - West Palm Beach, FL",West Palm Beach,Florida,USA,https://nextdoor.com/pages/hypegrl-west-palm-beach-fl-1/,@supports,next_expl_2_insightful16@3x-2e582d8619ece3f820ec8705c624749e.png,1146116819,,,2026-04-16,,,,,,20,⭐ TIER 2 — Strong
Discovering the Finest Boutiques in West Palm Beach,West Palm Beach,Florida,USA,https://www.theberkeleypalmbeach.com/discovering-the-finest-boutiques-in-west-palm-beach/,,,,,,2026-04-16,,,,,,0,❄️ TIER 4 — Cold
Palm Beach's #1 Urban/Streetwear boutique clothing store ...,West Palm Beach,Florida,USA,https://www.instagram.com/p/DWrPzbdDnIM/,@urbanwear45thst,,1037483433,,,2026-04-16,,,,,,10,📋 TIER 3 — Warm
https://impossiblekicks.com/?utm_source=gmb_palmbe...,West Palm Beach,Florida,USA,https://impossiblekicks.com/?utm_source=gmb_palmbeach&utm_medium=organic&srsltid=AfmBOoqJX1FCAYSQsx3XMlE70RL5iJzHki6qcMRR79YdXssMIet4i2Xw,,,,,,2026-04-16,,,,,,0,❄️ TIER 4 — Cold
Cold Shoulder Kicks- Palm Beach (@coldshoulderkicks),West Palm Beach,Florida,USA,https://www.instagram.com/coldshoulderkicks/,@coldshoulderkicksftl,,1037483433,,,2026-04-16,,,,,,10,📋 TIER 3 — Warm
"This is a PSA addressing all the rumors. Yes, the West Palm ...",West Palm Beach,Florida,USA,https://www.instagram.com/reel/DQCJf5CjaCU/,@rsrc.php,,1037483433,,,2026-04-16,,,,,,-30,❄️ TIER 4 — Cold
𝐑 𝐄 𝐋 𝐔 𝐗 𝐄 - 𝐖𝐄𝐒𝐓 𝐏𝐀𝐋𝐌 𝐁𝐄𝐀𝐂𝐇 (@reluxe),West Palm Beach,Florida,USA,https://www.instagram.com/reluxe/,@reluxe,,1037483433,,,2026-04-16,,,,,,-30,❄️ TIER 4 — Cold
Wellington Green - West Palm Beach,West Palm Beach,Florida,USA,https://stores.jdsports.com/fl/westpalmbeach/wellington-green.html,@jdsportsus,,(561) 422-8933,,,2026-04-16,,,,,,-30,❄️ TIER 4 — Cold
Creamstreetwear carries the latest in men's streetwear brands ...,West Palm Beach,Florida,USA,https://www.creamstreetlife.com/,@creamstreetwear,,2570940018,,,2026-04-16,,,,,,10,📋 TIER 3 — Warm
"Almighty Kicks (@almightykicksmiami) · Miami, FL",Hialeah,Florida,USA,https://www.instagram.com/almightykicksmiami/,@almightykicksmiami,,1037483433,,,2026-04-16,,,,,,10,📋 TIER 3 — Warm
HELLSTAR - HYP Miami,Hialeah,Florida,USA,https://hypmiami.com/collections/hellstar?srsltid=AfmBOoqa8utzPDX6IKR_D1ggX-B-xobGn8HAfysfTzKMiftCXjtbilvU,@hypmiami,customerservice@hypmiami.com,1754598013,,,2026-04-16,,,,,,45,🔥 TIER 1 — Hot
Hellstar,Hialeah,Florida,USA,https://courtsidekicks.com/collections/hellstar,@courtsidekicks,Info@courtsidekicksma.com,1610835676,,,2026-04-16,,,,,,45,🔥 TIER 1 — Hot
Miami International Mall - Hollister Stores,Hialeah,Florida,USA,https://www.hollisterco.com/shop/us/clothing-stores/US/Miami/FL/30419,,,,,,2026-04-16,,,,,,0,❄️ TIER 4 — Cold
HELLSTAR (@hellstar) • Instagram photos and videos,Hialeah,Florida,USA,https://www.instagram.com/hellstar/,@malitoney10,,1037483433,,,2026-04-16,,,,,,35,⭐ TIER 2 — Strong
Stockists,Hialeah,Florida,USA,https://rh-ude.com/pages/stockists-1?srsltid=AfmBOopFStvStWXyj8-ghc5uo9I6F_R4nHgX9IWbgliCRazD6Rp8gsIG,@rhude,,1613580349,,,2026-04-16,,,,,,30,⭐ TIER 2 — Strong
RHUDE - HYP Miami,Hialeah,Florida,USA,https://hypmiami.com/collections/rhude?srsltid=AfmBOoolmXtJfBDLSHrDdVc4bTki40cxvaGx0MhcfjUnlr7y5bZvBOCL,@hypmiami,customerservice@hypmiami.com,1754598013,,,2026-04-16,,,,,,40,🔥 TIER 1 — Hot
R H U D E,Hialeah,Florida,USA,https://rh-ude.com/?srsltid=AfmBOoqm7uAXWnCP8kR9EO0rgnMg3cWsBuVByq9buWfAj3p3vMgHbRI9,@rhude,,1613580349,,,2026-04-16,,,,,,30,⭐ TIER 2 — Strong
Shop Rhude Online,Hialeah,Florida,USA,https://www.nordstrom.com/brands/rhude--18936?srsltid=AfmBOoo2ovf3o6Wvs5xNmRZYKrvyYFV9aWvWWITR59YZpXot6S_AcVFD,@4GfJ,,123456789,,,2026-04-16,,,,,,30,⭐ TIER 2 — Strong
Rhude Miami Store Location,Hialeah,Florida,USA,https://www.instagram.com/popular/rhude-miami-store-location/,@rsrc.php,,1037483433,,,2026-04-16,,,,,,30,⭐ TIER 2 — Strong
Shop RHUDE Streetwear | Luxury Style,Hialeah,Florida,USA,https://www.stadiumgoods.com/collections/streetwear-other-brands-rhude?srsltid=AfmBOoq-X5QPVn7hmibn8rviWjq9CVCXB3sOnpmKZPtQRoZClfMsQ04K,@stadiumgoods,hello@shopmail.stadiumgoods.com,8070339516,,,2026-04-16,,,,,,40,🔥 TIER 1 — Hot
"Westland Mall on Instagram: ""New drop alert: CATCH is ...",Hialeah,Florida,USA,https://www.instagram.com/reel/DKZ4PaWviuE/,@rsrc.php,,1037483433,,,2026-04-16,,,,,,-30,❄️ TIER 4 — Cold
Rep Your City Clothing - Hialeah Street Wear,Hialeah,Florida,USA,https://www.hialeahstreetwear.com/?zip=Hollywood%2C%20FL&add-to-cart=592,@media,,1771523124,,,2026-04-16,,,,,,10,📋 TIER 3 — Warm
"CITITRENDS at 901 East 10th Ave Hialeah, FL",Hialeah,Florida,USA,https://locations.cititrends.com/fl/hialeah/901-east-10th-ave.html,@wearecititrends,,2079328097,,,2026-04-16,,,,,,-30,❄️ TIER 4 — Cold
The Fashion House Miami Hialeah,Hialeah,Florida,USA,https://www.instagram.com/popular/the-fashion-house-miami-hialeah/,@rsrc.php,,1037483433,,,2026-04-16,,,,,,10,📋 TIER 3 — Warm
Survival Miami: Top Urban & Streetwear Shop for Clothing ...,Hialeah,Florida,USA,https://survivalmiami.com/?srsltid=AfmBOoq85of9nRqlVFgQafKTHJGZ3-MzuVm2Xu06qnun_1mS069YRzEH,@survivalmiami,,1721896939,,,2026-04-16,,,,,,10,📋 TIER 3 — Warm
Fresh Rags FL - Streetwear Clothes & Footwear Store,Hialeah,Florida,USA,https://freshragsfl.com/?srsltid=AfmBOoo_YxD9H2YPjTG5YUJW_p1AC9odmVS_M5VIEBp8QYp3ne-7jVsd,@freshrags,info@freshragsfl.com,1752246950,,,2026-04-16,,,,,,20,⭐ TIER 2 — Strong
STREETWISE CLOTHING | Streetwear & Urban Hip-Hop ...,Hialeah,Florida,USA,https://streetwisegear.com/?srsltid=AfmBOop2VPb7DssyAlM50xwqcbHxaOZ21icZWv0i_FGjOrav0drMaxJ2,@streetwisegear,onlinesales@streetwisegear.com,1613149822,,,2026-04-16,,,,,,20,⭐ TIER 2 — Strong
Like Boutique 📍693West 49ST Hialeah Fl 33012 📍8150 ...,Hialeah,Florida,USA,https://www.instagram.com/tv/CTBfnpzDCNe/,@rsrc.php,,1037483433,,,2026-04-16,,,,,,10,📋 TIER 3 — Warm
HYP - A Futuristic Sneaker & Streetwear Shopping Experience,Hialeah,Florida,USA,https://hypmiami.com/?srsltid=AfmBOor5E8upoC7i0I1rCanvMzu4I1MO98vih0VEFzDGeqgB4velWD_s,@hypmiami,customerservice@hypmiami.com,1754598013,,,2026-04-16,,,,,,20,⭐ TIER 2 — Strong
Sneaker Shop Hialeah FL,Hialeah,Florida,USA,https://www.shopwss.com/pages/hialeah-store-159?srsltid=AfmBOopwIra5gLeb_wgcrqzkLcgdRqgd2EgGB5LQ1s7z8xaCVBfPMg1y,@ShopWSS,help@shopwss.com,1759352978,,,2026-04-16,,,,,,20,⭐ TIER 2 — Strong
East Hialeah Marketplace - Miami Footwear & Apparel Store,Hialeah,Florida,USA,https://locations.dtlr.com/fl/miami/east-hialeah-marketplace.html,@dtlrofficial,custserv@dtlr.com,1537521453,,,2026-04-16,,,,,,20,⭐ TIER 2 — Strong
Shoe & Sneaker Store in Hialeah | JD Sports at Westland Mall,Hialeah,Florida,USA,https://stores.jdsports.com/fl/hialeah/westland-mall.html,@jdsportsus,,(305) 231-1979,,,2026-04-16,,,,,,10,📋 TIER 3 — Warm
the shoppes of highland,Hialeah,Florida,USA,https://www.famousfootwear.com/stores/fl/hialieah/33018/the-shoppes-of-highland-03631,,,,,,2026-04-16,,,,,,-40,❄️ TIER 4 — Cold
"Handpicked Sneakers in Hialeah, FL United States",Hialeah,Florida,USA,https://maps.apple.com/place?place-id=I2B6641D2FEAA573E,@handpickedblvd,,89933000,,,2026-04-16,,,,,,10,📋 TIER 3 — Warm
"APS Streetwear - Hialeah, FL",Hialeah,Florida,USA,https://nextdoor.com/pages/aps-streetwear-hialeah-fl/,@supports,next_expl_2_insightful16@3x-2e582d8619ece3f820ec8705c624749e.png,1146116819,,,2026-04-16,,,,,,20,⭐ TIER 2 — Strong
"Westland Mall (@shopwestland) · Hialeah, FL",Hialeah,Florida,USA,https://www.instagram.com/shopwestland/,@shopwestland,,1037483433,,,2026-04-16,,,,,,-30,❄️ TIER 4 — Cold
"Basketball Streetwear in Hialeah, FL - Westland Mall",Hialeah,Florida,USA,https://www.shoppingwestlandmall.com/buy/landing/basketball-streetwear,@shopwestland,,3521171569,,,2026-04-16,,,,,,10,📋 TIER 3 — Warm
HELLSTAR - HYP Miami,Coral Gables,Florida,USA,https://hypmiami.com/collections/hellstar?srsltid=AfmBOor5EzFS2Dpka7WPevFUsgkHgESOoPppOBK0dtRHG8KG3QPn3J9c,@hypmiami,customerservice@hypmiami.com,1754598013,,,2026-04-16,,,,,,45,🔥 TIER 1 — Hot
Hellstar Studios,Coral Gables,Florida,USA,https://tokenmia.com/collections/hellstar?srsltid=AfmBOooJyY-pSbMPn6YE_Wz5GrT62YGk3aIxdWRny7ms9AdBNxvo-3IN,@tokenmiami,TOKEN_flagship_production_front1CRM_145x@2x.png,1680109958,,,2026-04-16,,,,,,45,🔥 TIER 1 — Hot
Hellstar Clothing | Tees Hoodies Long Sleeves,Coral Gables,Florida,USA,https://www.stadiumgoods.com/collections/hellstar?srsltid=AfmBOoqCz2PwZp9w7_uRI3648Eah8Nfe3gnUQiRHQ7qAGVJmyE0SGhIr,@stadiumgoods,hello@shopmail.stadiumgoods.com,8070339516,,,2026-04-16,,,,,,45,🔥 TIER 1 — Hot
"Teen Mall Jobs, Employment in Hollywood, FL",Coral Gables,Florida,USA,"https://www.indeed.com/q-teen-mall-l-hollywood,-fl-jobs.html",,,,,,2026-04-16,,,,,,-40,❄️ TIER 4 — Cold
Supreme Miami,Coral Gables,Florida,USA,https://www.instagram.com/popular/supreme-miami/,@rsrc.php,,1037483433,,,2026-04-16,,,,,,25,⭐ TIER 2 — Strong
Business Brokers in Coral Gables | Sell or Buy a Business ...,Coral Gables,Florida,USA,https://supremebusinessbrokerscoralgables.com/,@lovable_dev,,1762019008,,,2026-04-16,,,,,,25,⭐ TIER 2 — Strong
R H U D E,Coral Gables,Florida,USA,https://rh-ude.com/?srsltid=AfmBOoq2TqBINd0FluQRyJzJPFMVIxUa_bsUPhhdEQk5JKONhyTZ2UOe,@rhude,,1613580349,,,2026-04-16,,,,,,30,⭐ TIER 2 — Strong
Men | Rhude,Coral Gables,Florida,USA,https://www.saksfifthavenue.com/c/men/rhude,,,,,,2026-04-16,,,,,,20,⭐ TIER 2 — Strong
Shop Rhude Online,Coral Gables,Florida,USA,https://www.nordstrom.com/brands/rhude--18936?srsltid=AfmBOopF9MKb2hu3JyY61kodowt-1bWPvpZXvgUGglM09a-c2ftJZfgH,@4GfJ,,123456789,,,2026-04-16,,,,,,30,⭐ TIER 2 — Strong
RHUDE - HYP Miami,Coral Gables,Florida,USA,https://hypmiami.com/collections/rhude?srsltid=AfmBOoqSH3BKvr120LfCZUPALm9nkDe57lsynKJ9Gl2PU5QpawrQXVWn,@hypmiami,customerservice@hypmiami.com,1754598013,,,2026-04-16,,,,,,40,🔥 TIER 1 — Hot
Discover the Rhude Collection,Coral Gables,Florida,USA,https://www.a-ma-maniere.com/collections/rhude?srsltid=AfmBOorsvRNt5zS5Km_vgJZ8LlNftj6jBCO593xxaDpIliGmngLSy8vV,@maniere_usa,,1422991689,,,2026-04-16,,,,,,30,⭐ TIER 2 — Strong
"New Rhude, Palm Angels & Casablanca Socks In Store & ...",Coral Gables,Florida,USA,https://www.instagram.com/p/C2QL8O-JI7q/,@rsrc.php,,1037483433,,,2026-04-16,,,,,,30,⭐ TIER 2 — Strong
Rhude All Mall Brands - ShopSimon,Coral Gables,Florida,USA,https://shop.simon.com/collections/curated-all-mall-brands?Brand=Rhude,@shopsimon,,5887914853,,,2026-04-16,,,,,,30,⭐ TIER 2 — Strong
Contact Us,Coral Gables,Florida,USA,https://rh-ude.com/pages/contact-us?srsltid=AfmBOorhsbrqfwEuE9u3O6PdAQ4mMIdVmE50IgjTEJttaNBZ-7avcVWq,@rhude,WORK@RH-UDE.COM,1613580349,,,2026-04-16,,,,,,40,🔥 TIER 1 — Hot
"Hall of Fame Miami (@halloffamemiami) · Coral Gables, FL",Coral Gables,Florida,USA,https://www.instagram.com/halloffamemiami/,@halloffamemiami,,1037483433,,,2026-04-16,,,,,,-30,❄️ TIER 4 — Cold
HYP - A Futuristic Sneaker & Streetwear Shopping Experience,Coral Gables,Florida,USA,https://hypmiami.com/?srsltid=AfmBOoo11jePe8DIYRY4zwbtmaEcLyQ87GiUMq5FPXL-m4jyfi5G5L1G,@hypmiami,customerservice@hypmiami.com,1754598013,,,2026-04-16,,,,,,20,⭐ TIER 2 — Strong
Shops at Merrick Park,Coral Gables,Florida,USA,https://www.shopsatmerrickpark.com/en/,@shopsatmerrickpark,merrickparkadmin@brookfieldproperties.com,1727116001,,,2026-04-16,,,,,,-20,❄️ TIER 4 — Cold
"Shops At Merrick Park, Coral Gables",Coral Gables,Florida,USA,https://www.lafayette148ny.com/our-stores/merrick-park-coral-gables?srsltid=AfmBOopeYQbglDRFhcGVmzbE92hQcykRtY8EJyY4LMvI0kYSHaLVcFtE,@lafayette148.com.,rocio.espinoza@lafayette148.com,1775628494,,,2026-04-16,,,,,,-20,❄️ TIER 4 — Cold
Survival Miami: Top Urban & Streetwear Shop for Clothing ...,Coral Gables,Florida,USA,https://survivalmiami.com/?srsltid=AfmBOopEINKqBw50F_0KDktMZ_OC5azJdlG1VfJYECQkDQO7zLAQNBo7,@survivalmiami,,1721896939,,,2026-04-16,,,,,,10,📋 TIER 3 — Warm
We are Coral Gables' #1 Streetwear Shop!🏆👟 ... And the ...,Coral Gables,Florida,USA,https://www.instagram.com/p/CZml10DLkuc/,@rsrc.php,,1037483433,,,2026-04-16,,,,,,10,📋 TIER 3 — Warm
"LUXE MIAMI (@luxe.mia) · Coral Gables, FL",Coral Gables,Florida,USA,https://www.instagram.com/luxe.mia/?hl=en,@luxe.mia,,1037483433,,,2026-04-16,,,,,,-30,❄️ TIER 4 — Cold
SoleFly: Sneakers and Apparel,Coral Gables,Florida,USA,https://www.solefly.com/?srsltid=AfmBOoqYxTOnmJz8sVQ_AsiC3Tr_3oBSsstvEpaTfpabaXpYnWZfF4Ez,@solefly,,1000005370,,,2026-04-16,,,,,,10,📋 TIER 3 — Warm
A Sneaker City – A Sneaker City,Coral Gables,Florida,USA,https://asneakercity.com/,@asneakercityofficial,,1732736752,,,2026-04-16,,,,,,10,📋 TIER 3 — Warm
"FootWorks Miami – Official Miami Running Store, Running ...",Coral Gables,Florida,USA,https://footworksmiami.com/,@footworksmiami,shop@footworksmiami.com,305.667.9322,,,2026-04-16,,,,,,-20,❄️ TIER 4 — Cold
Fresh Rags FL - Streetwear Clothes & Footwear Store,Coral Gables,Florida,USA,https://freshragsfl.com/?srsltid=AfmBOooOpSOaQNFDO8u7rfWUdjChwZSsaF6cBDcxJ5UKMa8MKG_GQMaR,@freshrags,info@freshragsfl.com,1752246950,,,2026-04-16,,,,,,20,⭐ TIER 2 — Strong
HELLSTAR - HYP Miami,Wynwood,Florida,USA,https://hypmiami.com/collections/hellstar?srsltid=AfmBOorxSX0XECYDRIFi7oniY2vFxZ80d2fszDRS3WmJHMtzLDPUXSeg,@hypmiami,customerservice@hypmiami.com,1754598013,,,2026-04-16,,,,,,45,🔥 TIER 1 — Hot
SPARKITUP ⚡️⚡️⚡️ (@sparkitupshop),Wynwood,Florida,USA,https://www.instagram.com/sparkitupshop/,@sparkitupshop,,1037483433,,,2026-04-16,,,,,,-30,❄️ TIER 4 — Cold
Hellstar Studios,Wynwood,Florida,USA,https://tokenmia.com/collections/hellstar?srsltid=AfmBOooprX8o4yUW9XXtKGrVqq2tDZw8yVyn-7pJTYNTBDGBTJZskBAp,@tokenmiami,TOKEN_flagship_production_front1CRM_145x@2x.png,1680109958,,,2026-04-16,,,,,,45,🔥 TIER 1 — Hot
Hellstar® | Official Hellstar Clothing Store | Shop Now,Wynwood,Florida,USA,https://hellstars-store.com/,,,,,,2026-04-16,,,,,,25,⭐ TIER 2 — Strong
Supreme,Wynwood,Florida,USA,https://shop.thewynwoodwalls.com/products/supreme?srsltid=AfmBOooSjlTqkfe8T7sV-ughJ7uRnK0GFhBXgvbnFPTMYeEdWOA5g0jC,@wynwoodwallsshopofficial,wywood_walls_shop_logo_165x@3x.png,1692376639,,,2026-04-16,,,,,,35,⭐ TIER 2 — Strong
Supreme has officially opened its first-ever Florida flagship ...,Wynwood,Florida,USA,https://www.instagram.com/p/DJsOD_ounJT/,@rsrc.php,,1037483433,,,2026-04-16,,,,,,25,⭐ TIER 2 — Strong
R H U D E,Wynwood,Florida,USA,https://rh-ude.com/?srsltid=AfmBOopDGb4mQDFuxJy-Q5ujH_xg5Rnfv9aFb2n54R22Ch7tJnO1o3vU,@rhude,,1613580349,,,2026-04-16,,,,,,30,⭐ TIER 2 — Strong
"Located 238 NW 25th St Miami, Fl 33137 +1 (305) 522-9127 ...",Wynwood,Florida,USA,https://www.instagram.com/reel/CnSt34bDmGl/,@rsrc.php,,1037483433,,,2026-04-16,,,,,,-30,❄️ TIER 4 — Cold
SHOP ALL,Wynwood,Florida,USA,https://rh-ude.com/collections/shop-all?srsltid=AfmBOopzmltQjXB5YbZReS8NqA7pKVcCRhJeAkoz4ppnVO3R4tiJYORo,@rhude,,1613580349,,,2026-04-16,,,,,,30,⭐ TIER 2 — Strong
wynwoodtribe – Opening Soon,Wynwood,Florida,USA,https://www.wynwoodtribe.com/?srsltid=AfmBOoqI7BXw8oROKxTqPRodHx_eZWKPLKCxUFepzZUwULMDkaDT3x8z,,,1614306724,,,2026-04-16,,,,,,-40,❄️ TIER 4 — Cold
RHUDE - HYP Miami,Wynwood,Florida,USA,https://hypmiami.com/collections/rhude?srsltid=AfmBOorJyceP5HxzYfv-P_i3bNCgSg4OwnChIcpIv77ZW5iDVlOjIQeF,@hypmiami,customerservice@hypmiami.com,1754598013,,,2026-04-16,,,,,,40,🔥 TIER 1 — Hot
Shop Rhude Online,Wynwood,Florida,USA,https://www.nordstrom.com/brands/rhude--18936?srsltid=AfmBOoroEZ30u48rrDFi8FCOrDm2DM_cQH-wSJeoJItz2kBfCyMlBW0E,@4GfJ,,123456789,,,2026-04-16,,,,,,30,⭐ TIER 2 — Strong
"Best Shopping in Wynwood, from Funky Gift ...",Wynwood,Florida,USA,https://www.timeout.com/miami/shopping/shopping-wynwood,@ofyshop,,1105237622,,,2026-04-16,,,,,,-30,❄️ TIER 4 — Cold
canvas.mia,Wynwood,Florida,USA,https://www.instagram.com/canvas.mia/,@oasiswynwood.,,1037483433,,,2026-04-16,,,,,,-30,❄️ TIER 4 — Cold
BASE Superstore,Wynwood,Florida,USA,https://www.baseworld.com/,@basesuperstore,Home_Page_Scense_Final_1280x@2x.jpg,2398522661,,,2026-04-16,,,,,,-20,❄️ TIER 4 — Cold
Sole Garden,Wynwood,Florida,USA,https://thesolegarden.com/,@sole.garden,,1758437429,,,2026-04-16,,,,,,-30,❄️ TIER 4 — Cold
Token Miami,Wynwood,Florida,USA,https://tokenmia.com/?srsltid=AfmBOorLrAC0ZKmNB5EvvWUmoHbX9IEX3Rm2qh0_x19Ob7Kc1TS0hVAe,@tokenmiami,Info@Tokenmia.com,1624068774,,,2026-04-16,,,,,,-20,❄️ TIER 4 — Cold
A Look Inside LeBron James' New UNKNWN Store in Miami,Wynwood,Florida,USA,https://hypebeast.com/2019/12/unknwn-wynwood-miami-store-opening-info,,,,,,2026-04-16,,,,,,0,❄️ TIER 4 — Cold
Fresh Society Online,Wynwood,Florida,USA,https://freshsociety.co/,@freshsocietyco,,9027215208,,,2026-04-16,,,,,,-30,❄️ TIER 4 — Cold
SOLD IN THE MATTER OF SECONDS SWING BY THE SHOP ...,Wynwood,Florida,USA,https://www.instagram.com/reel/DOCADg1kfGV/,@rsrc.php,,1037483433,,,2026-04-16,,,,,,-30,❄️ TIER 4 — Cold
"OutOfPocketMiami (@outofpocketmiami) · Miami, FL",Wynwood,Florida,USA,https://www.instagram.com/outofpocketmiami/,@elleven15vintage,,1037483433,,,2026-04-16,,,,,,-30,❄️ TIER 4 — Cold
Survival Miami: Top Urban & Streetwear Shop for Clothing ...,Wynwood,Florida,USA,https://survivalmiami.com/?srsltid=AfmBOoqBDIyKaeDb8LITwiWj1jNnuiBDuMdUZf5iPjOyQZrz0fiOM58-,@survivalmiami,,1721896939,,,2026-04-16,,,,,,10,📋 TIER 3 — Warm
Wynwood Shop | Your One Stop Shop For All Things Wynwood,Wynwood,Florida,USA,https://wynwoodshop.com/?srsltid=AfmBOoqOFQgdCBygAD1dc0rnwp7iuX0AoNamIqtv71PlATvxVdC1fQ5n,@wynwoodshop,info@wynwoodshop.com,9938472155,,,2026-04-16,,,,,,-20,❄️ TIER 4 — Cold
Wynwood's Top Shopping Destinations - Miami,Wynwood,Florida,USA,https://manawynwood.com/news/wynwoods-top-shopping-destinations/,@ManaWynwood,,305-573-0371,,,2026-04-16,,,,,,-30,❄️ TIER 4 — Cold
305 Kicks,Wynwood,Florida,USA,https://305kicks.us/,@theme,,1771948554,,,2026-04-16,,,,,,10,📋 TIER 3 — Warm
Unleash Your Creativity: Custom Sneaker Art Workshops in ...,Wynwood,Florida,USA,https://kickartworkshop.com/,@GrailsMiami,,1727404668,,,2026-04-16,,,,,,10,📋 TIER 3 — Warm
DAILYMIA,Wynwood,Florida,USA,https://dailymia.com/?srsltid=AfmBOooXEsijFtVPENqaVqEb8Fd8T5qIK6eooHQiojokBMVgaeHQkwBW,@dailymia,,1694546870,,,2026-04-16,,,,,,-30,❄️ TIER 4 — Cold
"Sneakerbuyers on Instagram: ""#1 - Sneaker Store Located in ...",Wynwood,Florida,USA,https://www.instagram.com/reel/C2I1H7FLGzp/,@rsrc.php,,1037483433,,,2026-04-16,,,,,,10,📋 TIER 3 — Warm
"Best Shopping in Wynwood, from Funky Gift ... - Time Out",Wynwood,Florida,USA,https://www.timeout.com/miami/shopping/shopping-wynwood,@ofyshop,,1105237622,,,2026-04-16,,,,,,-30,❄️ TIER 4 — Cold
"JSN on Instagram: ""☄️HELLSTAR☄️ THE HOTTEST ...",Fort Myers,Florida,USA,https://www.instagram.com/reel/C7PJD_us75v/,@rsrc.php,,1037483433,,,2026-04-16,,,,,,35,⭐ TIER 2 — Strong
Verified Sneaker Boutique | Fort Myers Florida,Fort Myers,Florida,USA,https://www.verifiedfm.com/,@verified.ftmyers,info@verifiedsb.com,1712341929,,,2026-04-16,,,,,,20,⭐ TIER 2 — Strong
Hellstar Clothing | Tees Hoodies Long Sleeves,Fort Myers,Florida,USA,https://www.stadiumgoods.com/collections/hellstar?srsltid=AfmBOorCvuHXF9gKoUSl4vn4AZ6dBaNWr9zSQaADdIijc9QOe7ddltZl,@stadiumgoods,hello@shopmail.stadiumgoods.com,8070339516,,,2026-04-16,,,,,,45,🔥 TIER 1 — Hot
Edison Mall | Visit Fort Myers | SW Florida,Fort Myers,Florida,USA,https://www.visitfortmyers.com/listing/edison-mall/39829,@visitfortmyers,sberthold@simon.com,2014042207,,,2026-04-16,,,,,,-20,❄️ TIER 4 — Cold
🚨Brand new Hellstar available now @ Kicks in the 216!!! ...,Fort Myers,Florida,USA,https://www.instagram.com/p/DMiqIqfJyTw/,@rsrc.php,,1037483433,,,2026-04-16,,,,,,35,⭐ TIER 2 — Strong
Hellstar Men's T-Shirt Size Small 1.1 NFC,Fort Myers,Florida,USA,https://www.ebay.com/itm/388636181920,@ebay,,2026041419,,,2026-04-16,,,,,,35,⭐ TIER 2 — Strong
Coconut Point - Hollister Stores,Fort Myers,Florida,USA,https://www.hollisterco.com/shop/us/clothing-stores/US/Estero/FL/30509,,,,,,2026-04-16,,,,,,0,❄️ TIER 4 — Cold
Looking for a new pair of kicks or apparel? Come check out ...,Fort Myers,Florida,USA,https://www.instagram.com/reel/DUO2lBACQHK/,@rsrc.php,,1037483433,,,2026-04-16,,,,,,10,📋 TIER 3 — Warm
"Supreme Motor Sports – Car Dealer in Fort Myers, FL",Fort Myers,Florida,USA,https://www.suprememotorsportsfl.com/,,,,,,2026-04-16,,,,,,15,📋 TIER 3 — Warm
"Supreme Floors: Flooring Store servicing Fort Myers, FL",Fort Myers,Florida,USA,https://www.supremefloorsfl.com/,@import,vitor@supremefloorsfl.com,613-5653590,,,2026-04-16,,,,,,35,⭐ TIER 2 — Strong
"About Supreme Motor Sports in Fort Myers, FL",Fort Myers,Florida,USA,https://www.suprememotorsportsfl.com/about,,,,,,2026-04-16,,,,,,15,📋 TIER 3 — Warm
Supreme Home Design (@supremehomedesignfl),Fort Myers,Florida,USA,https://www.instagram.com/supremehomedesignfl/,@supremehomedesignfl,,1037483433,,,2026-04-16,,,,,,25,⭐ TIER 2 — Strong
"Contact Supreme Motor Sports in Fort Myers, FL",Fort Myers,Florida,USA,https://www.suprememotorsportsfl.com/contact,,,,,,2026-04-16,,,,,,15,📋 TIER 3 — Warm
Visiting Supreme Diecast in Fort Myers Florida! #hotwheels ...,Fort Myers,Florida,USA,https://www.instagram.com/reel/DWM7P2aiebx/,@suprememsdiecast.,,1037483433,,,2026-04-16,,,,,,25,⭐ TIER 2 — Strong
R H U D E,Fort Myers,Florida,USA,https://rh-ude.com/?srsltid=AfmBOooxbNOuJAwBDIvsUlHlhqWW3xweCwhHjDPsrqITvrpTC3-OFzMI,@rhude,,1613580349,,,2026-04-16,,,,,,30,⭐ TIER 2 — Strong
Shop Rhude Online,Fort Myers,Florida,USA,https://www.nordstrom.com/brands/rhude--18936?srsltid=AfmBOoqvmaEUE-ScbIIBZ-Yk39VJO67kS1BTuQkX5ntpDFF_74bLX7sl,@4GfJ,,123456789,,,2026-04-16,,,,,,30,⭐ TIER 2 — Strong
"Men's Wearhouse Locations in Fort Myers, FL",Fort Myers,Florida,USA,https://www.menswearhouse.com/store-locator/fl/fort-myers?srsltid=AfmBOorQNHrTm9JnqMtligwrt7v-oQ_0NInQN0X_fQl6CauHzZZi__Jm,,,,,,2026-04-16,,,,,,-40,❄️ TIER 4 — Cold
Rhude Yacht Club T-Shirt - Sizes X-Large & XX-Large,Fort Myers,Florida,USA,https://secure.instagram.com/p/DV8-UxnkUbu/?hl=fa,@media,,1037483433,,,2026-04-16,,,,,,30,⭐ TIER 2 — Strong
Rhude Stockists,Fort Myers,Florida,USA,https://www.fashionsauce.com/brands/rhude-stockists,@context,bootstrap@4.6.1,1696774910,,,2026-04-16,,,,,,30,⭐ TIER 2 — Strong
"JSN (@jsncustoms) · Fort Myers, FL",Fort Myers,Florida,USA,https://www.instagram.com/jsncustoms/,@jsncustoms,,1037483433,,,2026-04-16,,,,,,-30,❄️ TIER 4 — Cold
The Islander FMB,Fort Myers,Florida,USA,https://shoptheislander.com/?srsltid=AfmBOoqRlTXl0I1Faacvo_c6LjQeKkEkMfv-ltJfs5nyZbswzJp-0Soh,@gmail.com.,shoptheislander@gmail.com,6851654200,,,2026-04-16,,,,,,-20,❄️ TIER 4 — Cold
Charley's Downtown Boutique: Home,Fort Myers,Florida,USA,https://www.shopcharleysdowntown.com/,@media,charleysdowntownboutique@gmail.com,2687793594,,,2026-04-16,,,,,,20,⭐ TIER 2 — Strong
Mainstream Boutique Fort Myers,Fort Myers,Florida,USA,https://www.mainstreamboutiquefortmyers.com/,@mainstreamboutiquefortmyers,,1756386846,,,2026-04-16,,,,,,10,📋 TIER 3 — Warm
Shoe & Sneaker Store in Ft Myers | JD Sports at Edison Mall,Fort Myers,Florida,USA,https://stores.jdsports.com/fl/ftmyers/edison-mall.html,@jdsportsus,,(239) 277-7782,,,2026-04-16,,,,,,10,📋 TIER 3 — Warm
Verified Sneaker Boutique,Fort Myers,Florida,USA,https://verifiededison.com/,@verifiededison.com.,,1775991101,,,2026-04-16,,,,,,10,📋 TIER 3 — Warm
JSNCUSTOMS LLC.: Home,Fort Myers,Florida,USA,https://www.jsnfm.com/,@GMAIL.COM.,13e49d785d8d4f828038b6136f3b48ba@sentry.io,2606801315,,,2026-04-16,,,,,,-20,❄️ TIER 4 — Cold
Just Kicks (@justkicks239) - Fort Myers,Fort Myers,Florida,USA,https://www.instagram.com/justkicks239/,@justkicks239,,1037483433,,,2026-04-16,,,,,,10,📋 TIER 3 — Warm
Designers Closet,Fort Myers,Florida,USA,https://designerscloset.com/?srsltid=AfmBOopazOBxamHFU5LgCf7F-os4woNHWcJL5KkhAwSlJpvz1N63UJY3,@designersclosetig,sales@designerscloset.com,1064961020,,,2026-04-16,,,,,,20,⭐ TIER 2 — Strong
VERIFIED (@verifiedswfl) • Instagram photos and videos,Fort Myers,Florida,USA,https://www.instagram.com/verifiedswfl/,@verifiedswfl,,1037483433,,,2026-04-16,,,,,,-30,❄️ TIER 4 — Cold
"Fort Myers, FL Store: Surf Apparel & Accessories",Fort Myers,Florida,USA,https://www.ronjonsurfshop.com/locations/fort-myers-fl?srsltid=AfmBOopqPErhgjUUqCzuDZTu4qT31tuv_WeZJx3LbG2HrRjTP6cI37uW,,,,,,2026-04-16,,,,,,0,❄️ TIER 4 — Cold
In-StockSneakersHomePage – In-Stock Sneakers,Gainesville,Florida,USA,https://in-stocksneakers.com/,@in_stocksneakers,,1755751361,,,2026-04-16,,,,,,10,📋 TIER 3 — Warm
All Stores | HollisterCo.com,Gainesville,Florida,USA,https://www.hollisterco.com/shop/ViewAllStoresDisplayView?storeId=10251&catalogId=10201&langId=-1,,,,,,2026-04-16,,,,,,-40,❄️ TIER 4 — Cold
HELLSTAR - Living Legend,Gainesville,Florida,USA,https://livinglegend.store/collections/collections-hellstar-studios?srsltid=AfmBOopJ9uVI1e9lnhc4P_hK197NVfNKyRlBWofS391azDlG8iVKC_L_,@livinglegend.store,storelivingleyends@gmail.com,1748531919,,,2026-04-16,,,,,,45,🔥 TIER 1 — Hot
Shop - Hellstar Clothing,Gainesville,Florida,USA,https://hellstarstores.us/shop/,,,,,,2026-04-16,,,,,,25,⭐ TIER 2 — Strong
NEW!!! Hellstar Classic OG Logo (blue) Sizes ...,Gainesville,Florida,USA,https://www.instagram.com/p/DDIVK_hyvKF/,@rsrc.php,,1037483433,,,2026-04-16,,,,,,35,⭐ TIER 2 — Strong
"new! Hell Star Huntington Park CA T Shirt Sz. XL, Large ...",Gainesville,Florida,USA,https://www.instagram.com/p/C_wGH4gyzY6/,@rsrc.php,,1037483433,,,2026-04-16,,,,,,-30,❄️ TIER 4 — Cold
Hellstar Men's T-Shirt Size L,Gainesville,Florida,USA,https://www.ebay.com/itm/406538309678,@ebay,,2026041419,,,2026-04-16,,,,,,35,⭐ TIER 2 — Strong
This initial owes you a pair of shoes… Who's REALLY your ...,Gainesville,Florida,USA,https://www.instagram.com/reel/C7kgk4MP7wi/,@rsrc.php,,1037483433,,,2026-04-16,,,,,,-30,❄️ TIER 4 — Cold
Hellstar Clothing | Tees Hoodies Long Sleeves,Gainesville,Florida,USA,https://www.stadiumgoods.com/collections/hellstar?srsltid=AfmBOoom5owthIzWDcCWjBjEW9_rt-5ZM2BBANB4MnKTDKtXV3W3q1Qd,@stadiumgoods,hello@shopmail.stadiumgoods.com,8070339516,,,2026-04-16,,,,,,45,🔥 TIER 1 — Hot
Shop Hellstar clothing,Gainesville,Florida,USA,https://www.theatticstreetwear.com/collections/hellstar?srsltid=AfmBOoqRyybmNSxFDJihPBYuTWt8k8p9DURAxZjYXsMP_4rjlo1OuyOk,@theatticstreetwear,info@stagheaddesigns.com,4690952252,,,2026-04-16,,,,,,45,🔥 TIER 1 — Hot
Godspeed,Gainesville,Florida,USA,https://in-stocksneakers.com/collections/godspeed-1,@in_stocksneakers,,1755751361,,,2026-04-16,,,,,,10,📋 TIER 3 — Warm
Hellstar Glitter T Shirt Size: XL $250 Denim Tears ...,Gainesville,Florida,USA,https://www.instagram.com/p/DCX1QW2SLD1/,@rsrc.php,,1037483433,,,2026-04-16,,,,,,50,🔥 TIER 1 — Hot
Caffeine supreme - Atrium Magazine,Gainesville,Florida,USA,https://atriummag.org/caffeine-supreme/,@maudes_cafe,,2677611078,,,2026-04-16,,,,,,25,⭐ TIER 2 — Strong
Stockists,Gainesville,Florida,USA,https://rh-ude.com/pages/stockists-1?srsltid=AfmBOoptbZpaxB7oyF9n0rr559jBsd9bMXbBcG770q8cVl7v5ova7cnC,@rhude,,1613580349,,,2026-04-16,,,,,,30,⭐ TIER 2 — Strong
R H U D E,Gainesville,Florida,USA,https://rh-ude.com/?srsltid=AfmBOop4M_9Q_VwKk1R1GFDXgqR8B8LcA5Bxfn3Y670Qze_v5Kd_47tR,@rhude,,1613580349,,,2026-04-16,,,,,,30,⭐ TIER 2 — Strong
Shop Rhude Online,Gainesville,Florida,USA,https://www.nordstrom.com/brands/rhude--18936?srsltid=AfmBOopUI-lcNDKEVM3kLsIC5zm2CmRoZx0oCFcXAculTgQRnQ3-K9lo,@4GfJ,,123456789,,,2026-04-16,,,,,,30,⭐ TIER 2 — Strong
SHOP ALL,Gainesville,Florida,USA,https://rh-ude.com/collections/shop-all?srsltid=AfmBOopzMiERaJVTsfnoz-1SCkZXMQtBqlvJWrW7_H6JXJNWQg87_DJ7,@rhude,,1613580349,,,2026-04-16,,,,,,30,⭐ TIER 2 — Strong
"lre""i'$mr.",Gainesville,Florida,USA,https://sos.ks.gov/publications/register/1989/Vol_8_No_38_September_21_1989_p_1371-1424.pdf,@GbHR,X@D.0,2004102919,,,2026-04-16,,,,,,-30,❄️ TIER 4 — Cold
https://rhude-shop.com/,Gainesville,Florida,USA,https://rhude-shop.com/,,,,,,2026-04-16,,,,,,20,⭐ TIER 2 — Strong
"Research, Demonstration, Training, and Fellowship Awards",Gainesville,Florida,USA,https://nepis.epa.gov/Exe/ZyPURL.cgi?Dockey=91008WQ0.TXT,,,,,,2026-04-16,,,,,,-40,❄️ TIER 4 — Cold
"Dillard's The Oaks Mall, Gainesville, Florida",Gainesville,Florida,USA,https://www.dillards.com/stores/florida/the-oaks-mall-gainesville/0234?srsltid=AfmBOoqKv-N2qK3ZTkQpHQowv5rdLzVZNjp9Jz5hrgN4AmSPvlT-MRIm,,,117.1776358,,,2026-04-16,,,,,,-40,❄️ TIER 4 — Cold
Gainesville Shopping center,Gainesville,Florida,USA,https://locations.dtlr.com/fl/gainesville/gainesville-shopping-center.html,@dtlrofficial,custserv@dtlr.com,1537521453,,,2026-04-16,,,,,,-20,❄️ TIER 4 — Cold
Family-owned 3 AM streetwear store opens in Oaks Mall,Gainesville,Florida,USA,https://www.gainesville.com/story/business/economy/2014/08/29/family-owned-3-am-streetwear-store-opens-in-oaks-mall/31220900007/,,,,,,2026-04-16,,,,,,0,❄️ TIER 4 — Cold
"CITITRENDS at 1018 N. Main St Gainesville, FL",Gainesville,Florida,USA,https://locations.cititrends.com/fl/gainesville/1018-n--main-st.html,@wearecititrends,,2079328097,,,2026-04-16,,,,,,-30,❄️ TIER 4 — Cold
"Knotty Kicks LLC (352) (@knottykicks_) · Gainesville, FL",Gainesville,Florida,USA,https://www.instagram.com/knottykicks_/,@knottykicks_,,1037483433,,,2026-04-16,,,,,,10,📋 TIER 3 — Warm
The Oaks Mall - Gainesville,Gainesville,Florida,USA,https://stores.finishline.com/fl/gainesville/the-oaks-mall.html,@finishline,,(352) 331-5554,,,2026-04-16,,,,,,-30,❄️ TIER 4 — Cold
IN-STOCK SNEAKERS (@in_stocksneakers),Gainesville,Florida,USA,https://www.instagram.com/in_stocksneakers/,@in_stocksneakers,,1037483433,,,2026-04-16,,,,,,10,📋 TIER 3 — Warm
Welcome to Gainesville FL's premier destination for authentic ...,Gainesville,Florida,USA,https://www.instagram.com/reel/DPrKZmTDSFk/,@rsrc.php,,1037483433,,,2026-04-16,,,,,,-30,❄️ TIER 4 — Cold
Narcissus Gainesville,Gainesville,Florida,USA,https://narcissusgville.com/,@narcissusgville,,1329837617,,,2026-04-16,,,,,,-30,❄️ TIER 4 — Cold
The Best Shopping in Gainesville FL,Gainesville,Florida,USA,https://www.celebrationpointe.com/latest_news/the-best-shopping-in-gainesville-fl/,@celebrationpointe,info@celebrationpointe.com,1007224121,,,2026-04-16,,,,,,-20,❄️ TIER 4 — Cold
"Pink Narcissus Gainesville, a Lilly Pulitzer Signature Store ...",Gainesville,Florida,USA,https://www.instagram.com/pinknarcissusgville/,@rsrc.php,,1037483433,,,2026-04-16,,,,,,-30,❄️ TIER 4 — Cold
Sandy's Savvy Chic Resale Boutique | Gainesville's Best ...,Gainesville,Florida,USA,https://sandysresale.com/,@sandysresale,,1613507218,,,2026-04-16,,,,,,10,📋 TIER 3 — Warm
"Lloyd Clarke Sport | Shoes, Clothes and Much more",Gainesville,Florida,USA,https://www.lloydclarkesports.com/,@LloydClarkeSports,,1352372783,,,2026-04-16,,,,,,-30,❄️ TIER 4 — Cold
(@hubdepartment) • Instagram photos and videos,Gainesville,Florida,USA,https://www.instagram.com/hubdepartment/,@hubdepartment,,1037483433,,,2026-04-16,,,,,,-30,❄️ TIER 4 — Cold
"OS Hellstar Tee: S,M,L,XL Mani Jorts: 32 ASICS: 8,9,9.5,10 ...",Tallahassee,Florida,USA,https://www.instagram.com/p/C_i9G-4yXsO/?hl=ar,@coppedfl,,1037483433,,,2026-04-16,,,,,,35,⭐ TIER 2 — Strong
Hellstar Clothing,Tallahassee,Florida,USA,https://www.walmart.com/c/kp/hellstar-clothing,@context,,1052230495,,,2026-04-16,,,,,,35,⭐ TIER 2 — Strong
Governor's Square,Tallahassee,Florida,USA,https://www.hottopic.com/store-details?StoreId=0188&srsltid=AfmBOoq2rFrsTuJ_GaAZ0ptIb5-4ECqTrOn8MTMNUBiK9VYox0K_8po9,@hottopic,htonline@hottopic.com,1776355247,,,2026-04-16,,,,,,-20,❄️ TIER 4 — Cold
"Hellstar X Flu Game 12s🌹🖤 Hellstar Tee: M, ...",Tallahassee,Florida,USA,https://www.instagram.com/p/DHZPOcuTC-y/,@rsrc.php,,1037483433,,,2026-04-16,,,,,,35,⭐ TIER 2 — Strong
"COPPED on Instagram: ""We are running back some deals to ...",Tallahassee,Florida,USA,https://www.instagram.com/reel/DSc_FyNEYO_/,@coppedfl,,1037483433,,,2026-04-16,,,,,,-30,❄️ TIER 4 — Cold
"From Polo , to Hellstar, to Harley's to much more ‼️ COME ...",Tallahassee,Florida,USA,https://www.instagram.com/p/DPFKKlzkQqK/,@rsrc.php,,1037483433,,,2026-04-16,,,,,,35,⭐ TIER 2 — Strong
Hellstar Tee,Tallahassee,Florida,USA,https://www.ebay.com/itm/387593101323,@ebay,,2026041419,,,2026-04-16,,,,,,35,⭐ TIER 2 — Strong
Be careful purchasing HELLSTAR from everyone.. the ...,Tallahassee,Florida,USA,https://www.instagram.com/p/C4GsHr3RLA_/,@rsrc.php,,1037483433,,,2026-04-16,,,,,,35,⭐ TIER 2 — Strong
Supreme “Pounds” Jerseys are available instore in all ...,Tallahassee,Florida,USA,https://www.instagram.com/p/DTVYlmIEREt/,@rsrc.php,,1037483433,,,2026-04-16,,,,,,25,⭐ TIER 2 — Strong
"COPPED on Instagram: ""Have you visited us yet? Copped in ...",Tallahassee,Florida,USA,https://www.instagram.com/reel/DDZ8vAMsK49/,@rsrc.php,,1037483433,,,2026-04-16,,,,,,-30,❄️ TIER 4 — Cold
All - Shop,Tallahassee,Florida,USA,https://us.supreme.com/collections/all,,,9196302747,,,2026-04-16,,,,,,15,📋 TIER 3 — Warm
All New Supreme Restock🚨 Available Instore Today ...,Tallahassee,Florida,USA,https://www.instagram.com/p/Cjnrd9fOMKt/,@rsrc.php,,1037483433,,,2026-04-16,,,,,,25,⭐ TIER 2 — Strong
Store Locations - Help Center,Tallahassee,Florida,USA,https://www.supremecommunity.com/help/stores/,,,,,,2026-04-16,,,,,,15,📋 TIER 3 — Warm
R H U D E,Tallahassee,Florida,USA,https://rh-ude.com/?srsltid=AfmBOoo9_6S_rcDblhOuwzx59oyKUpjEm-8Dy2taTj3Fji3NEMy3vHn3,@rhude,,1613580349,,,2026-04-16,,,,,,30,⭐ TIER 2 — Strong
Shop Rhude Online,Tallahassee,Florida,USA,https://www.nordstrom.com/brands/rhude--18936?srsltid=AfmBOoqfpgQEiG7aoRkiqBvD9PCCiP-gc5pHg4_J6eeGGWg1ULNd56Bj,@4GfJ,,123456789,,,2026-04-16,,,,,,30,⭐ TIER 2 — Strong
"Dillard's Governor's Square, Tallahassee, Florida",Tallahassee,Florida,USA,https://www.dillards.com/stores/florida/governors-square-tallahassee/0243?srsltid=AfmBOoo0Kdq8bVHCPfuLUUx1ycOszdQuO32uWKQ6JZssq4W-ODKevvu2,,,117.1776358,,,2026-04-16,,,,,,-40,❄️ TIER 4 — Cold
"DICK'S Sporting Goods Store in Tallahassee, FL | 1099",Tallahassee,Florida,USA,https://stores.dickssportinggoods.com/fl/tallahassee/1099/,@context,,6436823090,,,2026-04-16,,,,,,-30,❄️ TIER 4 — Cold
Reebok Nano X4 Training Shoes | ShopSimon,Tallahassee,Florida,USA,https://shop.simon.com/products/nano-x4-training-shoes-1?variant=42602605051964&bvstate=pg:12/ct:r,@shopsimon,onlinesupport@shopsimon.com.,5887914853,,,2026-04-16,,,,,,-20,❄️ TIER 4 — Cold
Designers Closet Tallahassee (@dctally),Tallahassee,Florida,USA,https://www.instagram.com/dctally/,@dctally,,1037483433,,,2026-04-16,,,,,,10,📋 TIER 3 — Warm
WestEnd Square City Gear - TALLAHASSEE,Tallahassee,Florida,USA,https://locations.dtlr.com/fl/tallahassee/westend-square.html,@dtlrofficial,custserv@dtlr.com,1537521453,,,2026-04-16,,,,,,-20,❄️ TIER 4 — Cold
Nic's Toggery,Tallahassee,Florida,USA,https://www.nicstoggery.com/,@nicstoggery,Johnnie-o_160x160@2x.jpg,1613527394,,,2026-04-16,,,,,,-20,❄️ TIER 4 — Cold
APB Store • Visit Tallahassee,Tallahassee,Florida,USA,https://visittallahassee.com/partners/apb-store/,@v,bootstrap@4.0.0,1760727607,,,2026-04-16,,,,,,-30,❄️ TIER 4 — Cold
Best Boutiques in Tallahassee,Tallahassee,Florida,USA,https://www.tallystudentsurvival.com/blog/best-boutiques-in-tallahassee/,@SurvivingTally,,1761150721,,,2026-04-16,,,,,,10,📋 TIER 3 — Warm
"APB | Men's Streetwear Apparel, Sneakers & Accessories",Tallahassee,Florida,USA,https://www.apbstore.com/?srsltid=AfmBOopDedkJu4Bj42bMFloPwTyn1Rd985yH6tCAixgeB9ZGxHm-t7KC,@apbstore,,7357837025,,,2026-04-16,,,,,,10,📋 TIER 3 — Warm
Governors Square - Tallahassee - JD Sports Store Locator,Tallahassee,Florida,USA,https://stores.jdsports.com/fl/tallahassee/governors-square.html,@jdsportsus,,(850) 656-9601,,,2026-04-16,,,,,,-30,❄️ TIER 4 — Cold
"Shoe and Sneaker Store in Tallahassee, FL",Tallahassee,Florida,USA,https://www.hibbett.com/storedetails/FL/Tallahassee/1239,@hibbett_westtenn,,1776352493,,,2026-04-16,,,,,,10,📋 TIER 3 — Warm
1215 apalachee parkwayspace 270 - TALLAHASSEE,Tallahassee,Florida,USA,https://locations.dtlr.com/fl/tallahassee/1215-apalachee-parkwayspace-270.html,@dtlrofficial,custserv@dtlr.com,1537521453,,,2026-04-16,,,,,,-20,❄️ TIER 4 — Cold
Have you visited us in #Tallahassee?⁠ ⁠ Located in the ...,Tallahassee,Florida,USA,https://www.instagram.com/p/C-YYwxAT3Cj/,@rsrc.php,,1037483433,,,2026-04-16,,,,,,-30,❄️ TIER 4 — Cold
COPPED New Orleans,Tallahassee,Florida,USA,https://coppedusa.com/,@coppednola,xxx@xxx.xxx,2075810712,,,2026-04-16,,,,,,-20,❄️ TIER 4 — Cold
"COPPED (@coppedfl) · Tallahassee, FL",Tallahassee,Florida,USA,https://www.instagram.com/coppedfl/,@coppedfl,,1037483433,,,2026-04-16,,,,,,-30,❄️ TIER 4 — Cold
#hellstar shirts #clothing #store #utc #bradenton #sarasota,Sarasota,Florida,USA,https://www.instagram.com/p/C0iP9cNsGL0/,@rsrc.php,,1037483433,,,2026-04-16,,,,,,35,⭐ TIER 2 — Strong
"hubdepartment on Instagram: ""We're hosting our TWO DAY ...",Sarasota,Florida,USA,https://www.instagram.com/reel/DO40Sh9gESh/,@rsrc.php,,1037483433,,,2026-04-16,,,,,,-30,❄️ TIER 4 — Cold
New Build-A-Bear points to a shift toward youth,Sarasota,Florida,USA,https://www.heraldtribune.com/story/news/2007/07/04/new-build-a-bear-points-to-a-shift-toward-youth/28563356007/,,,,,,2026-04-16,,,,,,-40,❄️ TIER 4 — Cold
The Wool Jackets Are Back - Yates,Sarasota,Florida,USA,http://www.yatesgear.com/blog/wool-jackets,@sourabhsingh___,support@antisocialsocialclubs.net.,3333333333,,,2026-04-16,,,,,,-20,❄️ TIER 4 — Cold
"800 Bell Rd Unit C-D Sarasota, FL 34240 United States come ...",Sarasota,Florida,USA,https://www.instagram.com/reel/C1tCgr8MeOP/,@rsrc.php,,1037483433,,,2026-04-16,,,,,,-30,❄️ TIER 4 — Cold
The Mall At University Town Center,Sarasota,Florida,USA,https://www.hollisterco.com/shop/us/clothing-stores/US/Sarasota/FL/31915,,,,,,2026-04-16,,,,,,0,❄️ TIER 4 — Cold
Hollister at The Mall at University Town Center - Simon,Sarasota,Florida,USA,https://www.simon.com/mall/the-mall-at-university-town-center/stores/hollister,@hollister,,1766078725,,,2026-04-16,,,,,,-30,❄️ TIER 4 — Cold
7Ч7OЗ7Б1З】★下载扑克21点安卓版★【谷歌百度代发+V信,Sarasota,Florida,USA,https://www.linkedin.com/jobs/%E5%A4%A7%E5%98%B4%E6%A3%8B%E7%89%8C%E5%85%8D%E8%B4%B9%E2%98%85%E3%80%90%E8%B0%B7%E6%AD%8C%E7%99%BE%E5%BA%A6%E4%BB%A3%E5%8F%91+QQ%EF%BC%9A7%D0%97%E2%92%985%D0%A722%E2%92%8E%E3%80%91%E2%98%85%E5%AE%9D%E6%98%8C%E7%90%AA%E7%89%8C%E2%98%85%E3%80%90%E8%B0%B7%E6%AD%8C%E7%99%BE%E5%BA%A6%E4%BB%A3%E5%8F%91+V%E4%BF%A1%EF%BC%9A%E3%80%A5%D0%A7%E3%80%A59%E2%92%8E%E3%80%A57O%E3%80%91%E2%98%85%E4%B8%87%E4%BA%BA%E7%99%BE%E5%AE%B6%E4%B9%90%E2%98%85%E3%80%90%E8%B0%B7%E6%AD%8C%E7%99%BE%E5%BA%A6%E4%BB%A3%E5%8F%91+V%E4%BF%A1%EF%BC%9A7%D0%A77O%D0%977%D0%911%D0%97%E3%80%91%E2%98%85%E4%B8%8B%E8%BD%BD%E6%89%91%E5%85%8B21%E7%82%B9%E5%AE%89%E5%8D%93%E7%89%88%E2%98%85%E3%80%90%E8%B0%B7%E6%AD%8C%E7%99%BE%E5%BA%A6%E4%BB%A3%E5%8F%91+V%E4%BF%A1%EF%BC%9A%E2%92%899%D0%A7%D0%97%D0%917%E2%92%909%E3%80%91%E2%98%85-jobs,@LinkedIn,,4402141731,,,2026-04-16,,,,,,-30,❄️ TIER 4 — Cold
Find a Dura Supreme Showroom,Sarasota,Florida,USA,https://www.durasupreme.com/find-a-showroom/,,,,,,2026-04-16,,,,,,15,📋 TIER 3 — Warm
"OG Unlaced Sneaker Store (@ogs_unlaced) · Sarasota, FL",Sarasota,Florida,USA,https://www.instagram.com/ogs_unlaced/?hl=en,@ogs_unlaced,,1037483433,,,2026-04-16,,,,,,10,📋 TIER 3 — Warm
Superior Sheds Retail - Osprey / Sarasota,Sarasota,Florida,USA,https://www.superiorsheds.com/locations/superior-sheds-retail-osprey/,@superiorsheds.com,info@superiorsheds.com,1182288991,,,2026-04-16,,,,,,-20,❄️ TIER 4 — Cold
"Ready, Set, Shop! Sarasota shopping districts",Sarasota,Florida,USA,https://www.visitsarasota.com/blog/ready-set-shop-sarasota-shopping-districts,,,,,,2026-04-16,,,,,,-40,❄️ TIER 4 — Cold
Mobile Technician - 268666,Sarasota,Florida,USA,https://careers.cbre.com/sk_SK/careers/JobDetail/Mobile-Technician/268666,@media,recruitingaccommodations@cbre.com,1770310573,,,2026-04-16,,,,,,-20,❄️ TIER 4 — Cold
Find a La Cornue Dealer Near You | Authorized Showrooms,Sarasota,Florida,USA,https://lacornueusa.com/find-a-dealer,@5.3.3,clvmanagers@trailappliances.com,6771724681,,,2026-04-16,,,,,,-20,❄️ TIER 4 — Cold
Stockists,Sarasota,Florida,USA,https://rh-ude.com/pages/stockists-1?srsltid=AfmBOooIiJdz3Q6qoePV2A1lLGqV3RtUjSffVyzi0hD-0BJK2pE3_rKH,@rhude,,1613580349,,,2026-04-16,,,,,,30,⭐ TIER 2 — Strong
R H U D E,Sarasota,Florida,USA,https://rh-ude.com/?srsltid=AfmBOorVabn9XplHekUbvSfPfJJqH6veJrFbg35ejN5o_LH476jKakcT,@rhude,,1613580349,,,2026-04-16,,,,,,30,⭐ TIER 2 — Strong
Shop Rhude Online,Sarasota,Florida,USA,https://www.nordstrom.com/brands/rhude--18936?srsltid=AfmBOopJoakpHWfSiwvOSpauiKYQvg1Vy3gP4yeCl3cSxdYMFSNyLm5k,@4GfJ,,123456789,,,2026-04-16,,,,,,30,⭐ TIER 2 — Strong
Fan Outfitters,Sarasota,Florida,USA,http://utcsarasota.com/places/shop/fan-outfitters/,@utcsarasota,UTCLeasing@benderson.com,5994878089,,,2026-04-16,,,,,,-20,❄️ TIER 4 — Cold
RAREBIRD | Curated Global Clothing Boutique in Sarasota ...,Sarasota,Florida,USA,https://www.loverarebird.com/?srsltid=AfmBOoqDZGFeKDMQ6Y2sSqe9R52Ml-lcRLi8p714lsp7vfdLrBfCk97Y,@rarebird_boutique,,1273701017,,,2026-04-16,,,,,,10,📋 TIER 3 — Warm
The Met at St. Armands | Luxury Sarasota Fashion House ...,Sarasota,Florida,USA,https://www.themetsarasota.com/,@themetsarasota,user@domain.com.,1712007999,,,2026-04-16,,,,,,20,⭐ TIER 2 — Strong
Shop STUSSY•Put together the perfect fit!,Sarasota,Florida,USA,https://www.instagram.com/p/DTRN8smkSZ_/,@rsrc.php,,1037483433,,,2026-04-16,,,,,,10,📋 TIER 3 — Warm
"Urban Culture Boutique – Trendy Styles in Sarasota, FL ...",Sarasota,Florida,USA,https://shopurbanculture.com/?srsltid=AfmBOorsLqis7PW0SchlhIQuNrttqSUWwogTQ27l7xd3f12st3rAUm5r,@font,,1629804013,,,2026-04-16,,,,,,10,📋 TIER 3 — Warm
Tyni Lazzaro's Brooklyn Boutique Brings Big-City Fashion ...,Sarasota,Florida,USA,https://www.sarasotamagazine.com/fashion-and-shopping/2025/04/brooklyn-boutique-sarasota,@sarasotamagazine,,2315016646,,,2026-04-16,,,,,,10,📋 TIER 3 — Warm
Molly's! A Chic and Unique Boutique,Sarasota,Florida,USA,https://mollyssarasota.com/,@mollys_srq,events90@mollyssarasota.com,1019116743,,,2026-04-16,,,,,,20,⭐ TIER 2 — Strong
T.Georgiano's Boutique – T. Georgiano's,Sarasota,Florida,USA,https://tgeorgianos.com/?srsltid=AfmBOoqXFG0MXtSzXENbUHl1N-iCrxRKwP67qDWIZDj20jjBduuxmOHG,@tgeorgianos,info@tgeorgianos.com,9434005984,,,2026-04-16,,,,,,20,⭐ TIER 2 — Strong
Surge Style,Sarasota,Florida,USA,https://shopsurgestyle.com/?srsltid=AfmBOopRwWbUv4OXlECpkIPEIMosAvxx4YaFknt_MkGR57LtWD_2Hv81,@shopsurgestyle,8752b607ffbd5b80e67e40804913b0ae7b9cb451f1c5e92ebc921b5c861dbde6_250x250@2x.jpg,1711599693,,,2026-04-16,,,,,,-20,❄️ TIER 4 — Cold
Og Unlaced Sneaker Store,Sarasota,Florida,USA,https://ogunlaced.com/,@ogs_unlaced,IMPROVED_LOGO_SPINNING_140x@2x.gif,1351164761,,,2026-04-16,,,,,,20,⭐ TIER 2 — Strong
Isabel Sarasota - Personal Luxury Styling | One-of-a-Kind ...,Sarasota,Florida,USA,https://isabelsarasota.co/,@isabelsarasotaa,isabel@isabelsarasota.co,7865014708,,,2026-04-16,,,,,,20,⭐ TIER 2 — Strong
"The Ultimate Insider's Guide: Boutiques in Sarasota, Florida",Sarasota,Florida,USA,https://www.jaguarsarasota.com/the-ultimate-insiders-guide-boutiques-in-sarasota-florida/,,,,,,2026-04-16,,,,,,0,❄️ TIER 4 — Cold
"ITALICA Boutique (@italica_official) · Sarasota, FL",Sarasota,Florida,USA,https://www.instagram.com/italica_official/,@italica_official,,1037483433,,,2026-04-16,,,,,,10,📋 TIER 3 — Warm
"L Boutique – Award Winning Fashion Boutique in Sarasota, FL",Sarasota,Florida,USA,https://lboutiques.com/,@lboutiques,,738471-2998,,,2026-04-16,,,,,,10,📋 TIER 3 — Warm
Sarasota's 100 Best Shops,Sarasota,Florida,USA,https://www.sarasotamagazine.com/fashion-and-shopping/2019/08/platinum-100-2019,@sarasotamagazine,,2315016646,,,2026-04-16,,,,,,10,📋 TIER 3 — Warm
The 25 coolest clothing stores and boutiques in Sarasota,Sarasota,Florida,USA,https://wanderlog.com/list/geoCategory/123444/coolest-clothing-stores-and-boutiques-in-sarasota,@elastic,apm-rum@5.16.0,3026914942,,,2026-04-16,,,,,,10,📋 TIER 3 — Warm
"Island Pursuit Store Location in Sarasota, FL",Sarasota,Florida,USA,https://islandpursuit.com/sarasota-fl/?srsltid=AfmBOopYRikxd2HDI7xrYrIP58PfCb5Ben06znLtZxSprC_e3U_uDmWH,@islandpursuit,INFO@ISLANDPURSUIT.COM,1515010170,,,2026-04-16,,,,,,-20,❄️ TIER 4 — Cold
"OG Unlaced Sneaker Store on Instagram: ""Florida's best ...",Sarasota,Florida,USA,https://www.instagram.com/p/DW46MaSEeLS/,@rsrc.php,,1037483433,,,2026-04-16,,,,,,10,📋 TIER 3 — Warm
Salty Stitch - Clothing Stores Sarasota,Sarasota,Florida,USA,https://saltystitch.com/?srsltid=AfmBOoo5lhBjtzZeXbjghySSkZI2htScRLYMQNYH59Uv3y-049wsnhZH,@saltystitch,info@saltystitch.com,9190854978,,,2026-04-16,,,,,,20,⭐ TIER 2 — Strong
Hellstar | PIECES Los Angeles,Los Angeles,California,USA,https://pieceslosangeles.com/collections/hellstar?srsltid=AfmBOop12IdCxWqS9C1aN9_9BYpwOUZTOXLTPHOqgGQkGdoTKjtVnxyA,@font,,1767727558,,,2026-04-16,,,,,,35,⭐ TIER 2 — Strong
Hellstar,Los Angeles,California,USA,https://showroomla.co/collections/hellstar?srsltid=AfmBOoquiubRn35IDhDNQNShzVXYw7-lBHHP94pLNmbPJVCgPU3l7Rme,@showroomla,u003eSupport@showroomla.co,1723185612,,,2026-04-16,,,,,,45,🔥 TIER 1 — Hot
Hellstar x Vale Forever 📸🔥 Shop In Store ✅ 6801 ...,Los Angeles,California,USA,https://www.instagram.com/p/DMYR9ANvEUL/,@rsrc.php,,1037483433,,,2026-04-16,,,,,,55,🔥 TIER 1 — Hot
"Shop Authentic Hellstar Clothing - Hoodies, Shirts & More",Los Angeles,California,USA,https://restockar.com/collections/hellstar?srsltid=AfmBOooty6wvxn2Sa-la1dfvxlVTzAvcRd1aNyTVRkLkgKoNYBRjdVfr,@restock,splide-extension-auto-scroll@0.5.3,1694813899,,,2026-04-16,,,,,,35,⭐ TIER 2 — Strong
Rundown Los Angeles,Los Angeles,California,USA,https://rundownlosangeles.com/?srsltid=AfmBOop-UMsyeh_wcCyGGjR_21BLPjlScuTMd2YsbAWdzo6LQptVQaAa,@rundown.losangeles,INFO@RUNDOWNLOSANGELES.COM,5202457209,,,2026-04-16,,,,,,-20,❄️ TIER 4 — Cold
"NOW OPEN! Shop Hellstar, Cookies, Asaali, and many ...",Los Angeles,California,USA,https://www.instagram.com/p/DTYXMd2Eopj/,@rsrc.php,,1037483433,,,2026-04-16,,,,,,35,⭐ TIER 2 — Strong
Contact Us - Black Hellstar Shirt | Customer Support & Inquiries,Los Angeles,California,USA,https://blackhellstarshirt.com/contact.html,@blackhellstarshirt.com,,4744494040,,,2026-04-16,,,,,,35,⭐ TIER 2 — Strong
Inside Supreme's new West Hollywood store,Los Angeles,California,USA,https://i-d.co/article/supreme-west-hollywood/,@michaelnrodriguez,,1676897667,,,2026-04-16,,,,,,25,⭐ TIER 2 — Strong
Supreme Store Los Angeles,Los Angeles,California,USA,https://www.instagram.com/explore/locations/523241268/supreme-store-los-angeles/,@rsrc.php,,1037483433,,,2026-04-16,,,,,,25,⭐ TIER 2 — Strong
Supreme LA,Los Angeles,California,USA,https://www.sneakerfreaker.com/city-guides/los-angeles/supreme-la-los-angeles,@sneakerfreakermag,,9948697197,,,2026-04-16,,,,,,25,⭐ TIER 2 — Strong
A Look Inside Supreme's New LA Store,Los Angeles,California,USA,https://hypebeast.com/2023/2/supreme-la-store-west-hollywood-photos,@hypebeast,app-store-en@2x.png,3702846231,,,2026-04-16,,,,,,35,⭐ TIER 2 — Strong
Stockists,Los Angeles,California,USA,https://rh-ude.com/pages/stockists-1?srsltid=AfmBOooQccnrbjW8EzQlEh9_R8znFYdwlR8FvDfqmc5hLG3EDTNEWQvI,@rhude,,1613580349,,,2026-04-16,,,,,,30,⭐ TIER 2 — Strong
R H U D E,Los Angeles,California,USA,https://rh-ude.com/?srsltid=AfmBOoqufxUv5OnRTPV-kGRKc5VG7CGvP0W49cAcG3zA2SwmfS_kjqkK,@rhude,,1613580349,,,2026-04-16,,,,,,30,⭐ TIER 2 — Strong
RHUDE – TRAFFIC LOS ANGELES,Los Angeles,California,USA,https://shoptrafficla.com/collections/rhude,@media,customerservice@shoptrafficla.com,7654415723,,,2026-04-16,,,,,,40,🔥 TIER 1 — Hot
Buy RHUDE Online at UNION LOS ANGELES,Los Angeles,California,USA,https://store.unionlosangeles.com/collections/rhude?srsltid=AfmBOopkhaMNfNQ48NTHWrXj4d9UVHXgJKs73WVwOhUoARQf6P6-N3gE,@unionlosangeles,,1698448251,,,2026-04-16,,,,,,30,⭐ TIER 2 — Strong
Rhude - Pieces,Los Angeles,California,USA,https://pieceslosangeles.com/collections/rhude?srsltid=AfmBOoocfnNhoVXlthYpn3LOY_N5h0TIO-DkuSKAPVsgfMnmjnBdbBlb,@font,,1767727558,,,2026-04-16,,,,,,30,⭐ TIER 2 — Strong
Contact Us,Los Angeles,California,USA,https://rh-ude.com/pages/contact-us?srsltid=AfmBOorU_Peb9cOsegjMTvx4FoRw95yUz-RIu4cLg-G7dHh9mIlX-qD-,@rhude,WORK@RH-UDE.COM,1613580349,,,2026-04-16,,,,,,40,🔥 TIER 1 — Hot
Rhude,Los Angeles,California,USA,https://www.neimanmarcus.com/c/designers-rhude-cat81650731?srsltid=AfmBOoo92yIp7Y2IGfJ-1VK7whIMuUCnlVh59-vj1Fb5wFtqOl7QjgXk,,,,,,2026-04-16,,,,,,20,⭐ TIER 2 — Strong
The Best Streetwear and Sneaker Stores in LA,Los Angeles,California,USA,https://snkrdunk.com/en/magazine/2024/10/16/the-best-streetwear-and-sneaker-stores-in-la/,@snkrdunk,,4298112987,,,2026-04-16,,,,,,10,📋 TIER 3 — Warm
UNION LOS ANGELES,Los Angeles,California,USA,https://store.unionlosangeles.com/?srsltid=AfmBOor1-pmQw-IvAv1vcApQuWdmV-8Iy28lBoTJcj-3RTrXv024xLk1,@unionlosangeles,,1698448251,,,2026-04-16,,,,,,-30,❄️ TIER 4 — Cold
3 Days of Streetwear and LA Team Gear,Los Angeles,California,USA,https://www.discoverlosangeles.com/things-to-do/los-angeles-streetwear-sports-shopping,,,,,,2026-04-16,,,,,,0,❄️ TIER 4 — Cold
"Shop Streetwear Clothing, Sneakers, Jerseys and Hats ...",Los Angeles,California,USA,https://www.culturekings.com/?srsltid=AfmBOorkQji9GE9WuHmb0BebAtlVcJhMd6hkmoX1K9hA2CpWTF2IEwqi,@culturekings.usa,test@test.com,1775758390,,,2026-04-16,,,,,,20,⭐ TIER 2 — Strong
Toreno's Top 5 Streetwear Joints in LA,Los Angeles,California,USA,https://trippin.world/guide/torenos-top-5-streetwear-joints-in-la,@trippin.world,hello@trippin.com,6441128080,,,2026-04-16,,,,,,20,⭐ TIER 2 — Strong
Dover Street Market Los Angeles | DSM Los Angeles,Los Angeles,California,USA,https://losangeles.doverstreetmarket.com/,@doverstreetmarketlosangeles,info@dsm-ny.com,7519344772,,,2026-04-16,,,,,,-20,❄️ TIER 4 — Cold
HypeBeast Kickz,Los Angeles,California,USA,https://www.hbkickz.com/,@hbkickz23,hypebeastkicks23@yahoo.com,1825789878,,,2026-04-16,,,,,,20,⭐ TIER 2 — Strong
RIF LA: RIF LOS ANGELES,Los Angeles,California,USA,https://www.rif.la/?srsltid=AfmBOorIdES21SBw4Wqur-ZDTuXk3C3G3xdTqhBoWJj0Dg4_8s_M8uL0,@riflosangeles,riflogo_265x@2x.png,1635226384,,,2026-04-16,,,,,,-20,❄️ TIER 4 — Cold
Los Angeles,Los Angeles,California,USA,https://hypebeast.com/tags/los-angeles,@hypebeast,screenshot-adblock@2x.c415715a.png,3702846231,,,2026-04-16,,,,,,10,📋 TIER 3 — Warm
"Maxfield LA - Luxury Designer Fashion, Art, Accessories ...",Los Angeles,California,USA,https://www.maxfieldla.com/?srsltid=AfmBOoo5nw4JrSZkLI1Lwbnufci0z-Up3aCkpUrh_jfMz25WIt87hdXE,@maxfieldla,,1689094229,,,2026-04-16,,,,,,10,📋 TIER 3 — Warm
TRAFFIC LOS ANGELES | Luxury Men's and Women's ...,Los Angeles,California,USA,https://shoptrafficla.com/,@media,customerservice@shoptrafficla.com,7654415723,,,2026-04-16,,,,,,20,⭐ TIER 2 — Strong
Pieces – PIECES,Los Angeles,California,USA,https://pieceslosangeles.com/?srsltid=AfmBOoocquPXOJKaDDSh-p0d1SUaIUZa2M0v0yhpZUD8TE-QuAm7TQgR,@font,,1767727558,,,2026-04-16,,,,,,-30,❄️ TIER 4 — Cold
The 11 Best Men's Boutiques In Los Angeles,Los Angeles,California,USA,https://www.modernluxury.com/best-mens-boutiques-los-angeles/,@import,chosen-sprite@2x.png,1775648378,,,2026-04-16,,,,,,20,⭐ TIER 2 — Strong
Premium Footwear | Shoes & Sneakers | Los Angeles ...,Los Angeles,California,USA,https://stores.shoepalace.com/ca/losangeles/,@shoepalace,,6157367176,,,2026-04-16,,,,,,10,📋 TIER 3 — Warm
Sneaker Stores You Must Visit in Los Angeles - Features,Los Angeles,California,USA,https://www.sneakerfreaker.com/features/sneaker-stores-you-must-visit-in-los-angeles,@coolkicksla,,5181905723,,,2026-04-16,,,,,,10,📋 TIER 3 — Warm
The Best Sneaker Stores in Los Angeles,Los Angeles,California,USA,https://maps.apple.com/guides?curated=16912217241520609928&_provider=9902,@context,button-yelp-logo-6@3x.png,1691221724,,,2026-04-16,,,,,,20,⭐ TIER 2 — Strong
LA Sneaker Stores - Los Angeles,Los Angeles,California,USA,https://sneakernews.com/sneaker-shopping-guide/la-sneaker-stores/,,,,,,2026-04-16,,,,,,0,❄️ TIER 4 — Cold
Hellstar | PIECES Los Angeles,West Hollywood,California,USA,https://pieceslosangeles.com/collections/hellstar?srsltid=AfmBOorjox4pQLM_QvO4FjHbNETIxt6YF4nb7h2qaH69WfQznhvXRG0V,@font,,1767727558,,,2026-04-16,,,,,,35,⭐ TIER 2 — Strong
Hellstar Records Hollywood CA Graphic T Shirt Men's XL White,West Hollywood,California,USA,https://www.ownthespread.com/products/11182665/,,,,,,2026-04-16,,,,,,25,⭐ TIER 2 — Strong
Hellstar,West Hollywood,California,USA,https://showroomla.co/collections/hellstar?srsltid=AfmBOopEvJovoWouUsmgx3ZmJZaTy3cZf8C3OBkhNzMwt_cEsZnASyGx,@showroomla,u003eSupport@showroomla.co,1723185612,,,2026-04-16,,,,,,45,🔥 TIER 1 — Hot
Hellstar Records Hollywood CA Path to Paradise Tee ...,West Hollywood,California,USA,https://www.ebay.com/itm/127369867466,@ebay,,2026041419,,,2026-04-16,,,,,,35,⭐ TIER 2 — Strong
Contact Us - White Hellstar Shirt | Customer Support & Store ...,West Hollywood,California,USA,https://whitehellstarshirt.com/contact.html,@whitehellstarshirt.com,support@whitehellstarshirt.com,323-555-0123,,,2026-04-16,,,,,,45,🔥 TIER 1 — Hot
Shop @hellstar in-store & online at pieceslosangeles.com ...,West Hollywood,California,USA,https://www.instagram.com/reel/DDkOnNqvQOu/,@hellstar,,1037483433,,,2026-04-16,,,,,,35,⭐ TIER 2 — Strong
Hellstar x Vale Forever 📸🔥 Shop In Store ✅ ... - Instagram,West Hollywood,California,USA,https://www.instagram.com/p/DMYR9ANvEUL/,@rsrc.php,,1037483433,,,2026-04-16,,,,,,55,🔥 TIER 1 — Hot
HELLSTAR – ReservedHollywood,West Hollywood,California,USA,https://reservedla.com/collections/hellstar?srsltid=AfmBOoowUKnXRyXNKM_piM2Xzw5JgneU4RU3AB0SVJqWmRkCJbCmvLJ6,@font,,1273701017,,,2026-04-16,,,,,,35,⭐ TIER 2 — Strong
Luxury Custom HellStar Tracksuit - Trendy Hollywood LA ...,West Hollywood,California,USA,https://www.ebay.com/itm/176582441576,@ebay,,2026041419,,,2026-04-16,,,,,,35,⭐ TIER 2 — Strong
Adidas x Hellstar In-Store Release Recap Another high ...,West Hollywood,California,USA,https://www.instagram.com/reel/DVRg0Edkn7Z/,@rsrc.php,,1037483433,,,2026-04-16,,,,,,35,⭐ TIER 2 — Strong
R H U D E,West Hollywood,California,USA,https://rh-ude.com/?srsltid=AfmBOoqGDo0zlCV1pjYgr9xDIH4hEhZT7ntiJAXAKMbhidE9x82-Fg-6,@rhude,,1613580349,,,2026-04-16,,,,,,30,⭐ TIER 2 — Strong
Contact Us,West Hollywood,California,USA,https://rh-ude.com/pages/contact-us?srsltid=AfmBOopqt6gASdNmmdJPrCilA0MvtgOMy65zn3n1J12l756LkPFvR7EE,@rhude,WORK@RH-UDE.COM,1613580349,,,2026-04-16,,,,,,40,🔥 TIER 1 — Hot
Rhude,West Hollywood,California,USA,https://showroomla.co/collections/rhude?srsltid=AfmBOoqq33BtEdiUe1IY8kV4Im_Ai_WnZ-mUZW49ttYAqc2Uz6HkMnFd,@showroomla,u003eSupport@showroomla.co,1723185612,,,2026-04-16,,,,,,40,🔥 TIER 1 — Hot
"Maxfield LA - Luxury Designer Fashion, Art, Accessories ...",West Hollywood,California,USA,https://www.maxfieldla.com/?srsltid=AfmBOoqQtZneL9QpGptZrYVogEAsuXaQyTwY7SECmi80uvouDO1Dp98K,@maxfieldla,,1689094229,,,2026-04-16,,,,,,10,📋 TIER 3 — Warm
"The Webster: Curated Luxury Fashion, Beauty & Lifestyle",West Hollywood,California,USA,https://thewebster.com/?srsltid=AfmBOorb-max5sMjzDjr-HfbKJxA22emK7t-duzAn2YWAF1ap4v2ZgnI,@thewebster,,2147483647,,,2026-04-16,,,,,,10,📋 TIER 3 — Warm
Rhude | BBB Business Profile,West Hollywood,California,USA,https://www.bbb.org/us/ca/west-hollywood/profile/online-shopping/rhude-1216-1294447,@betterbusinessbureau_,info@bbbsefl.org,216-1294447,,,2026-04-16,,,,,,40,🔥 TIER 1 — Hot
"Rhude - Overview, News & Similar companies",West Hollywood,California,USA,https://www.zoominfo.com/c/rhude/365419580,,,,,,2026-04-16,,,,,,20,⭐ TIER 2 — Strong
DeAndre Hopkins arrives at Rhude Clothing Line Pop Up ...,West Hollywood,California,USA,https://www.gettyimages.com/detail/video/deandre-hopkins-arrives-at-rhude-clothing-line-pop-up-news-footage/999161528,@gettyimages,,6351776513,,,2026-04-16,,,,,,30,⭐ TIER 2 — Strong
"The Best Boutiques in West Hollywood, L.A.'s Most Shop- ...",West Hollywood,California,USA,https://www.theadventuristmagazine.com/city-guides/the-west/california/los-angeles/west-hollywood-best-boutiques,@the_adventurist_magazine,user@domain.com.,1765539906,,,2026-04-16,,,,,,20,⭐ TIER 2 — Strong
"Brick & Mortar Boutique in West Hollywood, CA",West Hollywood,California,USA,https://shopatbrick.com/,@shopatbrick,info@shopatbrick.com,5991460479,,,2026-04-16,,,,,,20,⭐ TIER 2 — Strong
Cherry Los Angeles – CHERRY LA,West Hollywood,California,USA,https://cherryla.com/?srsltid=AfmBOopa1I24YjZLfs2HM1mnW54bSNacCvwWLAdMF0CNb_MZKsziAQlq,@cherrylosangeles,,5861781671,,,2026-04-16,,,,,,-30,❄️ TIER 4 — Cold
The Ultimate Guide to Shopping in West Hollywood,West Hollywood,California,USA,https://www.visitwesthollywood.com/stories/ultimate-west-hollywood-shopping-guide/,,,,,,2026-04-16,,,,,,-40,❄️ TIER 4 — Cold
"Feature: Sneaker Culture, Designer Apparel + Lifestyle",West Hollywood,California,USA,https://feature.com/?srsltid=AfmBOopYKoDTMRwu3YC7vsCsWYgdpE-ADzyw_QBiGUe-tW9stTHrvEPM,@feature,icon-klarna@2x.static.png,1554395407,,,2026-04-16,,,,,,20,⭐ TIER 2 — Strong
UNION LOS ANGELES,West Hollywood,California,USA,https://store.unionlosangeles.com/?srsltid=AfmBOoqlNW0HtXM21GocOVn-_8kZhyiZJ5eiMYdieYKvO5oHPzbjBVNg,@unionlosangeles,,1698448251,,,2026-04-16,,,,,,-30,❄️ TIER 4 — Cold
John Elliott Opens First Flagship Store in West Hollywood,West Hollywood,California,USA,https://hypebeast.com/2019/5/john-elliott-first-store-west-hollywood-melrose-open,,,,,,2026-04-16,,,,,,0,❄️ TIER 4 — Cold
Take a Look Inside Supreme's New Store in West Hollywood,West Hollywood,California,USA,https://hypebae.com/2023/2/supreme-west-hollywood-store-los-angeles-opening-location-info,@hypebae,screenshot-adblock@2x.c415715a.png,3702846231,,,2026-04-16,,,,,,25,⭐ TIER 2 — Strong
The Ultimate West Hollywood Weekend Shopping Guide,West Hollywood,California,USA,https://www.elle.com/culture/travel-food/a46030642/the-ultimate-west-hollywood-weekend-shopping-guide/,@elleusa,customercare@zadigetvoltaire.com,3646644135,,,2026-04-16,,,,,,-20,❄️ TIER 4 — Cold
5 Clothing Stores You NEED To Experience #departmento ...,West Hollywood,California,USA,https://www.instagram.com/reel/DMa5u1jyufG/,@rsrc.php,,1037483433,,,2026-04-16,,,,,,10,📋 TIER 3 — Warm
Shopping in West Hollywood,West Hollywood,California,USA,https://www.visitwesthollywood.com/experiences/shopping-design/,,,,,,2026-04-16,,,,,,-40,❄️ TIER 4 — Cold
"Shop Streetwear Clothing, Sneakers, Jerseys and Hats ...",West Hollywood,California,USA,https://www.culturekings.com/?srsltid=AfmBOooVNx0N6B4Jw30KDUKM8AW6fQDNTj15vLervoZdZ3681KDq2kuB,@culturekings.usa,test@test.com,1775758390,,,2026-04-16,,,,,,20,⭐ TIER 2 — Strong
Classic Shoes Los Angeles CA,West Hollywood,California,USA,https://www.shopwss.com/pages/la-west-sunset-blvd-store-77?srsltid=AfmBOoptat2xIJQXaTYa3g1TjVfHwy5qkAWogdez48RF4kSXF5Ka8nUk,@ShopWSS,help@shopwss.com,1759352978,,,2026-04-16,,,,,,-20,❄️ TIER 4 — Cold
Best sneaker shops in LA - California Forum,West Hollywood,California,USA,https://www.tripadvisor.ie/ShowTopic-g28926-i29-k11226279-Best_sneaker_shops_in_LA-California.html,,,,,,2026-04-16,,,,,,0,❄️ TIER 4 — Cold
"FAIRFAX CALIFORNIA | FAIRFAX | California, USA",Fairfax,California,USA,https://www.fairfaxcalifornia.com/,@fairfax_usa,core-js-bundle@3.2.1,2545352419,,,2026-04-16,,,,,,-30,❄️ TIER 4 — Cold
Hellstar | PIECES Los Angeles,Fairfax,California,USA,https://pieceslosangeles.com/collections/hellstar?srsltid=AfmBOopd3zRs3v9Gb1If9UIT39kv20WfBIor8Clc7G9ZecLJXna8g267,@font,,1767727558,,,2026-04-16,,,,,,35,⭐ TIER 2 — Strong
Our Stockists,Fairfax,California,USA,https://www.fairfaxandfavor.com/en-us/pages/where-to-buy?srsltid=AfmBOoq6ag5TRMFziHRgiXOyrbalLkj_NziH0ZVMxEyhhGRhxnbWmFmG,@fairfaxandfavor,info@fairfaxandfavor.com,1655390420,,,2026-04-16,,,,,,-20,❄️ TIER 4 — Cold
Hellstar Clothing | Tees Hoodies Long Sleeves,Fairfax,California,USA,https://www.stadiumgoods.com/collections/hellstar?srsltid=AfmBOorMvBpM5jBOfN-DnIZQswvb3lA3lgjWom1W7hStxk0_z9rslU25,@stadiumgoods,hello@shopmail.stadiumgoods.com,8070339516,,,2026-04-16,,,,,,45,🔥 TIER 1 — Hot
👟👟👟👟👟👟👟👟 Adidas Superstar ( Hellstar Hazy Orange 🍊 ...,Fairfax,California,USA,https://www.instagram.com/reel/DXH3xl_ArE2/,@rsrc.php,,1037483433,,,2026-04-16,,,,,,35,⭐ TIER 2 — Strong
👟👟👟👟👟👟👟👟 Adidas AE 2 ( Hellstar Desert Camo ) ...,Fairfax,California,USA,https://www.instagram.com/reel/DVjIw43grCs/,@rsrc.php,,1037483433,,,2026-04-16,,,,,,35,⭐ TIER 2 — Strong
"Supreme Closes Los Angeles Fairfax Shop, New Location ...",Fairfax,California,USA,https://www.flaunt.com/blog/fashion-supreme-closes-los-angeles-fairfax-store,@flauntmagazine,splide@3.2.2,5292349524,,,2026-04-16,,,,,,25,⭐ TIER 2 — Strong
Is Fairfax Avenue Dead as the Streetwear Hub of L.A.?,Fairfax,California,USA,https://wwd.com/business-news/retail/supreme-move-fairfax-avenue-sunset-boulevard-affect-streetwear-hub-los-angeles-1235503654/,@wwd,Br7@-V.O,1945704925,,,2026-04-16,,,,,,25,⭐ TIER 2 — Strong
The Hundreds' Closure Caps Fairfax's OG Streetwear Scene,Fairfax,California,USA,https://www.highsnobiety.com/p/fairfax-los-angeles-streetwear/,@highsnobiety,info@highsnobiety.com,1589980701,,,2026-04-16,,,,,,20,⭐ TIER 2 — Strong
Supreme Have Closed Their LA Flagship Fairfax Store,Fairfax,California,USA,https://pausemag.co.uk/2017/08/supreme-have-closed-their-la-flagship-fairfax-store/,@pauseonline,samantha.ria@pausemag.co.uk,1758023316,,,2026-04-16,,,,,,35,⭐ TIER 2 — Strong
"A Line Supreme: Customers, Neighbors Welcome Texting ...",Fairfax,California,USA,https://www.cbsnews.com/losangeles/news/supreme-fairfax-feb-15-release-texts/,@KCALNews,,1536620209,,,2026-04-16,,,,,,25,⭐ TIER 2 — Strong
R H U D E,Fairfax,California,USA,https://rh-ude.com/?srsltid=AfmBOorKSqSbOIxPtLkVRj6RAkV3fJG-FowlqYHGIqolIHzugvxKmFMz,@rhude,,1613580349,,,2026-04-16,,,,,,30,⭐ TIER 2 — Strong
Shop Rhude Online,Fairfax,California,USA,https://www.nordstrom.com/brands/rhude--18936?srsltid=AfmBOoouY0n5IomTB26QIzKGyDmKqbcQU5wE4b3sKAby-Y91pZiv5CBD,@4GfJ,,123456789,,,2026-04-16,,,,,,30,⭐ TIER 2 — Strong
UNION LOS ANGELES,Fairfax,California,USA,https://store.unionlosangeles.com/?srsltid=AfmBOoqJtfEuWHjJfftDBjxT-9SV1wwczeME6kweluBOw8BZAGcg85EM,@unionlosangeles,,1698448251,,,2026-04-16,,,,,,-30,❄️ TIER 4 — Cold
Guillermo Andrade Returns to Retail With 424 Flagship on ...,Fairfax,California,USA,https://www.yahoo.com/lifestyle/guillermo-andrade-returns-retail-424-223520592.html,@yahoolifestyle,,8108964313,,,2026-04-16,,,,,,-30,❄️ TIER 4 — Cold
Discover the Rhude Collection,Fairfax,California,USA,https://www.a-ma-maniere.com/collections/rhude?srsltid=AfmBOop8yxlgkOR7WWFFveSDWM1NirHEIz8P32nMUc5v_4tnsoM4NE0o,@maniere_usa,,1422991689,,,2026-04-16,,,,,,30,⭐ TIER 2 — Strong
Rhude | Luxury Streetwear & West Coast Style - Jurgen,Fairfax,California,USA,https://jurgenstore.com/brand/rhude/,,,,,,2026-04-16,,,,,,20,⭐ TIER 2 — Strong
Contact Us,Fairfax,California,USA,https://rh-ude.com/pages/contact-us?srsltid=AfmBOopOkzmQ8jfuxpyEQMFuMPDHd4N21-i-mUtNGofBdHcV2Ztwnjr6,@rhude,WORK@RH-UDE.COM,1613580349,,,2026-04-16,,,,,,40,🔥 TIER 1 — Hot
Photos: The Dawn of LA's Fairfax Avenue Streetwear Scene,Fairfax,California,USA,https://urbmagazine.substack.com/p/photos-the-dawn-of-las-fairfax-avenue,@jessicaandclark,,1619891265,,,2026-04-16,,,,,,10,📋 TIER 3 — Warm
Catwalk Designer Vintage – catwalk,Fairfax,California,USA,https://catwalkdesignervintage.com/,@catwalkfairfax,,1554769634,,,2026-04-16,,,,,,10,📋 TIER 3 — Warm
The Store Vintage & Modern (@thestorevandm),Fairfax,California,USA,https://www.instagram.com/thestorevandm/,@thestorevandm,,1037483433,,,2026-04-16,,,,,,-30,❄️ TIER 4 — Cold
Best Streetwear Shop,Fairfax,California,USA,https://www.laweekly.com/best-streetwear-shop-2/,,,,,,2026-04-16,,,,,,0,❄️ TIER 4 — Cold
SOLESTAGE – Solestage,Fairfax,California,USA,https://www.solestage.com/,@solestage,,1712567275,,,2026-04-16,,,,,,-30,❄️ TIER 4 — Cold
Social Status | Contemporary Menswear & Footwear,Fairfax,California,USA,https://www.socialstatuspgh.com/?srsltid=AfmBOope8uyFKz8UrcPKl5SJev8UthAtaMpjauBxYrPwgAJlcmYeU8_t,@thesocialstatus,fancybox@3.5.7,1750102237,,,2026-04-16,,,,,,-30,❄️ TIER 4 — Cold
"4:30 Fairfax (@430fairfax) · Los Angeles, CA",Fairfax,California,USA,https://www.instagram.com/430fairfax/,@430fairfax,,1037483433,,,2026-04-16,,,,,,-30,❄️ TIER 4 — Cold
True Clothing – Shop True Clothing,Fairfax,California,USA,https://www.trueclothing.net/?srsltid=AfmBOorWUSf4hoSv5Sjj5gAr65B_zEGp8pkefd-8iQcwrPo5zvdDHGH-,@true_sf,,1661581586,,,2026-04-16,,,,,,10,📋 TIER 3 — Warm
Fairfax: The Mecca of Streetwear,Fairfax,California,USA,https://www.talonmarks.com/wings-magazine/2019/05/28/fairfax-the-mecca-of-streetwear/,@talonmarks,,3333333333,,,2026-04-16,,,,,,10,📋 TIER 3 — Warm
Hellstar | PIECES Los Angeles,Beverly Hills,California,USA,https://pieceslosangeles.com/collections/hellstar?srsltid=AfmBOootF7_EANzNCLXQxy5Pm6cUeh3q_JkSDnaH9mJRTATQBY5z1BZK,@font,,1767727558,,,2026-04-16,,,,,,35,⭐ TIER 2 — Strong
Hellstar Baseball Fitted Hat Green,Beverly Hills,California,USA,https://www.shopholyground.com/products/hellstar-baseball-fitted-hat-green?srsltid=AfmBOoqy2boUeiGDKkJjgcif7hgpJHW8F_Zlv6g8V2a-lGhnG9l23Fiu,@holygroundshop,,2868549642,,,2026-04-16,,,,,,35,⭐ TIER 2 — Strong
Best Authenticated Streetwear Stores Near Beverly Hills - Pieces,Beverly Hills,California,USA,https://pieceslosangeles.com/blogs/news/best-authenticated-streetwear-stores-near-beverly-hills-1?srsltid=AfmBOooVcjNb5X1BkiGyap4ArBFdGLvJUvL3hXax48BRnIQIjJspx46e,@font,,1767727558,,,2026-04-16,,,,,,10,📋 TIER 3 — Warm
Hellstar,Beverly Hills,California,USA,https://showroomla.co/collections/hellstar?srsltid=AfmBOoo24VUZMh5DvtYAaua_lK9wL7xtGashZp34ts9wPOdILsMX51k_,@showroomla,u003eSupport@showroomla.co,1723185612,,,2026-04-16,,,,,,45,🔥 TIER 1 — Hot
Hellstar Studios,Beverly Hills,California,USA,https://bullseyesb.com/collections/hellstar?srsltid=AfmBOoqd_8X9Cq1sSL14zQr-cX6z43NmCeIXlxzpEa7n3mT_OfuaBQLS,@bullseyesb,flickity@2.3.0,4204079679,,,2026-04-16,,,,,,35,⭐ TIER 2 — Strong
"Supreme, Beverly Hills, CA - Reviews, Ratings, Tips and ...",Beverly Hills,California,USA,https://wanderlog.com/place/details/745258/supreme,@34.090783,apm-rum@5.16.0,3026914942,,,2026-04-16,,,,,,25,⭐ TIER 2 — Strong
"Supreme in West Hollywood, California - Ask AI",Beverly Hills,California,USA,https://mindtrip.ai/attraction/west-hollywood-california/supreme/at-1BeiVynh,@mindtripai,,2627051928,,,2026-04-16,,,,,,25,⭐ TIER 2 — Strong
SUPREME stores in Beverly Hills,Beverly Hills,California,USA,https://www.shopenauer.com/en/brand/supreme/beverly-hills,@supremenewyork,,5682063865,,,2026-04-16,,,,,,25,⭐ TIER 2 — Strong
"Men's Rhude Clothing, Shoes, Accessories & Grooming",Beverly Hills,California,USA,https://www.nordstrom.com/browse/men?filterByBrand=rhude&srsltid=AfmBOop51yL7HPwn2Uv_xHX7D_IcYno6W-SEYnkyrbRdpqEDgrUjh41c,@4GfJ,,123456789,,,2026-04-16,,,,,,30,⭐ TIER 2 — Strong
Buy RHUDE Online at UNION LOS ANGELES,Beverly Hills,California,USA,https://store.unionlosangeles.com/collections/rhude?srsltid=AfmBOorZQfRAo0-tuerHpU_ngdMPKSsOqKiRZ8dc9qdQ4FOwCFRuTVav,@unionlosangeles,,1698448251,,,2026-04-16,,,,,,30,⭐ TIER 2 — Strong
R H U D E,Beverly Hills,California,USA,https://rh-ude.com/?srsltid=AfmBOopJYJ13w-b9g6jrPD2eqdPq8BMe5hKMfDcSk_OnLjyVUvftzjkl,@rhude,,1613580349,,,2026-04-16,,,,,,30,⭐ TIER 2 — Strong
"Maxfield LA - Luxury Designer Fashion, Art, Accessories ...",Beverly Hills,California,USA,https://www.maxfieldla.com/?srsltid=AfmBOooez68hOaS78JZLpjOCs2sgWZH2V9F_DmvX3WoVLglwMMg3gloW,@maxfieldla,,1689094229,,,2026-04-16,,,,,,10,📋 TIER 3 — Warm
Living the Rhude Life in Beverly Hills,Beverly Hills,California,USA,https://www.gq.com/story/rhude-ss-22,@samschube,help@newyorker.com,6069630293,,,2026-04-16,,,,,,40,🔥 TIER 1 — Hot
Rhude,Beverly Hills,California,USA,https://thewebster.com/shop/designers/rhude.html?srsltid=AfmBOorhqScXJBDvY7n0hLLc-1iBxzPGvTMJ-qObwCeyUCkCRKqiFfot,@thewebster,,2147483647,,,2026-04-16,,,,,,30,⭐ TIER 2 — Strong
LA STORE Now open 8483 Melrose AV CA 90069 11AM,Beverly Hills,California,USA,https://www.instagram.com/p/DWHarMAjJBM/,@rsrc.php,,1037483433,,,2026-04-16,,,,,,-30,❄️ TIER 4 — Cold
RODEO DRIVE – THE INTERSECTION OF LUXURY ...,Beverly Hills,California,USA,https://www.rodeodrive-bh.com/,@rodeodrive,user@domain.com.,1774491810,,,2026-04-16,,,,,,20,⭐ TIER 2 — Strong
Impossible Kicks,Beverly Hills,California,USA,https://impossiblekicks.com/?srsltid=AfmBOopOQjvqshfJqbz5Ta1xJURCHrSdntweQd6kljjSVnPm1EPA1BRv,,,,,,2026-04-16,,,,,,0,❄️ TIER 4 — Cold
Blends Opens a New Beverly Hills Location,Beverly Hills,California,USA,https://hypebeast.com/2015/3/blends-opens-a-new-beverly-hills-location,,,,,,2026-04-16,,,,,,0,❄️ TIER 4 — Cold
"Los Angeles City Guide: Coffee, Art, Cheap Eats",Beverly Hills,California,USA,https://hypebeast.com/2016/8/los-angeles-city-guide-hypebeast,,,,,,2026-04-16,,,,,,0,❄️ TIER 4 — Cold
ANTA Beverly Hills is now open! It was an honor to attend the ...,Beverly Hills,California,USA,https://www.instagram.com/reel/DUvrd_yE6EI/,@rsrc.php,,1037483433,,,2026-04-16,,,,,,-30,❄️ TIER 4 — Cold
Inside Louis Vuitton's Rodeo Drive Temporary Residency,Beverly Hills,California,USA,https://hypebeast.com/2021/2/louis-vuitton-temporary-residency-rodeo-drive-beverly-hills-store,,,,,,2026-04-16,,,,,,0,❄️ TIER 4 — Cold
Madison Maison an iconic specialty store in Beverly Hills,Beverly Hills,California,USA,https://www.madisonstyle.com/?srsltid=AfmBOoqHQkG1A0F2YIMKCOpaUfIazzuC7EaubND6_Vh2hoiE8n0bWfU9,@madisonstyle,,1746710984,,,2026-04-16,,,,,,-30,❄️ TIER 4 — Cold
"My Art is now in Zensai, a Luxury Streetwear Fashion Store ...",Beverly Hills,California,USA,https://www.instagram.com/p/B8S2fNhAUPO/,@rsrc.php,,1037483433,,,2026-04-16,,,,,,10,📋 TIER 3 — Warm
Beverly Hills Lingerie: First Streetwear Lingerie Brand,Beverly Hills,California,USA,https://beverlyhillslingerie.com/?srsltid=AfmBOooDhXl-eyNJOrYTtboz4BrsG4CL520Xk8Qmjh4q9akfRF3oLlia,@beverlyhillslingerie,Screen_Shot_2019-08-06_at_10.39.38_PM_f6fce90b-4675-4052-91f2-1896a2b60ca9_x63@2x.png,1613537804,,,2026-04-16,,,,,,20,⭐ TIER 2 — Strong
Hellstar - Levels SF,San Francisco,California,USA,https://levelssf.com/collections/hellstar?srsltid=AfmBOoquctB0Xu0uSqr1PiYza1_R0hDx9N2eSryw5egbHXKIn0X5dZJR,@levelssf,,1682737641,,,2026-04-16,,,,,,35,⭐ TIER 2 — Strong
"LEVELS SF on Instagram: ""Hellstar. Levels. 2146 3rd St. Now ...",San Francisco,California,USA,https://www.instagram.com/reel/DGEf2oRyhj_/,@hellstar,,1037483433,,,2026-04-16,,,,,,35,⭐ TIER 2 — Strong
"New Hellstar Uniform Zip-Up⭐️ Sizes: S, M, L ...",San Francisco,California,USA,https://www.instagram.com/p/DImvj3WT8PJ/,@rsrc.php,,1037483433,,,2026-04-16,,,,,,35,⭐ TIER 2 — Strong
Hellstar out now !! Hoodies / Sweats ( DM to purchase ),San Francisco,California,USA,https://www.instagram.com/p/DVWcsfHCUYN/,@rsrc.php,,1037483433,,,2026-04-16,,,,,,35,⭐ TIER 2 — Strong
Hellstar Studios,San Francisco,California,USA,https://bullseyesb.com/collections/hellstar?srsltid=AfmBOoo7Ku5syl2gbiMv064Iuve4Cdy01ZNfItsmHxoLNDqO6k8ritKC,@bullseyesb,flickity@2.3.0,9736354169,,,2026-04-16,,,,,,35,⭐ TIER 2 — Strong
"Fresh Society on Instagram: ""New HellStar “beat us” T's now ...",San Francisco,California,USA,https://www.instagram.com/reel/C6pLV4ivtof/,@rsrc.php,,1037483433,,,2026-04-16,,,,,,35,⭐ TIER 2 — Strong
"Hellstar Collection: Exclusive Apparel, Graphic Tees & ...",San Francisco,California,USA,https://wycovintagebroadway.com/collections/hellstar?srsltid=AfmBOopj-Hmu5tvXuyVKtBigAclvAshNjFMyvZDpV8OmXpG3vO7-BNAW,@WyCoBroadway,,1679016109,,,2026-04-16,,,,,,35,⭐ TIER 2 — Strong
Hellstar,San Francisco,California,USA,https://thewebster.com/shop/designers/hellstar.html?srsltid=AfmBOoqtdJHuZ5b5f2xt4XzyJhCgg7pCAxtjK670_KvQGpDqAU53ZzVS,@thewebster,,2147483647,,,2026-04-16,,,,,,35,⭐ TIER 2 — Strong
"Fresh Society on Instagram: ""New HellStar sports hoodie now ...",San Francisco,California,USA,https://www.instagram.com/reel/C7PmJKTSGGk/,@rsrc.php,,1037483433,,,2026-04-16,,,,,,35,⭐ TIER 2 — Strong
Shop Hellstar clothing,San Francisco,California,USA,https://www.theatticstreetwear.com/collections/hellstar?srsltid=AfmBOorjcIIQnK0FldGYEq3xL7Ly0JaYWocwcCjVX4EtlP0A1rlK-ahv,@theatticstreetwear,info@stagheaddesigns.com,4690952252,,,2026-04-16,,,,,,45,🔥 TIER 1 — Hot
"Supreme in San Francisco, CA United States",San Francisco,California,USA,https://maps.apple.com/place?place-id=I4CADAA6416758C92,@context,snippet-foursquare-logo-1@3x.png,122.4105001,,,2026-04-16,,,,,,35,⭐ TIER 2 — Strong
Peek inside Supreme's San Francisco store,San Francisco,California,USA,https://thespaces.com/supreme-san-francisco/,,,,,,2026-04-16,,,,,,15,📋 TIER 3 — Warm
RHUDE stores in San Francisco,San Francisco,California,USA,https://www.shopenauer.com/en/brand/rhude/san-francisco,@shopenauer_official,,5682063865,,,2026-04-16,,,,,,30,⭐ TIER 2 — Strong
"Men's Rhude Clothing, Shoes, Accessories & Grooming",San Francisco,California,USA,https://www.nordstrom.com/browse/men?filterByBrand=rhude&srsltid=AfmBOorWPzY_SqiUIxT8X0N777IUUKXjYUtsWCW33G5yfYt-N30RkIW1,@4GfJ,,123456789,,,2026-04-16,,,,,,30,⭐ TIER 2 — Strong
R H U D E,San Francisco,California,USA,https://rh-ude.com/?srsltid=AfmBOopLb2P8L_XN5oPsjBRFkPwABx9BEp4H4Nv0AkL3joHvJhrgDzna,@rhude,,1613580349,,,2026-04-16,,,,,,30,⭐ TIER 2 — Strong
"The Webster: Curated Luxury Fashion, Beauty & Lifestyle",San Francisco,California,USA,https://thewebster.com/?srsltid=AfmBOooz1qSpP9Xne8vhTFjqEj39tOnvNKH61Q20XvcSvWcMPRfcZ2sC,@thewebster,,2147483647,,,2026-04-16,,,,,,10,📋 TIER 3 — Warm
RHUDE,San Francisco,California,USA,https://wefashionssny.com/collections/rhude?srsltid=AfmBOor26lX2t9-oq6NDcoPR1_vQN0iVl--O5-1vKAOWMgWhJhG99Ho_,@wefashion_samplesale,info@wefashionssny.com,1731574387,,,2026-04-16,,,,,,40,🔥 TIER 1 — Hot
Wilkes Bashford - Mitchell Stores,San Francisco,California,USA,https://wilkesbashford.mitchellstores.com/,,,,,,2026-04-16,,,,,,-40,❄️ TIER 4 — Cold
Contact Us,San Francisco,California,USA,https://rh-ude.com/pages/contact-us?srsltid=AfmBOoq8R99Ur-OU24CO3-J7KQ9BFBlM7Q4_jodoQ6krohhruOa0VO1v,@rhude,WORK@RH-UDE.COM,1613580349,,,2026-04-16,,,,,,40,🔥 TIER 1 — Hot
State Of Flux | Clothing Brand & Store,San Francisco,California,USA,https://www.stateofflux.shop/,@stateoffluxshop,info@stateofflux.shop,2590526676,,,2026-04-16,,,,,,20,⭐ TIER 2 — Strong
"The Darkside Initiative - San Francisco, CA - Apparel and ...",San Francisco,California,USA,https://www.thedarksideinitiative.com/,@thedarksideinitiative,AURORA_HM4740-001_PHSLH000-2000_9c518cd5-4e3a-4afe-b29b-b483552191da_25x25@2x.jpg,1752475350,,,2026-04-16,,,,,,20,⭐ TIER 2 — Strong
Upper Playground | Shop Now,San Francisco,California,USA,https://upperplayground.com/,@upperplayground,upperplayproduction@gmail.com,8040009630,,,2026-04-16,,,,,,-20,❄️ TIER 4 — Cold
Bay Area Streetwear Brands,San Francisco,California,USA,https://piedmontave.com/bay-area-streetwear-brands/,@media,chosen-sprite@2x.png,1541183126,,,2026-04-16,,,,,,20,⭐ TIER 2 — Strong
The City Guide to San Francisco,San Francisco,California,USA,https://hypebeast.com/2019/4/san-francisco-things-to-do-guide-restaurants-shopping-museums-food,,,,,,2026-04-16,,,,,,0,❄️ TIER 4 — Cold
True Clothing – Shop True Clothing,San Francisco,California,USA,https://www.trueclothing.net/?srsltid=AfmBOopgKZ54Jgg4Y5zC4k4MVLAbAbNERgj5wSYmoOHcE2PwoUqQypsa,@true_sf,,1661581586,,,2026-04-16,,,,,,10,📋 TIER 3 — Warm
grails sf – Grails SF,San Francisco,California,USA,https://www.grailssf.com/?srsltid=AfmBOoqp-PdkmZA07Vq0DcCkr-H8cmbqeqB2gQva-iJSIY3kXuEL1-kP,@grails.sf,alpinejs@3.13.0,1776212226,,,2026-04-16,,,,,,-30,❄️ TIER 4 — Cold
"LEVELS SF (@levelssf) · San Francisco, CA",San Francisco,California,USA,https://www.instagram.com/levelssf/,@levelssf,,1037483433,,,2026-04-16,,,,,,-30,❄️ TIER 4 — Cold
San Francisco,San Francisco,California,USA,https://hypebeast.com/tags/san-francisco,@hypebeast,screenshot-adblock@2x.c415715a.png,3702846231,,,2026-04-16,,,,,,10,📋 TIER 3 — Warm
Hidden Hype Clothing,San Francisco,California,USA,https://hiddenhype.com/?srsltid=AfmBOoq2brVdsc3r4e26LASNuBSrw7HS4Vwtzu2AcDnzshJVRdg3HOw0,@hiddenhypeboutique,support@hiddenhype.com,8654104650,,,2026-04-16,,,,,,20,⭐ TIER 2 — Strong
Premium Footwear | Shoes & Sneakers | San Francisco ...,San Francisco,California,USA,https://stores.shoepalace.com/ca/sanfrancisco/,@shoepalace,,6157367176,,,2026-04-16,,,,,,10,📋 TIER 3 — Warm
Restyled SF: Home,San Francisco,California,USA,https://www.restyledsf.us/,@media,13e49d785d8d4f828038b6136f3b48ba@sentry.io,2882222241,,,2026-04-16,,,,,,-20,❄️ TIER 4 — Cold
San Francisco Sneaker Stores - SneakerNews.com,San Francisco,California,USA,https://sneakernews.com/sneaker-shopping-guide/san-francisco-sneaker-stores/,,,,,,2026-04-16,,,,,,0,❄️ TIER 4 — Cold
LockerSF – Locker SF,San Francisco,California,USA,https://lockersf.com/,@locker.sf,Jordan_Logo_410x410@2x.png,8215315034,,,2026-04-16,,,,,,20,⭐ TIER 2 — Strong
Market Street,San Francisco,California,USA,https://www.shiekh.com/stores/sf-flagship?srsltid=AfmBOoq3G9wWBw3zgMrWBhKO6E0pwrW9kqvOt6Xdk_ckuwkey2PWFWHn,,,,,,2026-04-16,,,,,,-40,❄️ TIER 4 — Cold
"Shop Streetwear Clothing, Sneakers, Jerseys and Hats ...",San Francisco,California,USA,https://www.culturekings.com/?srsltid=AfmBOordtlW77bsEFYRH0eKFuSS6dVwiF-FBwcDAlL5p3LBZC_UVWFdK,@culturekings.usa,test@test.com,1775758390,,,2026-04-16,,,,,,20,⭐ TIER 2 — Strong
Bunch of Hellstar Tees in Store‼️ Perfect for the Summer ...,San Diego,California,USA,https://www.instagram.com/reel/DJz0B5ETzwM/,@rsrc.php,,1037483433,,,2026-04-16,,,,,,35,⭐ TIER 2 — Strong
Store Locations - La Jolla,San Diego,California,USA,https://feature.com/pages/store-locations-la-jolla?srsltid=AfmBOopEdIMbkFDT_5pYc3va3P4Kc3gkEMKvRGHskHfeHUO-F3aRZFfE,@feature,icon-klarna@2x.static.png,1554395407,,,2026-04-16,,,,,,-20,❄️ TIER 4 — Cold
citykickssd,San Diego,California,USA,https://citykickssd.com/,@citykickssd,Inquiries@CityKicksSD.com,1741849026,,,2026-04-16,,,,,,20,⭐ TIER 2 — Strong
Shop Overload | Premium Skate and Shoe Store | San Diego ...,San Diego,California,USA,https://shopoverload.com/?srsltid=AfmBOooPf1jhWo12sJT64B-7B7n7n9hDmn8WNQr3aVZHGD7ADD6mRiqf,@shopoverload.com,shop@shopoverload.com,1737781903,,,2026-04-16,,,,,,20,⭐ TIER 2 — Strong
Hellstar Clothing | Tees Hoodies Long Sleeves,San Diego,California,USA,https://www.stadiumgoods.com/collections/hellstar?srsltid=AfmBOoo1ItxFHugfzDTsGScv_laQ5vpctROBhO-DbRu9yKEFewuatiKT,@stadiumgoods,hello@shopmail.stadiumgoods.com,8070339516,,,2026-04-16,,,,,,45,🔥 TIER 1 — Hot
Hellstar Tee Sz M $179.99! 📍9809 Mira Mesa Blvd ⏰ Open ...,San Diego,California,USA,https://www.instagram.com/p/DBuZB_BSPyi/,@rsrc.php,,1037483433,,,2026-04-16,,,,,,35,⭐ TIER 2 — Strong
ShopMeta,San Diego,California,USA,https://shopmeta.com/?srsltid=AfmBOooryVeWQzpCZigbTBz5uwnD1MzqjKhgOKz834k4I9fEJPDR8utE,@shopmetasd,Group_1127_dc4e0ea3-781b-4b8a-8dfe-f44499968071_140x@2x.png,1643854612,,,2026-04-16,,,,,,-20,❄️ TIER 4 — Cold
"PLAYOFFS COLLECTIVE on Instagram: ""Some new Hellstar ...",San Diego,California,USA,https://www.instagram.com/reel/DXIMGwlyV2k/,@rsrc.php,,1037483433,,,2026-04-16,,,,,,35,⭐ TIER 2 — Strong
Reign Supreme Clothing (@wereignsupreme),San Diego,California,USA,https://www.instagram.com/wereignsupreme/,@shopdablock,,1037483433,,,2026-04-16,,,,,,25,⭐ TIER 2 — Strong
Supreme Clothing,San Diego,California,USA,https://shopmeta.com/collections/supreme-clothing?srsltid=AfmBOorAp8pI39G-kELDK49CZJO3MRuOJrCb-BgYzOPFrDf0XQiW0LIO,@shopmetasd,Group_1127_dc4e0ea3-781b-4b8a-8dfe-f44499968071_140x@2x.png,1643854612,,,2026-04-16,,,,,,35,⭐ TIER 2 — Strong
SUPREME stores in San Diego,San Diego,California,USA,https://www.shopenauer.com/en/brand/supreme/san-diego,@supremenewyork,,5682063865,,,2026-04-16,,,,,,25,⭐ TIER 2 — Strong
Shoe Store Los Shops That Sell Supreme Near Me TOP 10 ...,San Diego,California,USA,https://www.plattar.com/?h=95657161041850,@plattarglobal,,1771373239,,,2026-04-16,,,,,,25,⭐ TIER 2 — Strong
R H U D E,San Diego,California,USA,https://rh-ude.com/?srsltid=AfmBOoq5QI_E4JSVSmvipooCP43yMAJHdPLwlgWDvQFxxQ8w0EnFWpxt,@rhude,,1613580349,,,2026-04-16,,,,,,30,⭐ TIER 2 — Strong
RHUDE stores in San Diego,San Diego,California,USA,https://www.shopenauer.com/en/brand/rhude/san-diego,@shopenauer_official,,5682063865,,,2026-04-16,,,,,,30,⭐ TIER 2 — Strong
"Men's Rhude Clothing, Shoes, Accessories & Grooming",San Diego,California,USA,https://www.nordstrom.com/browse/men?filterByBrand=rhude&srsltid=AfmBOoqOcpzgKDMrgDddQpWS-hhC6nJIP07i7QYes77oTLQSIAsoMzLZ,@4GfJ,,123456789,,,2026-04-16,,,,,,30,⭐ TIER 2 — Strong
Westfield UTC,San Diego,California,USA,https://www.roddandgunn.com/us/stores/westfield-utc_5050?srsltid=AfmBOoo0ACAH0dUM9xjWzGdfs9cxoiLrPoDkBrDx_guOg0x66S3v4nBH,@roddandgunn,customerservice@roddandgunn.com,1776279816,,,2026-04-16,,,,,,-20,❄️ TIER 4 — Cold
Shop RHUDE Streetwear | Luxury Style,San Diego,California,USA,https://www.stadiumgoods.com/collections/streetwear-other-brands-rhude?srsltid=AfmBOopZImUzq7038GsWemSUcrxhPyqC_H8hfkmMzjkyznOsZj74Em23,@stadiumgoods,hello@shopmail.stadiumgoods.com,8070339516,,,2026-04-16,,,,,,40,🔥 TIER 1 — Hot
"The Webster: Curated Luxury Fashion, Beauty & Lifestyle",San Diego,California,USA,https://thewebster.com/?srsltid=AfmBOorDkIQa1ncVnipj7kdfE0INkXBD8lbbixNeCnx-2piDy-9p_SEo,@thewebster,,2147483647,,,2026-04-16,,,,,,10,📋 TIER 3 — Warm
"🌟 new streetwear arrivals from rhude, gallery, bape, warren ...",San Diego,California,USA,https://www.instagram.com/p/DW7DWV4gctW/,@rsrc.php,,1037486289,,,2026-04-16,,,,,,30,⭐ TIER 2 — Strong
Contact Us,San Diego,California,USA,https://rh-ude.com/pages/contact-us?srsltid=AfmBOoozimaIoh6oSdURcmxveG8WEpWmnL1BV4pILEmtYVg8tfF10TBu,@rhude,WORK@RH-UDE.COM,1613580349,,,2026-04-16,,,,,,40,🔥 TIER 1 — Hot
ACD GALLERY - San Diego,San Diego,California,USA,https://acdgallery.com/,@acdgallery,info@acdgallery.com,1614294546,,,2026-04-16,,,,,,-20,❄️ TIER 4 — Cold
Caliwearsd: CaliWear San Diego - Online Clothing Store,San Diego,California,USA,https://caliwearsd.com/?srsltid=AfmBOoq1n9Pm1maQ4gRFpmrPDcv_8HFrX4_rabNYCzzUCpDZWn7_HZgJ,@caliwearsd,,1761163216,,,2026-04-16,,,,,,10,📋 TIER 3 — Warm
Bait store - San Diego,San Diego,California,USA,https://www.baitme.com/stores-san-diego?srsltid=AfmBOooubEj8MGitrwmNzzDzSOkm6KKSFu9L3lXHUdD3OQBZrei-s3y5,@baitme,support@baitme.com,1775557925,,,2026-04-16,,,,,,-20,❄️ TIER 4 — Cold
Revolution Plaza Bonita (@revolution_plazabonita),San Diego,California,USA,https://www.instagram.com/revolution_plazabonita/,@revolution_plazabonita,,1037486289,,,2026-04-16,,,,,,-30,❄️ TIER 4 — Cold
"Shop Streetwear Clothing, Sneakers, Jerseys and Hats ...",San Diego,California,USA,https://www.culturekings.com/?srsltid=AfmBOoosKxX-pcXpHS_gfiYrF90i32WKKEKpBhwjNfRfNxu-KrcApqTD,@culturekings.usa,test@test.com,1775758390,,,2026-04-16,,,,,,20,⭐ TIER 2 — Strong
Gstyle Clothing,San Diego,California,USA,https://www.gstyleclothing.com/,@context,G-skull-All-City--Back_195x195@2x.png,1614295213,,,2026-04-16,,,,,,20,⭐ TIER 2 — Strong
Sneaker Club San Diego,San Diego,California,USA,https://thesneakerclubsd.com/,@gmail.com,thesneakerclubsd@gmail.com,1618299147,,,2026-04-16,,,,,,20,⭐ TIER 2 — Strong
"ELECT. (@electsandiego) · San Diego, CA",San Diego,California,USA,https://www.instagram.com/electsandiego/,@electsandiego,,1037486289,,,2026-04-16,,,,,,-30,❄️ TIER 4 — Cold
San Diego,San Diego,California,USA,https://hypebeast.com/tags/san-diego,@hypebeast,screenshot-adblock@2x.c415715a.png,3702846231,,,2026-04-16,,,,,,10,📋 TIER 3 — Warm
A Gamer's Travel Guide to San Diego,San Diego,California,USA,https://hypebeast.com/2025/10/marriott-bonvoy-travel-guide-gamers-san-diego,@hypebeast,app-store-en@2x.png,3702846231,,,2026-04-16,,,,,,20,⭐ TIER 2 — Strong
Discover Luxury at Fashion Valley - San Diego - Simon,San Diego,California,USA,https://www.simon.com/mall/fashion-valley/luxury,@fashionvalleyca,,1766078725,,,2026-04-16,,,,,,10,📋 TIER 3 — Warm
Shopping La Jolla Style - San Diego Tourism Authority,San Diego,California,USA,https://www.sandiego.org/article/shopping-la-jolla-style,,,,,,2026-04-16,,,,,,-40,❄️ TIER 4 — Cold
Banned LA Ruin My Life (@bannedla) - Los Angeles,Melrose,California,USA,https://www.instagram.com/bannedla/,@bannedla,,1037486289,,,2026-04-16,,,,,,-30,❄️ TIER 4 — Cold
Newly released @hellstar merchandise hit the shelves 🔥 ...,Melrose,California,USA,https://www.instagram.com/p/Cq6fD8lvzea/,@hellstar,,1037486289,,,2026-04-16,,,,,,35,⭐ TIER 2 — Strong
New Hellstar arrivals ⭐️ See our website for updated ...,Melrose,California,USA,https://www.instagram.com/reel/C5KCp-qPXYy/,@rsrc.php,,1037486289,,,2026-04-16,,,,,,35,⭐ TIER 2 — Strong
HUNDREDS OF @hellstar IN AND OUT ✈️ CHECK OUT ...,Melrose,California,USA,https://www.instagram.com/reel/DTBcSn3Ek11/,@hellstar,,1037486289,,,2026-04-16,,,,,,35,⭐ TIER 2 — Strong
Contact Us - Hellstar Shirt Official Store,Melrose,California,USA,https://hellstar-shirt.org/contact.html,@context,support@hellstar-shirt.org,323-555-0147,,,2026-04-16,,,,,,45,🔥 TIER 1 — Hot
Products,Melrose,California,USA,https://hellstar.com/collections/all,@HELLSTAR,,5230780330,,,2026-04-16,,,,,,35,⭐ TIER 2 — Strong
Hellstar Studios The Path To Paradise Begins In Hell Tee,Melrose,California,USA,https://attic.city/item/JTL5/hellstar-studios-the-path-to-paradise-begins-in-hell-tee/wasteland,@example.org,,1775905109,,,2026-04-16,,,,,,35,⭐ TIER 2 — Strong
new hellstar tees available in store and online,Melrose,California,USA,https://www.instagram.com/p/C2Vur2ovJR1/,@rsrc.php,,1037486289,,,2026-04-16,,,,,,35,⭐ TIER 2 — Strong
"7669 Melrose Ave Los Angeles Ca, 90046 Open 11-7pm (ON ...",Melrose,California,USA,https://www.instagram.com/reel/C7uQPtJPcOJ/,@rsrc.php,,1037486289,,,2026-04-16,,,,,,-30,❄️ TIER 4 — Cold
Contact Us | Customer Support & Store Info,Melrose,California,USA,https://blackhellstarhoodie.com/contact.html,@context,support@blackhellstarhoodie.com,323-555-0198,,,2026-04-16,,,,,,45,🔥 TIER 1 — Hot
Black or blue? New @hellstar sweatsuits top and bottoms ...,Melrose,California,USA,https://www.instagram.com/p/ConWNS3vAtR/,@piecesmrkt,,1037486289,,,2026-04-16,,,,,,35,⭐ TIER 2 — Strong
Collections,Melrose,California,USA,https://hellstar.com/collections,@HELLSTAR,,5230780330,,,2026-04-16,,,,,,35,⭐ TIER 2 — Strong
Terms & Conditions - Black Hellstar Hoodie Official Store,Melrose,California,USA,https://blackhellstarhoodie.com/terms-conditions.html,@blackhellstarhoodie.com,,3734393030,,,2026-04-16,,,,,,35,⭐ TIER 2 — Strong
Stockists,Melrose,California,USA,https://rh-ude.com/pages/stockists-1?srsltid=AfmBOoqwFzWwuAS8Vl0qxRxo3zEo80tGxxJPYSwxRuCZHSaqeSSaTRgf,@rhude,,1613580349,,,2026-04-16,,,,,,30,⭐ TIER 2 — Strong
Rhude pops up at Maxfield in LA,Melrose,California,USA,"https://us.fashionnetwork.com/news/Rhude-pops-up-at-maxfield-in-la,998142.html",,,,,,2026-04-16,,,,,,20,⭐ TIER 2 — Strong
L.A. streetwear brand Rhude pops into Maxfield's Melrose ...,Melrose,California,USA,https://www.latimes.com/fashion/la-ig-wwd-rhude-maxfield-pop-up-20180716-story.html,@latimes.404,,2147483647,,,2026-04-16,,,,,,30,⭐ TIER 2 — Strong
R H U D E,Melrose,California,USA,https://rh-ude.com/?srsltid=AfmBOorVpBm4LQAECOXH1rOqQR7p3G7I8fJ2JUAlxn8ovI2eSMLvabb8,@rhude,,1613580349,,,2026-04-16,,,,,,30,⭐ TIER 2 — Strong
RHUDE x MAXFIELD POP UP,Melrose,California,USA,https://store2be.com/fr/events/rhude-x-maxfield-pop-up,@popupshopshq,,1010000080,,,2026-04-16,,,,,,30,⭐ TIER 2 — Strong
Shop Rhude Online,Melrose,California,USA,https://www.nordstrom.com/brands/rhude--18936?srsltid=AfmBOoqdbX1udemMkimg4AFMToTBEuLmJ32CiK86NCUImAUSLHn9IJqH,@4GfJ,,123456789,,,2026-04-16,,,,,,30,⭐ TIER 2 — Strong
Men's Designer T-Shirts | Rhude,Melrose,California,USA,https://www.saksfifthavenue.com/c/men/apparel/t-shirts/rhude,,,,,,2026-04-16,,,,,,20,⭐ TIER 2 — Strong
Contact Us,Melrose,California,USA,https://rh-ude.com/pages/contact-us?srsltid=AfmBOopM7OrEHP3ijvL2diMd25PyzvORETzeWfRQcAq8rsqclJcRFk7f,@rhude,WORK@RH-UDE.COM,1613580349,,,2026-04-16,,,,,,40,🔥 TIER 1 — Hot
RHUDE Information,Melrose,California,USA,https://rocketreach.co/rhude-profile_b47f37effc543e1c,,,,,,2026-04-16,,,,,,20,⭐ TIER 2 — Strong
About The Brand,Melrose,California,USA,https://rh-ude.com/pages/information?srsltid=AfmBOopqm8bQPnlFj09hDqO_TPU1re94skZjdCYTtZ2CMJgd7CoQSG9B,@rhude,,1613580349,,,2026-04-16,,,,,,30,⭐ TIER 2 — Strong
Posers Hollwood,Melrose,California,USA,http://www.weareposers.com/,@posers_hollywood,user@domain.com.,1577405439,,,2026-04-16,,,,,,-20,❄️ TIER 4 — Cold
The Pop up shop Los Angeles: Top Clothing Brands,Melrose,California,USA,https://thepopupshopla.com/?srsltid=AfmBOorsW3_svckjezq5wTFazsDZkkrteoZ5wmg0zlkrMjJrICwtLWgr,@thepopupshopla,,1736991854,,,2026-04-16,,,,,,10,📋 TIER 3 — Warm
POP UP LA - MELROSE (@thepopupshopla) - Instagram,Melrose,California,USA,https://www.instagram.com/thepopupshopla/,@thepopupshopla,,1037486289,,,2026-04-16,,,,,,-30,❄️ TIER 4 — Cold
"Melrose Avenue Shopping: Best Boutiques, Vintage & ...",Melrose,California,USA,https://hypeach.com/blogs/news/melrose-avenue-shopping-guide-best-boutiques-vintage-stores?srsltid=AfmBOoo6teh03-4PHja-zWbcOHcX1Uqe00DlXS6TFfvf7pd6W82Sqc5C,@hypeachboutique,gotham-fonts@1.0.3,1658452964,,,2026-04-16,,,,,,10,📋 TIER 3 — Warm
"Joyrich | Ccolorful, designer streetwear for men & women",Melrose,California,USA,https://melroseavenue-shop.com/stores/joyrich.html,,,1373120223,,,2026-04-16,,,,,,0,❄️ TIER 4 — Cold
Clothing Archives,Melrose,California,USA,https://melroseartsdistrict.com/directory-melrose/categories/clothing/,,,,,,2026-04-16,,,,,,0,❄️ TIER 4 — Cold
HYPEBEAST Los Angeles (@hypebeastla),Melrose,California,USA,https://www.instagram.com/hypebeastla/,@hypebeastla,,1037486289,,,2026-04-16,,,,,,10,📋 TIER 3 — Warm
Luke Fracher Opens Second Luke's Location in Los Angeles,Melrose,California,USA,https://hypebeast.com/2024/8/lukes-la-store-opening-luke-fracher,@hypebeast,app-store-en@2x.png,3702846231,,,2026-04-16,,,,,,20,⭐ TIER 2 — Strong
Streetwear L.A.: Original Hypebeast,Melrose,California,USA,https://www.culturehoney.com/streetwear-l-a-original-hypebeast/,@culturehoneymag,,1776291384,,,2026-04-16,,,,,,10,📋 TIER 3 — Warm
Streetwear Brands Supreme Store Melrose Supreme Clothing ...,Melrose,California,USA,https://fundacionblazer.org/product/category/view_more/33614761041660,,,,,,2026-04-16,,,,,,15,📋 TIER 3 — Warm
"Moist Melrose (@m.premium_clothing) · Los Angeles, CA",Melrose,California,USA,https://www.instagram.com/m.premium_clothing/,@m.premium_clothing,,1037486289,,,2026-04-16,,,,,,10,📋 TIER 3 — Warm
COOLKICKS – Coolkicks,Melrose,California,USA,https://shopcoolkicks.com/?srsltid=AfmBOorBPTBRJzNMeH-sM3SED9PZpVsiN2X3Vs74QL1mMiJycBdkqFR2,@coolkicks,,314952-0354,,,2026-04-16,,,,,,10,📋 TIER 3 — Warm
LOS ANGELES MELROSE Store,Melrose,California,USA,https://www.goldengoose.com/us/en/stores/los-angeles/25,@goldengoose,johndoe@some.com,1776353947,,,2026-04-16,,,,,,-20,❄️ TIER 4 — Cold
Sneakerhead Melrose (@sneakerheadmelrose),Melrose,California,USA,https://www.instagram.com/sneakerheadmelrose/?hl=en,@sneakerheadmelrose,,1037486289,,,2026-04-16,,,,,,10,📋 TIER 3 — Warm
Undefeated,Melrose,California,USA,https://undefeated.com/,@undefeatedinc,orders@undefeated.com,1614295109,,,2026-04-16,,,,,,-20,❄️ TIER 4 — Cold
POP UP LA - MELROSE (@thepopupshopla),Melrose,California,USA,https://www.instagram.com/thepopupshopla/,@thepopupshopla,,1037486289,,,2026-04-16,,,,,,-30,❄️ TIER 4 — Cold
UNION LOS ANGELES,Melrose,California,USA,https://store.unionlosangeles.com/?srsltid=AfmBOoo_59j0hBVNAiBPJd11Ic4C-cNX97CCkTSN3uog49iI8xU4udmY,@unionlosangeles,,1698448251,,,2026-04-16,,,,,,-30,❄️ TIER 4 — Cold
Shop Hellstar Clothes | Distinctive Urban Fashion Styles,New York City,New York,USA,https://originsnyc.com/collections/hellstar-studios-fashion?srsltid=AfmBOopQn1CuPCOCNb6hROkKDr3uLqmmT3MdFFvESnAl2yEfDKddPXI8,@originsnyc,u003ehelp@originsnyc.com,7919878242,,,2026-04-16,,,,,,45,🔥 TIER 1 — Hot
Hellstar Streetwear | Shop the Collection,New York City,New York,USA,https://capsule.nyc/collections/hellstar?srsltid=AfmBOop6_WcFVW7qVhpzHttCn-oZ_rDA047rxwoLUsm0HN5ii9klL3u3,@capsule_nyc,icon-klarna@2x.static.png,4380278799,,,2026-04-16,,,,,,45,🔥 TIER 1 — Hot
"620 Broadway New York, NY 10012 COME SHOP!!!",New York City,New York,USA,https://www.instagram.com/p/DOOWtFnDXl7/,@rsrc.php,,1037486289,,,2026-04-16,,,,,,-30,❄️ TIER 4 — Cold
Hell Star,New York City,New York,USA,https://sammys.nyc/collections/hell-star?srsltid=AfmBOops9VHoxUENNesbQS062tmz4-mmCrE6Kz-iJwICS-30koqixnfz,@sammys.nyc.,info@sammys.nyc,1689133380,,,2026-04-16,,,,,,-20,❄️ TIER 4 — Cold
Hellstar,New York City,New York,USA,https://districtoneny.com/collections/hellstar?srsltid=AfmBOor2eLswUxIP2zDIBAqVG05k3_bTnLOK-GfgCkZak7HMv9FHtBWU,@districtoneny,,1711118886,,,2026-04-16,,,,,,35,⭐ TIER 2 — Strong
New Hellstar Available In Store and Online Stealthny.com ...,New York City,New York,USA,https://www.instagram.com/reel/C7QLRyEoLPP/,@rsrc.php,,1037486289,,,2026-04-16,,,,,,35,⭐ TIER 2 — Strong
The Most Popular Streetwear Brand In NYC,New York City,New York,USA,https://sellstreetwearnyc.com/the-most-popular-streetwear-brand-in-nyc/,@eastvillagebuyers,letsgetloopy.lo@gmail.com,1917608893,,,2026-04-16,,,,,,20,⭐ TIER 2 — Strong
Hellstar Clothing | Tees Hoodies Long Sleeves,New York City,New York,USA,https://www.stadiumgoods.com/collections/hellstar?srsltid=AfmBOoovo-ORgCEO6JSCODsfZwq0aVbdtcPYPhLD5oSvivzgalIO2RQI,@stadiumgoods,hello@shopmail.stadiumgoods.com,8070339516,,,2026-04-16,,,,,,45,🔥 TIER 1 — Hot
RHUDE stores in New York,New York City,New York,USA,https://www.shopenauer.com/en/brand/rhude/new-york,@shopenauer_official,,5682063865,,,2026-04-16,,,,,,30,⭐ TIER 2 — Strong
Rhude,New York City,New York,USA,https://capsule.nyc/collections/rhude?srsltid=AfmBOor_pIRoeipkxekFogGTvTKQKjcxYcngaFO4lPbQw9DJaY7ndT14,@capsule_nyc,icon-klarna@2x.static.png,4380278799,,,2026-04-16,,,,,,40,🔥 TIER 1 — Hot
R H U D E,New York City,New York,USA,https://rh-ude.com/?srsltid=AfmBOopVcYIJcT9UymUm65Z9l95qV4if1Z__3zpnQiYXkk_p9hFgTVWv,@rhude,,1613580349,,,2026-04-16,,,,,,30,⭐ TIER 2 — Strong
Rhude Collection - Origins NYC | Embrace Luxury Streetwear,New York City,New York,USA,https://originsnyc.com/collections/rhude?srsltid=AfmBOora4CMl3Lqb8_ccujYdjmjeulkfPv07E1Iya0KXbDl1xpjhT7We,@originsnyc,help@originsnyc.com,8691198755,,,2026-04-16,,,,,,40,🔥 TIER 1 — Hot
"Rhude's latest drop has arrived featuring Sweatshirts, Tees ...",New York City,New York,USA,https://www.instagram.com/p/DPKiJE-jdZF/,@rsrc.php,,1037486289,,,2026-04-16,,,,,,30,⭐ TIER 2 — Strong
RHUDE [hidden],New York City,New York,USA,https://ateliernewyork.com/collections/rhude?srsltid=AfmBOorp4k8D5GegRmSTOwwpumrBrjDTf7m51_dFKt0clsDokBqcddyw,@keyframes,vue@2.6.10,1467327775,,,2026-04-16,,,,,,30,⭐ TIER 2 — Strong
"There's a Rhude, Amiri and Balmain sale going on right now ...",New York City,New York,USA,https://www.instagram.com/reel/DNA79emABWE/,@rsrc.php,,1037486289,,,2026-04-16,,,,,,30,⭐ TIER 2 — Strong
RHUDE | READY-TO-WEAR LUXURY CLOTHING BRAND,New York City,New York,USA,https://probus.nyc/collections/rhude?srsltid=AfmBOoqsHpeAzcjga43_SDy07Iza4LLJ-Fcx4T8_Ht4TIgHvj9O7i2ua,@probus.nyc,,1761659328,,,2026-04-16,,,,,,30,⭐ TIER 2 — Strong
rhude - Asphalt NYC,New York City,New York,USA,https://asphalt-nyc.com/collections/rhude?srsltid=AfmBOoqYlnIPMusWW5a6F4Hld07zCsMZiD52dU1zZ-yH3mAwTFOh8A7u,@ASPHALT_NYC,2025.12.11.Rhude-136_600x@3x.progressive.jpg,1696367787,,,2026-04-16,,,,,,40,🔥 TIER 1 — Hot
RHUDE — VIP SAMPLE SALE,New York City,New York,USA,https://www.vipsamplesale.com/rhude,@vipsamplesalenewyork,user@domain.com.,3141925352,,,2026-04-16,,,,,,40,🔥 TIER 1 — Hot
Only NY,New York City,New York,USA,https://onlyny.com/?srsltid=AfmBOoo0AdiDysw-OLyZc81wPXNQ3vqhLawMgw47A7448Gr6TENFw0K1,@onlyny,info@onlyny.com,1114316446,,,2026-04-16,,,,,,-20,❄️ TIER 4 — Cold
The Best Streetwear Boutiques in NYC,New York City,New York,USA,https://maps.apple.com/guides?curated=3051781674638227305&_provider=9902,@procell,button-tripadvisor-logo-5@3x.png,3051781674,,,2026-04-16,,,,,,20,⭐ TIER 2 — Strong
Dover Street Market New York | DSM New York,New York City,New York,USA,https://newyork.doverstreetmarket.com/,@doverstreetmarketnewyork,info@dsm-ny.com,7519344772,,,2026-04-16,,,,,,-20,❄️ TIER 4 — Cold
UP NYC - New York City's Premier Clothing & Sneaker Store,New York City,New York,USA,https://upnycstore.com/,@upnyc,,1690304974,,,2026-04-16,,,,,,10,📋 TIER 3 — Warm
Capsule NYC,New York City,New York,USA,https://capsule.nyc/?srsltid=AfmBOopiwQUmg23NX22lnVq2IUZDaZMjN60eIOdWyfHE9XNpZpgP9CMm,@capsule_nyc,icon-klarna@2x.static.png,4380278799,,,2026-04-16,,,,,,-20,❄️ TIER 4 — Cold
Origins NYC: Sneakers Store | Designer Streetwear Brands,New York City,New York,USA,https://originsnyc.com/?srsltid=AfmBOopQEICfcMDvp04yTyYBbkImyttdeScYkhryokEVKjWE75C3souZ,@originsnyc,help@originsnyc.com,1746223637,,,2026-04-16,,,,,,20,⭐ TIER 2 — Strong
HYPEBEAST NYC (@hypebeastnyc),New York City,New York,USA,https://www.instagram.com/hypebeastnyc/,@hypebeastnyc,,1037486289,,,2026-04-16,,,,,,10,📋 TIER 3 — Warm
New York City,New York City,New York,USA,https://hypebeast.com/tags/new-york-city,@hypebeast,screenshot-adblock@2x.c415715a.png,3702846231,,,2026-04-16,,,,,,10,📋 TIER 3 — Warm
HBX New York City Flagship Store Opening Info,New York City,New York,USA,https://hypebeast.com/2022/6/hbx-new-york-city-store-opening-41-division-street-inside-look,,,,,,2026-04-16,,,,,,0,❄️ TIER 4 — Cold
Laced Up Hypebeast Streetwear Store in New York - Original ...,New York City,New York,USA,https://lacedup.com/?srsltid=AfmBOor5WWD6Lp0DqzYGR5Q75yD2SStvcsdt4EvOR3gOnlrWvx7KgJ4I,@LacedUpManhattan,lacedupnewyork@gmail.com,6720713479,,,2026-04-16,,,,,,20,⭐ TIER 2 — Strong
West NYC - Upper West Side Sneaker Boutique,New York City,New York,USA,https://www.westnyc.com/?srsltid=AfmBOool0OCAd_wLqgUhxw9MR5_lN3SSxq2VzCTAJYrOip1hTBCHRcNf,@westnyc,,1650315540,,,2026-04-16,,,,,,10,📋 TIER 3 — Warm
Extra Butter,New York City,New York,USA,https://extrabutterny.com/,@extrabutter,info@extrabutterny.com,1637338128,,,2026-04-16,,,,,,-20,❄️ TIER 4 — Cold
Sneaker Bar - NYC,New York City,New York,USA,https://sneakerbarnewyork.com/,@sneakerbar,info@sneakerbarnewyork.com,1718144869,,,2026-04-16,,,,,,20,⭐ TIER 2 — Strong
Xclusive Arrivals - Home,New York City,New York,USA,https://xclusivearrivals.com/,@xclusivearrivals,info@indiantypefoundry.com,7826086956,,,2026-04-16,,,,,,-20,❄️ TIER 4 — Cold
Sneaker Boutique Shop (@citystylenewyork),New York City,New York,USA,https://www.instagram.com/citystylenewyork/?hl=en,@citystylenewyork,,1037486289,,,2026-04-16,,,,,,10,📋 TIER 3 — Warm
Noah: Home,New York City,New York,USA,https://noahny.com/?srsltid=AfmBOope8IaYL8ny3ZTEpdzRnrfrm7q_0zjW5-XGOdliFni7mVvxZNFv,@noahny,alpine@v2.8.2,7102313590,,,2026-04-16,,,,,,-30,❄️ TIER 4 — Cold
"CNCPTS Official Website | Streetwear, luxury fashion, footwear",New York City,New York,USA,https://cncpts.com/?srsltid=AfmBOoouK3s8dAaDlwxk1D4GauGm117glDb7tOwmawiP67G5WfA1B2U_,@cncpts,,1775510454,,,2026-04-16,,,,,,10,📋 TIER 3 — Warm
The Ultimate NYC Streetwear and Sneaker Store Guide ...,New York City,New York,USA,https://snkrdunk.com/en/magazine/2024/12/27/the-ultimate-nyc-streetwear-and-sneaker-store-guide-for-2025/,@snkrdunk,,4298112987,,,2026-04-16,,,,,,10,📋 TIER 3 — Warm
Hellstar,Brooklyn,New York,USA,https://cliqueapparell.com/collections/hellstar?srsltid=AfmBOoorwv5mefGr4JAY4AIXiwhaAIjd1U7IhgcO2m0XpDaDu6fn_BCq,@cliqueapparell,xxx@xxx.xxx,1326660501,,,2026-04-16,,,,,,45,🔥 TIER 1 — Hot
️ HELLSTAR ⭐️ Capsule 10 items - Instagram,Brooklyn,New York,USA,https://www.instagram.com/p/Cyg4dc9uyUh/,@rsrc.php,,1037486289,,,2026-04-16,,,,,,35,⭐ TIER 2 — Strong
StealthNY,Brooklyn,New York,USA,https://www.stealthny.com/?srsltid=AfmBOorhfteYejv51uXzc9Kk5jY_iZfDiri08qLoAjbacmskidHvDMxn,@stealth.ny,,1677447934,,,2026-04-16,,,,,,-30,❄️ TIER 4 — Cold
Capsule NYC,Brooklyn,New York,USA,https://capsule.nyc/?srsltid=AfmBOoqdLq3q5qR2uMPTQ97VRGMXFbDcj5fqPR2GNtJTPFkEdmr9CPLh,@capsule_nyc,icon-klarna@2x.static.png,4380278799,,,2026-04-16,,,,,,-20,❄️ TIER 4 — Cold
Origins NYC: Sneakers Store | Designer Streetwear Brands,Brooklyn,New York,USA,https://originsnyc.com/?srsltid=AfmBOooKld2S01KopPr18kA6r_M1NXvE3s6sqET9lHZb7WrVHuYJA6tK,@originsnyc,help@originsnyc.com,1746223637,,,2026-04-16,,,,,,20,⭐ TIER 2 — Strong
Asphalt NYC,Brooklyn,New York,USA,https://asphalt-nyc.com/?srsltid=AfmBOoolbDwa2Bv4RYIFarLr2dVchBMokYXMxkU849h-oJ05IMWPD7rX,@ASPHALT_NYC,Asphalt_NYC_Rhude_Apr26_Banner_Mob_550x@3x.progressive.jpg,1696367787,,,2026-04-16,,,,,,40,🔥 TIER 1 — Hot
Hellstar Sweatsuit 🌸 In Store Now Or Free ... - Instagram,Brooklyn,New York,USA,https://www.instagram.com/p/CzmKKQux6Ku/,@rsrc.php,,1037486289,,,2026-04-16,,,,,,35,⭐ TIER 2 — Strong
Shop Hellstar Clothes | Distinctive Urban Fashion Styles,Brooklyn,New York,USA,https://originsnyc.com/collections/hellstar-studios-fashion?srsltid=AfmBOoq2q4gVe4AnXb5ZZadm6DSTto5SItB6Zk5a3VUu7VKoSwmHjmsg,@originsnyc,u003ehelp@originsnyc.com,7919878242,,,2026-04-16,,,,,,45,🔥 TIER 1 — Hot
Hellstar Sweatsuits Available In Store🔥🔥 Medium X-Large,Brooklyn,New York,USA,https://www.instagram.com/p/C3lkq6xrutf/,@rsrc.php,,1037486289,,,2026-04-16,,,,,,35,⭐ TIER 2 — Strong
Clique Apparel - Today's Hottest Streetwear Brands!,Brooklyn,New York,USA,https://cliqueapparell.com/?srsltid=AfmBOorCoheo04ifddFpmoAVWHBe6MLN2XOgLqWNKDdAj23qrVSCfcHz,@cliqueapparell,xxx@xxx.xxx,1326660501,,,2026-04-16,,,,,,20,⭐ TIER 2 — Strong
"Supreme (@supremenewyork) · New York, NY",Brooklyn,New York,USA,https://www.instagram.com/supremenewyork/,@supremenewyork,,1037486289,,,2026-04-16,,,,,,25,⭐ TIER 2 — Strong
Supreme open a new Brooklyn location,Brooklyn,New York,USA,https://hero-magazine.com/article/108154/supreme-open-a-new-brooklyn-location,@ludovicdesaintserninx,,1725241374,,,2026-04-16,,,,,,25,⭐ TIER 2 — Strong
Supreme Brooklyn – Gallery,Brooklyn,New York,USA,https://supreme.com/news/683/images,,,(718) 599 2700,,,2026-04-16,,,,,,15,📋 TIER 3 — Warm
Stockists,Brooklyn,New York,USA,https://rh-ude.com/pages/stockists-1?srsltid=AfmBOopobI9d0faytxc6WEhWb-ZFXmD-HgDgs8YQyPh0i4cZ5DbjgMCc,@rhude,,1613580349,,,2026-04-16,,,,,,30,⭐ TIER 2 — Strong
Rhude,Brooklyn,New York,USA,https://capsule.nyc/collections/rhude?srsltid=AfmBOooCeg9kxkccmwelR6VjPwNXWxyetVcDXKLiZAXd-8CZVBG41Hy2,@capsule_nyc,icon-klarna@2x.static.png,4380278799,,,2026-04-16,,,,,,40,🔥 TIER 1 — Hot
R H U D E,Brooklyn,New York,USA,https://rh-ude.com/?srsltid=AfmBOopov7z1rbe8EgAH1HuY_xtdEg6CfLePUxBdDBdoOuWJxCTtjKSy,@rhude,,1613580349,,,2026-04-16,,,,,,30,⭐ TIER 2 — Strong
Rhude Collection - Origins NYC | Embrace Luxury Streetwear,Brooklyn,New York,USA,https://originsnyc.com/collections/rhude?srsltid=AfmBOoqaw1umnkwU2zo2iXJLfmnnUiR1W-kWp6pckYBNgxIVUbQszuIb,@originsnyc,help@originsnyc.com,8691198755,,,2026-04-16,,,,,,40,🔥 TIER 1 — Hot
rhude - Asphalt NYC,Brooklyn,New York,USA,https://asphalt-nyc.com/collections/rhude?srsltid=AfmBOopsp3H81DIBmv-Svez_FOcH8y7pB8AtYMS0zzgMbHsQGNu_djxD,@ASPHALT_NYC,2025.12.11.Rhude-136_600x@3x.progressive.jpg,1696367787,,,2026-04-16,,,,,,40,🔥 TIER 1 — Hot
Shop RHUDE Streetwear | Luxury Style,Brooklyn,New York,USA,https://www.stadiumgoods.com/collections/streetwear-other-brands-rhude?srsltid=AfmBOorCrNvHUnPDzhVvC2YtBl9SpPt7YCa0OlU4tygQxTjfYqDYqJz_,@stadiumgoods,hello@shopmail.stadiumgoods.com,8070339516,,,2026-04-16,,,,,,40,🔥 TIER 1 — Hot
"Rhude: Tees, Outerwear, Footwear, Accessories, Rhuigi",Brooklyn,New York,USA,https://kith.com/collections/rhude?srsltid=AfmBOopH6V7U-jF3rSoVh5nJ3fDzJ7p5cAkHZFmaZV8TT-0erPO6W1hl,@kith,,200.0310135,,,2026-04-16,,,,,,30,⭐ TIER 2 — Strong
Rhude just touched down at Backend NY. 🚨 If you know ...,Brooklyn,New York,USA,https://www.instagram.com/p/DRX0E8MjmOY/,@rsrc.php,,1037486289,,,2026-04-16,,,,,,30,⭐ TIER 2 — Strong
"Men's Rhude Clothing, Shoes, Accessories & Grooming",Brooklyn,New York,USA,https://www.nordstrom.com/browse/men?filterByBrand=rhude&srsltid=AfmBOoozKyGipqblk7N-4NUzQx1O3rKHO_x3kOFM7Wvk3o5Q5xyrD7-v,@4GfJ,,123456789,,,2026-04-16,,,,,,30,⭐ TIER 2 — Strong
Brooklyn Cloth - Latest Streetwear Styles & Clothing,Brooklyn,New York,USA,https://www.brooklyncloth.com/?srsltid=AfmBOoomiNwxh0e7eAUfXntCCihlOfQKlmSD4kJ4ihEzkxrjenamTRFo,@brooklyncloth,info@brooklyncloth.com,5743044463,,,2026-04-16,,,,,,20,⭐ TIER 2 — Strong
https://guides.apple.com/?pg=3051781674638227305&l...,Brooklyn,New York,USA,https://guides.apple.com/?pg=3051781674638227305&lsp=9902&name=the-best-streetwear-boutiques-in-nyc,@procell,button-tripadvisor-logo-5@3x.png,3051781674,,,2026-04-16,,,,,,20,⭐ TIER 2 — Strong
"Brooklyn Projects: Shop Streetwear, Skateboarding Gear ...",Brooklyn,New York,USA,https://brooklynprojects.com/?srsltid=AfmBOooAZj7F8ISt4vDtekUgg64fu4PQLg-wTGGVwV9ayEqwBuq2kpvi,@brooklynprojects,,1687026035,,,2026-04-16,,,,,,10,📋 TIER 3 — Warm
Today's Hottest Streetwear Brands! (@cliqueapparell),Brooklyn,New York,USA,https://www.instagram.com/cliqueapparell/,@cliqueapparell,,1037486289,,,2026-04-16,,,,,,10,📋 TIER 3 — Warm
Brooklyn,Brooklyn,New York,USA,https://hypebeast.com/tags/brooklyn,@hypebeast,screenshot-adblock@2x.c415715a.png,3702846231,,,2026-04-16,,,,,,10,📋 TIER 3 — Warm
Laced Up Hypebeast Streetwear Store in New York - Original ...,Brooklyn,New York,USA,https://lacedup.com/?srsltid=AfmBOoqwarpXu20pSpMcp1BJKjpvGjPlcc9IvMo2jvT3QGt6ZYkL84wb,@LacedUpManhattan,lacedupnewyork@gmail.com,6720713479,,,2026-04-16,,,,,,20,⭐ TIER 2 — Strong
Hypebeast Flea New York is underway at Greenpoint ...,Brooklyn,New York,USA,https://nbktimes.com/en/fashion/hypebeast-flea-new-york/,@nbktimes,,5700105482,,,2026-04-16,,,,,,10,📋 TIER 3 — Warm
Hypebeast Community Center: Tenant,Brooklyn,New York,USA,https://hypebeast.com/2024/10/tenant-skate-shop-hypebeast-community-center,@hypebeast,app-store-en@2x.png,3702846231,,,2026-04-16,,,,,,20,⭐ TIER 2 — Strong
"THE FACTORY (@thefactoryb) · Brooklyn, NY",Brooklyn,New York,USA,https://www.instagram.com/thefactoryb/,@thefactoryb,,1037486289,,,2026-04-16,,,,,,-30,❄️ TIER 4 — Cold
Only NY,Brooklyn,New York,USA,https://onlyny.com/?srsltid=AfmBOor1P1Pl7nYIfq_uczzU95Fmhp9cVmtUWK8wUlu8A9vYNxfHkPHR,@onlyny,info@onlyny.com,1114316446,,,2026-04-16,,,,,,-20,❄️ TIER 4 — Cold
Pluggedin Sneaker Boutique (@pluggedinbk_official),Brooklyn,New York,USA,https://www.instagram.com/pluggedinbk_official/?hl=en,@pluggedinbk_official,,1037486289,,,2026-04-16,,,,,,10,📋 TIER 3 — Warm
"Top 10 Best Sneaker Shops in Brooklyn, NY",Brooklyn,New York,USA,https://www.brooklyncloth.com/blogs/thepipeline/top-10-best-sneaker-shops-in-brklyn?srsltid=AfmBOooa6gRj6o07QRdSA5C8vmwyVQNXb5zGGQyXKM9jvG47-WuZwFgT,@font,info@brooklyncloth.com,1745436656,,,2026-04-16,,,,,,20,⭐ TIER 2 — Strong
Shoe & Sneaker Store in Brooklyn | JD Sports at Fulton Street,Brooklyn,New York,USA,https://stores.jdsports.com/ny/brooklyn/fulton-street.html,@jdsportsus,,(347) 410-5424,,,2026-04-16,,,,,,10,📋 TIER 3 — Warm
"Chamber 13 (@chamber13main) · New York, NY",Brooklyn,New York,USA,https://www.instagram.com/chamber13main/,@chamber13main,,1037486289,,,2026-04-16,,,,,,-30,❄️ TIER 4 — Cold
Shop Hellstar Clothes | Distinctive Urban Fashion Styles,Soho,New York,USA,https://originsnyc.com/collections/hellstar-studios-fashion?srsltid=AfmBOoooLXUueJ5w5s-bkOpHMkki31bO0_t8cUgSya1wmgkdoxMu4Gq5,@originsnyc,u003ehelp@originsnyc.com,7919878242,,,2026-04-16,,,,,,45,🔥 TIER 1 — Hot
Hellstar Streetwear | Shop the Collection,Soho,New York,USA,https://capsule.nyc/collections/hellstar?srsltid=AfmBOooKgVEfu5n0A6EPWGKy0nnv-V3gkKYo18mCX_yvbYVXp4q76o1T,@capsule_nyc,icon-klarna@2x.static.png,4380278799,,,2026-04-16,,,,,,45,🔥 TIER 1 — Hot
Hellstar's I❤️NY POP-UP IS ALMOST HERE! Take a closer ...,Soho,New York,USA,https://www.instagram.com/reel/DOMsiknjTGv/,@hellstar,,1037486289,,,2026-04-16,,,,,,35,⭐ TIER 2 — Strong
Hellstar,Soho,New York,USA,https://www.stealthny.com/collections/hellstar?srsltid=AfmBOoqnSXj6KP3d8H-AuiXHdgVa5d6EsneZ56qxLIZQYEa3LM0D4Ln9,@stealth.ny,,1722620629,,,2026-04-16,,,,,,35,⭐ TIER 2 — Strong
Empire Uptown. | HELLSTAR 💫 Available Now 📍124 ...,Soho,New York,USA,https://www.instagram.com/p/CmXAL_AuyQy/,@rsrc.php,,1037486289,,,2026-04-16,,,,,,35,⭐ TIER 2 — Strong
Hell Star,Soho,New York,USA,https://sammys.nyc/collections/hell-star?srsltid=AfmBOorQ4qcWncjd7GwIH2m963AZbKbrUuHVYN5bSrhqeWB_NAVZfroW,@sammys.nyc.,info@sammys.nyc,1689133380,,,2026-04-16,,,,,,-20,❄️ TIER 4 — Cold
"Supreme in New York, NY United States",Soho,New York,USA,https://maps.apple.com/place?place-id=I1BB7DFCFF8AC5819,@context,snippet-foursquare-logo-1@3x.png,89933000,,,2026-04-16,,,,,,35,⭐ TIER 2 — Strong
"Charting the Rise of Supreme, From Cult Skate Shop to ...",Soho,New York,USA,https://www.vogue.com/article/history-of-supreme-skate-clothing-brand,@voguemagazine,help@newyorker.com,8122705388,,,2026-04-16,,,,,,35,⭐ TIER 2 — Strong
Supreme | Your Guide to NYC Tourism,Soho,New York,USA,https://www.nyctourism.com/shopping/supreme-nolita/,@nyctourism,date-picker@1.4.0,240950843,,,2026-04-16,,,,,,25,⭐ TIER 2 — Strong
Rhude,Soho,New York,USA,https://capsule.nyc/collections/rhude?srsltid=AfmBOooSakVV_yN9zwp2XKYQav4byNacrSK7vOhsnUb6ejlpkSVlwF3a,@capsule_nyc,icon-klarna@2x.static.png,4380278799,,,2026-04-16,,,,,,40,🔥 TIER 1 — Hot
R H U D E,Soho,New York,USA,https://rh-ude.com/?srsltid=AfmBOopRdN3TEpxe1N3c1YYI30Zn40wN41P_vhg0mAXsnk6JL51iyN9M,@rhude,,1613580349,,,2026-04-16,,,,,,30,⭐ TIER 2 — Strong
Just In New Season Rhude Tees . Under Retail . in Store & ...,Soho,New York,USA,https://www.instagram.com/p/DNtVc864mzB/,@rsrc.php,,1037486289,,,2026-04-16,,,,,,30,⭐ TIER 2 — Strong
Rhude Collection - Origins NYC | Embrace Luxury Streetwear,Soho,New York,USA,https://originsnyc.com/collections/rhude?srsltid=AfmBOorc3KPbLXxyiIapD3lVqZtTpR3dDvUqnjgZek4d5d-Y-mfomzx7,@originsnyc,help@originsnyc.com,8691198755,,,2026-04-16,,,,,,40,🔥 TIER 1 — Hot
rhude - Asphalt NYC,Soho,New York,USA,https://asphalt-nyc.com/collections/rhude?srsltid=AfmBOoqbEKBhgZDBU7geywiYbHwfQcxzxfwdEKiwF4ERnI1Sn8QO2C24,@ASPHALT_NYC,2025.12.11.Rhude-136_600x@3x.progressive.jpg,1696367787,,,2026-04-16,,,,,,40,🔥 TIER 1 — Hot
"The Webster: Curated Luxury Fashion, Beauty & Lifestyle",Soho,New York,USA,https://thewebster.com/?srsltid=AfmBOoqv9KD3nkY5iefTBzWf67BVn2h95dJy8VTf-RxhSd78WdlzK0ZJ,@thewebster,,2147483647,,,2026-04-16,,,,,,10,📋 TIER 3 — Warm
Shop the Sample now has two locations and here are all of ...,Soho,New York,USA,https://www.instagram.com/reel/DTSuOyTDtx_/,@rsrc.php,,1037486289,,,2026-04-16,,,,,,-30,❄️ TIER 4 — Cold
Where to go streetwear shopping in NYC [With Maps] | Soho ...,Soho,New York,USA,https://backwardfashion.com/streetwear/nyc/,,,,,,2026-04-16,,,,,,0,❄️ TIER 4 — Cold
Top 10 best streetwear stores to visit in Nyc,Soho,New York,USA,https://eastvillagebuyers.com/top-10-best-streetwear-stores-to-visit-in-nyc/,@eastvillagebuyers,Goldbuyers125@gmail.com,(917) 608-8939,,,2026-04-16,,,,,,20,⭐ TIER 2 — Strong
Origins NYC: Sneakers Store | Designer Streetwear Brands,Soho,New York,USA,https://originsnyc.com/?srsltid=AfmBOoogs5moYmilfb7apx_NQ2KKtWWqLnN615uRxkReHusrbE1nGPpi,@originsnyc,help@originsnyc.com,1746223637,,,2026-04-16,,,,,,20,⭐ TIER 2 — Strong
Only NY,Soho,New York,USA,https://onlyny.com/?srsltid=AfmBOoqpe2WV64yQL9E21cTN-KgLdFdREUKdyNtM3ZcEIXMeJH7ghGKd,@onlyny,info@onlyny.com,1114316446,,,2026-04-16,,,,,,-20,❄️ TIER 4 — Cold
Shop at SoHo's Best Stores & Boutiques,Soho,New York,USA,https://www.nyctourism.com/itineraries/essential-soho-shopping-guide/,@nyctourism,date-picker@1.4.0,240950843,,,2026-04-16,,,,,,10,📋 TIER 3 — Warm
SOHO HYPEBEAST (@sohohypebeast),Soho,New York,USA,https://www.instagram.com/sohohypebeast/,@sohohypebeast,,1037486289,,,2026-04-16,,,,,,10,📋 TIER 3 — Warm
Soho,Soho,New York,USA,https://hypebeast.com/tags/soho,@hypebeast,screenshot-adblock@2x.c415715a.png,3702846231,,,2026-04-16,,,,,,10,📋 TIER 3 — Warm
UniqueHype,Soho,New York,USA,https://www.uniquehypenyc.com/,@uniquehypecollection,hi@beeketing.com.,4251544180,,,2026-04-16,,,,,,20,⭐ TIER 2 — Strong
PURPLE Opens Flagship Store in New York's Soho,Soho,New York,USA,https://hypebeast.com/2024/8/purple-flagship-store-soho-new-york,@hypebeast,app-store-en@2x.png,3702846231,,,2026-04-16,,,,,,20,⭐ TIER 2 — Strong
VISIT DOORS NYC,Soho,New York,USA,https://doors.nyc/?srsltid=AfmBOorRWbTMHiFF0hwcJZuhZ2tWrFx320OliXzcfwWyZWt8-o6PgAxR,@doors.nyc,customercare@doors.nyc,1615364375,,,2026-04-16,,,,,,-20,❄️ TIER 4 — Cold
The 10 Best Sneaker Stores in New York City,Soho,New York,USA,https://www.highsnobiety.com/p/sneaker-stores-new-york-city/,@highsnobiety,u002F@40.7232188,1589980701,,,2026-04-16,,,,,,10,📋 TIER 3 — Warm
A Sneaker City Soho (@asneakercitysoho),Soho,New York,USA,https://www.instagram.com/asneakercitysoho/,@HatClub.,,1037486289,,,2026-04-16,,,,,,10,📋 TIER 3 — Warm
Best Sneaker Stores in New York City,Soho,New York,USA,https://www.designscene.net/2024/08/best-sneaker-stores-new-york.html,@designscene,info@designscene.net,2147483647,,,2026-04-16,,,,,,20,⭐ TIER 2 — Strong
NYC – LacedUp,Soho,New York,USA,https://lacedup.com/pages/nyc?srsltid=AfmBOoq7SQYT_u9vfmMzgbnhZqcxG-yG_MBAkFei71A5yq1Iuz0ZEc2o,@LacedUpManhattan,lacedupnewyork@gmail.com,6720713479,,,2026-04-16,,,,,,-20,❄️ TIER 4 — Cold
Sneaker Stores You Must Visit in New York City - Features,Soho,New York,USA,https://www.sneakerfreaker.com/features/sneaker-stores-you-must-visit-in-new-york-city,@sneakerfreakermag,,5181905723,,,2026-04-16,,,,,,10,📋 TIER 3 — Warm
Shop Hellstar Clothes | Distinctive Urban Fashion Styles,Lower East Side,New York,USA,https://originsnyc.com/collections/hellstar-studios-fashion?srsltid=AfmBOoqYwn6JENqEM8tO4rOKn1zFPlZLDYNJNz9e7L8-OXRJK1WPryIY,@originsnyc,u003ehelp@originsnyc.com,7919878242,,,2026-04-16,,,,,,45,🔥 TIER 1 — Hot
Brand New Hellstar Tees Available In Store Now!,Lower East Side,New York,USA,https://www.instagram.com/p/Cw0dDHuOp3v/,@rsrc.php,,1037486289,,,2026-04-16,,,,,,35,⭐ TIER 2 — Strong
"@hellstar moves in its own orbit - raw graphics, heavy emotion ...",Lower East Side,New York,USA,https://www.instagram.com/reel/DS0MTXVjFZI/,@vetements_official,,1037486289,,,2026-04-16,,,,,,35,⭐ TIER 2 — Strong
Hellstar Streetwear | Shop the Collection,Lower East Side,New York,USA,https://capsule.nyc/collections/hellstar?srsltid=AfmBOoq7At9PTLQjM_e3RTt9Pqlr9Yk02ov5GEtU09pIStXei4eleWRv,@capsule_nyc,icon-klarna@2x.static.png,4380278799,,,2026-04-16,,,,,,45,🔥 TIER 1 — Hot
DISTRICT ONE NY,Lower East Side,New York,USA,https://districtoneny.com/?srsltid=AfmBOooodT4vlVPa2xAbod30ON4gjgwVsJ-WdayAT6-yDr25b-wC05B6,@districtoneny,,1711118886,,,2026-04-16,,,,,,-30,❄️ TIER 4 — Cold
I❤️NY!!! Hellstar Pop Up tomorrow! First few people in line ...,Lower East Side,New York,USA,https://www.instagram.com/p/DOMHMpTCb55/,@rsrc.php,,1037486289,,,2026-04-16,,,,,,35,⭐ TIER 2 — Strong
Hell Star,Lower East Side,New York,USA,https://sammys.nyc/collections/hell-star?srsltid=AfmBOoopUaCo2GseZUfAZkv7L_CQaGHbYOB6Cc5p1LxisY2e_iLhM-xY,@sammys.nyc.,info@sammys.nyc,1689133380,,,2026-04-16,,,,,,-20,❄️ TIER 4 — Cold
New Hellstar Capsule 🔥🔥🔥 available in stock @ ...,Lower East Side,New York,USA,https://www.instagram.com/p/C4O5dhjPGu7/,@rsrc.php,,1037486289,,,2026-04-16,,,,,,35,⭐ TIER 2 — Strong
Stockists,Lower East Side,New York,USA,https://rh-ude.com/pages/stockists-1?srsltid=AfmBOop1h_03nsrBu1a4gZJ2-MKo1C-8x7P0PMRlaA03Mhnf1cnMDSqK,@rhude,,1613580349,,,2026-04-16,,,,,,30,⭐ TIER 2 — Strong
Rhude,Lower East Side,New York,USA,https://capsule.nyc/collections/rhude?srsltid=AfmBOoqwC8Z4g-_D16KJO2ra_7haO-oUocsOJ4LdrccKp9ZaIsGPBNMq,@capsule_nyc,icon-klarna@2x.static.png,4380278799,,,2026-04-16,,,,,,40,🔥 TIER 1 — Hot
Rhude Collection - Origins NYC | Embrace Luxury Streetwear,Lower East Side,New York,USA,https://originsnyc.com/collections/rhude?srsltid=AfmBOoo0kZWv6mz66hAyysFrWMNCZjhqF8_zw-m_sS_SIOxe1Gu_VNlp,@originsnyc,help@originsnyc.com,8691198755,,,2026-04-16,,,,,,40,🔥 TIER 1 — Hot
R H U D E,Lower East Side,New York,USA,https://rh-ude.com/?srsltid=AfmBOooHnFUWnNAEY4lCVaHtyb98PKhB7SWFLWttSPZLulj8mwF50mBs,@rhude,,1613580349,,,2026-04-16,,,,,,30,⭐ TIER 2 — Strong
RHUDE [hidden],Lower East Side,New York,USA,https://ateliernewyork.com/collections/rhude?srsltid=AfmBOoqD1lVP2Yrl7iAC3oU_2KiE8oAKK4-hFBXBsexj25pwW9aUayQZ,@keyframes,vue@2.6.10,1467327775,,,2026-04-16,,,,,,30,⭐ TIER 2 — Strong
rhude - Asphalt NYC,Lower East Side,New York,USA,https://asphalt-nyc.com/collections/rhude?srsltid=AfmBOorcuR11_q2NGLecaV4jQa3mlDK9sQeRG5gSyhtyDGvyfcjEqC73,@ASPHALT_NYC,2025.12.11.Rhude-136_600x@3x.progressive.jpg,1696367787,,,2026-04-16,,,,,,40,🔥 TIER 1 — Hot
Essx Opens on the Lower East Side,Lower East Side,New York,USA,https://wwd.com/menswear-news/mens-retail-business/essx-streetwear-store-lower-east-side-1235744422/,@wwd,Br7@-V.O,1945704925,,,2026-04-16,,,,,,10,📋 TIER 3 — Warm
Come shop with me @essxnyc Located @ 140 Essex St New ...,Lower East Side,New York,USA,https://www.instagram.com/reel/DLA8yXyPimz/,@essxnyc.,,1037486289,,,2026-04-16,,,,,,-30,❄️ TIER 4 — Cold
Shopping in Style in Lower Manhattan,Lower East Side,New York,USA,https://onemanhattansquare.com/shopping-in-style-in-lower-manhattan/,@onemanhattansquare,info@OneManhattanSquare.com,1517226618,,,2026-04-16,,,,,,-20,❄️ TIER 4 — Cold
Only NY,Lower East Side,New York,USA,https://onlyny.com/?srsltid=AfmBOor6ULRjN-eKrjVnfgv7e0cVUrgpJC2Nu3iSDjdp2Ru6Cy33FVGa,@onlyny,info@onlyny.com,1114316446,,,2026-04-16,,,,,,-20,❄️ TIER 4 — Cold
LOWER EAST SIDE 2026,Lower East Side,New York,USA,http://thelocalartisanguide.com/lower-east-side,@larakoleji,user@domain.com.,1455146958,,,2026-04-16,,,,,,-20,❄️ TIER 4 — Cold
"ESSX NYC - Men's and Women's Designer Clothing, Shoes ...",Lower East Side,New York,USA,https://essxnyc.com/?srsltid=AfmBOoqzvw59TkdoIU3mFE6TqC3PTtT-RTDnDukV-zUUIdMPvrnItbxg,@essxnyc,canvas-confetti@1.9.3,7477205430,,,2026-04-16,,,,,,10,📋 TIER 3 — Warm
Top 5 Clothing Stores in the Lower East Side,Lower East Side,New York,USA,https://conbud.com/top-5-clothing-stores-in-the-lower-east-side/,@ludlowflea,,1775254766,,,2026-04-16,,,,,,10,📋 TIER 3 — Warm
"New Store Lower East Side, New York",Lower East Side,New York,USA,https://2ndstreetusa.com/article/22/10/05/new-store-lower-east-side-new-york,@2ndstreetusa,,1774963426,,,2026-04-16,,,,,,-30,❄️ TIER 4 — Cold
"HYPEBEAST on Instagram: ""From SoHo to the Lower East ...",Lower East Side,New York,USA,https://www.instagram.com/reel/C6y1YJxL_YY/,@grupofrontera,,1037486289,,,2026-04-16,,,,,,10,📋 TIER 3 — Warm
Lower East Side,Lower East Side,New York,USA,https://hypebeast.com/tags/lower-east-side,@hypebeast,screenshot-adblock@2x.c415715a.png,3702846231,,,2026-04-16,,,,,,10,📋 TIER 3 — Warm
Laced Up Hypebeast Streetwear Store in New York - Original ...,Lower East Side,New York,USA,https://lacedup.com/?srsltid=AfmBOoqh8fqKQ4WBweahspSpr3i4DS53T06d3YHYRYLhdXIubpXNtIHQ,@LacedUpManhattan,lacedupnewyork@gmail.com,6720713479,,,2026-04-16,,,,,,20,⭐ TIER 2 — Strong
Hypebeast opening flagship store in Chinatown (and other ...,Lower East Side,New York,USA,https://www.bizjournals.com/newyork/news/2022/06/16/hypebeast-opening-flagship-store-nyc-real-estate.html,,,,,,2026-04-16,,,,,,0,❄️ TIER 4 — Cold
Mannahatta NYC,Lower East Side,New York,USA,https://mhny.nyc/?srsltid=AfmBOopG3grBv-cflvH_1Blk65TOouFH4u987sG2tDDUgtLfDa0FvO7r,@mannahatta_nyc,,1752625192,,,2026-04-16,,,,,,-30,❄️ TIER 4 — Cold
Storefront | Hellstar - Sneaker Summit,Houston,Texas,USA,https://sneakersummit.ricoconsign.com/store/collection/Hellstar,@sneakersummit.com.,info@sneakersummit.com,4491502798,,,2026-04-16,,,,,,45,🔥 TIER 1 — Hot
New Hellstar available in store 💫 2907 S Shepherd ...,Houston,Texas,USA,https://www.instagram.com/p/C0FIalfLnBB/,@rsrc.php,,1037486289,,,2026-04-16,,,,,,35,⭐ TIER 2 — Strong
🔥BRAND NEW HELLSTAR DROP @flawlesshouston 🔥 ...,Houston,Texas,USA,https://www.instagram.com/p/DKA0W7Oy73L/,@flawlesshouston,,1037486289,,,2026-04-16,,,,,,35,⭐ TIER 2 — Strong
All new HellStar Apparel available in store!,Houston,Texas,USA,https://www.instagram.com/p/DWb8adUDxl3/,@rsrc.php,,1037486289,,,2026-04-16,,,,,,35,⭐ TIER 2 — Strong
Social Status | Contemporary Menswear & Footwear,Houston,Texas,USA,https://www.socialstatuspgh.com/?srsltid=AfmBOooFIWMPXHXYmaxXwYCAz59Vi1_-u3SGN0YLyMzMpqQX-AUtZ6li,@thesocialstatus,fancybox@3.5.7,1750102237,,,2026-04-16,,,,,,-30,❄️ TIER 4 — Cold
"Sneakers, Premium Vintage and Streetwear Clothing Shop in ...",Houston,Texas,USA,https://www.centrlsply.com/?srsltid=AfmBOoq-vLDiVcfMIjVzzj7C4V32E2x6zZchu9FO9nOXk0nbNYtNGIxn,@centrlsply,,1689782825,,,2026-04-16,,,,,,10,📋 TIER 3 — Warm
New Hellstar Just Landed Instore! ⚡️ Come Shop Mon-Sat ...,Houston,Texas,USA,https://www.instagram.com/p/DBAJabxSkA3/,@rsrc.php,,1037486289,,,2026-04-16,,,,,,35,⭐ TIER 2 — Strong
Pure Atlanta | Luxury Contemporary Style,Houston,Texas,USA,https://www.pureatlanta.com/?srsltid=AfmBOoorWjxQ9NjxZOkF8Rt8Jz2C1ay0cVBMlbv_5y-H5CeGsWYqlMzk,@pureatlanta,cs@pureatlanta.com,1009528156,,,2026-04-16,,,,,,20,⭐ TIER 2 — Strong
Club Never - Houston,Houston,Texas,USA,https://clubnever.com/,@context,info@clubnever.com,5751450968,,,2026-04-16,,,,,,-20,❄️ TIER 4 — Cold
HELLSTAR,Houston,Texas,USA,https://sneakerhaven.shop/collections/hellstar?srsltid=AfmBOopUEigxRf3W4XbhC4YDeov0ynNC6FimLyZswh0I2d5Kub5krASW,@keyframes,management@sneakerhaven.shop,1320255817,,,2026-04-16,,,,,,45,🔥 TIER 1 — Hot
SUPREME stores in Houston,Houston,Texas,USA,https://www.shopenauer.com/en/brand/supreme/houston,@supremenewyork,,5682063865,,,2026-04-16,,,,,,25,⭐ TIER 2 — Strong
SUPREME - Agenda Houston,Houston,Texas,USA,https://www.agendahouston.com/collections/supreme,@agendahtx,support@agendahouston.com,1711594389,,,2026-04-16,,,,,,35,⭐ TIER 2 — Strong
Supreme Party Supplies,Houston,Texas,USA,https://supremehouston.com/,,,,,,2026-04-16,,,,,,15,📋 TIER 3 — Warm
Premium Goods Houston | Sneaker Store & Streetwear Boutique,Houston,Texas,USA,https://premiumgoods.com/,@premiumgoodshtx,PG_logo_blk_140x@2x.png,1656379684,,,2026-04-16,,,,,,20,⭐ TIER 2 — Strong
Stockists,Houston,Texas,USA,https://rh-ude.com/pages/stockists-1?srsltid=AfmBOopBad6gC34JXp5aryFfJKV2fdV71deEfuMEglsBHeQ3cHti4duu,@rhude,,1613580349,,,2026-04-16,,,,,,30,⭐ TIER 2 — Strong
A Ma Maniére Houston Store,Houston,Texas,USA,https://www.a-ma-maniere.com/pages/a-ma-maniere-houston-store?srsltid=AfmBOopznmRvfKB1I-jPhMl1rrvDqiju6XeKU-lNTw6GNxflta_LWGRa,@maniere_usa,,1422991689,,,2026-04-16,,,,,,-30,❄️ TIER 4 — Cold
"The Webster: Curated Luxury Fashion, Beauty & Lifestyle",Houston,Texas,USA,https://thewebster.com/?srsltid=AfmBOoo_tcbQuHKlGcxVqvSd2mVaNT4SO3-hlxFwlisl3klI0gHBQxLE,@thewebster,,2147483647,,,2026-04-16,,,,,,10,📋 TIER 3 — Warm
R H U D E,Houston,Texas,USA,https://rh-ude.com/?srsltid=AfmBOopl-acAocvLnbNM3w0ii0XTt260wkNELG3L0BfLAFnlzJD-RkqB,@rhude,,1613580349,,,2026-04-16,,,,,,30,⭐ TIER 2 — Strong
Shop Rhude Online,Houston,Texas,USA,https://www.nordstrom.com/brands/rhude--18936?srsltid=AfmBOopnlg97ZHifwAdDWHl0NHp8wV_apnkfEN7B8BuWG_BhmVO_toWh,@4GfJ,,123456789,,,2026-04-16,,,,,,30,⭐ TIER 2 — Strong
Rhude,Houston,Texas,USA,https://www.neimanmarcus.com/c/designers-rhude-cat81650731?srsltid=AfmBOoqB93kF09y86NUUfJ3ksEnNEgFU9ciAIl8yM872iweNHe448zk9,,,,,,2026-04-16,,,,,,20,⭐ TIER 2 — Strong
Premium Goods Houston | Sneaker Store & Streetwear ...,Houston,Texas,USA,https://premiumgoods.com/,@premiumgoodshtx,PG_logo_blk_140x@2x.png,1656379684,,,2026-04-16,,,,,,20,⭐ TIER 2 — Strong
The Closet HTX (@flawlesshouston),Houston,Texas,USA,https://www.instagram.com/flawlesshouston/,@johnnydangandco,,1037486289,,,2026-04-16,,,,,,-30,❄️ TIER 4 — Cold
Houston,Houston,Texas,USA,https://hypebeast.com/tags/houston,@hypebeast,screenshot-adblock@2x.c415715a.png,3702846231,,,2026-04-16,,,,,,10,📋 TIER 3 — Warm
"Cris (@hypelife_htx) · Houston, TX",Houston,Texas,USA,https://www.instagram.com/hypelife_htx/,@hypelife_htx,,1037486289,,,2026-04-16,,,,,,10,📋 TIER 3 — Warm
HYPE (@hype_galleria) • Instagram photos and videos,Houston,Texas,USA,https://www.instagram.com/hype_galleria/,@hype_galleria,,1037486289,,,2026-04-16,,,,,,10,📋 TIER 3 — Warm
Here are 7 Houston-based brands bringing streetwear ...,Houston,Texas,USA,https://www.chron.com/culture/article/Here-7-Houston-brands-bringing-streetwear-back-16063321.php,,,,,,2026-04-16,,,,,,0,❄️ TIER 4 — Cold
"food • fashion on Instagram: ""NEW LUXURY DENIM + ...",Houston,Texas,USA,https://www.instagram.com/reel/DCt9RympCtj/,@rsrc.php,,1037486289,,,2026-04-16,,,,,,10,📋 TIER 3 — Warm
JD Sports at Houston Galleria,Houston,Texas,USA,https://stores.jdsports.com/tx/houston/houston-galleria.html,@jdsportsus,,(832) 603-4516,,,2026-04-16,,,,,,-30,❄️ TIER 4 — Cold
Sneaker Summit,Houston,Texas,USA,https://shop.sneakersummit.com/,@sneakersummit.com.,,4491502798,,,2026-04-16,,,,,,10,📋 TIER 3 — Warm
A Sneaker City Houston (@asneakercityhouston),Houston,Texas,USA,https://www.instagram.com/asneakercityhouston/,@asneakercityhouston,,1037486289,,,2026-04-16,,,,,,10,📋 TIER 3 — Warm
Hell Star tees available at both of our locations,Dallas,Texas,USA,https://www.instagram.com/p/Cv88b_gsdil/,@rsrc.php,,1037486289,,,2026-04-16,,,,,,-30,❄️ TIER 4 — Cold
HELLSTAR,Dallas,Texas,USA,https://sneakerhaven.shop/collections/hellstar?srsltid=AfmBOooKVxqAXtrHulIr0gVOtA7nBVd-IVST_6JyEUXk5DKOd87PGaAf,@keyframes,management@sneakerhaven.shop,1320255817,,,2026-04-16,,,,,,45,🔥 TIER 1 — Hot
SOLEPLIER | Sneakers. Streetwear. Culture.,Dallas,Texas,USA,https://soleplier.com/?srsltid=AfmBOooXXd1IbYWWatqoXpw7TQzgUhSz35HfXDj1HMDOftUrBec67OEc,@SOLEPLIER,tuffselectph@gmail.com,9166543286,,,2026-04-16,,,,,,20,⭐ TIER 2 — Strong
HELLSTAR TEES ARE IN ☄️ BOTH LOCATIONS # ...,Dallas,Texas,USA,https://www.instagram.com/p/CwYUeWIRwnZ/,@1finesse2tymes,,1037486289,,,2026-04-16,,,,,,35,⭐ TIER 2 — Strong
Private Selection: Shop The Latest Streetwear Fashion ...,Dallas,Texas,USA,https://www.prvtselection.com/?srsltid=AfmBOoo6161BOjxqnqbFov8_ODlNwNJxZAWvlGK_aDb2bYqMNOMsihDC,@prvt.selection,e7d54b729aaf49ea8b2f80dae22860aa@sentry.zipify.com,9166543286,,,2026-04-16,,,,,,20,⭐ TIER 2 — Strong
Social Status | Contemporary Menswear & Footwear,Dallas,Texas,USA,https://www.socialstatuspgh.com/?srsltid=AfmBOooMjSJVi3j_YFS9HNlvViclLtfmxbuRYfL6eFzv1JTpLNP3JoE_,@thesocialstatus,fancybox@3.5.7,1750102237,,,2026-04-16,,,,,,-30,❄️ TIER 4 — Cold
New HellStar Available 🔥,Dallas,Texas,USA,https://www.instagram.com/p/DQpjKM3CfR9/,@rsrc.php,,1037486289,,,2026-04-16,,,,,,35,⭐ TIER 2 — Strong
Shop Hellstar clothing,Dallas,Texas,USA,https://www.theatticstreetwear.com/collections/hellstar?srsltid=AfmBOoqiTLoGqtMi2cf9M7_1x6UiAtLahoVLEblQCVrc-cfp-XfsJfNs,@theatticstreetwear,info@stagheaddesigns.com,4690952252,,,2026-04-16,,,,,,45,🔥 TIER 1 — Hot
SUPREME stores in Dallas,Dallas,Texas,USA,https://www.shopenauer.com/en/brand/supreme/dallas,@supremenewyork,,5682063865,,,2026-04-16,,,,,,25,⭐ TIER 2 — Strong
"12-9pm Store Hours 605 Singleton Blvd Dallas, Tx 75212",Dallas,Texas,USA,https://www.instagram.com/p/DAoskt2PpFI/,@rsrc.php,,1037486289,,,2026-04-16,,,,,,-30,❄️ TIER 4 — Cold
Stockists,Dallas,Texas,USA,https://rh-ude.com/pages/stockists-1?srsltid=AfmBOooHB7c43HpIV9cifL-bVSvYQGWY5IbnGAdw7IEys3VTuXKnl1Un,@rhude,,1613580349,,,2026-04-16,,,,,,30,⭐ TIER 2 — Strong
更多,Dallas,Texas,USA,https://www.instagram.com/p/DHECEYmRTzm/?hl=zh-cn,@rsrc.php,,1037486289,,,2026-04-16,,,,,,-30,❄️ TIER 4 — Cold
Shop Rhude Online,Dallas,Texas,USA,https://www.nordstrom.com/brands/rhude--18936?srsltid=AfmBOopt6Ue3PpNv_qM1uDRn05BhvdI50HuZjexWmVksk-y_kkzH-Zpz,@4GfJ,,123456789,,,2026-04-16,,,,,,30,⭐ TIER 2 — Strong
SHOP ALL,Dallas,Texas,USA,https://rh-ude.com/collections/shop-all?srsltid=AfmBOopvBkII2hG8kaO2M5F_BPuwGa6RH-rmel3VZUrYclRsYptYJ8V_,@rhude,,1613580349,,,2026-04-16,,,,,,30,⭐ TIER 2 — Strong
R H U D E,Dallas,Texas,USA,https://rh-ude.com/?srsltid=AfmBOorHHzWdzY0dCTk7xN6_vurSkdNYwTcOUhdKvtfV_9ZHWCrYS8Vp,@rhude,,1613580349,,,2026-04-16,,,,,,30,⭐ TIER 2 — Strong
"Shop Rhude Clothing Online - T-Shirts, Pants, and More",Dallas,Texas,USA,https://feature.com/collections/rhude?srsltid=AfmBOorkXYWvgaz59WGBCfvv-PiuP0MKH3VRtr6bVBVTpd1VQp6CnJMs,@feature,icon-klarna@2x.static.png,1554395407,,,2026-04-16,,,,,,40,🔥 TIER 1 — Hot
The Cool Guy's Guide To Shopping in Dallas,Dallas,Texas,USA,https://www.dmagazine.com/style-beauty-wellness/2025/06/the-cool-guys-guide-to-shopping-in-dallas/,,,,,,2026-04-16,,,,,,-40,❄️ TIER 4 — Cold
Dallas,Dallas,Texas,USA,https://hypebeast.com/tags/dallas,@hypebeast,screenshot-adblock@2x.c415715a.png,3702846231,,,2026-04-16,,,,,,10,📋 TIER 3 — Warm
"PROJECT (@project.dallas) · Dallas, TX",Dallas,Texas,USA,https://www.instagram.com/project.dallas/,@project.dallas,,1037486289,,,2026-04-16,,,,,,-30,❄️ TIER 4 — Cold
Heights District,Dallas,Texas,USA,https://www.theheightsdistrict.com/?srsltid=AfmBOooeD5l8x4j8RjgwiSxEPvKBBeoEJYECSSGNB5CT5ONFa3v0zcJZ,@heightsdistrict,info@theheightsdistrict.com,1752078995,,,2026-04-16,,,,,,-20,❄️ TIER 4 — Cold
Sneaker Politics,Dallas,Texas,USA,https://sneakerpolitics.com/,@sneakerpolitics,,1691764186,,,2026-04-16,,,,,,10,📋 TIER 3 — Warm
HUMAN DIOR,Dallas,Texas,USA,https://humandior.com/,@keyframes,humandior@gmail.com,4070210449,,,2026-04-16,,,,,,-20,❄️ TIER 4 — Cold
"BluPrint (@bluprint.tx) · Dallas, TX",Dallas,Texas,USA,https://www.instagram.com/bluprint.tx/,@bluprint.tx,,1037486289,,,2026-04-16,,,,,,-30,❄️ TIER 4 — Cold
The 24 Most Beautiful Independent Stores in Dallas,Dallas,Texas,USA,https://www.papercitymag.com/fashion/shopping/best-shopping-dallas/,@papercityhouston,chad.barrett@alliebeth.com,3333333333,,,2026-04-16,,,,,,20,⭐ TIER 2 — Strong
Dallas Streetwear,Dallas,Texas,USA,https://www.instagram.com/dallas.streetwear/,@rsrc.php,,1037486289,,,2026-04-16,,,,,,10,📋 TIER 3 — Warm
Clutch Vintage Streetwear – Clutch Vintage•Streetwear ...,Dallas,Texas,USA,https://theclutchvintage.com/?srsltid=AfmBOopkHOdn7NSpsmI_Eq42NS_VtRQBDptj_E_24sVQPOhXgDHVsmwu,@clutchdallas,,1739334398,,,2026-04-16,,,,,,10,📋 TIER 3 — Warm
10 DALLAS STREETWEAR BRANDS YOU SHOULD BE ...,Dallas,Texas,USA,https://cosignmag.com/cosign-style-10-dallas-strettwear-brands-you-should-be-wearing/,@cosignmag,asyah@cosignmag.com,1776086494,,,2026-04-16,,,,,,20,⭐ TIER 2 — Strong
Urban Clothing Stores | Urban Stylez Fashion And Apparel ...,Dallas,Texas,USA,https://www.shopurbanstylez.com/?srsltid=AfmBOoq3y9Jt_R_9_d18qJDwT8D6QO5Pfqq-9uWXsX4YI75_4AJrnYfJ,@urbanstylez_214,react@18.3.1,968-7758814,,,2026-04-16,,,,,,10,📋 TIER 3 — Warm
hellstar,Austin,Texas,USA,https://www.privatestockonline.com/brands/hellstar/,@privatestockatx,,2022111215,,,2026-04-16,,,,,,35,⭐ TIER 2 — Strong
Private Stock Premium Boutique - Private Stock,Austin,Texas,USA,https://www.privatestockonline.com/,@privatestockatx,,2022111215,,,2026-04-16,,,,,,10,📋 TIER 3 — Warm
Shop Hellstar clothing,Austin,Texas,USA,https://www.theatticstreetwear.com/collections/hellstar?srsltid=AfmBOoqKhSOTcmJrQdJtoWeXoJEI5LpcmeutzZa2XMeS1md8e4A06te7,@theatticstreetwear,info@stagheaddesigns.com,4690952252,,,2026-04-16,,,,,,45,🔥 TIER 1 — Hot
All new HellStar Apparel available in store ...,Austin,Texas,USA,https://www.instagram.com/reel/DWb8adUDxl3/,@rsrc.php,,1037486289,,,2026-04-16,,,,,,35,⭐ TIER 2 — Strong
S-3X #Hellstar #Sports #AvailableNow #Tees #Hoodies ...,Austin,Texas,USA,https://www.instagram.com/p/C70RvEFo7e3/,@rsrc.php,,1037486289,,,2026-04-16,,,,,,35,⭐ TIER 2 — Strong
Hellstar Studios,Austin,Texas,USA,https://bullseyesb.com/collections/hellstar?srsltid=AfmBOoqsk_uc8_UwBNprQFpLGhr53vmvgREfiCS6Y4U92U90oau6uasj,@bullseyesb,flickity@2.3.0,4204079679,,,2026-04-16,,,,,,35,⭐ TIER 2 — Strong
🚨 NEW INVENTORY ALERT 🚨 HELLSTAR HALLOWEEN ...,Austin,Texas,USA,https://www.instagram.com/p/DBpRtABulRc/?hl=en,@rsrc.php,,1037486289,,,2026-04-16,,,,,,35,⭐ TIER 2 — Strong
SUPREME stores in Austin,Austin,Texas,USA,https://www.shopenauer.com/en/brand/supreme/austin,@supremenewyork,,5682063865,,,2026-04-16,,,,,,25,⭐ TIER 2 — Strong
Supreme Beauty Supply (@supremebeauty_austin),Austin,Texas,USA,https://www.instagram.com/supremebeauty_austin/,@supremebeauty_austin,,1037486289,,,2026-04-16,,,,,,25,⭐ TIER 2 — Strong
"Private Stock - A Shopping Center in Austin, TX - Simon",Austin,Texas,USA,https://www.simon.com/mall/the-domain/stores/private-stock,@thedomainaustin,,1766078725,,,2026-04-16,,,,,,-30,❄️ TIER 4 — Cold
The Splash Station opens second location in South Austin,Austin,Texas,USA,https://communityimpact.com/austin/south-central-austin/business/2025/07/09/the-splash-station-opens-second-location-in-south-austin/,@communityimpactnews,spinner@2x.gif,2145298395,,,2026-04-16,,,,,,-20,❄️ TIER 4 — Cold
STAX AUSTIN,Austin,Texas,USA,https://staxaustinonline.com/,@font,,5825154475,,,2026-04-16,,,,,,-30,❄️ TIER 4 — Cold
RHUDE stores in Austin,Austin,Texas,USA,https://www.shopenauer.com/en/brand/rhude/austin,@shopenauer_official,,5682063865,,,2026-04-16,,,,,,30,⭐ TIER 2 — Strong
"The Webster: Curated Luxury Fashion, Beauty & Lifestyle",Austin,Texas,USA,https://thewebster.com/?srsltid=AfmBOoq3QrdWzCuVBFF_uV6cU3vNZYV2hbC-kWRr4R_JbFQ0sl8sYwUc,@thewebster,,2147483647,,,2026-04-16,,,,,,10,📋 TIER 3 — Warm
R H U D E,Austin,Texas,USA,https://rh-ude.com/?srsltid=AfmBOopkLcCZrCg63q2jKOm5KgFQkEpAuATlsGK1vGUi7dYPXoVWPpfQ,@rhude,,1613580349,,,2026-04-16,,,,,,30,⭐ TIER 2 — Strong
Shop Rhude Online,Austin,Texas,USA,https://www.nordstrom.com/brands/rhude--18936?srsltid=AfmBOorSBxXVjuA532U3_Pj19omU1GKycAPWcvKckNuLu7ayaRBOdEXr,@4GfJ,,123456789,,,2026-04-16,,,,,,30,⭐ TIER 2 — Strong
SHOP ALL,Austin,Texas,USA,https://rh-ude.com/collections/shop-all?srsltid=AfmBOorJGnSMNmIIbC35flk9Ma-iQvwW9nsHCE93XgzBTnnW0AUnLMyg,@rhude,,1613580349,,,2026-04-16,,,,,,30,⭐ TIER 2 — Strong
Contact Us,Austin,Texas,USA,https://rh-ude.com/pages/contact-us?srsltid=AfmBOoo014rBvPw9LdiMNaD-k-YkaV0MwHEUwBGeMXXTwMiIA0CrX_EF,@rhude,WORK@RH-UDE.COM,1613580349,,,2026-04-16,,,,,,40,🔥 TIER 1 — Hot
Aisle 5: Home,Austin,Texas,USA,https://www.theaisle5.com/,@gmail.com,13e49d785d8d4f828038b6136f3b48ba@sentry.io,7222075137,,,2026-04-16,,,,,,-20,❄️ TIER 4 — Cold
"STAX ATX (@staxaustin) · Austin, TX",Austin,Texas,USA,https://www.instagram.com/staxaustin/,@staxaustin,,1037486289,,,2026-04-16,,,,,,-30,❄️ TIER 4 — Cold
Bloody Rose Boutique,Austin,Texas,USA,https://bloodyroseboutique.com/,@bloodyroseboutique,,7823523422,,,2026-04-16,,,,,,10,📋 TIER 3 — Warm
"Kicking It ATX: Trendy clothing, accessories, & sneakers in ...",Austin,Texas,USA,https://kickingit.com/?srsltid=AfmBOopjIEn_2gpLYDL7UlWNiHJdrnZf2sI1RjQ3AHQMsC6fsuf9WeHq,@kickingit,,5142983320,,,2026-04-16,,,,,,10,📋 TIER 3 — Warm
ByGeorge Luxury Boutique - Austin,Austin,Texas,USA,https://bygeorgeaustin.com/?srsltid=AfmBOooa0fVGorrlAiMLfYw31LBW0ZShEpd2cpM7HwD2ILMM7F3nLvQZ,@bygeorge,,1775595304,,,2026-04-16,,,,,,10,📋 TIER 3 — Warm
Explore These 9 Austin Boutiques | Blog,Austin,Texas,USA,https://kathrynscarborough.com/blog/explore-these-9-austin-boutiques,@kathrynscarboroughatx,handlebars-intl@1.1.2,1512970135,,,2026-04-16,,,,,,10,📋 TIER 3 — Warm
Sneaker Politics - Austin,Austin,Texas,USA,https://www.2ndstreetdistrict.com/sneaker-politics,@2ndstdistrict,user@domain.com.,1655914806,,,2026-04-16,,,,,,20,⭐ TIER 2 — Strong
Austin Location | Shop Nice Kicks – ShopNiceKicks.com,Austin,Texas,USA,https://shopnicekicks.com/pages/austin-location,@shopnicekicks,nicekicks.small_140x@2x.png,1613152017,,,2026-04-16,,,,,,20,⭐ TIER 2 — Strong
austin,Austin,Texas,USA,https://sneakerpolitics.com/pages/austin-store-page,@sneakerpolitics,,1691764186,,,2026-04-16,,,,,,10,📋 TIER 3 — Warm
"Karavel Shoes | Running, Walking, and Comfort Shoes in ...",Austin,Texas,USA,https://karavelshoes.com/?srsltid=AfmBOor5LEsPwAFmUermh7fcaX_5itJAwvdiztVyzgo5QN171PJqAsGI,@karavelshoes,,1760393966,,,2026-04-16,,,,,,-30,❄️ TIER 4 — Cold
"Where to Shop Local Clothing Brands | Visit Austin, TX",Austin,Texas,USA,https://www.austintexas.org/austin-insider-blog/blog/post/local-clothing-brands/,@personalvintage,wght@100..900,9999999999,,,2026-04-16,,,,,,10,📋 TIER 3 — Warm
What Stores Sell Hellstar,San Antonio,Texas,USA,https://www.instagram.com/popular/what-stores-sell-hellstar/,@stockroom.oc,,1037486289,,,2026-04-16,,,,,,35,⭐ TIER 2 — Strong
San Antonio - San Pedro Store,San Antonio,Texas,USA,https://www.bootbarn.com/stores?StoreID=0381&srsltid=AfmBOoqSdwKtaksFfgvC59LVD9P1Oyk9JvNiDyIRyUr99XJ6WD6aKoGr,@boot_barn_official,custserv@bootbarn.com,1776327089,,,2026-04-16,,,,,,-20,❄️ TIER 4 — Cold
HELLSTAR size S-M-L new & original ٣٠،٠٠٠ للحجز دايركت ...,San Antonio,Texas,USA,https://www.instagram.com/p/DXKcHifDclK/,@rsrc.php,,1037486289,,,2026-04-16,,,,,,35,⭐ TIER 2 — Strong
NEW* HELLSTAR PIECES IN STORE SOON‼️ ONLY AT ...,San Antonio,Texas,USA,https://www.instagram.com/p/C2Ltp8js5IY/,@rsrc.php,,1037486289,,,2026-04-16,,,,,,35,⭐ TIER 2 — Strong
Hellstar Clothing | Tees Hoodies Long Sleeves,San Antonio,Texas,USA,https://www.stadiumgoods.com/collections/hellstar?srsltid=AfmBOorKo2FbAzkpDq74wYwp-LSHG27P7fG1SF_K_14CT9SjTquhMoWs,@stadiumgoods,hello@shopmail.stadiumgoods.com,8070339516,,,2026-04-16,,,,,,45,🔥 TIER 1 — Hot
Supreme Meat Purveyors: Creating Tomorrow's Protein ...,San Antonio,Texas,USA,https://suprememeat.com/,@context,,1776188044,,,2026-04-16,,,,,,25,⭐ TIER 2 — Strong
"WearHouse (@wearhouse.tx) · San Antonio, TX",San Antonio,Texas,USA,https://www.instagram.com/wearhouse.tx/,@wearhouse.tx,,1037486289,,,2026-04-16,,,,,,-30,❄️ TIER 4 — Cold
Supreme Beauty Supply Store Locations Near You,San Antonio,Texas,USA,https://www.supremebeauty.com/pages/find-supreme-hair-beauty-supply-store-locations-near-you?srsltid=AfmBOorLmlLm0qf3-oVsA_ioR9n-HK1y6vzGh1pSwR1c8PWUb7UDODGI,@supremebeautyonline,info@supremebeauty.com,1158951114,,,2026-04-16,,,,,,35,⭐ TIER 2 — Strong
SUPREME – tdkrivercenter,San Antonio,Texas,USA,https://tdkriverwalk.com/collections/supreme?srsltid=AfmBOopc7xaHlTMtm9Im3kx0yjoywg71geXYguTjdJ_MMgk3LrjGI0Yn,@font,,1681423793,,,2026-04-16,,,,,,25,⭐ TIER 2 — Strong
Rhude Tee ~ Available in Store📍Open From 11-7 weekdays,San Antonio,Texas,USA,https://www.instagram.com/p/DToT6V4DjmW/,@rsrc.php,,1037486289,,,2026-04-16,,,,,,30,⭐ TIER 2 — Strong
R H U D E,San Antonio,Texas,USA,https://rh-ude.com/?srsltid=AfmBOop0_1CNpjOldRhjUESuyAnmRxYrMgtgrWCXadwxHP1AE82a6Sg1,@rhude,,1613580349,,,2026-04-16,,,,,,30,⭐ TIER 2 — Strong
Shop Rhude Online,San Antonio,Texas,USA,https://www.nordstrom.com/brands/rhude--18936?srsltid=AfmBOoo-mbbgYibSKlGOuf0yaoD7XD-DyMa5HaYP53m0JrTqZzcxxXUY,@4GfJ,,123456789,,,2026-04-16,,,,,,30,⭐ TIER 2 — Strong
"The Webster: Curated Luxury Fashion, Beauty & Lifestyle",San Antonio,Texas,USA,https://thewebster.com/?srsltid=AfmBOopMKPg39Ck7J_cXBHbuTKSk36nuGw-oE5AlHGaXpEQk5K-h-KKG,@thewebster,,2147483647,,,2026-04-16,,,,,,10,📋 TIER 3 — Warm
Social Status | Contemporary Menswear & Footwear,San Antonio,Texas,USA,https://www.socialstatuspgh.com/?srsltid=AfmBOorzZiHYwFgJ0ZeXpsq1TtsHSthPolKL_E00DfYSCZ7QqcTqJ-7o,@thesocialstatus,fancybox@3.5.7,1750102237,,,2026-04-16,,,,,,-30,❄️ TIER 4 — Cold
"Street Gear (@street_gearshop) · San Antonio, TX",San Antonio,Texas,USA,https://www.instagram.com/street_gearshop/,@street_gearshop,,1037486289,,,2026-04-16,,,,,,-30,❄️ TIER 4 — Cold
fresh start is a 👟 one of a kind streetwear store,San Antonio,Texas,USA,https://daviesentertainment.com/streetwear-store/,@daviesentertainment,info@daviesentertainment.com,1776190440,,,2026-04-16,,,,,,20,⭐ TIER 2 — Strong
"Shop Streetwear Clothing, Sneakers, Jerseys and Hats ...",San Antonio,Texas,USA,https://www.culturekings.com/?srsltid=AfmBOooXPZH8v_0kD5ke4yMgG2EGXBAe1aM_WzdSBZxAYqZxs3cLJNcT,@culturekings.usa,test@test.com,1775758390,,,2026-04-16,,,,,,20,⭐ TIER 2 — Strong
Countdown SA,San Antonio,Texas,USA,https://www.countdownsa.com/,@countdownsa_,,6978026591,,,2026-04-16,,,,,,-30,❄️ TIER 4 — Cold
Tier One Sneaker Boutique: Home,San Antonio,Texas,USA,https://tier-one-sneaker-boutique.square.site/,@media,13e49d785d8d4f828038b6136f3b48ba@sentry.io,773-8161119,,,2026-04-16,,,,,,20,⭐ TIER 2 — Strong
"iRun Texas, San Antonio Local Running and Fitness Store",San Antonio,Texas,USA,https://iruntexas.net/,@300,bootstrap@4.3.1,6884696416,,,2026-04-16,,,,,,-30,❄️ TIER 4 — Cold
"Store Directory - 1 Store in San Antonio, Texas",San Antonio,Texas,USA,https://www.hibbett.com/stores/TX/San%20Antonio,@hibbettofficial,,1776358785,,,2026-04-16,,,,,,-30,❄️ TIER 4 — Cold
The 44 coolest clothing stores and boutiques in San Antonio,San Antonio,Texas,USA,https://wanderlog.com/list/geoCategory/123425/coolest-clothing-stores-and-boutiques-in-san-antonio,@7p.m.,apm-rum@5.16.0,3026914942,,,2026-04-16,,,,,,10,📋 TIER 3 — Warm
Stetson: Legendary Westernwear,San Antonio,Texas,USA,https://stetson.com/?srsltid=AfmBOooSc8PHtsP9HSlG1xeHIgVoLgEuBRofIoSMeugxZ-yJyr34FkTm,@stetsonusa,help@stetson.com,1746005073,,,2026-04-16,,,,,,-20,❄️ TIER 4 — Cold
Premium Footwear | Shoes & Sneakers | San Antonio ...,San Antonio,Texas,USA,https://stores.shoepalace.com/tx/sanantonio/,@shoepalace,,6157367176,,,2026-04-16,,,,,,10,📋 TIER 3 — Warm
North Star Mall - San Antonio,San Antonio,Texas,USA,https://stores.jdsports.com/tx/sanantonio/north-star-mall.html,@jdsportsus,,(210) 672-4831,,,2026-04-16,,,,,,-30,❄️ TIER 4 — Cold
"Shoe Store San Antonio, TX | Sneakers and Apparel",San Antonio,Texas,USA,https://www.hibbett.com/storedetails/TX/San%20Antonio/1373,@hibbettsanantoniotx,,1776358785,,,2026-04-16,,,,,,10,📋 TIER 3 — Warm
Heights District,San Antonio,Texas,USA,https://www.theheightsdistrict.com/?srsltid=AfmBOorsYcUh3mDTMbH5m57ic225UmPGbMZeoDy1GDmPOCPTIDpJJsW4,@heightsdistrict,info@theheightsdistrict.com,1752078995,,,2026-04-16,,,,,,-20,❄️ TIER 4 — Cold
Where to find San Antonio-made streetwear,San Antonio,Texas,USA,https://www.expressnews.com/lifestyle/article/San-Antonio-sneakerhead-sports-his-own-clothing-13522360.php,,,,,,2026-04-16,,,,,,0,❄️ TIER 4 — Cold
HELLSTAR,Fort Worth,Texas,USA,https://sneakerhaven.shop/collections/hellstar?srsltid=AfmBOoqv4gnRhGksdWWQxzL6l_oHeVJbbJj4__XAdGKYJLIkEAp-gsQg,@keyframes,management@sneakerhaven.shop,1320255817,,,2026-04-16,,,,,,45,🔥 TIER 1 — Hot
A Few HELLSTAR Tees That Will Be Available Friday At ...,Fort Worth,Texas,USA,https://www.instagram.com/p/DPCOvvICXu5/,@rsrc.php,,1037486289,,,2026-04-16,,,,,,35,⭐ TIER 2 — Strong
"DICK'S Sporting Goods Store in Fort Worth, TX | 714",Fort Worth,Texas,USA,https://stores.dickssportinggoods.com/tx/fort-worth/714/,@context,,6436823090,,,2026-04-16,,,,,,-30,❄️ TIER 4 — Cold
"Visit pOpshelf in Fort Worth, TX",Fort Worth,Texas,USA,https://www.popshelf.com/store/30455,@popshelf,,635782942,,,2026-04-16,,,,,,-30,❄️ TIER 4 — Cold
"6pm. 4226 W Vickery Blvd, Fort Worth, TX 76107 BUY / ...",Fort Worth,Texas,USA,https://www.instagram.com/p/DPCOkhtibYN/,@rsrc.php,,1037486289,,,2026-04-16,,,,,,-30,❄️ TIER 4 — Cold
HELLSTAR CLASSIC TEE BLACK/GREEN (GEL PRINT),Fort Worth,Texas,USA,https://royaltydfw.com/products/hellstar-classic-tee-black-green-gel-print?srsltid=AfmBOopCIf-0-DoaiRGQfC1qK6GSGbazE731-0S3gJH_2UaJPx9li7Mw,@rylty.dfw,xxx@xxx.xxx,1725919116,,,2026-04-16,,,,,,45,🔥 TIER 1 — Hot
Come Shop Dallas-Fort Worth's #1 Sneaker & Streetwear ...,Fort Worth,Texas,USA,https://www.instagram.com/reel/DGD5Pp1uK1H/,@rsrc.php,,1037486289,,,2026-04-16,,,,,,10,📋 TIER 3 — Warm
Fort Worth,Fort Worth,Texas,USA,https://supreme-appliances.com/fort-worth/,@supreme.appliances,info@supreme-appliances.com,945-3546321,,,2026-04-16,,,,,,35,⭐ TIER 2 — Strong
Supreme Beauty Supply Store Locations Near You,Fort Worth,Texas,USA,https://www.supremebeauty.com/pages/find-supreme-hair-beauty-supply-store-locations-near-you?srsltid=AfmBOoohZ5_ZVUNXtVP90p37-kwy0RgYBUEBEYQPSilUnATfk4l3evKV,@supremebeautyonline,info@supremebeauty.com,1158951114,,,2026-04-16,,,,,,35,⭐ TIER 2 — Strong
"Supreme Hair & Beauty in Fort Worth, TX – Reviews, Hours ...",Fort Worth,Texas,USA,https://local.yahoo.com/info-233442180-supreme-hair-beauty-fort-worth/,@yahoo,,155-9803257,,,2026-04-16,,,,,,25,⭐ TIER 2 — Strong
Supreme Hair & Beauty DFW (@supremebeautydfw),Fort Worth,Texas,USA,https://www.instagram.com/supremebeautydfw/,@supremebeautydfw,,1037486289,,,2026-04-16,,,,,,25,⭐ TIER 2 — Strong
"Supreme Hair & Beauty in Fort Worth, TX United States",Fort Worth,Texas,USA,https://maps.apple.com/place?place-id=IB736F3FD5C5CFB20,@context,,89933000,,,2026-04-16,,,,,,25,⭐ TIER 2 — Strong
Appliance Store Fort Worth TX,Fort Worth,Texas,USA,https://supreme-appliances.com/appliance-store-fort-worth-tx/,@supreme.appliances,info@supreme-appliances.com,3333333333,,,2026-04-16,,,,,,35,⭐ TIER 2 — Strong
R H U D E,Fort Worth,Texas,USA,https://rh-ude.com/?srsltid=AfmBOopCuM1WHJE57I-SxwhUAkrDod-cgqboaOtqRGt6I50PXxlKtmwr,@rhude,,1613580349,,,2026-04-16,,,,,,30,⭐ TIER 2 — Strong
Shop Rhude Online,Fort Worth,Texas,USA,https://www.nordstrom.com/brands/rhude--18936?srsltid=AfmBOop9cINnUXkrq6Q0JUwqSrTf5xv1NDwDPJQMgNWe1qlc__QqEEF1,@4GfJ,,123456789,,,2026-04-16,,,,,,30,⭐ TIER 2 — Strong
Rhude,Fort Worth,Texas,USA,https://www.walmart.com/c/brand/rhude,@media,,8278416249,,,2026-04-16,,,,,,30,⭐ TIER 2 — Strong
SHOP ALL,Fort Worth,Texas,USA,https://rh-ude.com/collections/shop-all?srsltid=AfmBOorE56qGypE2GbXicReRhy4A7VpERy6PDogR2ubAX3sCOzzUU8SK,@rhude,,1613580349,,,2026-04-16,,,,,,30,⭐ TIER 2 — Strong
Rhude Streetwear & Apparel | Modern Urban Style at Sole ...,Fort Worth,Texas,USA,https://www.solebystyle.com/collections/rhude-1?srsltid=AfmBOoo2ZMCj0cpxZkGsDp2Jv3yEFeyFlUeVGdkOK7qqntjyZOI2k7J-,@solebystyle.cov,shop@solebystyle.com,1748393960,,,2026-04-16,,,,,,40,🔥 TIER 1 — Hot
John L. Ashe - Men's Clothing Store,Fort Worth,Texas,USA,https://brattelifamilystores.com/pages/john-l-ashe?srsltid=AfmBOorbRB41sy0JOJ4yfZl8QIKpAJIYigFazBxwR2zSX610CwzWvfzK,@shopify,kjajs_x100@2x.png,4994871894,,,2026-04-16,,,,,,20,⭐ TIER 2 — Strong
"Capsule on Instagram: ""Check out the fresh collection of tees ...",Fort Worth,Texas,USA,https://www.instagram.com/reel/DMSpWsBs-tt/,@rsrc.php,,1037486289,,,2026-04-16,,,,,,-30,❄️ TIER 4 — Cold
Locals Only: Home,Fort Worth,Texas,USA,https://localsonlyshop.square.site/,@gmail.com.,13e49d785d8d4f828038b6136f3b48ba@sentry.io,8002591795,,,2026-04-16,,,,,,-20,❄️ TIER 4 — Cold
Fort Worth Locals: Fort Worth T-Shirts,Fort Worth,Texas,USA,https://shopfwlocals.com/?srsltid=AfmBOoqRpqZycx7kFkM7hjeegWFM2CucWnxs8-E93uByFI7EVwgRJyia,@fwlocals,hello@fwlocals.com,7909584425,,,2026-04-16,,,,,,-20,❄️ TIER 4 — Cold
817 Vintage Hype,Fort Worth,Texas,USA,https://817vintagehype.com/?srsltid=AfmBOoo8F3emOhsZ9PLrwJzcNlB5aL1f8QPQWBGKMYrLlRz_44Mdh2b2,@media,UNADJUSTEDNONRAW_thumb_28c5_1280x@2x.jpg,3595290796,,,2026-04-16,,,,,,20,⭐ TIER 2 — Strong
The Fort Worth Boutique Guide,Fort Worth,Texas,USA,https://thescoutguide.com/fort-worth/editorial/the-fort-worth-boutique-guide/,,,,,,2026-04-16,,,,,,0,❄️ TIER 4 — Cold
"Hale House Boutique | Fort Worth, TX",Fort Worth,Texas,USA,https://shophalehouse.com/,@shophalehouse,customerservice@shophalehouse.com,1588243550,,,2026-04-16,,,,,,20,⭐ TIER 2 — Strong
Monkee's of Fort Worth: MONKEE'S | Shop Clothing ...,Fort Worth,Texas,USA,https://monkeesoffortworth.com/?srsltid=AfmBOootyRsrT6-60F8L39FWiPaA4E3xkb1PxsQwbljdTpldRjOD_sIg,@monkeesoffortworth,,1775665412,,,2026-04-16,,,,,,10,📋 TIER 3 — Warm
5 sneaker boutiques in Fort Worth - FTWtoday,Fort Worth,Texas,USA,https://ftwtoday.6amcity.com/sneaker-stores-fort-worth-tx,@ftwtoday,rmcrobbie@ftwtoday.com,2147483647,,,2026-04-16,,,,,,20,⭐ TIER 2 — Strong
Shoe & Sneaker Store in Fort Worth | JD Sports at Hulen Mall,Fort Worth,Texas,USA,https://stores.jdsports.com/tx/fortworth/hulen-mall.html,@jdsportsus,,(817) 370-0441,,,2026-04-16,,,,,,10,📋 TIER 3 — Warm
"Shoe Store Fort Worth, TX | Sneakers and Apparel",Fort Worth,Texas,USA,https://www.hibbett.com/storedetails/TX/Fort%20Worth/1518,@hibbettfortworthtx,,1776358785,,,2026-04-16,,,,,,10,📋 TIER 3 — Warm
Lux (Fashion. Culture. Lifestyle.) (@luxfashiondfw),Fort Worth,Texas,USA,https://www.instagram.com/luxfashiondfw/,@luxfashiondfw,,1037486289,,,2026-04-16,,,,,,10,📋 TIER 3 — Warm
Royalty DFW,Fort Worth,Texas,USA,https://royaltydfw.com/?srsltid=AfmBOoqwJsTE6m4DWTyCW6hkrGr9bo79YN0gJDqcIeW24nCRuUCCtQoJ,@rylty.dfw,xxx@xxx.xxx,1725919116,,,2026-04-16,,,,,,-20,❄️ TIER 4 — Cold
Elite Footwear,Fort Worth,Texas,USA,https://elitefootweardfw.com/,@elitefootweardfw,anapbm@gmail.com,3333333333,,,2026-04-16,,,,,,-20,❄️ TIER 4 — Cold
"HeatOnFeetFootWear (@heatonfeetfootwear) · Fort Worth, TX",Fort Worth,Texas,USA,https://www.instagram.com/heatonfeetfootwear/,@heatonfeetsneakerfestival,,1037486289,,,2026-04-16,,,,,,10,📋 TIER 3 — Warm
Premium Footwear | Shoes & Sneakers | Fort Worth ...,Fort Worth,Texas,USA,https://stores.shoepalace.com/tx/fortworth/,@shoepalace,,6157367176,,,2026-04-16,,,,,,10,📋 TIER 3 — Warm
Union Station is Fort Worth's hub for homegrown streetwear,Fort Worth,Texas,USA,https://www.dfwi.org/item/union-station-is-fort-worths-hub-for-homegrown-streetwear,@downtownfortworth,,1776361565,,,2026-04-16,,,,,,10,📋 TIER 3 — Warm
The Hookup Fashion and more (@thehookupdfw),Fort Worth,Texas,USA,https://www.instagram.com/thehookupdfw/,@mvpsportsdfw,,1037486289,,,2026-04-16,,,,,,10,📋 TIER 3 — Warm
Hellstar,Atlanta,Georgia,USA,https://www.showroomatl.com/collections/hellstar?srsltid=AfmBOoowTnOCskmRlkA7FFYSxAUjZvTw-ymkoPgB_CJtR2rsO_mH3Rbf,@showroom.atl,,1720536824,,,2026-04-16,,,,,,35,⭐ TIER 2 — Strong
HELLSTAR - PureAtlanta.com,Atlanta,Georgia,USA,https://www.pureatlanta.com/collections/hellstar?srsltid=AfmBOopR3ItIjoxIEX0VCg6GPoYIJzOvFHX3tYkkx_df-zY1lL_kb5yW,@pureatlanta.com.,cs@pureatlanta.com,1009528156,,,2026-04-16,,,,,,45,🔥 TIER 1 — Hot
Hellstar Is This What Heaven Sounds Like? Tee ...,Atlanta,Georgia,USA,https://www.instagram.com/showroom_atlanta/p/DH6YByfgCPU/,@rsrc.php,,1037486289,,,2026-04-16,,,,,,35,⭐ TIER 2 — Strong
Hellstar Hoodies,Atlanta,Georgia,USA,https://luxuryboxatl.com/collections/hellstar-hoodies?srsltid=AfmBOorVtEvXyXQqwy9eFH_hlmjBknDx7OGiq8iZq9xKadXpc7ocULJy,@luxboxatl,,1759960285,,,2026-04-16,,,,,,35,⭐ TIER 2 — Strong
"New Hellstar is IN! Available In Store & Online, Only At The Box",Atlanta,Georgia,USA,https://www.instagram.com/reel/DACHcaEpulg/?hl=en,@rsrc.php,,1037486289,,,2026-04-16,,,,,,35,⭐ TIER 2 — Strong
Brand New Red Hellstar Tee - L,Atlanta,Georgia,USA,https://highstakesatlanta.com/products/brand-new-red-hellstar-tee-l?srsltid=AfmBOooXdHOE6CaR7RY6U7DJ9_HJ7EhKWQ3BjVYIDH0qQdwwT6FFqW1H,@font,,1748288413,,,2026-04-16,,,,,,35,⭐ TIER 2 — Strong
💫 Hellstar Patch Shorts Black L XXXL Available Now In ...,Atlanta,Georgia,USA,https://www.instagram.com/p/DQNCH-mDm1s/,@rsrc.php,,1037486289,,,2026-04-16,,,,,,35,⭐ TIER 2 — Strong
Light Hellstar Restock! Multiple Sizes and Colors Available! All ...,Atlanta,Georgia,USA,https://www.instagram.com/reel/C4i5W2WAQgV/,@rsrc.php,,1037486289,,,2026-04-16,,,,,,35,⭐ TIER 2 — Strong
Supreme ATL (@supremeatlanta),Atlanta,Georgia,USA,https://www.instagram.com/supremeatlanta/,@supremeatlanta,,1037486289,,,2026-04-16,,,,,,25,⭐ TIER 2 — Strong
SUPREME stores in Atlanta,Atlanta,Georgia,USA,https://www.shopenauer.com/en/brand/supreme/atlanta,,,,,,2026-04-16,,,,,,15,📋 TIER 3 — Warm
Supreme,Atlanta,Georgia,USA,https://luxuryboxatl.com/collections/supreme-1?srsltid=AfmBOop2bui-tR09PCThQgYbuRykL7PpBXNrmGNwVGv6PY67_5WcEzB3,@luxboxatl,,1759960285,,,2026-04-16,,,,,,25,⭐ TIER 2 — Strong
ShowRoom Atlanta,Atlanta,Georgia,USA,https://www.showroomatl.com/?srsltid=AfmBOooKgpKs3FS7gBOgjtIc2XhG9GZqQa-mr2gItdzBbD-PBD5T_uxy,@showroom.atl,,1720536824,,,2026-04-16,,,,,,-30,❄️ TIER 4 — Cold
"Repeat Atlanta on Instagram: ""Supreme accessories always ...",Atlanta,Georgia,USA,https://www.instagram.com/reel/DUt8QUOjfc8/?hl=en,@rsrc.php,,1037486289,,,2026-04-16,,,,,,25,⭐ TIER 2 — Strong
RHUDE,Atlanta,Georgia,USA,https://wishatl.com/collections/rhude?srsltid=AfmBOorNk2VhH2PnxeE0qJBVO3dyc-oQKwewod5KsJ4TUKIcARNhs769,@wishatl,,1614741952,,,2026-04-16,,,,,,30,⭐ TIER 2 — Strong
RHUDE stores in Atlanta,Atlanta,Georgia,USA,https://www.shopenauer.com/en/brand/rhude/atlanta,,,,,,2026-04-16,,,,,,20,⭐ TIER 2 — Strong
A Ma Maniére Atlanta Store,Atlanta,Georgia,USA,https://www.a-ma-maniere.com/pages/a-ma-maniere-atlanta-store?srsltid=AfmBOoqdGUb059D2KAewijFKs4E7oQq7yRMW2NxLyqA7FAgi3UXjtK5E,@maniere_usa,,1422991689,,,2026-04-16,,,,,,-30,❄️ TIER 4 — Cold
R H U D E,Atlanta,Georgia,USA,https://rh-ude.com/?srsltid=AfmBOornRJSXzueMX6-WGFio3aXsuQl_bmkxjmOhkTAs2OOH87ULvOFR,@rhude,,1613580349,,,2026-04-16,,,,,,30,⭐ TIER 2 — Strong
Social Status | Contemporary Menswear & Footwear,Atlanta,Georgia,USA,https://www.socialstatuspgh.com/?srsltid=AfmBOopR9fxxRQK9WrOedNSFeZ8UJnBpctz3noXo8NEMRnvsS_yaujxL,@thesocialstatus,fancybox@3.5.7,1750102237,,,2026-04-16,,,,,,-30,❄️ TIER 4 — Cold
"lenox square in atlanta, georgia",Atlanta,Georgia,USA,https://thewebster.com/shop/atlanta?srsltid=AfmBOoqxpHM6dPBOvADj46I9KCFFwSjdqwM7JdVew4CtbmFjDq29wDX4,@THEWEBSTER.COM.,ATLTEAM@THEWEBSTER.COM,1771410634,,,2026-04-16,,,,,,-20,❄️ TIER 4 — Cold
Fly Gear ATL - Hottest streetwear clothing in the country,Atlanta,Georgia,USA,https://flygearatl.com/?srsltid=AfmBOorRMqGfQLMtJgcM231GP8dvV-U0OfLFUpBEHhpW1exkywD6Ean5,@flygearatl,sales@flygearatl.com,1672267803,,,2026-04-16,,,,,,20,⭐ TIER 2 — Strong
Wish Atlanta Boutique - WishATL.com,Atlanta,Georgia,USA,https://wishatl.com/?srsltid=AfmBOopkNuKzbsWJwzvVrbFKQ2_fQhlvU08npH7tZP4Ibt4k3rcFVVfp,@wishatl,,1614741952,,,2026-04-16,,,,,,10,📋 TIER 3 — Warm
The Atlanta Streetwear Market ® (@atlantastreetwearmarket),Atlanta,Georgia,USA,https://www.instagram.com/atlantastreetwearmarket/?hl=en,@atlantastreetwearmarket,,1037486289,,,2026-04-16,,,,,,10,📋 TIER 3 — Warm
Pure Atlanta | Luxury Contemporary Style,Atlanta,Georgia,USA,https://www.pureatlanta.com/?srsltid=AfmBOor9NqqgkyNyJE77DgSJTCqQDXZ9lw6reA2h2Lzm97fSBpjmUkni,@pureatlanta.,cs@pureatlanta.com,1009528156,,,2026-04-16,,,,,,20,⭐ TIER 2 — Strong
10 Essential Atlanta Shops for Contemporary & Streetwear ...,Atlanta,Georgia,USA,https://www.oberonasscher.com/blogs/sweet-auburn-ave/the-10-coolest-clothing-stores-boutiques-in-atlanta-you-need-to-know?srsltid=AfmBOorqv3Fg1HvcVaYyGgZRLhFGMaI0rLh48mYk5ZHDSXT8kQTHyV0u,@closette323,,1642484360,,,2026-04-16,,,,,,10,📋 TIER 3 — Warm
City Wide Fashions - Atlanta's Best Big & Tall Streetwear Store,Atlanta,Georgia,USA,https://citywidefashions.com/?srsltid=AfmBOor5-Le8hq1aP10V_qXsu65nISAZiRnlDFeOcL_Sw29DP27tjaQt,@whatshappeningatl,,1591373623,,,2026-04-16,,,,,,10,📋 TIER 3 — Warm
Full Circle ATL,Atlanta,Georgia,USA,https://fullcircleatl.shop/?srsltid=AfmBOoqoE5683Bm_A5c_loq74U7jpENu1XkItnY6P9W0WPHUn12lFmJy,@fullcircle.atl,,1663349557,,,2026-04-16,,,,,,-30,❄️ TIER 4 — Cold
Hype 24/7,Atlanta,Georgia,USA,https://www.atlantadowntown.com/go/hype-24-7,@hype2407,,1776361772,,,2026-04-16,,,,,,10,📋 TIER 3 — Warm
HYPE 24/7 Atlanta (@hype2407),Atlanta,Georgia,USA,https://www.instagram.com/hype2407/,@hype247snvl.,,1037486289,,,2026-04-16,,,,,,10,📋 TIER 3 — Warm
"Hype24/7: Buy, Sell, Trade Exclusive Sneaker Shop in Atlanta ...",Atlanta,Georgia,USA,https://hype2407.com/?srsltid=AfmBOoqQoNJRxUKfMmpfzxEf9bA1hTGGVZzG02tGqK_Y1iyDL4FzfQGV,@hype2407,20260331_182211_580x@2x.jpg,9029999862,,,2026-04-16,,,,,,20,⭐ TIER 2 — Strong
Atlanta,Atlanta,Georgia,USA,https://hypebeast.com/tags/atlanta,@hypebeast,screenshot-adblock@2x.c415715a.png,3702846231,,,2026-04-16,,,,,,10,📋 TIER 3 — Warm
GEORGIO'S PREMIUM STREETWEAR STORE,Atlanta,Georgia,USA,https://georgiosatlanta.com/,@georgiosatlanta,GeorgiosATL@gmail.com,1734813385,,,2026-04-16,,,,,,20,⭐ TIER 2 — Strong
Moda404 (@moda404atl) • Instagram photos and videos,Atlanta,Georgia,USA,https://www.instagram.com/moda404atl/,@moda404atl,,1037486289,,,2026-04-16,,,,,,-30,❄️ TIER 4 — Cold
Luxury Box: Curated High-Fashion – Luxury Box Atl,Atlanta,Georgia,USA,https://luxuryboxatl.com/?srsltid=AfmBOoqrU2caHkBn0slc118sRXlToMuDSmJUNW9Ngu2fCiG8z4NpVpz6,@luxboxatl,info@luxuryboxatl.com,1759960285,,,2026-04-16,,,,,,20,⭐ TIER 2 — Strong
Atlanta Sneakers & Clothing | Shop Walter's Clothing Online,Atlanta,Georgia,USA,https://waltersclothing.com/,@waltersclothing,walters_logo_140x@2x.png,1633541555,,,2026-04-16,,,,,,20,⭐ TIER 2 — Strong
SOLE PLAY ATL – Sole Play,Atlanta,Georgia,USA,https://www.soleplayatl.com/?srsltid=AfmBOoo1DqLbTYykbHs6XPpQXrxBuv9q2UcBGrM9FM786NXqxHDrBWS_,@https,,1769452592,,,2026-04-16,,,,,,-30,❄️ TIER 4 — Cold
Shoe & Sneaker Store in Atlanta | JD Sports at Cumberland Mall,Atlanta,Georgia,USA,https://stores.jdsports.com/ga/atlanta/cumberland-mall.html,@jdsportsus,,(770) 434-0024,,,2026-04-16,,,,,,10,📋 TIER 3 — Warm
"Hype24/7: Buy, Sell, Trade Exclusive Sneaker Shop ...",Atlanta,Georgia,USA,https://hype2407.com/?srsltid=AfmBOoqwsu2TVbELES14wV8rpi4BJ_5_80hh90FDLrFYS3t5sOV7-yEd,@hype2407,20260331_182211_580x@2x.jpg,9029999862,,,2026-04-16,,,,,,20,⭐ TIER 2 — Strong
Full Circle Atlanta (@fullcircle.atl),Atlanta,Georgia,USA,https://www.instagram.com/fullcircle.atl/?hl=en,@fullcircle.ath,,1037486289,,,2026-04-16,,,,,,-30,❄️ TIER 4 — Cold
Refresh PGH ATL | Premier Sneaker/Clothing Boutique‎,Atlanta,Georgia,USA,https://refreshpgh.com/,@2x.jpg,Size10Yeezyslideonyx_1024x1024_2x_jpg_4f713d19-c789-421d-b190-802f98ec6ac8_250x250@2x.webp,1613705057,,,2026-04-16,,,,,,20,⭐ TIER 2 — Strong
🔥 New Hellstar Collection Is Here! 🔥 Level up your street ...,Chicago,Illinois,USA,https://www.instagram.com/p/DTlIYNIEwPt/,@rsrc.php,,1037486289,,,2026-04-16,,,,,,35,⭐ TIER 2 — Strong
Hellstar Star Black Hoodie,Chicago,Illinois,USA,https://thegallery630.com/products/hellstar-star-black-hoodie?srsltid=AfmBOoo88v8A6anxaDtchSLy-fMhb5YhFyiBDXvO5bwUBLt6m3b50DLj,@font,xxx@xxx.xxx,1681500872,,,2026-04-16,,,,,,45,🔥 TIER 1 — Hot
Hellstar Powered By The Star T-Shirt Black,Chicago,Illinois,USA,https://endlesssupply.com/products/hellstar-powered-by-the-star-t-shirt-black-1?srsltid=AfmBOoqvOQhHvu28fPvFQoiWS4N6oF-pI2OBunhda-Q3zwqV7lwcMKH5,@endlesssupply,,1719113949,,,2026-04-16,,,,,,35,⭐ TIER 2 — Strong
Contact Us | Customer Support & Store Location,Chicago,Illinois,USA,https://redhellstarhoodie.com/contact.html,@media,,2928242920,,,2026-04-16,,,,,,35,⭐ TIER 2 — Strong
@Hellstar @saintvanity.usa #Vale and more ...,Chicago,Illinois,USA,https://www.instagram.com/reel/DLp78mlupiM/,@Hellstar,,1037486289,,,2026-04-16,,,,,,35,⭐ TIER 2 — Strong
Hellstar,Chicago,Illinois,USA,https://shopuniquechicago.com/collections/hellstar,@uniquechicago,,1772573808,,,2026-04-16,,,,,,35,⭐ TIER 2 — Strong
Hellstar SnapBack Available in-store & online! SHOP ...,Chicago,Illinois,USA,https://www.instagram.com/p/C6hJXQ2O7M6/,@rsrc.php,,1037486289,,,2026-04-16,,,,,,35,⭐ TIER 2 — Strong
"S H O W R O O M on Instagram: ""SHOWROOM CHICAGO a ...",Chicago,Illinois,USA,https://www.instagram.com/reel/DFnmonQuonn/,@rsrc.php,,1037486289,,,2026-04-16,,,,,,-30,❄️ TIER 4 — Cold
Supreme Chicago – Gallery,Chicago,Illinois,USA,https://supreme.com/news/905/images,,,(312) 300 0562,,,2026-04-16,,,,,,15,📋 TIER 3 — Warm
NEW Supreme Hoodies In Store | Open 11AM - 7PM,Chicago,Illinois,USA,https://www.instagram.com/p/DRPtTR1ES0J/,@rsrc.php,,1037486289,,,2026-04-16,,,,,,25,⭐ TIER 2 — Strong
Supreme opens first Chicago store,Chicago,Illinois,USA,"https://us.fashionnetwork.com/news/Supreme-opens-first-chicago-store,1462304.html",,,,,,2026-04-16,,,,,,15,📋 TIER 3 — Warm
Stockists,Chicago,Illinois,USA,https://rh-ude.com/pages/stockists-1?srsltid=AfmBOoqqdLywW1WaT1gfh4B3bkiIYb1iLX-ROfm6roQe7ECHynBpmMOa,@rhude,,1613580349,,,2026-04-16,,,,,,30,⭐ TIER 2 — Strong
Rhude Tees In Stock❗️🔥 -Size S-XL Available in-store & ...,Chicago,Illinois,USA,https://www.instagram.com/p/DEnQEMWuPBS/,@rsrc.php,,1037486289,,,2026-04-16,,,,,,30,⭐ TIER 2 — Strong
RHUDE stores in Chicago,Chicago,Illinois,USA,https://www.shopenauer.com/en/brand/rhude/chicago,@shopenauer_official,,5682063865,,,2026-04-16,,,,,,30,⭐ TIER 2 — Strong
RSVP Gallery,Chicago,Illinois,USA,https://rsvpgallery.com/?srsltid=AfmBOoo64inZcdEeUhpsBXHWRtAZ7RR-bXilDZs1zdQPuVlnI0cB3urn,@rsvpgallery,,1613731237,,,2026-04-16,,,,,,-30,❄️ TIER 4 — Cold
New RHUDE tees just landed for a STEAL!‍♂️ Sizes S–XL ...,Chicago,Illinois,USA,https://www.instagram.com/reel/DTTEe_ODa-J/?hl=en,@rsrc.php,,1037486289,,,2026-04-16,,,,,,30,⭐ TIER 2 — Strong
New Rhude Tee Collection ‼️ Available In-Store & Online ...,Chicago,Illinois,USA,https://www.instagram.com/p/DPKBv-Dgcd7/,@rsrc.php,,1037486289,,,2026-04-16,,,,,,30,⭐ TIER 2 — Strong
R H U D E,Chicago,Illinois,USA,https://rh-ude.com/?srsltid=AfmBOoorKHPtA_ek_lOJW4XRFFIPeSYVbvCeXzU0WDYyQclf4Bz-z5nP,@rhude,,1613580349,,,2026-04-16,,,,,,30,⭐ TIER 2 — Strong
Shop Rhude Online,Chicago,Illinois,USA,https://www.nordstrom.com/brands/rhude--18936?srsltid=AfmBOoqn9BGHKIYzUt_tr3ssq-PKMRHVL_r3Ngf122Ah4x-aWHsWV3Ng,@4GfJ,,123456789,,,2026-04-16,,,,,,30,⭐ TIER 2 — Strong
Burdeens Chicago,Chicago,Illinois,USA,https://burdeenschicago.com/?srsltid=AfmBOope-5He8pkS_zq-pNSjcE-FWxPUPDD7s4BpXDHrevrgEc7nR0L1,@burdeenschicago,20241204_051340137_iOS_480x480@2x.jpg,1614343759,,,2026-04-16,,,,,,-20,❄️ TIER 4 — Cold
Unique Chicago,Chicago,Illinois,USA,https://shopuniquechicago.com/,@uniquechicago,shopuniquechicago@gmail.com,1772573808,,,2026-04-16,,,,,,-20,❄️ TIER 4 — Cold
Jugrnaut Clothing - Jugrnaut,Chicago,Illinois,USA,https://store.jugrnaut.com/,@jugrnaut,jugrnautchicago@gmail.com,2504202501,,,2026-04-16,,,,,,20,⭐ TIER 2 — Strong
Notre Shop,Chicago,Illinois,USA,https://www.notre-shop.com/?srsltid=AfmBOoqqn_IQUh5sVAui0JytZf2IAmt04hP3S-IHZJc0VliAEPDHk4wd,@notre_shop,,(312)-600-9757,,,2026-04-16,,,,,,-30,❄️ TIER 4 — Cold
The Shop 147 | # 1 Streetwear Clothing Store In America,Chicago,Illinois,USA,https://theshop147.com/?srsltid=AfmBOooMQX4vsNPXrf1ptgTysrCHANsgB8jAZlRxFGHcZBpynZz1pQvM,@theshop_147,Info@theshop147.com,1715094626,,,2026-04-16,,,,,,20,⭐ TIER 2 — Strong
Saint Alfred,Chicago,Illinois,USA,https://www.saintalfred.com/?srsltid=AfmBOoqNeSANhZD5TemxO7J2dEr-6tBDlXnz4H_j8ID6hpJJFcAK51Ar,@saintalfred,,1728585415,,,2026-04-16,,,,,,-30,❄️ TIER 4 — Cold
The best streetwear and vintage stores in Chicago,Chicago,Illinois,USA,https://www.timeout.com/chicago/shopping/the-best-streetwear-and-vintage-stores-in-chicago,@timeoutchicago,,1105237622,,,2026-04-16,,,,,,10,📋 TIER 3 — Warm
Exploring Chicago's Best Streetwear Brands and Stores,Chicago,Illinois,USA,https://theghettoflower.com/blog-lifestyle/exploring-chicagos-best-streetwear-brands-and-stores,@theghettoflower,user@domain.com.,1742432760,,,2026-04-16,,,,,,20,⭐ TIER 2 — Strong
"Boneyard Chicago | Sneakers, Streetwear & Vintage ...",Chicago,Illinois,USA,https://boneyardchicago.com/?srsltid=AfmBOoqd2RHqJsCTJhqXPfJ24wuQdpzwZNQglnF0ZPiJNwMKGYey_iLj,@boneyard_chicago,,1759155885,,,2026-04-16,,,,,,10,📋 TIER 3 — Warm
Eugene Chicago,Chicago,Illinois,USA,https://www.shopwatertower.com/store/eugene-chicago,@eugene.chicago,info@shopwatertower.com,1872329794,,,2026-04-16,,,,,,-20,❄️ TIER 4 — Cold
Chicago,Chicago,Illinois,USA,https://hypebeast.com/tags/chicago,@hypebeast,screenshot-adblock@2x.c415715a.png,3702846231,,,2026-04-16,,,,,,10,📋 TIER 3 — Warm
Eugene.Chicago,Chicago,Illinois,USA,https://www.instagram.com/eugene.chicago/,@eugenechicago.hipmall.,,1037486289,,,2026-04-16,,,,,,-30,❄️ TIER 4 — Cold
Urban Style Clothing Online Store - Iridium Clothing Company,Chicago,Illinois,USA,https://iridiumclothingco.com/?srsltid=AfmBOoqKuRT10VSETxoPzS1rNXcLl0gG_Fs26JYN3JGpzUXdgtrZvPiv,@iridiumclothingco,,1741614952,,,2026-04-16,,,,,,10,📋 TIER 3 — Warm
Chicago's Gold Coast District | Luxury Shopping Guide,Chicago,Illinois,USA,https://www.choosechicago.com/articles/shopping-and-fashion/luxury-shopping-in-chicagos-oak-street-district/,@ChooseChicago,,1775665937,,,2026-04-16,,,,,,10,📋 TIER 3 — Warm
Boutique Guide for Chicago-Based Designers,Chicago,Illinois,USA,https://chicagofashionweek.com/boutique-guide,@thechicagofashionweek,name@email.com,1791276955,,,2026-04-16,,,,,,20,⭐ TIER 2 — Strong
Sneaker Stores You Must Visit in Chicago - Features,Chicago,Illinois,USA,https://www.sneakerfreaker.com/features/sneaker-stores-you-must-visit-in-chicago,@sneakerfreakermag,,5181905723,,,2026-04-16,,,,,,10,📋 TIER 3 — Warm
Succezzthestore – SUCCEZZ BY B&VDOT,Chicago,Illinois,USA,https://succezzthestore.com/?srsltid=AfmBOormYODv3s4MIr7G-PHNpZ7ftDIfyZzl1k4GGymh0ro1sFVImM4f,@succezzthestore,info@succezzthestore.com,1689969331,,,2026-04-16,,,,,,-20,❄️ TIER 4 — Cold
SNEAKERVILLE 88,Chicago,Illinois,USA,https://sneakerville88.myshopify.com/,@sneakerville88,,1734985025,,,2026-04-16,,,,,,10,📋 TIER 3 — Warm
Hellstar Las Vegas 2025 convention tee,Las Vegas,Nevada,USA,https://www.instagram.com/p/DWrDGrVjdwS/,@rsrc.php,,1037486289,,,2026-04-16,,,,,,35,⭐ TIER 2 — Strong
Hell Star Tee,Las Vegas,Nevada,USA,https://www.nobleoaksapparel.com/products/hell-star-tee?srsltid=AfmBOorbRvleCETmSGwSN8iWVJE5SscT8IMEkfSETYiMO0L5ifjEiBjY,@nobleoaksapparel,,1727744244,,,2026-04-16,,,,,,10,📋 TIER 3 — Warm
Hellstar Black Las Vegas Long Sleeve ComplexCon ...,Las Vegas,Nevada,USA,https://solesdistrict.com/products/hellstar-black-las-vegas-long-sleeve-complexcon-exclusive?srsltid=AfmBOoq0FjSCJ0Jbd549e5hhTxJ9NBZwuTC_62UDUGswofAqZUSdz2ZE,@soles.district,info@solesdistrict.com,1691506684,,,2026-04-16,,,,,,45,🔥 TIER 1 — Hot
HELLSTAR Powered By The Star Tee - Black Cotton Shirt,Las Vegas,Nevada,USA,https://freshsociety.co/products/hellstar-star-tee-black,@freshsocietyco,,7609886146,,,2026-04-16,,,,,,35,⭐ TIER 2 — Strong
XS $250 Hellstar Cartoon Savior White Tshirt,Las Vegas,Nevada,USA,https://www.instagram.com/p/DSDiZa6kpXA/,@rsrc.php,,1037486289,,,2026-04-16,,,,,,35,⭐ TIER 2 — Strong
"Shop Authentic Hellstar Clothing - Hoodies, Shirts & More",Las Vegas,Nevada,USA,https://restockar.com/collections/hellstar?srsltid=AfmBOoqAbyTemDSvvcQbjv9zNfe8aRSI85pEmsWdJRzo3KYxmwCfxOiU,@restock,splide-extension-auto-scroll@0.5.3,1694813899,,,2026-04-16,,,,,,35,⭐ TIER 2 — Strong
Hellstar Las Vegas Store Opening,Las Vegas,Nevada,USA,https://www.instagram.com/popular/hellstar-las-vegas-store-opening/,@rsrc.php,,1037486289,,,2026-04-16,,,,,,35,⭐ TIER 2 — Strong
Hellstar Black Rage Tee - Las Vegas,Las Vegas,Nevada,USA,https://onthearm.lv/products/hellstar-black-rage-tee?srsltid=AfmBOoo838nkB2AHmRLJrvRe52QzBxHRqSzVxMLA53-vbOY_nzmP0UPZ,@onthearm.lv,hellstar-records-tee-BACK_1024x1024@2x.jpg,1613518489,,,2026-04-16,,,,,,45,🔥 TIER 1 — Hot
SUPREME,Las Vegas,Nevada,USA,https://www.royalonelv.com/collections/supreme,@RoyalOneLV.,download_c7b3b0c6-a0b1-4299-b6ec-17f4a5598260_345x345@2x.jpg,1583704819,,,2026-04-16,,,,,,35,⭐ TIER 2 — Strong
SUPREME stores in Las Vegas,Las Vegas,Nevada,USA,https://www.shopenauer.com/en/brand/supreme/las-vegas,@supremenewyork,,5682063865,,,2026-04-16,,,,,,25,⭐ TIER 2 — Strong
Stockists,Las Vegas,Nevada,USA,https://rh-ude.com/pages/stockists-1?srsltid=AfmBOopGsnJ3WdDRHGPFfy_0PrjavxBTG9kRYiVDYpCVSm5ah_vdSv8b,@rhude,,1613580349,,,2026-04-16,,,,,,30,⭐ TIER 2 — Strong
7pm Store Hours Las Vegas Everyday 10am - 8pm #rhude ...,Las Vegas,Nevada,USA,https://www.instagram.com/p/DNBZT42ps4n/,@rsrc.php,,1037486289,,,2026-04-16,,,,,,30,⭐ TIER 2 — Strong
RHUDE stores in Las Vegas,Las Vegas,Nevada,USA,https://www.shopenauer.com/en/brand/rhude/las-vegas,@shopenauer_official,,5682063865,,,2026-04-16,,,,,,30,⭐ TIER 2 — Strong
The Webster in Las Vegas,Las Vegas,Nevada,USA,https://thewebster.com/shop/las-vegas?srsltid=AfmBOoodDEWko6_lidU-hSeyb43M85GdGukjZRvZ3gQVWNW6tBnW1AOn,@thewebster,,1771410634,,,2026-04-16,,,,,,-30,❄️ TIER 4 — Cold
Store Locations - Wynn,Las Vegas,Nevada,USA,https://feature.com/pages/store-locations-wynn?srsltid=AfmBOooQPD90BbsPo2ARCatm4mVCI1nesWxnvNbDwsWa263QbdxLfild,@feature,icon-klarna@2x.static.png,1554395407,,,2026-04-16,,,,,,-20,❄️ TIER 4 — Cold
@loudeezi9 pulled up to our Las Vegas location & cashed out ...,Las Vegas,Nevada,USA,https://www.instagram.com/centralkicksca/reel/DK4_xEiv-28/,@centralkicksvegassouth,,1037486289,,,2026-04-16,,,,,,10,📋 TIER 3 — Warm
Rhude,Las Vegas,Nevada,USA,https://www.exclusivefashion.vip/product-page/rhude,@exclusive_fashion_boutique__,core-js-bundle@3.2.1,2545352419,,,2026-04-16,,,,,,30,⭐ TIER 2 — Strong
R H U D E,Las Vegas,Nevada,USA,https://rh-ude.com/?srsltid=AfmBOoocAtnVQHgFteUpti67xn4AGyq3bJGNr11OiAive-_byBKxsxKu,@rhude,,1613580349,,,2026-04-16,,,,,,30,⭐ TIER 2 — Strong
Shop Rhude Online,Las Vegas,Nevada,USA,https://www.nordstrom.com/brands/rhude--18936?srsltid=AfmBOopJUGMQpDbS34ceVb-BBDbGW_z1lXWmkJbpF9kGRScF2HnI-b0l,@4GfJ,,123456789,,,2026-04-16,,,,,,30,⭐ TIER 2 — Strong
Como 1907 Launches RHUDE 4 FANS (R4F) Creating a ...,Las Vegas,Nevada,USA,https://lasvegassun.com/news/2026/apr/16/como-1907-launches-rhude-4-fans-r4f-creating-a-sca/,@LasVegasSun,,1129513087,,,2026-04-16,,,,,,30,⭐ TIER 2 — Strong
Rhude | Exclusive Fashion Boutique,Las Vegas,Nevada,USA,https://www.exclusivefashion.vip/category/rhude,@exclusive_fashion_boutique__,core-js-bundle@3.2.1,2545352419,,,2026-04-16,,,,,,30,⭐ TIER 2 — Strong
"Drip Godz on Instagram: ""Drip Godz Open Daily from 12-8PM ...",Las Vegas,Nevada,USA,https://www.instagram.com/reel/DAPXLv0yDaa/,@rsrc.php,,1037486289,,,2026-04-16,,,,,,-30,❄️ TIER 4 — Cold
On The Arm,Las Vegas,Nevada,USA,https://onthearm.lv/?srsltid=AfmBOorcCi-nQtlJtlY-OKRMMDfGYScsMl14xv1Ai25xzMWsini_Q7Yu,@onthearm.lv,,1613518489,,,2026-04-16,,,,,,-30,❄️ TIER 4 — Cold
Las Vegas United States | Culture Kings US,Las Vegas,Nevada,USA,https://www.culturekings.com/pages/las-vegas-united-states?srsltid=AfmBOooMN0tUHD321PdHht97G5zOwmVnVxNAzdqK8qZ5S1dgJcU7Pq5y,@culturekings.usa,test@test.com,1759860680,,,2026-04-16,,,,,,-20,❄️ TIER 4 — Cold
"Feature: Sneaker Culture, Designer Apparel + Lifestyle",Las Vegas,Nevada,USA,https://feature.com/?srsltid=AfmBOoq5K4p2dSzqg-c7AZ_8_Em_EVx0D6qXjHRHSIafuwoLmELGslOK,@feature,icon-klarna@2x.static.png,1554395407,,,2026-04-16,,,,,,20,⭐ TIER 2 — Strong
The Hause Collective Las Vegas (@thehausecollectivelv),Las Vegas,Nevada,USA,https://www.instagram.com/thehausecollectivelv/,@thehausecollectivelv,,1037486289,,,2026-04-16,,,,,,-30,❄️ TIER 4 — Cold
Exclusive Fashion Boutique | luxury streetwear boutique ...,Las Vegas,Nevada,USA,https://www.exclusivefashion.vip/,@exclusive_fashion_boutique__,react@18.3.1,2545352419,,,2026-04-16,,,,,,10,📋 TIER 3 — Warm
Bring It Back LLC,Las Vegas,Nevada,USA,https://www.bringitbackworldwide.com/,@bringitbackworldwide.com.,admin@bringitbackworldwide.com,2504202501,,,2026-04-16,,,,,,-20,❄️ TIER 4 — Cold
"Las Vegas Rave Shop | Streetwear, Festival Gear & Exotic ...",Las Vegas,Nevada,USA,https://thedroplv.com/?srsltid=AfmBOooasGd290rtSKpZwBWyI_AOWD70NPFXQ8hMEY3joNtOaA7uGASo,,,,,,2026-04-16,,,,,,0,❄️ TIER 4 — Cold
– Urban Necessities,Las Vegas,Nevada,USA,https://urbannecessities.com/,@urban_necessities,,1661223891,,,2026-04-16,,,,,,-30,❄️ TIER 4 — Cold
Fresh Society Las Vegas (@freshsocietylv),Las Vegas,Nevada,USA,https://www.instagram.com/freshsocietylv/,@freshsocietyco,,1037486289,,,2026-04-16,,,,,,-30,❄️ TIER 4 — Cold
Royal One LV,Las Vegas,Nevada,USA,https://www.royalonelv.com/,@2x.png,download_105x@2x.png,1787570376,,,2026-04-16,,,,,,-20,❄️ TIER 4 — Cold
Las Vegas,Las Vegas,Nevada,USA,https://hypebeast.com/tags/las-vegas,@hypebeast,screenshot-adblock@2x.c415715a.png,3702846231,,,2026-04-16,,,,,,10,📋 TIER 3 — Warm
"Shop Streetwear Clothing, Sneakers, Jerseys and Hats ...",Las Vegas,Nevada,USA,https://www.culturekings.com/?srsltid=AfmBOopVq-u02AaZ2dCFcRqDcXxa-Gk4pZgaAHTTb_SOzpFWf7FX1qom,@culturekings.usa,test@test.com,1775758390,,,2026-04-16,,,,,,20,⭐ TIER 2 — Strong
CRSVR - Las Vegas,Las Vegas,Nevada,USA,https://crsvr.com/?srsltid=AfmBOopauxUHFDRBYe_Q5C6AHcHN8r3dD8NFyMTR4GsLmnX7T-iaOcvB,@crsvr,rob.gillman@crispconsult.com,1348689592,,,2026-04-16,,,,,,-20,❄️ TIER 4 — Cold
Las Vegas Sneaker Stores - SneakerNews.com,Las Vegas,Nevada,USA,https://sneakernews.com/sneaker-shopping-guide/las-vegas-sneaker-stores/,,,,,,2026-04-16,,,,,,0,❄️ TIER 4 — Cold
Hellstar,Seattle,Washington,USA,https://www.soleseattle.com/brands/hellstar/,@soleseattle,,2024073017,,,2026-04-16,,,,,,35,⭐ TIER 2 — Strong
Hearth,Seattle,Washington,USA,https://www.seattlesouthside.com/directory/hearth/,@seattlesouthside,info@seattlesouthside.com,1774450725,,,2026-04-16,,,,,,-20,❄️ TIER 4 — Cold
Rush Hour – Rush Hour,Seattle,Washington,USA,https://rushhour206.com/?srsltid=AfmBOopUywzQl_ytLSuvVR-iuO9FQbjpsL67Cihw10mQBHK7i5hTAQXO,@rush_hour206.,,1726257724,,,2026-04-16,,,,,,-30,❄️ TIER 4 — Cold
Ablaj,Seattle,Washington,USA,https://ablaj.com/,@gmail.com.,ablajnw@gmail.com,1736312362,,,2026-04-16,,,,,,-20,❄️ TIER 4 — Cold
"Hellstar Collection: Exclusive Apparel, Graphic Tees & ...",Seattle,Washington,USA,https://wycovintagebroadway.com/collections/hellstar?srsltid=AfmBOor5sis3TDTjoddi_bEkil6pHwdNcOIR-s5HXA7vhFhnfPe2kb7p,@WyCoBroadway,,1679016109,,,2026-04-16,,,,,,35,⭐ TIER 2 — Strong
"Toure Apparel 9000 B Rainier Ave south seattle,wa 98118 ...",Seattle,Washington,USA,https://toureapparel.square.site/,@media,13e49d785d8d4f828038b6136f3b48ba@sentry.io,9829539066,,,2026-04-16,,,,,,20,⭐ TIER 2 — Strong
HELLSTAR RECORDS TEE S-XL Available now in Victory ...,Seattle,Washington,USA,https://www.instagram.com/p/Cu7AkJ8L6py/,@rsrc.php,,1037486289,,,2026-04-16,,,,,,35,⭐ TIER 2 — Strong
Hellstar Flame Purple Brown Shorts,Seattle,Washington,USA,https://modells.com/products/hellstar-flame-shorts-purple-brown?srsltid=AfmBOopklBJdLHMj71xISWGSC7LsuWLacYg_JYyWM1dbRUeR-xBmndW8,@modells,hello@modells.com,1761829112,,,2026-04-16,,,,,,45,🔥 TIER 1 — Hot
Hellstar - Motion.,Seattle,Washington,USA,https://motion-shop.com/collections/hellstar?srsltid=AfmBOoo0NpFrM4GuEspAfDvoob5EGsM2z5og4RYGFE1z3vblt6eFnM2T,@motion__shop,,1158951114,,,2026-04-16,,,,,,35,⭐ TIER 2 — Strong
"Seattle, get ready for the Hellstar Retail Drop at Sneaker ...",Seattle,Washington,USA,https://www.instagram.com/p/C3tF2eTyOZm/,@rsrc.php,,1037486289,,,2026-04-16,,,,,,35,⭐ TIER 2 — Strong
Sadō Room,Seattle,Washington,USA,https://sadoroom.com/,@media,,1441184376,,,2026-04-16,,,,,,-30,❄️ TIER 4 — Cold
"Hellstar Classic Tee Green Size Large, DS BRAND NEW",Seattle,Washington,USA,https://www.soleseattle.com/hellstar-classic-tee-green-size-large-ds-brand-new.html,@soleseattle,,2024073017,,,2026-04-16,,,,,,35,⭐ TIER 2 — Strong
ARCH RIVALS STUDIOS 🏴 (@archrivalsstudios),Seattle,Washington,USA,https://www.instagram.com/archrivalsstudios/,@archrivalsstudios,,1037486289,,,2026-04-16,,,,,,-30,❄️ TIER 4 — Cold
Shop Hellstar clothing,Seattle,Washington,USA,https://www.theatticstreetwear.com/collections/hellstar?srsltid=AfmBOorG8sy8I1LspuZ7EMNyf74rWf4BQNFMIcsRwtgEilHXUqRGRrem,@theatticstreetwear,info@stagheaddesigns.com,4690952252,,,2026-04-16,,,,,,45,🔥 TIER 1 — Hot
Supreme,Seattle,Washington,USA,https://supreme-bar.square.site/,@supreme.bar,13e49d785d8d4f828038b6136f3b48ba@sentry.io,3586249199,,,2026-04-16,,,,,,35,⭐ TIER 2 — Strong
Clothing,Seattle,Washington,USA,https://www.soleseattle.com/clothing/,@soleseattle,,2024073017,,,2026-04-16,,,,,,10,📋 TIER 3 — Warm
Urbanity Shop: Urbanity Streetwear,Seattle,Washington,USA,https://urbanityshop.com/?srsltid=AfmBOooxiOpTq8oh5cv4-6iKVp45TWhONrKPmmuKlhLOqxzhY_rT2_lx,@font,info@urbanityshop.com,1739904111,,,2026-04-16,,,,,,20,⭐ TIER 2 — Strong
Stockists,Seattle,Washington,USA,https://rh-ude.com/pages/stockists-1?srsltid=AfmBOoqliTeUByl4UuoA7FwI5NFOQJvrzUyJ9pyGtEweh3ime56Oehnc,@rhude,,1613580349,,,2026-04-16,,,,,,30,⭐ TIER 2 — Strong
Shop Rhude Online,Seattle,Washington,USA,https://www.nordstrom.com/brands/rhude--18936?srsltid=AfmBOoqHQowE4RLSMHgk8T3sTLUL8gL1nfhnYpIBcKLB6MK9qjL41n3e,@4GfJ,,123456789,,,2026-04-16,,,,,,30,⭐ TIER 2 — Strong
R H U D E,Seattle,Washington,USA,https://rh-ude.com/?srsltid=AfmBOoqFWpdVPmIiM0ukJbrEZk1rIY4T6NeXol0Ib24m4NW0nBmJ18g-,@rhude,,1613580349,,,2026-04-16,,,,,,30,⭐ TIER 2 — Strong
Capitol Hill - Seattle,Seattle,Washington,USA,https://www.buckmason.com/pages/buck-mason-seattle-capitol-hill?srsltid=AfmBOopddMG1GZjjynAMMXLYb6z9Pk4bGg6V2RLM6RqAYl6youxSVxs_,@buckmason.com.,help@buckmason.com,1689203091,,,2026-04-16,,,,,,-20,❄️ TIER 4 — Cold
Rhude for Men,Seattle,Washington,USA,https://www.mrporter.com/en-us/mens/designer/rhude,,,,,,2026-04-16,,,,,,20,⭐ TIER 2 — Strong
Hearth | Westfield Southcenter,Seattle,Washington,USA,https://www.westfield.com/en/united-states/southcenter/retailers/hearth/81633,@westfieldsouthcenter,,2059201764,,,2026-04-16,,,,,,-30,❄️ TIER 4 — Cold
Hearth.SEA,Seattle,Washington,USA,https://www.instagram.com/hearth.sea/,@beastmode,,1037486289,,,2026-04-16,,,,,,-30,❄️ TIER 4 — Cold
RHUDE stores in province province not found,Seattle,Washington,USA,https://www.shopenauer.com/en/brand/rhude/province/province-not-found,@shopenauer_official,,5682063865,,,2026-04-16,,,,,,30,⭐ TIER 2 — Strong
A Seattle Shop – Glasswing,Seattle,Washington,USA,https://glasswingshop.com/?srsltid=AfmBOoqCYy8C-8j0FK278M6o95AwIS4M3RsdmCzzcJEwlEOpqRyxQZxn,@glasswingshop,u003ehello@glasswingshop.com,1701725157,,,2026-04-16,,,,,,-20,❄️ TIER 4 — Cold
"SoleSeattle | Lynnwood, WA | Shop Sneakers & Streetwear ...",Seattle,Washington,USA,https://www.soleseattle.com/,@soleseattle,,2024073017,,,2026-04-16,,,,,,10,📋 TIER 3 — Warm
LIKELIHOOD. Hello Gorgeous is the standard. Sneakers are ...,Seattle,Washington,USA,https://likelihood.us/?srsltid=AfmBOoo7n6448ps5yvo5QTL_sVhzUisLIs37ddERJ6FFW9p4U3ZewS7n,@lklihood,customercare@likelihood.us,1771529931,,,2026-04-16,,,,,,20,⭐ TIER 2 — Strong
Get the LA Streetwear Look at These 6 Seattle Stores,Seattle,Washington,USA,https://www.seattlemet.com/style-and-shopping/2017/05/get-the-la-streetwear-look-at-these-6-seattle-stores,@seattlemet,,9184417761,,,2026-04-16,,,,,,10,📋 TIER 3 — Warm
Seattle,Seattle,Washington,USA,https://hypebeast.com/tags/seattle,@hypebeast,screenshot-adblock@2x.c415715a.png,3702846231,,,2026-04-16,,,,,,10,📋 TIER 3 — Warm
LIKELIHOOD Seattle Second Store Opening Info,Seattle,Washington,USA,https://hypebeast.com/2022/10/likelihood-seattle-second-store-opening-info,,,,,,2026-04-16,,,,,,0,❄️ TIER 4 — Cold
Zebraclub – ZEBRACLUB,Seattle,Washington,USA,https://zebraclub.com/?srsltid=AfmBOorSwYEQ5uZ6yekdgIn4z68uzDYycG58xEDbUc3kZtKhZk1MdgwJ,@zebraclub.com.,downtown@zebraclub.com,5825154475,,,2026-04-16,,,,,,-20,❄️ TIER 4 — Cold
Mediums Collective | 705 E Pike St – M E D I U M S,Seattle,Washington,USA,https://mediumscollective.com/?srsltid=AfmBOoqNxB0cc6DtIudB2i9DzhPd3-eQNCyCHKVfhxKsBNe-bpPudGsN,@mediumscollective,connect@mediumscollective.com,1613673254,,,2026-04-16,,,,,,-20,❄️ TIER 4 — Cold
"GUEEDON Luxury Streetwear Seattle, WA USA Since ...",Seattle,Washington,USA,https://www.instagram.com/reel/DWh4PkJEV0G/,@rsrc.php,,1037486289,,,2026-04-16,,,,,,10,📋 TIER 3 — Warm
HOMETEAM SEATTLE | Seattle's Premier Sneaker Shop,Seattle,Washington,USA,https://www.hometeamsea.com/,@h.o.m.e.t.e.a.m,,1311395097,,,2026-04-16,,,,,,10,📋 TIER 3 — Warm
Sneak City,Seattle,Washington,USA,https://thesneakcity.com/,@context,,1649801541,,,2026-04-16,,,,,,-30,❄️ TIER 4 — Cold
Seattle Sneaker Stores - SneakerNews.com,Seattle,Washington,USA,https://sneakernews.com/sneaker-shopping-guide/seattle-sneaker-stores/,,,,,,2026-04-16,,,,,,0,❄️ TIER 4 — Cold
Shoe & Sneaker Store in Seattle | JD Sports at Southcenter Mall,Seattle,Washington,USA,https://stores.jdsports.com/wa/seattle/southcenter-mall.html,@jdsportsus,,(206) 431-5510,,,2026-04-16,,,,,,10,📋 TIER 3 — Warm
Seattle Sneaker City (@seattlesneakercity),Seattle,Washington,USA,https://www.instagram.com/seattlesneakercity/,@seattlesneakercity,,1037486289,,,2026-04-16,,,,,,10,📋 TIER 3 — Warm
Hellstar,Oklahoma City,Oklahoma,USA,https://legalastore.com/collections/hellstar?srsltid=AfmBOormUzeYZHgsLYYiJZavgStGrFP3nphvrafQHum1rOG6TITy-UDh,@legalastoreokc,,1699931254,,,2026-04-16,,,,,,35,⭐ TIER 2 — Strong
Exclusive Sneakers & Streetwear at Le Gala – Le Gala,Oklahoma City,Oklahoma,USA,https://legalastore.com/?srsltid=AfmBOooHasFfWN2s2hEVjNvMKg_op9jV_ncHxp19Q2c_rf3xTQg0qyTC,@legalastoreokc,,1773953626,,,2026-04-16,,,,,,10,📋 TIER 3 — Warm
Hellstar Streetwear | Shop the Collection,Oklahoma City,Oklahoma,USA,https://capsule.nyc/collections/hellstar?srsltid=AfmBOorXsTzKnnhX-YLXnC6yIsNfZPUbghsBHZ6xhL9ZdzDVR1ksPjhL,@capsule_nyc,icon-klarna@2x.static.png,4380278799,,,2026-04-16,,,,,,45,🔥 TIER 1 — Hot
"Clothing Stores in Oklahoma City, OK",Oklahoma City,Oklahoma,USA,https://local.yahoo.com/retail-shopping/clothing-stores/ok/oklahoma-city/93/,@yahoo,pam@goldstarok.com,155-9803257,,,2026-04-16,,,,,,20,⭐ TIER 2 — Strong
All Inventory | Supreme Trailer Sales | Thomas Oklahoma,Oklahoma City,Oklahoma,USA,https://www.supremetrailersales.com/--inventory?make=eby&pg=1&subcategory=flatbed,@supremetrailersales_,mcclainadam@hotmail.com,866.259.0026,,,2026-04-16,,,,,,35,⭐ TIER 2 — Strong
Supreme,Oklahoma City,Oklahoma,USA,https://legalastore.com/collections/supreme?srsltid=AfmBOopcS1XjBZy9PMs_LcrS8FIgqAVyCaBrWvMQkXX4UXmIOmEdY_tX,@legalastoreokc,,1681774333,,,2026-04-16,,,,,,25,⭐ TIER 2 — Strong
OKC. . Supreme “Announcing” Tee Brand New Size: X- ...,Oklahoma City,Oklahoma,USA,https://www.instagram.com/p/DHRcgpXIS7V/,@ShopKicklahoma,,1037486289,,,2026-04-16,,,,,,25,⭐ TIER 2 — Strong
"SUPREME AUTO BODY SHOP, OKLAHOMA CITY, OK",Oklahoma City,Oklahoma,USA,https://sportsbarfinder.com/details/supreme-auto-body-shop-oklahoma-city-ok,@media,Group711@2x.png,1726725798,,,2026-04-16,,,,,,35,⭐ TIER 2 — Strong
Stockists,Oklahoma City,Oklahoma,USA,https://rh-ude.com/pages/stockists-1?srsltid=AfmBOoqu2rxA7t-ys8vEGsmOEpxpozZvvBYAYV7EozrsqjAuU2JExBbN,@rhude,,1613580349,,,2026-04-16,,,,,,30,⭐ TIER 2 — Strong
Rhude,Oklahoma City,Oklahoma,USA,https://thewebster.com/shop/designers/rhude.html?srsltid=AfmBOoqQ_NYkwJ2qE4Gr5kz3QaiXSBhbQ7QgiP7Pj9Y_TvjqavJnOMnp,@thewebster,,2147483647,,,2026-04-16,,,,,,30,⭐ TIER 2 — Strong
R H U D E,Oklahoma City,Oklahoma,USA,https://rh-ude.com/?srsltid=AfmBOooFCsfrIrIOameiUIXUiHT2tcGTZKIo43NyzgFwzyki6uHdKQ35,@rhude,,1613580349,,,2026-04-16,,,,,,30,⭐ TIER 2 — Strong
Rhude - Monnier Paris,Oklahoma City,Oklahoma,USA,https://www.monnierparis.com/collections/rhude,@monnier.paris,P26_ACCESS_CARRY_OVER_3_16x9_e22ce252-c6ff-490e-b831-a0b4dc786dff_370x230@2x.jpg,917-722-6038,,,2026-04-16,,,,,,40,🔥 TIER 1 — Hot
Rhude Oklahoma Hoodie - Black,Oklahoma City,Oklahoma,USA,https://kith.com/products/rhu07ms20041-blk?srsltid=AfmBOop1pgOyDu0PAVPZjQrzoPFRfmCk94UsGaqszFfP_u46EyX8Wh8e,@kith,,200.0310135,,,2026-04-16,,,,,,30,⭐ TIER 2 — Strong
Shop Rhude Online,Oklahoma City,Oklahoma,USA,https://www.nordstrom.com/brands/rhude--18936?srsltid=AfmBOop2H-QPOmRIz8OIXu0ErqhsVZvwnhhRv7iuP8VfwPKC2iFzV8s6,@4GfJ,,123456789,,,2026-04-16,,,,,,30,⭐ TIER 2 — Strong
In-store and always online #1032space,Oklahoma City,Oklahoma,USA,https://www.instagram.com/p/CNavGFDhOCH/,@shoeslavender.,,1037486289,,,2026-04-16,,,,,,-30,❄️ TIER 4 — Cold
GRINMORE – Fashion Apparel & Streetwear Style Boutique,Oklahoma City,Oklahoma,USA,https://www.grinmorestore.com/,@grinmorestore,xxx@xxx.xxx,1395917692,,,2026-04-16,,,,,,20,⭐ TIER 2 — Strong
Embassykicks – EmbassyKicks,Oklahoma City,Oklahoma,USA,https://embassykicks.com/,@font,,1660794627,,,2026-04-16,,,,,,10,📋 TIER 3 — Warm
OKC Things To Do 📍 | If you're looking for a sneaker store ...,Oklahoma City,Oklahoma,USA,https://www.instagram.com/reel/DHLzYeLOeFC/,@rsrc.php,,1037486289,,,2026-04-16,,,,,,10,📋 TIER 3 — Warm
10th St Sneaks,Oklahoma City,Oklahoma,USA,https://10thstsneaks.biz/,,,,,,2026-04-16,,,,,,-40,❄️ TIER 4 — Cold
"Streetwear in OKC | Top Fashion Brands, Shops, and Outfits",Oklahoma City,Oklahoma,USA,https://www.visitokc.com/blog/all-posts/post/streetwear-in-okc/,@visitokc,contact@visitokc.com,9999999999,,,2026-04-16,,,,,,20,⭐ TIER 2 — Strong
"NASH Fashion LLC (@_nashfash_) · Oklahoma City, OK",Oklahoma City,Oklahoma,USA,https://www.instagram.com/_nashfash_/,@_nashfash_,,1037486289,,,2026-04-16,,,,,,10,📋 TIER 3 — Warm
WORLDS BEST VINTAGE OU OSU OKIE AND THUNDER ...,Oklahoma City,Oklahoma,USA,https://opolisclothing.com/?srsltid=AfmBOooeOFGIWzntRZhQNCXmUUh_pAb7i0bsHfwO_LXWXYI4tfp2qZ_d,@opolisclothing,,9681747299,,,2026-04-16,,,,,,10,📋 TIER 3 — Warm
BERKS.VINTAGE & STREETWEAR – Edmond.steals,Oklahoma City,Oklahoma,USA,https://www.berksvintage.com/,@font,-Berksvtg@gmail.com,2618402247,,,2026-04-16,,,,,,20,⭐ TIER 2 — Strong
GRINMORE Brings Streetwear to Plaza District,Oklahoma City,Oklahoma,USA,https://www.405magazine.com/grinmore-brings-streetwear-to-plaza-district/,@405mag,mailtojarred@405magazine.com,1623347750,,,2026-04-16,,,,,,20,⭐ TIER 2 — Strong
Le Gala Oklahoma City (@legalastoreokc),Oklahoma City,Oklahoma,USA,https://www.instagram.com/legalastoreokc/,@legalastoreokc,,1037486289,,,2026-04-16,,,,,,-30,❄️ TIER 4 — Cold
Shoe & Sneaker Store in Oklahoma City | JD Sports at Penn ...,Oklahoma City,Oklahoma,USA,https://stores.jdsports.com/ok/oklahomacity/penn-square.html,@jdsportsus,,(405) 879-2331,,,2026-04-16,,,,,,10,📋 TIER 3 — Warm
"Le Gala | Oklahoma City, OK",Oklahoma City,Oklahoma,USA,https://www.visitokc.com/listing/le-gala/2619/,@visitokc,contact@visitokc.com,9999999999,,,2026-04-16,,,,,,-20,❄️ TIER 4 — Cold
Betsy King Shoes - A Shoe Boutique - Betsy King Shoes,Oklahoma City,Oklahoma,USA,https://www.betsykingshoes.com/,@betsykingshoes,,2020051417,,,2026-04-16,,,,,,10,📋 TIER 3 — Warm
Berks vintage & streetwear OKC ( ...,Oklahoma City,Oklahoma,USA,https://www.instagram.com/berks.vintage/,@rsrc.php,,1037486289,,,2026-04-16,,,,,,10,📋 TIER 3 — Warm
Berks Vintage & Streetwear - Oklahoma City,Oklahoma City,Oklahoma,USA,https://downtownokc.com/directory/berks-vintage-streetwear/,@berks.vintage,info@downtownokc.com,2739178840,,,2026-04-16,,,,,,20,⭐ TIER 2 — Strong
Opolis Clothing,Oklahoma City,Oklahoma,USA,https://opolisclothing.com/?srsltid=AfmBOoqaojIfPQxvAvY-l6hjlLcH-HvNc4qXykUt6H1NZfGQxbW3Hhlz,@opolisclothing,,9681747299,,,2026-04-16,,,,,,10,📋 TIER 3 — Warm
Woodland Hills Mall,Tulsa,Oklahoma,USA,https://www.hollisterco.com/shop/us/clothing-stores/US/Tulsa/OK/31415,,,,,,2026-04-16,,,,,,0,❄️ TIER 4 — Cold
Hollister Co. at Woodland Hills Mall - Tulsa - Simon,Tulsa,Oklahoma,USA,https://www.simon.com/mall/woodland-hills-mall/stores/hollister-co,@hollister,,1766078725,,,2026-04-16,,,,,,-30,❄️ TIER 4 — Cold
went down to the farmers market this morning and this store ...,Tulsa,Oklahoma,USA,https://www.instagram.com/reel/DWuGmsdEkeK/,@rsrc.php,,1037486289,,,2026-04-16,,,,,,-30,❄️ TIER 4 — Cold
HELLSTAR INNER PEACE SHIRT (BRAND NEW),Tulsa,Oklahoma,USA,https://a-list-tulsa.com/products/hellstar-inner-peace-shirt-brand-new?srsltid=AfmBOooghzsMeZ1zDsbqeO6ZOwGDKkXMd5zG1JJfonRAQLiLItEBZ-q7,@font,,1722299705,,,2026-04-16,,,,,,35,⭐ TIER 2 — Strong
Hellstar Clothing | Tees Hoodies Long Sleeves,Tulsa,Oklahoma,USA,https://www.stadiumgoods.com/collections/hellstar?srsltid=AfmBOormpwK1uacRk9jkWBwf-dIJRzZE2J2TEvLZFgnLEVxm9e_A2v7d,@stadiumgoods,hello@shopmail.stadiumgoods.com,8070339516,,,2026-04-16,,,,,,45,🔥 TIER 1 — Hot
Shop Hellstar clothing,Tulsa,Oklahoma,USA,https://www.theatticstreetwear.com/collections/hellstar?srsltid=AfmBOoohlS4oyB82BuWmMA_Cfdc3870O_0TdV77LSb8Z4nw34jq4iviy,@theatticstreetwear,info@stagheaddesigns.com,4690952252,,,2026-04-16,,,,,,45,🔥 TIER 1 — Hot
Ten Toes Tulsa at Woodland Hills Mall,Tulsa,Oklahoma,USA,https://www.simon.com/mall/woodland-hills-mall/stores/ten-toes-tulsa,@tentoestulsa,,1766078725,,,2026-04-16,,,,,,-30,❄️ TIER 4 — Cold
Ten Toes Tulsa (@tentoestulsa),Tulsa,Oklahoma,USA,https://www.instagram.com/tentoestulsa/?hl=en,@tentoestulsa,,1037486289,,,2026-04-16,,,,,,-30,❄️ TIER 4 — Cold
Supreme Printing,Tulsa,Oklahoma,USA,https://supremeprintings.com/,@supremeprintingofficial,Supremeprintingtulsa@gmail.com,7595128550,,,2026-04-16,,,,,,35,⭐ TIER 2 — Strong
Silhouette Sneakers & Art,Tulsa,Oklahoma,USA,https://www.silhouettetulsa.com/,@silhouettetulsa,Help@SilhouetteTulsa.com,1686941681,,,2026-04-16,,,,,,20,⭐ TIER 2 — Strong
Shop Streetwear,Tulsa,Oklahoma,USA,https://www.rackstulsa.com/shop/shop-streetwear/LRWRP65TICPJL7VVT62XDN3O,@media,13e49d785d8d4f828038b6136f3b48ba@sentry.io,9841457916,,,2026-04-16,,,,,,20,⭐ TIER 2 — Strong
"Ten Toes Tulsa on Instagram: ""Shop Tulsa's largest selection ...",Tulsa,Oklahoma,USA,https://www.instagram.com/reel/DJkOALtvAb-/,@rsrc.php,,1037486289,,,2026-04-16,,,,,,-30,❄️ TIER 4 — Cold
Stockists,Tulsa,Oklahoma,USA,https://rh-ude.com/pages/stockists-1?srsltid=AfmBOopGX3s0db_HeN3151c1QWj6EwtImNjq-osmaAMDSdcxd8U2HKqc,@rhude,,1613580349,,,2026-04-16,,,,,,30,⭐ TIER 2 — Strong
R H U D E,Tulsa,Oklahoma,USA,https://rh-ude.com/?srsltid=AfmBOopzfskFFGqG3WWWOzJicI152tTXwvrtNDUFRh7A69skR7gbymtP,@rhude,,1613580349,,,2026-04-16,,,,,,30,⭐ TIER 2 — Strong
Shop Rhude Online,Tulsa,Oklahoma,USA,https://www.nordstrom.com/brands/rhude--18936?srsltid=AfmBOorC50Hxd0HVbTc0yolqncHrZCFo1kS5HPdX9DxXjM0HRfXpmaKr,@4GfJ,,123456789,,,2026-04-16,,,,,,30,⭐ TIER 2 — Strong
Rally House Tulsa Hills | Oklahoma Sooners & OSU Store,Tulsa,Oklahoma,USA,https://www.rallyhouse.com/stores/tulsa/7422-s-olympia-ave?srsltid=AfmBOorGIDmfABvxFmAbWIbJGXKhyU314NujP1WucA6fy-23Y68np3ZK,@rally_house,TulsaHills@rallyhouse.com,1774452326,,,2026-04-16,,,,,,-20,❄️ TIER 4 — Cold
In Back Row's latest installment of Retail Confessions ...,Tulsa,Oklahoma,USA,https://www.instagram.com/p/DRScPMHEfIf/,@rsrc.php,,1037486289,,,2026-04-16,,,,,,-30,❄️ TIER 4 — Cold
Rally House Tulsa Outlets | Sooners & OSU Cowboys Shop,Tulsa,Oklahoma,USA,https://www.rallyhouse.com/stores/jenks/801-east-outlet-drive?srsltid=AfmBOopd2VffUBLwKcrak0ScW3ER-C3tHBl-ActuEPCwhkvr4Fcu2Ty6,@rally_house,rallytulsapremium@rallyhouse.com,1774452326,,,2026-04-16,,,,,,-20,❄️ TIER 4 — Cold
Gearhead Outfitters,Tulsa,Oklahoma,USA,https://gearheadoutfitters.com/?srsltid=AfmBOorjGsCut6lSJJZcNyNUus5jwhh-N5n5gXTwh8aqA6CtgIdtbcp4,@gearheadoutfitters,mllegeorgesand@gmail.com,1200098592,,,2026-04-16,,,,,,-20,❄️ TIER 4 — Cold
RHUDE SEVEN FALLS SNAKE CORE BEIGE WHITE ...,Tulsa,Oklahoma,USA,https://www.ebay.com/itm/187448714056,@ebay,,2026041419,,,2026-04-16,,,,,,30,⭐ TIER 2 — Strong
Umber – umber,Tulsa,Oklahoma,USA,https://umbershoppe.com/?srsltid=AfmBOoq6s_U3W_J_88fg8GkGawIFXahqV4X1-N56h_PDD2l9z59v95Ao,@umberthelabel,Umber.Tulsa@gmail.com,1653665613,,,2026-04-16,,,,,,-20,❄️ TIER 4 — Cold
A-list Tulsa,Tulsa,Oklahoma,USA,https://a-list-tulsa.com/?srsltid=AfmBOormw_LJF1RGESL7gUMl7B92RlDHfGNPZhGcgrUuIm1GiO4kXXDL,@font,,1722299705,,,2026-04-16,,,,,,-30,❄️ TIER 4 — Cold
The Racks Tulsa,Tulsa,Oklahoma,USA,https://www.rackstulsa.com/,@media,13e49d785d8d4f828038b6136f3b48ba@sentry.io,9841457916,,,2026-04-16,,,,,,-20,❄️ TIER 4 — Cold
"MAC Collection - Tulsa, OK Clothing & Accessory Boutique",Tulsa,Oklahoma,USA,https://shopmaccollection.com/?srsltid=AfmBOopoJQXdnf-Qfl5BnxjZi-dU1ib_jL5Iz9hdh54akHdxEHCZ1DmK,@shopmaccollection,,1205984890,,,2026-04-16,,,,,,10,📋 TIER 3 — Warm
Designer Clothing and Luxury Fashion Boutique | abersons,Tulsa,Oklahoma,USA,https://abersonstyle.com/,@abersonstyle,,(918) 742-7335,,,2026-04-16,,,,,,10,📋 TIER 3 — Warm
"Silhouette Sneakers & Art (@silhouettetulsa) · Tulsa, OK",Tulsa,Oklahoma,USA,https://www.instagram.com/silhouettetulsa/,@silhouettetulsa,,1037486289,,,2026-04-16,,,,,,10,📋 TIER 3 — Warm
The ultimate sneaker store in Oklahoma is HERE! Silhouette ...,Tulsa,Oklahoma,USA,https://www.instagram.com/reel/DD4joJ-J9Bu/,@rsrc.php,,1037486289,,,2026-04-16,,,,,,10,📋 TIER 3 — Warm
Black Sheep Boutique - Tulsa,Tulsa,Oklahoma,USA,https://shopblacksheepboutique.com/,@shopblacksheepboutique,,1755278287,,,2026-04-16,,,,,,10,📋 TIER 3 — Warm
Luxury boutique Willamina offers high-end apparel and ...,Tulsa,Oklahoma,USA,https://www.tulsapeople.com/lifestyle/unique-boutique-luxury-boutique-willamina-offers-high-end-apparel-and-accessory-brands-not-accessible-within/article_e387967f-0cb2-4031-af82-59f00d3ac026.html,@tulsapeople,contactus@langdonpublishing.com,758030105,,,2026-04-16,,,,,,20,⭐ TIER 2 — Strong
Discover Luxury at Woodland Hills Mall - Tulsa - Simon,Tulsa,Oklahoma,USA,https://www.simon.com/mall/woodland-hills-mall/luxury,,,,,,2026-04-16,,,,,,0,❄️ TIER 4 — Cold
The Tulsa Shopping Guide,Tulsa,Oklahoma,USA,https://thescoutguide.com/tulsa/editorial/the-tulsa-shopping-guide-2/,,,,,,2026-04-16,,,,,,-40,❄️ TIER 4 — Cold
Clothing Boutique Tulsa Oklahoma 💕 (@suiteoneboutique),Tulsa,Oklahoma,USA,https://www.instagram.com/suiteoneboutique/,@suiteoneboutique,,1037486289,,,2026-04-16,,,,,,10,📋 TIER 3 — Warm
Wodland Hills Mall - Tulsa - JD Sports Store Locator,Tulsa,Oklahoma,USA,https://stores.jdsports.com/ok/tulsa/wodland-hills-mall.html,@jdsportsus,,(918) 294-1047,,,2026-04-16,,,,,,-30,❄️ TIER 4 — Cold
TULSA Shoe & Sneaker Store,Tulsa,Oklahoma,USA,https://stores.shoepalace.com/ok/tulsa/shoe-store-1311-sp.html,@shoepalace,,6157367176,,,2026-04-16,,,,,,10,📋 TIER 3 — Warm
"CITITRENDS at 2329 W. Edison Tulsa, OK",Tulsa,Oklahoma,USA,https://locations.cititrends.com/ok/tulsa/2329-w--edison.html,@wearecititrends,,2079328097,,,2026-04-16,,,,,,-30,❄️ TIER 4 — Cold
McCain Mall,Little Rock,Arkansas,USA,https://www.zumiez.com/stores/us537?srsltid=AfmBOop3CTAfBdZJf5DJMeTqkIPZ-ato-Kq9KroSH3KXNffRZ5JGN5pB,@original,,1120080485,,,2026-04-16,,,,,,-30,❄️ TIER 4 — Cold
6420 COLONEL GLENN ROADSUITE 8 City Gear,Little Rock,Arkansas,USA,https://locations.dtlr.com/ar/littlerock/6420-colonel-glenn-roadsuite-8.html,@dtlrofficial,custserv@dtlr.com,1537521453,,,2026-04-16,,,,,,-20,❄️ TIER 4 — Cold
Shop Authentic Hellstar Clothing & Shirts,Little Rock,Arkansas,USA,https://restockar.com/collections/hellstar-shirts?srsltid=AfmBOoolW-gDPjbAe4hQpy2VkUlKsFTxbUBtt15kW3PlnXI7fr21zqjd,@restock,splide-extension-auto-scroll@0.5.3,1694813899,,,2026-04-16,,,,,,35,⭐ TIER 2 — Strong
"Gee'sSpot (@_geespotboutique) · North Little Rock, AR",Little Rock,Arkansas,USA,https://www.instagram.com/_geespotboutique/,@_geespotboutique,,1037486289,,,2026-04-16,,,,,,10,📋 TIER 3 — Warm
"All New Hellstar Studios, NFC Authenticated – Don't Play ...",Little Rock,Arkansas,USA,https://www.instagram.com/reel/C9ko_MjPb60/,@rsrc.php,,1037486289,,,2026-04-16,,,,,,35,⭐ TIER 2 — Strong
#little rock Arkansas,Little Rock,Arkansas,USA,https://www.instagram.com/reel/DQzy8lXCX4A/,@bpclockerroom.,,1037486289,,,2026-04-16,,,,,,-30,❄️ TIER 4 — Cold
Supreme Fixture Store,Little Rock,Arkansas,USA,https://supremefixture.com/index.php/store/,,,,,,2026-04-16,,,,,,15,📋 TIER 3 — Warm
Supreme Beauty Supply Store Locations Near You,Little Rock,Arkansas,USA,https://www.supremebeauty.com/pages/find-supreme-hair-beauty-supply-store-locations-near-you?srsltid=AfmBOoqYUs77FZs4adiD3bDF1RujJTj50pIWEOzBFODpfs7KaFc3GSjt,@supremebeautyonline,info@supremebeauty.com,1158951114,,,2026-04-16,,,,,,35,⭐ TIER 2 — Strong
Supreme Styles Barber & Beauty Supply Depot,Little Rock,Arkansas,USA,https://www.vagaro.com/supremestylesbarberandbeautysupplies,,,,,,2026-04-16,,,,,,15,📋 TIER 3 — Warm
Stockists,Little Rock,Arkansas,USA,https://rh-ude.com/pages/stockists-1?srsltid=AfmBOoqmgInDzxY7irZAkr7nE_WBmU-_Cm5bFu6AP4l1Wd1yKZswCYQb,@rhude,,1613580349,,,2026-04-16,,,,,,30,⭐ TIER 2 — Strong
R H U D E,Little Rock,Arkansas,USA,https://rh-ude.com/?srsltid=AfmBOoqEu4drF-Wzw-kyZua8J4Mh07GWY-G5eGD9lEwrNgQ5GvvvmD6T,@rhude,,1613580349,,,2026-04-16,,,,,,30,⭐ TIER 2 — Strong
"Dillard's Mccain Mall, North Little Rock, Arkansas",Little Rock,Arkansas,USA,https://www.dillards.com/stores/arkansas/mccain-mall-north-little-rock/0407?srsltid=AfmBOoqEW_U_N521EIF0_2Zd69gcDBvyGuIeICfMuvpPOKULsQj88U2B,,,117.1776362,,,2026-04-16,,,,,,-40,❄️ TIER 4 — Cold
Shop Rhude Online,Little Rock,Arkansas,USA,https://www.nordstrom.com/brands/rhude--18936?srsltid=AfmBOopDcGq7poIq9aZpVFhgZUWq8u9yWfjVCu5dNKiO8J8P8-BuWfk-,@4GfJ,,123456789,,,2026-04-16,,,,,,30,⭐ TIER 2 — Strong
Dolce Vesta Locations,Little Rock,Arkansas,USA,https://www.dolcevesta.com/pages/locations?srsltid=AfmBOooQfFK4ypI4r__NX52XkxLrcMKcaP8GqzkFqKwV3cdLRxx2yKCz,@dolce_vesta_menswear,sales@dolcevitamen.com,(501) 420-1443,,,2026-04-16,,,,,,-20,❄️ TIER 4 — Cold
Rhude Men's Sale,Little Rock,Arkansas,USA,https://www.endclothing.com/row/sale/rhude?srsltid=AfmBOooZOHHxmPu-bgbEmCHRW6RMPczkO3Yz_ByKo7cw97_bK76QcgSE,@endclothing,506debe00a79ca2a8b2ea420e73c8475@o4509078657302528.ingest.de.sentry.io,1120663921,,,2026-04-16,,,,,,40,🔥 TIER 1 — Hot
GreatGiftsClub,Little Rock,Arkansas,USA,https://www.instagram.com/greatgiftsclub/,@ckseekstruth,,1037486289,,,2026-04-16,,,,,,-30,❄️ TIER 4 — Cold
Hustle Gear | Men's Clothing Store: Hustle Gear | Premium ...,Little Rock,Arkansas,USA,https://hustlegear.us/?srsltid=AfmBOooaCKXwhmfI6HG0oQy_TJ9-sJIxh2IjRwYC8XGHK6LpHQrbrhOC,@hustlegear2024,help@hustlegear.us,1654545122,,,2026-04-16,,,,,,20,⭐ TIER 2 — Strong
"streetwear (@cultureclothingcompany_lr) · Little Rock, AR",Little Rock,Arkansas,USA,https://www.instagram.com/cultureclothingcompany_lr/,@cultureclothingcompany_lr,,1037486289,,,2026-04-16,,,,,,10,📋 TIER 3 — Warm
Drip Clothing,Little Rock,Arkansas,USA,https://www.parkplazamall.com/stores/drip-clothing/,@600,,,,,2026-04-16,,,,,,10,📋 TIER 3 — Warm
Drip Clothing at McCain Mall - Simon,Little Rock,Arkansas,USA,https://www.simon.com/mall/mccain-mall/stores/drip-clothing,,,,,,2026-04-16,,,,,,0,❄️ TIER 4 — Cold
Tulips in Little Rock,Little Rock,Arkansas,USA,https://www.tulipsinlittlerock.com/,@tulipsinlittlerock,,7583639790,,,2026-04-16,,,,,,-30,❄️ TIER 4 — Cold
Clothing store (@houseofhypelr) - Instagram,Little Rock,Arkansas,USA,https://www.instagram.com/houseofhypelr/,@poundgamebell.,,1037486289,,,2026-04-16,,,,,,10,📋 TIER 3 — Warm
Markham Square - LITTLE ROCK Footwear & Apparel Store,Little Rock,Arkansas,USA,https://locations.dtlr.com/ar/littlerock/markham-square.html,@dtlrofficial,custserv@dtlr.com,1537521453,,,2026-04-16,,,,,,20,⭐ TIER 2 — Strong
Underground Clothing (@undergroundclothinglr),Little Rock,Arkansas,USA,https://www.instagram.com/undergroundclothinglr/,@undergroundclothinglr,,1037486289,,,2026-04-16,,,,,,10,📋 TIER 3 — Warm
McCain Mall - North Little Rock - JD Sports Store Locator,Little Rock,Arkansas,USA,https://stores.jdsports.com/ar/northlittlerock/mccain-mall.html,@jdsportsus,,(501) 758-6967,,,2026-04-16,,,,,,-30,❄️ TIER 4 — Cold
House of Hype - Luxury Streetwear,Little Rock,Arkansas,USA,https://houseofhype.co/,,,,,,2026-04-16,,,,,,0,❄️ TIER 4 — Cold
"Baumans | Little Rock, AR",Little Rock,Arkansas,USA,https://www.littlerock.com/directory/baumans/,@littlerockcvb,info@littlerock.com,1772821696,,,2026-04-16,,,,,,-20,❄️ TIER 4 — Cold
"River Market District on Instagram: ""High fashion meets the ...",Little Rock,Arkansas,USA,https://www.instagram.com/reel/DCkeWRNyjRo/,@rsrc.php,,1037486289,,,2026-04-16,,,,,,10,📋 TIER 3 — Warm
Where to Shop the Best Menswear in Little Rock,Little Rock,Arkansas,USA,https://www.littlerocksoiree.com/your-guide-to-the-best-menswear-stores-in-little-rock/,@littlerocksoiree,info@littlerocksoiree.com,501.664.3062,,,2026-04-16,,,,,,-20,❄️ TIER 4 — Cold
Fringe Clothing,Little Rock,Arkansas,USA,https://shopfringeclothing.com/,@amos_thefringefrenchie,,3836149040,,,2026-04-16,,,,,,10,📋 TIER 3 — Warm
park plaza mall - Little Rock - JD Sports Store Locator,Little Rock,Arkansas,USA,https://stores.jdsports.com/ar/littlerock/park-plaza-mall.html,@jdsportsus,,(501) 663-1909,,,2026-04-16,,,,,,-30,❄️ TIER 4 — Cold
PRIME AR LLC💪🏾 (@1primear),Little Rock,Arkansas,USA,https://www.instagram.com/1primear/,@1primear,,1037486289,,,2026-04-16,,,,,,-30,❄️ TIER 4 — Cold
Rock City Kicks,Little Rock,Arkansas,USA,https://rockcitykicks.com/?srsltid=AfmBOopWvlvahh5dNOQ148jXe24OUsATLXwAXtP0jfx7WayaNE99fYP-,@rockcitykicks,,4758705893,,,2026-04-16,,,,,,10,📋 TIER 3 — Warm
Rock City Running - Little Rock Specialty Running & Walking ...,Little Rock,Arkansas,USA,https://www.rockcityrunning.com/,@RockCityRunning,info@rockcityrunning.com,1770227395,,,2026-04-16,,,,,,-20,❄️ TIER 4 — Cold
"Shoe Store North Little Rock, AR | Sneakers and Apparel",Little Rock,Arkansas,USA,https://www.hibbett.com/storedetails/AR/North%20Little%20Rock/1424,@hibbettnorthlittlerockar,,1776358785,,,2026-04-16,,,,,,10,📋 TIER 3 — Warm
Underground Clothing,Little Rock,Arkansas,USA,https://undergroundclothing.com/?srsltid=AfmBOoqpFr1VPgjDv64Brko5M7ZSigX7BSZ1vNCdS7TOFVXow3kMk5EE,@Undergroundclothinglr,info@undergroundclothing.com,1663009043,,,2026-04-16,,,,,,20,⭐ TIER 2 — Strong
Hellstar fit for the warmer weather ☀️ - nwahype,Fayetteville,Arkansas,USA,https://www.instagram.com/p/C4tnsJYJn7O/,@rsrc.php,,1037486289,,,2026-04-16,,,,,,35,⭐ TIER 2 — Strong
#1 Sneaker & Streetwear Store in Arkansas – NWAHYPE,Fayetteville,Arkansas,USA,https://nwahype.com/?srsltid=AfmBOoo5H5IGN7_mIRvNyu_zlCRMSQqsckbYbyD0JLJCSzJfMl-hI1TC,@nwahype,,1724109644,,,2026-04-16,,,,,,10,📋 TIER 3 — Warm
These new Hellstar hats go too hard Amazing quality on these ...,Fayetteville,Arkansas,USA,https://www.instagram.com/reel/C6r0ODPPmEa/,@rsrc.php,,1037486289,,,2026-04-16,,,,,,35,⭐ TIER 2 — Strong
Restock AR: Shop The Latest Streetwear Fashion & Sneakers,Fayetteville,Arkansas,USA,https://restockar.com/?srsltid=AfmBOorcWtACY_bzlJfdMW2ov1sBP2D1GLUtTbe36s3ZDmIw4D7CRKCy,@restock,splide-extension-auto-scroll@0.5.3,1694813899,,,2026-04-16,,,,,,10,📋 TIER 3 — Warm
Hellstar Thriller Tracksuit 🌟 Size M/L/XL Available in store ...,Fayetteville,Arkansas,USA,https://www.instagram.com/p/C8M_agYJHLV/,@rsrc.php,,1037486289,,,2026-04-16,,,,,,35,⭐ TIER 2 — Strong
"NWA HYPE on Instagram: ""Up close look at the Supreme x ...",Fayetteville,Arkansas,USA,https://www.instagram.com/reel/DBCguEXvBF0/,@rsrc.php,,1037486289,,,2026-04-16,,,,,,25,⭐ TIER 2 — Strong
Stockists,Fayetteville,Arkansas,USA,https://rh-ude.com/pages/stockists-1?srsltid=AfmBOorXXgmrTz4rBKY4AKPbGUWDTb5vwvhBhm5Phod_-yeKXBObhENB,@rhude,,1613580349,,,2026-04-16,,,,,,30,⭐ TIER 2 — Strong
R H U D E,Fayetteville,Arkansas,USA,https://rh-ude.com/?srsltid=AfmBOopSBIDpr4OzPf_i3sN_QxhrBi-fUoQwYz2GT8Vp4FpexJyLo-0T,@rhude,,1613580349,,,2026-04-16,,,,,,30,⭐ TIER 2 — Strong
Shop Rhude Online,Fayetteville,Arkansas,USA,https://www.nordstrom.com/brands/rhude--18936?srsltid=AfmBOoqdWzQc2awCzWsMrd41f4_nv57DthxR3ZVrfwy1sOsJmSLv14W4,@4GfJ,,123456789,,,2026-04-16,,,,,,30,⭐ TIER 2 — Strong
Rhude,Fayetteville,Arkansas,USA,https://www.neimanmarcus.com/c/designers-rhude-cat81650731?srsltid=AfmBOoqW0-48zAx6r2QUtncyadPiNsFYMj79yf_xqQbBG5RLXOvxFRe0,,,,,,2026-04-16,,,,,,20,⭐ TIER 2 — Strong
SHOP ALL,Fayetteville,Arkansas,USA,https://rh-ude.com/collections/shop-all?srsltid=AfmBOopjWP8DG-8z0v6Q0E-Z2Cqf76otuJ8mcKmY2c2bSjfXumCM0kgu,@rhude,,1613580349,,,2026-04-16,,,,,,30,⭐ TIER 2 — Strong
Northwest Arkansas Mall,Fayetteville,Arkansas,USA,https://www.hottopic.com/store-details?StoreId=0320&srsltid=AfmBOooN9Ax9GJRRSRjo1p-m5YOo7fL0SLM3sCc3b5uLD3Iv9dtEvBHh,@hottopic,htonline@hottopic.com,1776355247,,,2026-04-16,,,,,,-20,❄️ TIER 4 — Cold
Gearhead Outfitters Fayetteville 72701 - Locally,Fayetteville,Arkansas,USA,https://www.locally.com/store/11475/gearhead-outfitters-fayetteville,@gearheadoutfitters,,3083708593,,,2026-04-16,,,,,,-30,❄️ TIER 4 — Cold
Walker Brothers,Fayetteville,Arkansas,USA,https://walkerbrothers.com/?srsltid=AfmBOoqw_fhPUW4q-vwj60rOD2u6KkR0zSZA5fg9HAoJiUayxMCQKkUH,@shopwalkerbrothers,,1731000841,,,2026-04-16,,,,,,-30,❄️ TIER 4 — Cold
News Drip in store‼️ Dickson St open until 6pm NWA Mall ...,Fayetteville,Arkansas,USA,https://www.instagram.com/reel/DSNr1XEEVgu/,@rsrc.php,,1037486289,,,2026-04-16,,,,,,-30,❄️ TIER 4 — Cold
rockcitykicks - Fayetteville - Sneaker Boutique in Northwest ...,Fayetteville,Arkansas,USA,https://rockcitykicksfay.myshopify.com/?srsltid=AfmBOorUREYpKLnLon_1WO3smcsgdpH1o5s-h5qfByOl9bnHv043OlFC,@rckfay,AURORA_II9811-001_PHCFH001-2000_800x@2x.jpg,1613684153,,,2026-04-16,,,,,,20,⭐ TIER 2 — Strong
Black Market Arkansas,Fayetteville,Arkansas,USA,https://blkmktark.com/,@blkmktark,2B23EECF-33D5-401D-B90F-6C9AAEAC3BC1_310x@2x.jpg,1614734509,,,2026-04-16,,,,,,-20,❄️ TIER 4 — Cold
ShopRiffraff.com - Online Women's Boutique Clothing Shop,Fayetteville,Arkansas,USA,https://shopriffraff.com/?srsltid=AfmBOoqviwsuXWe6Jt7lWcDRmOKusJCspOa6XgY3M7Fu5WlL_WGWQU5u,@shopriffraff,info@stagheaddesigns.com,1660932051,,,2026-04-16,,,,,,20,⭐ TIER 2 — Strong
"Streetwear Store in Fayetteville, AR",Fayetteville,Arkansas,USA,https://www.instagram.com/p/DPhCPIMiFZy/,@rsrc.php,,1037486289,,,2026-04-16,,,,,,10,📋 TIER 3 — Warm
"Southern Trend Clothing | Fayetteville, AR",Fayetteville,Arkansas,USA,https://southerntrend.com/,@southerntrendclothing,,1757082516,,,2026-04-16,,,,,,10,📋 TIER 3 — Warm
NWA HYPE (@nwahypedickson) - Instagram,Fayetteville,Arkansas,USA,https://www.instagram.com/nwahypedickson/,@nwahypedickson,,1037486289,,,2026-04-16,,,,,,10,📋 TIER 3 — Warm
rockcitykicks - Fayetteville - Sneaker Boutique in ...,Fayetteville,Arkansas,USA,https://rockcitykicksfay.myshopify.com/?srsltid=AfmBOopYArShFZ0cmcM-rgUYGihr3SlyaZ8kiaCbGklGlUO6jp9bs9V8,@rckfay,AURORA_II9811-001_PHCFH001-2000_800x@2x.jpg,1613684153,,,2026-04-16,,,,,,20,⭐ TIER 2 — Strong
Whimsy Whoo | Arkansas Boutique & Razorback Store in ...,Fayetteville,Arkansas,USA,https://shopwhimsywhoo.com/?srsltid=AfmBOopGkEx2RwCoZh9IxIMpqo_dXKkvMczYMSevdnYmxH_RwPuZn7XL,@shopwhimsywhoo,hello@shopwhimsywhoo.com,1762965243,,,2026-04-16,,,,,,20,⭐ TIER 2 — Strong
By Request: Women's and Men's Clothing,Fayetteville,Arkansas,USA,https://www.byrequestnwa.com/,@byrequestnwa,Untitled-1_46f38aa6-cd33-4cf3-b569-cdbe18e8c744_1280x@2x.jpg,1154807831,,,2026-04-16,,,,,,20,⭐ TIER 2 — Strong
"Boutique Shopping in Fayetteville, Arkansas: Where to ...",Fayetteville,Arkansas,USA,https://www.experiencefayetteville.com/experience/shop/item/298-best-clothing-boutiques-in-fayetteville,@nwa.fashionweek,info@experiencefayetteville.com,9294989014,,,2026-04-16,,,,,,20,⭐ TIER 2 — Strong
"Style Encore Fayetteville, AR (@styleencorefayettevillear)",Fayetteville,Arkansas,USA,https://www.instagram.com/styleencorefayettevillear/,@styleencorefayettevillear,,1037486289,,,2026-04-16,,,,,,-30,❄️ TIER 4 — Cold
Northwest Arkansas Shopping Guide,Fayetteville,Arkansas,USA,https://thescoutguide.com/northwest-arkansas/editorial/the-shopping-guide/,@shopmasons,,,,,2026-04-16,,,,,,-30,❄️ TIER 4 — Cold
lola – LOLA,Fayetteville,Arkansas,USA,https://shoplola.com/?srsltid=AfmBOopVZdd-iTLZXFiIuV4rH7IAruaod47nWimSHXZvqmdvf64uOee8,@lolaboutique,ecom-swiper@11.css,1596683411,,,2026-04-16,,,,,,20,⭐ TIER 2 — Strong
Northwest Arkansas - Fayetteville,Fayetteville,Arkansas,USA,https://stores.finishline.com/ar/fayetteville/northwest-arkansas.html,@finishline,,(479) 571-0284,,,2026-04-16,,,,,,-30,❄️ TIER 4 — Cold
NEW HELLSTAR AND RETRO 4 JUST ARRIVED‼️ Only ...,Detroit,Michigan,USA,https://www.instagram.com/p/C95tPRYxAk4/,@culturedetroit.,,1037486289,,,2026-04-16,,,,,,35,⭐ TIER 2 — Strong
OPEN 7 DAYS A WEEK | HELLSTAR YOU NEED IT WE GOT ...,Detroit,Michigan,USA,https://www.instagram.com/reel/DDKivhrpM7Q/,@hellstar,,1037486289,,,2026-04-16,,,,,,35,⭐ TIER 2 — Strong
@ossdetroit | The only store in Michigan to find these 〽️🔥 pr ...,Detroit,Michigan,USA,https://www.instagram.com/reel/C35g5oXraqw/,@ossdetroit,,1037486289,,,2026-04-16,,,,,,-30,❄️ TIER 4 — Cold
Social Status | Contemporary Menswear & Footwear,Detroit,Michigan,USA,https://www.socialstatuspgh.com/?srsltid=AfmBOoo0OMAV1kkOqDOIK-vNviDO12jTQgx1ZBFWlMI4evPL5MEIUAB3,@thesocialstatus,fancybox@3.5.7,1750102237,,,2026-04-16,,,,,,-30,❄️ TIER 4 — Cold
"Come shop 19638 W 7 MILE RD DETROIT, MI 48219",Detroit,Michigan,USA,https://www.instagram.com/p/DICA2DNA42X/?hl=en,@rsrc.php,,1037486289,,,2026-04-16,,,,,,-30,❄️ TIER 4 — Cold
NEW HELLSTAR AVAILABLE IN STORE AT OUR MICHIGAN ...,Detroit,Michigan,USA,https://www.instagram.com/reel/C_oQheayLXB/,@rsrc.php,,1037486289,,,2026-04-16,,,,,,35,⭐ TIER 2 — Strong
Rkive | HellStar | 0.5g | All In-One Rosin Pod,Detroit,Michigan,USA,https://weedmaps.com/dispensaries/the-cake-house-detroit/menu/rkive-hellstar-5-g,@cakehousedetroit,jkiefer@weedmaps.com,154-3214251,,,2026-04-16,,,,,,45,🔥 TIER 1 — Hot
Social Status Detroit,Detroit,Michigan,USA,https://www.socialstatuspgh.com/pages/social-status-detroit?srsltid=AfmBOorMSPRoY-srwY07lfyR12fhpz73MgbhjXfMZMtFsWIiIXZ_R67E,@thesocialstatus,fancybox@3.5.7,1750102237,,,2026-04-16,,,,,,-30,❄️ TIER 4 — Cold
"You asked, we've delivered! Hellstar Inner Peace t-shirt ...",Detroit,Michigan,USA,https://www.instagram.com/p/CzOrinYu8NN/,@rsrc.php,,1037486289,,,2026-04-16,,,,,,35,⭐ TIER 2 — Strong
It’s Ok we’re still happy to see you.😂 ‼️ Store Open 10am ...,Detroit,Michigan,USA,https://www.instagram.com/reel/DVMg9qgEWVC/,@rsrc.php,,1037486289,,,2026-04-16,,,,,,-30,❄️ TIER 4 — Cold
(@ossdetroit) • Instagram photos and videos,Detroit,Michigan,USA,https://www.instagram.com/ossdetroit/?hl=en,@ossdetroit,,1037486289,,,2026-04-16,,,,,,-30,❄️ TIER 4 — Cold
"Supreme Liquor Shop - Detroit, MI",Detroit,Michigan,USA,https://nextdoor.com/pages/supreme-liquor-shop-detroit-mi/,@supports,next_expl_2_insightful16@3x-2e582d8619ece3f820ec8705c624749e.png,1146116819,,,2026-04-16,,,,,,35,⭐ TIER 2 — Strong
"Supreme Liquor Shop Inc in Detroit, MI",Detroit,Michigan,USA,https://local.yahoo.com/info-16223341-supreme-liquor-shop-incorporated-detroit/,@yahoo,,155-9803257,,,2026-04-16,,,,,,25,⭐ TIER 2 — Strong
Supreme Liquor Shop Inc. in Detroit - Liquor store,Detroit,Michigan,USA,https://www.atly.com/location/Supreme-Liquor-Shop-Inc,@context,,4344710999,,,2026-04-16,,,,,,25,⭐ TIER 2 — Strong
Supreme Apparel for Sale - Detroit,Detroit,Michigan,USA,https://www.nojokicks.com/collections/supreme-apparel,@nojokicksdetroit,info@nojokicks.com,1487422398,,,2026-04-16,,,,,,35,⭐ TIER 2 — Strong
R H U D E,Detroit,Michigan,USA,https://rh-ude.com/?srsltid=AfmBOoqxbo9BXBpzaJUUvL0optOZHiWLiOxo3GCYXSuWwsFIu9r_HyfF,@rhude,,1613580349,,,2026-04-16,,,,,,30,⭐ TIER 2 — Strong
Shop Rhude Online,Detroit,Michigan,USA,https://www.nordstrom.com/brands/rhude--18936?srsltid=AfmBOooE6Sz3c7J15Z7oPaTLq_mflbp2KPqZ6kMydrdQPux2421IP3Bv,@4GfJ,,123456789,,,2026-04-16,,,,,,30,⭐ TIER 2 — Strong
House of Drip,Detroit,Michigan,USA,https://houseofdripmi.com/,@layer,john.doe@email.com,9999999999,,,2026-04-16,,,,,,-20,❄️ TIER 4 — Cold
New items from Rhude available today in store,Detroit,Michigan,USA,https://www.instagram.com/p/DW31cdpgKQM/,@rsrc.php,,1037486289,,,2026-04-16,,,,,,30,⭐ TIER 2 — Strong
Unique Detroit,Detroit,Michigan,USA,https://www.instagram.com/unique.detroit/?hl=en,@rsrc.php,,1037486289,,,2026-04-16,,,,,,-30,❄️ TIER 4 — Cold
Xhibition — Contemporary Fashion & Exclusive Streetwear,Detroit,Michigan,USA,https://www.xhibition.co/,@xhibition_,support@xhibition.co,1698177333,,,2026-04-16,,,,,,20,⭐ TIER 2 — Strong
CultureDet • Streetwear (@culturedetroit) - Instagram,Detroit,Michigan,USA,https://www.instagram.com/culturedetroit/,@culturedetroit,,1037486289,,,2026-04-16,,,,,,10,📋 TIER 3 — Warm
Krispy Addicts: America's Dopest Clothing Boutique,Detroit,Michigan,USA,https://krispyaddicts.com/?srsltid=AfmBOoo-xsDnQZXlz2qjG4jECO-CwbKYdijHRaSW3a3_A3wINk8unMSp,@krispy_addicts,info@krispyaddicts.com,1740178145,,,2026-04-16,,,,,,20,⭐ TIER 2 — Strong
Two 18 - Sneaker & Clothing Boutique,Detroit,Michigan,USA,https://two18.com/?srsltid=AfmBOorYSQk-tx4op7NQLUhRHO3BVdB16mHgV8gvNGAMclz75ux3AJVg,@shoptwo18,,1640038558,,,2026-04-16,,,,,,10,📋 TIER 3 — Warm
City Man - America's Best Mens Streetwear Clothing Stores,Detroit,Michigan,USA,https://citymanusa.com/?srsltid=AfmBOoqN-f7RfniUi0_K0Pwg9D_jomHa_UD6xJBVca2cSv8QVuzSpmCb,@context,your@email.com,1738665192,,,2026-04-16,,,,,,20,⭐ TIER 2 — Strong
Hypehouse (@hypehouse_royaloak),Detroit,Michigan,USA,https://www.instagram.com/hypehouse_royaloak/,@hypehouse_royaloak,,1037486289,,,2026-04-16,,,,,,10,📋 TIER 3 — Warm
Hype Stew Sneakers Detroit,Detroit,Michigan,USA,https://hypestew.com/?srsltid=AfmBOopuQitAerx5-Fpqs1clVykMnCf6Z9FV7f3tdQGKiqboF0yDrJ0J,@hypestew,hypestewdetroit@gmail.com,1246846374,,,2026-04-16,,,,,,20,⭐ TIER 2 — Strong
Six local spots to let your hypebeast flag fly,Detroit,Michigan,USA,https://www.metrotimes.com/arts/six-local-spots-to-let-your-hypebeast-flag-fly-4898367/,@metrotimes,letters@metrotimes.com,9999999999,,,2026-04-16,,,,,,20,⭐ TIER 2 — Strong
SANA Detroit,Detroit,Michigan,USA,https://sanadetroit.com/?srsltid=AfmBOopTuBX2M0ZqhFmRkrKlXanXjMoxaCCMf2kV2MeCDOVSmaK7cf04,@sanadetroit,intl-tel-input@19.5.6,1738690871,,,2026-04-16,,,,,,-30,❄️ TIER 4 — Cold
Survived Streetwear,Detroit,Michigan,USA,https://survivedstreetwear.com/,@survivedappareldetroit,Website_single_logo_2_180x@2x.png,8821957473,,,2026-04-16,,,,,,20,⭐ TIER 2 — Strong
Rkive | Waferz x Hellstar Sight Glass,Grand Rapids,Michigan,USA,https://www.olswell.com/stores/olswell-cannabis-co-grand-rapids/product/rkive-waferz-x-hellstar-sight-glass,@dutchie,,6088528557,,,2026-04-16,,,,,,35,⭐ TIER 2 — Strong
New Hellstar Tees Have Arrived🔥🔥🔥 Don't forget to Follow ...,Grand Rapids,Michigan,USA,https://www.instagram.com/p/CxA7ruWOl89/,@rsrc.php,,1037486289,,,2026-04-16,,,,,,35,⭐ TIER 2 — Strong
All Brands,Grand Rapids,Michigan,USA,https://www.nordstrom.com/brands-list/?srsltid=AfmBOorEnm3CO2IGPCyz9UMbRVaCsozoCI3EgqKP5Y6cXwwxNbINmdnM,@4GfJ,,123456789,,,2026-04-16,,,,,,-30,❄️ TIER 4 — Cold
Shop Rhude Online,Grand Rapids,Michigan,USA,https://www.nordstrom.com/brands/rhude--18936?srsltid=AfmBOoqaxThMEAefI21ndajgmC0z4bAqsV3iUBA2sm2ttwoOl5WkK0nY,@4GfJ,,123456789,,,2026-04-16,,,,,,30,⭐ TIER 2 — Strong
R H U D E,Grand Rapids,Michigan,USA,https://rh-ude.com/?srsltid=AfmBOoqHEKV_fNOEyhnBoB2YSIDaIdW3lAiyihDykyjtCo_y_03NtIKU,@rhude,,1613580349,,,2026-04-16,,,,,,30,⭐ TIER 2 — Strong
Shop RHUDE Streetwear | Luxury Style,Grand Rapids,Michigan,USA,https://www.stadiumgoods.com/collections/streetwear-other-brands-rhude?srsltid=AfmBOopp9cM_ylPPxafUkqPVPelAqleWQi36zLQTYxpQp68vIBkiTtzy,@stadiumgoods,hello@shopmail.stadiumgoods.com,8070339516,,,2026-04-16,,,,,,40,🔥 TIER 1 — Hot
Woodland Mall,Grand Rapids,Michigan,USA,https://www.hottopic.com/store-details?StoreId=0380&srsltid=AfmBOoqXqvtESH4fYWpu19b6J5vduTrym2eQTMbAyLfO8bZsV5iANmtr,@hottopic,htonline@hottopic.com,1776355247,,,2026-04-16,,,,,,-20,❄️ TIER 4 — Cold
Popular Demand Clothing Store,Grand Rapids,Michigan,USA,https://popular-demand.com/,@populardemandstore,info@popular-demand.com,9460289072,,,2026-04-16,,,,,,20,⭐ TIER 2 — Strong
"Reynolds & Sons | 12 Monroe Center St NE, Grand Rapids, MI",Grand Rapids,Michigan,USA,https://reynoldsandsons.com/?srsltid=AfmBOopBxqUmmbOCilBPdV3wtbwisPrl6GC-WE1cuVqVkdCbsF66wtxg,@reynolds_n_sons,,1737741346,,,2026-04-16,,,,,,-30,❄️ TIER 4 — Cold
Sonnys Sneaker Shop,Grand Rapids,Michigan,USA,https://sonnysgr.com/,@sonnysgr,Customersupport@sonnysgr.com,1724902169,,,2026-04-16,,,,,,20,⭐ TIER 2 — Strong
Jefes (@jefes.mi) • Instagram photos and videos,Grand Rapids,Michigan,USA,https://www.instagram.com/jefes.mi/,@jefes.mi,,1037486289,,,2026-04-16,,,,,,-30,❄️ TIER 4 — Cold
"We just restocked 100+ new clothing pieces for you, stop ...",Grand Rapids,Michigan,USA,https://www.instagram.com/p/C7AHHcFvszB/,@rsrc.php,,1037486289,,,2026-04-16,,,,,,10,📋 TIER 3 — Warm
Premier,Grand Rapids,Michigan,USA,https://thepremierstore.com/?srsltid=AfmBOorChyhX8OFxjir5ygl6ci9w0HbmBnjBEgANWHvnOHXN9RnUh6QL,@premierskate,numbro@2.3.1,1639060251,,,2026-04-16,,,,,,10,📋 TIER 3 — Warm
Second Vibess: Reworked Vintage Clothing,Grand Rapids,Michigan,USA,https://www.secondvibess.com/,@second_vibess,core-js-bundle@3.2.1,2545352419,,,2026-04-16,,,,,,10,📋 TIER 3 — Warm
"Shakedown Street: Local Head Shop in Grand Rapids, MI",Grand Rapids,Michigan,USA,https://shakedowngr.com/,@shakedownstreetinc,,1684958780,,,2026-04-16,,,,,,-30,❄️ TIER 4 — Cold
"A.K. Rikk's | Luxury Clothing, Shoes & Accessories",Grand Rapids,Michigan,USA,https://akrikks.com/?srsltid=AfmBOooS-Gn8Zm6EXd7GtscVyEk7jSdBeIM1begh8uWOmrJtT46B01p6,@akrikks,,1741869100,,,2026-04-16,,,,,,10,📋 TIER 3 — Warm
Luxury Designer Clothing Store For Women – Leigh's of ...,Grand Rapids,Michigan,USA,https://leighsfashions.com/?srsltid=AfmBOoo05S6uq4WfR84DTFsrRz3Tu4IFSRhy_gkAP9Ip6KF91tPid3ah,@leighs.fashions,customerservice@leighsfashions.com,1692719611,,,2026-04-16,,,,,,20,⭐ TIER 2 — Strong
Unique Shopping in Grand Rapids,Grand Rapids,Michigan,USA,https://www.experiencegr.com/articles/post/unique-shopping/,@experiencegrandrapids,,9999999999,,,2026-04-16,,,,,,-30,❄️ TIER 4 — Cold
Dear Prudence Shops- Women's Clothing Boutique featuring ...,Grand Rapids,Michigan,USA,https://www.dearprudence.com/,@dearprushops,orders@dearprudence.com,2026041519,,,2026-04-16,,,,,,20,⭐ TIER 2 — Strong
The 27 coolest clothing stores and boutiques in Grand ...,Grand Rapids,Michigan,USA,https://wanderlog.com/list/geoCategory/123539/coolest-clothing-stores-and-boutiques-in-grand-rapids,@commune_gr,apm-rum@5.16.0,723025155,,,2026-04-16,,,,,,10,📋 TIER 3 — Warm
"First trip to Grand Rapids, MI this week, and the only ...",Grand Rapids,Michigan,USA,https://www.instagram.com/p/DQiiov-DPGz/,@hemd.gr,,1037486289,,,2026-04-16,,,,,,-30,❄️ TIER 4 — Cold
Woodland Mall ::: Popular Demand,Grand Rapids,Michigan,USA,https://shopwoodlandmall.com/store/popular-demand,@woodlandmall,info@populardemand.com.,1616206101,,,2026-04-16,,,,,,-20,❄️ TIER 4 — Cold
Hellstar Clothing | Tees Hoodies Long Sleeves,Ann Arbor,Michigan,USA,https://www.stadiumgoods.com/collections/hellstar?srsltid=AfmBOoqqru8MIwfuiAICAyOoeh3p8K9EmH_gWLXnNvZi3XlHBo-JLg-H,@stadiumgoods,hello@shopmail.stadiumgoods.com,8070339516,,,2026-04-16,,,,,,45,🔥 TIER 1 — Hot
Troy Mi To Ann Arbor Mi,Ann Arbor,Michigan,USA,https://www.instagram.com/popular/troy-mi-to-ann-arbor-mi/,@rsrc.php,,1037486289,,,2026-04-16,,,,,,-30,❄️ TIER 4 — Cold
Hollister Co. at Briarwood Mall - Ann Arbor - Simon,Ann Arbor,Michigan,USA,https://www.simon.com/mall/briarwood-mall/stores/hollister-co,,,,,,2026-04-16,,,,,,-40,❄️ TIER 4 — Cold
Briarwood,Ann Arbor,Michigan,USA,https://www.hollisterco.com/shop/us/clothing-stores/US/AnnArbor/MI/31987,,,,,,2026-04-16,,,,,,0,❄️ TIER 4 — Cold
HELLSTAR HSTAR T-SHIRT,Ann Arbor,Michigan,USA,https://www.a-ma-maniere.com/products/hellstar-hstar-t-shirt?srsltid=AfmBOopak9gb_7XOSdW8HVEV6nEDkxl4RMFe_lDoOUHkIU6bO41rqGKw,@maniere_usa,,1422991689,,,2026-04-16,,,,,,35,⭐ TIER 2 — Strong
Supreme Cheesy Breads & More,Ann Arbor,Michigan,USA,https://postmates.com/store/supreme-cheesy-breads-%26-more/Vxz6AWtBSXKYTLqFRufIpA/12975c51-be66-42c4-992f-f1939b5204a8/dcaede8b-2262-4ee2-89be-8408be710517?mod=storeInfo&modctx=%257B%2522storeSlug%2522%253A%2522supreme-cheesy-breads-%252526-more%2522%252C%2522storeUuid%2522%253A%2522571cfa01-6b41-4972-984c-ba8546e7c8a4%2522%252C%2522sectionUuid%2522%253A%252212975c51-be66-42c4-992f-f1939b5204a8%2522%257D&ps=1,@postmates,badge_check@3x.png,065-4057625,,,2026-04-16,,,,,,35,⭐ TIER 2 — Strong
"Order Supreme Cheesy Breads - Ann Arbor, MI ...",Ann Arbor,Michigan,USA,https://www.doordash.com/store/supreme-cheesy-breads-ann-arbor-1614003/?srsltid=AfmBOorZtrIKO-gIjHghjG1nUb6vpewGOeD7ogNxnT0UnD73FOFOdzUv,,,,,,2026-04-16,,,,,,15,📋 TIER 3 — Warm
Order Supreme Cheesy Breads & More - Menu & Prices,Ann Arbor,Michigan,USA,https://www.ubereats.com/store/supreme-cheesy-breads-%26-more/Vxz6AWtBSXKYTLqFRufIpA?srsltid=AfmBOoqT7LbDisZh2YoaNvdhquY1WG73YD-8I8Kn3gF0jYb_dcMPdjFl,@ubereats,badge_check@3x.png,065-4057625,,,2026-04-16,,,,,,35,⭐ TIER 2 — Strong
Shop Rhude Online,Ann Arbor,Michigan,USA,https://www.nordstrom.com/brands/rhude--18936?srsltid=AfmBOopbPkZ_bax6sNz0phAvsyC-rJx8tjru9ZnFI6piQ_7lRrPL0OgB,@4GfJ,,123456789,,,2026-04-16,,,,,,30,⭐ TIER 2 — Strong
R H U D E,Ann Arbor,Michigan,USA,https://rh-ude.com/?srsltid=AfmBOorvFQBKJ9EkkvEp88Q7HWgo2nFp63NcOZG13l6uUWBSS0KoNHgL,@rhude,,1613580349,,,2026-04-16,,,,,,30,⭐ TIER 2 — Strong
"Clothing Store in Ann Arbor - Shoes, Apparel, Rewards & ...",Ann Arbor,Michigan,USA,https://stores.nordstromrack.com/us/mi/ann-arbor/3547-washtenaw-ave,@nordstromrack,,2574113440,,,2026-04-16,,,,,,10,📋 TIER 3 — Warm
Brands | The Summit,Ann Arbor,Michigan,USA,https://thesummitbirmingham.com/buy/brand,@thesummitbirmingham,,1205967011,,,2026-04-16,,,,,,-30,❄️ TIER 4 — Cold
yearbook-huron_high_school-1974.pdf,Ann Arbor,Michigan,USA,https://aadl.org/sites/default/files/docfiles/yearbook-huron_high_school-1974.pdf,@dd1,D@z.s,100040200,,,2026-04-16,,,,,,-30,❄️ TIER 4 — Cold
Rally House Ann Arbor Main Street,Ann Arbor,Michigan,USA,https://www.rallyhouse.com/stores/ann-arbor/315-south-main-street?srsltid=AfmBOopscRfuPQDy0eaFiN-mWYBFGY-U6pdQE0PIQqkIP35kWlu3h3aG,@rally_house,rallyaamainstreet@rallyhouse.com,1774452326,,,2026-04-16,,,,,,-20,❄️ TIER 4 — Cold
MTVTN.com: Motivation | Streetwear & University of Michigan ...,Ann Arbor,Michigan,USA,https://mtvtn.com/?srsltid=AfmBOopgW_GIm2bm1FzOG1qy6WrZbJZX7MauEmK98vV864F-pNhtMJGi,@mtvtn,,1269916960,,,2026-04-16,,,,,,10,📋 TIER 3 — Warm
TODAY CLOTHING,Ann Arbor,Michigan,USA,https://www.todayclothing.com/,@todayclothing,store@todayclothing.com,1200478660,,,2026-04-16,,,,,,20,⭐ TIER 2 — Strong
Motivation Boutique,Ann Arbor,Michigan,USA,https://www.annarbor.org/listing/motivation-boutique/1097/,@annarbor,info@annarbor.org,9999999999,,,2026-04-16,,,,,,20,⭐ TIER 2 — Strong
8 Men's Boutiques Around Ann Arbor,Ann Arbor,Michigan,USA,https://www.ecurrent.com/feature/8-mens-boutiques-around-ann-arbor/,@current_mag,,9999999999,,,2026-04-16,,,,,,10,📋 TIER 3 — Warm
Our new Motivation store is now open 7 days a week! Take a ...,Ann Arbor,Michigan,USA,https://www.instagram.com/reel/DTlCPidES6f/,@rsrc.php,,1037486289,,,2026-04-16,,,,,,-30,❄️ TIER 4 — Cold
Motivation - Ann Arbor,Ann Arbor,Michigan,USA,https://mtvtn.com/?srsltid=AfmBOorw8yz0cTmxmGoQKWehaZWRz5KMGMES2fHzcHKsurhju0byZ4AF,@mtvtn,,1269916960,,,2026-04-16,,,,,,-30,❄️ TIER 4 — Cold
5 Ann Arbor Clothing Stores that Will Elevate Your Style,Ann Arbor,Michigan,USA,https://themich.org/2021/04/13/5-ann-arbor-clothing-stores-that-will-elevate-your-style/,@media,,1194984363,,,2026-04-16,,,,,,10,📋 TIER 3 — Warm
Rally House Ann Arbor State Street,Ann Arbor,Michigan,USA,https://www.rallyhouse.com/stores/ann-arbor/303-south-state-street?srsltid=AfmBOopBDiaFiJIQxPMxPfzt1p73HVUWXqIL7IbUXNyW4LnXeWBwIQKg,@rally_house,rallyaastatestreet@rallyhouse.com,1774452326,,,2026-04-16,,,,,,-20,❄️ TIER 4 — Cold
(@undergroundsocietya2) • Instagram photos and videos,Ann Arbor,Michigan,USA,https://www.instagram.com/undergroundsocietya2/,@mush.ees,,1037486289,,,2026-04-16,,,,,,-30,❄️ TIER 4 — Cold
13 of Our Favorite Ann Arbor Area Clothing Boutiques,Ann Arbor,Michigan,USA,https://www.reinhartrealtors.com/blog/favorite-ann-arbor-area-clothing-boutiques/,,,,,,2026-04-16,,,,,,0,❄️ TIER 4 — Cold
City Man - America's Best Mens Streetwear Clothing Stores,Ann Arbor,Michigan,USA,https://citymanusa.com/?srsltid=AfmBOop1hd_6uAt_kfVTxx8wlkBTWeoMUnE4Lt9ejwTyOb6zG_3dsbz4,@context,your@email.com,1738665192,,,2026-04-16,,,,,,20,⭐ TIER 2 — Strong
Shoe & Sneaker Store in Ann Arbor | JD Sports at Briarwood ...,Ann Arbor,Michigan,USA,https://stores.jdsports.com/mi/annarbor/briarwood-mall.html,@jdsportsus,,(734) 492-4136,,,2026-04-16,,,,,,10,📋 TIER 3 — Warm
"Ann Arbor Running Company - Shoes, Apparel and More",Ann Arbor,Michigan,USA,https://www.annarborrunningcompany.com/?srsltid=AfmBOoqdF4v10l_jel3AnI0QR9CZVqfLfuFjDwwgB_layOX34XKmmE_j,@annarbor_rc,orders@annarborrunningcompany.com,1738632969,,,2026-04-16,,,,,,20,⭐ TIER 2 — Strong
"Designer Shoe Store in Ann Arbor, MI Arborland Mall",Ann Arbor,Michigan,USA,https://stores.dsw.com/usa/mi/annarbor/dsw-designer-shoe-warehouse-arborland-mall.html,@dsw,customerservice@dsw.com,2147483647,,,2026-04-16,,,,,,20,⭐ TIER 2 — Strong
HELLSTAR - HYP Miami,Miami,Florida,USA,https://hypmiami.com/collections/hellstar?srsltid=AfmBOorRci7G8tKzWkmDbSWzGRkS1oRtkwEX74kz2D5uf61TWe9YdSUr,@hypmiami,customerservice@hypmiami.com,1754598013,,,2026-04-16,,,,,,45,🔥 TIER 1 — Hot
Hellstar Logo Tees Available @origins305 179 NW 25th St ...,Miami,Florida,USA,https://www.instagram.com/p/DOeQRyXicZS/,@origins305,,1037486289,,,2026-04-16,,,,,,35,⭐ TIER 2 — Strong
#Hellstar 🚨 New arrivals available in store & on our site ...,Miami,Florida,USA,https://www.instagram.com/p/DJou9v_Nb9c/,@rsrc.php,,1037486289,,,2026-04-16,,,,,,35,⭐ TIER 2 — Strong
hellstar,Miami,Florida,USA,https://backdoormia.com/collections/vendors?q=hellstar,@100,,1750677234,,,2026-04-16,,,,,,35,⭐ TIER 2 — Strong
Studios – HELLSTAR,Miami,Florida,USA,https://hellstar.com/collections/studios,@HELLSTAR,,5230780330,,,2026-04-16,,,,,,35,⭐ TIER 2 — Strong
Hellstar Studios,Miami,Florida,USA,https://tokenmia.com/collections/hellstar?srsltid=AfmBOopXPTu2UHSuusvkkBg4FK0HZ-OSKF27pitARiprp5im3Y_IC2hA,@tokenmiami,TOKEN_flagship_production_front1CRM_145x@2x.png,1680109958,,,2026-04-16,,,,,,45,🔥 TIER 1 — Hot
Hellstar shirts / S-XL Best RESELLER IN MIAMI FL 🔥🌴,Miami,Florida,USA,https://www.instagram.com/p/DNQul0lOxB-/,@rsrc.php,,1037486289,,,2026-04-16,,,,,,35,⭐ TIER 2 — Strong
HellStar hats & leopard claws available in multiple sizes and ...,Miami,Florida,USA,https://www.instagram.com/reel/DOjYekYEV_q/,@rsrc.php,,1037486289,,,2026-04-16,,,,,,35,⭐ TIER 2 — Strong
"Coppra Miami - Discover curated luxury menswear, designer ...",Miami,Florida,USA,https://coppramiami.com/,@coppramiami,info@coppra.us,1776280003,,,2026-04-16,,,,,,20,⭐ TIER 2 — Strong
Stores,Miami,Florida,USA,https://supreme.com/stores,@supremenewyork.com,web@supremenewyork.com,215052-1140,,,2026-04-16,,,,,,35,⭐ TIER 2 — Strong
Supreme: Shop,Miami,Florida,USA,https://us.supreme.com/pages/shop,,,1421991361,,,2026-04-16,,,,,,15,📋 TIER 3 — Warm
SUPREME stores in Miami,Miami,Florida,USA,https://www.shopenauer.com/en/brand/supreme/miami,@supremenewyork,,5682063865,,,2026-04-16,,,,,,25,⭐ TIER 2 — Strong
Supreme Has Just Opened Its First-Ever Miami Store,Miami,Florida,USA,https://secretmiami.com/supreme-first-miami-store/,@SecretMiami_,miami@secretmedianetwork.com,7115053420,,,2026-04-16,,,,,,35,⭐ TIER 2 — Strong
Limited edition retailer Supreme opens first Miami store,Miami,Florida,USA,https://www.islandernews.com/news/miami/limited-edition-retailer-supreme-opens-first-miami-store/article_6533dc4c-4f71-44f6-a0be-48eddf6ce8c1.html,@kbislandernews,info@islandernews.com,(305) 831 0176,,,2026-04-16,,,,,,35,⭐ TIER 2 — Strong
Supreme has officially opened its first-ever Florida flagship ...,Miami,Florida,USA,https://www.instagram.com/p/DJsOD_ounJT/,@rsrc.php,,1037486289,,,2026-04-16,,,,,,25,⭐ TIER 2 — Strong
Stockists,Miami,Florida,USA,https://rh-ude.com/pages/stockists-1?srsltid=AfmBOop16QTEH7LotcDSdKE91chMM_LB0MeBfhrQiwnh2YfhhIjJoTvd,@rhude,,1613580349,,,2026-04-16,,,,,,30,⭐ TIER 2 — Strong
RHUDE stores in Miami,Miami,Florida,USA,https://www.shopenauer.com/en/brand/rhude/miami,@shopenauer_official,,5682063865,,,2026-04-16,,,,,,30,⭐ TIER 2 — Strong
RHUDE - HYP Miami,Miami,Florida,USA,https://hypmiami.com/collections/rhude?srsltid=AfmBOooa4sBGy-Wwm9wZCh7atB680Bx55qn9rERUcsvNTFCQ5SgSCgQE,@hypmiami,customerservice@hypmiami.com,1754598013,,,2026-04-16,,,,,,40,🔥 TIER 1 — Hot
R H U D E,Miami,Florida,USA,https://rh-ude.com/?srsltid=AfmBOopE-YZU4-dxylvuzufZFpyg1wsrfU8F9DY5g8ADgybAWxfFeT8J,@rhude,,1613580349,,,2026-04-16,,,,,,30,⭐ TIER 2 — Strong
"From @vetements_official, @rhude, to @alyxstudio, ...",Miami,Florida,USA,https://www.instagram.com/p/B684WdtBiu-/,@vetements_official,,1037486289,,,2026-04-16,,,,,,30,⭐ TIER 2 — Strong
Patron of the New,Miami,Florida,USA,https://patronofthenew.com/?srsltid=AfmBOopbYf_NtNcCMn8xoBHxGBroYTSDbkZEh1nS1475aKv79LseGPK8,@media,,1613516832,,,2026-04-16,,,,,,-30,❄️ TIER 4 — Cold
SHOP ALL,Miami,Florida,USA,https://rh-ude.com/collections/shop-all?srsltid=AfmBOoqF9NlW_DuAQd6cYGwub0eEFwTF1BPn2iqiW3C0pT3vd_IX6Zyy,@rhude,,1613580349,,,2026-04-16,,,,,,30,⭐ TIER 2 — Strong
Rhude Archives - Coppra Miami,Miami,Florida,USA,https://coppramiami.com/brand/rhude/,@coppramiami,info@coppra.us,1776280003,,,2026-04-16,,,,,,40,🔥 TIER 1 — Hot
"Men's Rhude Clothing, Shoes, Accessories & Grooming",Miami,Florida,USA,https://www.nordstrom.com/browse/men?filterByBrand=rhude&srsltid=AfmBOoqDtuhbLk_0KFox2Nv11Nvb-nUtK73kV1-UDK1Ak7xsypFehh-A,@4GfJ,,123456789,,,2026-04-16,,,,,,30,⭐ TIER 2 — Strong
"The Webster: Curated Luxury Fashion, Beauty & Lifestyle",Miami,Florida,USA,https://thewebster.com/?srsltid=AfmBOooRRQMZWEdwnRoMnBaLHBBXtjVRbYoFok1g-a_XhPQN9noiXNbL,@thewebster,,2147483647,,,2026-04-16,,,,,,10,📋 TIER 3 — Warm
RHUDE stores in United States,Miami,Florida,USA,https://www.shopenauer.com/en/brand/rhude/country/united-states,@shopenauer_official,,5682063865,,,2026-04-16,,,,,,30,⭐ TIER 2 — Strong
Rhude now available in multiple styles in store & online!🌎🔥,Miami,Florida,USA,https://www.instagram.com/p/DOMRXkCkQ7f/,@rsrc.php,,1037486289,,,2026-04-16,,,,,,30,⭐ TIER 2 — Strong
Shop Rhude Online,Miami,Florida,USA,https://www.nordstrom.com/brands/rhude--18936?srsltid=AfmBOop-ZIq43MMV4oArv4AWr-6S4M1ttAZUgpYrBkutcoad79CrbhLM,@4GfJ,,123456789,,,2026-04-16,,,,,,30,⭐ TIER 2 — Strong
💨🔥Brand New Vale Lives Tops Just Landed Available ...,Miami,Florida,USA,https://www.instagram.com/p/DRIH4hTEbyP/,@rsrc.php,,1037486289,,,2026-04-16,,,,,,-30,❄️ TIER 4 — Cold
Vale Forever - HYP Miami,Miami,Florida,USA,https://hypmiami.com/collections/vale-forever?srsltid=AfmBOoq_Ppi5fMvqEiRjmZE7Srou0da8BvKCv0FpGoiPAZOMFn5sJUIR,@hypmiami,customerservice@hypmiami.com,1754598013,,,2026-04-16,,,,,,40,🔥 TIER 1 — Hot
Vale Forever,Miami,Florida,USA,https://www.sneakertownmia.com/collections/vale-forever?srsltid=AfmBOoo5AN0m5HJ48F6os0sZoS7fu4hS0eAGoQL8sm4UMm-yGVXNMby0,@sneakertown,help@sneakertown.com,1613663062,,,2026-04-16,,,,,,40,🔥 TIER 1 — Hot
Vale,Miami,Florida,USA,https://backdoormia.com/collections/vale,@100,,1750677234,,,2026-04-16,,,,,,-30,❄️ TIER 4 — Cold
VALE LIVES,Miami,Florida,USA,https://tokenmia.com/collections/vale-forever?srsltid=AfmBOor5feyF2paaGUSeJWxvgNUIDwjgLVuKUYfYk5Ak-q-wJU9fCPXH,@tokenmiami,TOKEN_flagship_production_front1CRM_145x@2x.png,1740007619,,,2026-04-16,,,,,,-20,❄️ TIER 4 — Cold
💧🍭Brand New Vale Tops Flavors 🌴🛍 Sizes:S-Xl Available ...,Miami,Florida,USA,https://www.instagram.com/p/DQSlhMjjher/,@florida._icons.inc.,,1037486289,,,2026-04-16,,,,,,-30,❄️ TIER 4 — Cold
🚨Vale Lives Flannel & Hoodie Black🚨 ‼️Flannel's Size S ...,Miami,Florida,USA,https://www.instagram.com/p/DTOZWM5ESe0/,@kickznasionmiami,,1037486289,,,2026-04-16,,,,,,-30,❄️ TIER 4 — Cold
Vale Lives Sets In Store 3416 Nw Seventh Ave 33127 Check ...,Miami,Florida,USA,https://www.instagram.com/reel/DARK-MVPrQd/,@rsrc.php,,1037486289,,,2026-04-16,,,,,,-30,❄️ TIER 4 — Cold
Number 1 destination for Vale Forever in Miami New pieces ...,Miami,Florida,USA,https://www.instagram.com/reel/DTJwjzODBju/,@rsrc.php,,1037486289,,,2026-04-16,,,,,,30,⭐ TIER 2 — Strong
NEW ARRIVALS from the hottest streetwear brand of 2025 ...,Miami,Florida,USA,https://www.instagram.com/reel/DUde5v0jRad/,@rsrc.php,,1037486289,,,2026-04-16,,,,,,10,📋 TIER 3 — Warm
VALE FOREVER IN STORE NOW 🔥 SIZES S-XL ...,Miami,Florida,USA,https://www.instagram.com/p/DFqXXZ-Jarz/,@rsrc.php,,1037486289,,,2026-04-16,,,,,,30,⭐ TIER 2 — Strong
A ton of Vale in-store ‼️ Come check us out 🏪 Sneak Peek ...,Miami,Florida,USA,https://www.instagram.com/p/DQ4uCzKEdY4/,@kickznasionmiami,,1037486289,,,2026-04-16,,,,,,-30,❄️ TIER 4 — Cold
#Vale 🔥 All new collection from Vale has just landed. ...,Miami,Florida,USA,https://www.instagram.com/p/DPCDr_tEcuG/,@rsrc.php,,1037486289,,,2026-04-16,,,,,,-30,❄️ TIER 4 — Cold
New Vale in store @sparkitupshop come in store at 3246 N ...,Miami,Florida,USA,https://www.instagram.com/p/DTS92_uEVfA/,@sparkitupshop,,1037486289,,,2026-04-16,,,,,,-30,❄️ TIER 4 — Cold
VALE | Healthy Kitchen,Miami,Florida,USA,https://valehealthykitchen.com/,@valehealthykitchen,stephen@gointegral.co,1759853849,,,2026-04-16,,,,,,-20,❄️ TIER 4 — Cold
Survival Miami: Top Urban & Streetwear Shop for Clothing ...,Miami,Florida,USA,https://survivalmiami.com/?srsltid=AfmBOoqoywE0kDA4S1n60I6SMSaEZrEghgOwyQXcaV9TYyTtOLQ1L5WC,@survivalmiami,,1721896939,,,2026-04-16,,,,,,10,📋 TIER 3 — Warm
Players Closet Miami Gardens (@playerscloset305),Miami,Florida,USA,https://www.instagram.com/playerscloset305/,@playerscloset954,,1037486289,,,2026-04-16,,,,,,-30,❄️ TIER 4 — Cold
HYP - A Futuristic Sneaker & Streetwear Shopping ...,Miami,Florida,USA,https://hypmiami.com/?srsltid=AfmBOoqHBeairmVu-RQdMsMhQxY0tdZxkn-wJ6Sz8cFgn0lU5bMKK1b8,@hypmiami,customerservice@hypmiami.com,1754598013,,,2026-04-16,,,,,,20,⭐ TIER 2 — Strong
Men's Fashion,Miami,Florida,USA,https://www.miamidesigndistrict.com/shops/2/mens-fashion/,@miamidesigndistrict,,(305) 722-7100,,,2026-04-16,,,,,,10,📋 TIER 3 — Warm
Streetwear Stores in Miami,Miami,Florida,USA,https://www.shopenauer.com/en/stores/miami/filter_by/brand-type-sold_streetwear,@shopenauer_official,,5682063865,,,2026-04-16,,,,,,10,📋 TIER 3 — Warm
Coppra Miami - Discover curated luxury menswear ...,Miami,Florida,USA,https://coppramiami.com/,@coppramiami,info@coppra.us,1776280003,,,2026-04-16,,,,,,20,⭐ TIER 2 — Strong
Supreme Sets Up Shop in Miami,Miami,Florida,USA,https://hypebeast.com/2025/4/supreme-miami-store-opening-info,@hypebeast,google-play-en@2x.png,3702846231,,,2026-04-16,,,,,,35,⭐ TIER 2 — Strong
Miami,Miami,Florida,USA,https://hypebeast.com/tags/miami,@hypebeast,screenshot-adblock-ultimate@2x.1f5b1723.png,3702846231,,,2026-04-16,,,,,,10,📋 TIER 3 — Warm
Hypebeast Stores In Miami,Miami,Florida,USA,https://www.instagram.com/popular/hypebeast-stores-in-miami/,@rsrc.php,,1037486289,,,2026-04-16,,,,,,10,📋 TIER 3 — Warm
HYP - A Futuristic Sneaker & Streetwear Shopping Experience,Miami,Florida,USA,https://hypmiami.com/?srsltid=AfmBOopbvirAqtm_sfA4DeINdN6m-Q6ljb2LDVzXN3mhlrFGC1UF3DRh,@hypmiami,customerservice@hypmiami.com,1754598013,,,2026-04-16,,,,,,20,⭐ TIER 2 — Strong
"Survival - Miami, Fort Lauderdale",Miami,Florida,USA,https://aventuramall.com/shops/survival/,@aventuramall,popper.js@1.16.0,1776363824,,,2026-04-16,,,,,,-30,❄️ TIER 4 — Cold
SNEAKER TOWN – SNEAKER TOWN,Miami,Florida,USA,https://www.sneakertownmia.com/?srsltid=AfmBOopwlgDd3i-fOyxOh6S6MiD3_2mUx9wdkuXavnUMVaYJpkiAEfDk,@sneakertown,help@sneakertown.com,1613663062,,,2026-04-16,,,,,,20,⭐ TIER 2 — Strong
LEGENDS MIAMI SNEAKER STORE WYNWOOD ...,Miami,Florida,USA,https://www.instagram.com/legendsmiami/?hl=en,@rsrc.php,,1037486289,,,2026-04-16,,,,,,10,📋 TIER 3 — Warm
Premium Footwear | Shoes & Sneakers | Miami ...,Miami,Florida,USA,https://stores.shoepalace.com/fl/miami/,@shoepalace,,6157367176,,,2026-04-16,,,,,,10,📋 TIER 3 — Warm
SoleFly: Sneakers and Apparel,Miami,Florida,USA,https://www.solefly.com/?srsltid=AfmBOopU8MP6AUqdGHPH_T807PWtoJ4J9KDpJMLIIt50eL7ffygzN9q0,@solefly,,1000005370,,,2026-04-16,,,,,,10,📋 TIER 3 — Warm
Best Sneaker Stores in Miami,Miami,Florida,USA,https://www.designscene.net/2024/08/best-sneaker-stores-miami.html,@designscene,info@designscene.net,2147483647,,,2026-04-16,,,,,,20,⭐ TIER 2 — Strong
‼️NEW HELLSTAR TEES AVAILABLE IN STORE‼️ BUY- ...,Orlando,Florida,USA,https://www.instagram.com/p/DDfPRdQJI0a/,@rsrc.php,,1037486289,,,2026-04-16,,,,,,35,⭐ TIER 2 — Strong
NEW @hellstar IN STOCK AT LEGEND ORLANDO ...,Orlando,Florida,USA,https://www.instagram.com/p/C3jVe_GMrkx/?hl=en,@legendfla,,1037486289,,,2026-04-16,,,,,,35,⭐ TIER 2 — Strong
Hellstar Logo Hoodie Black,Orlando,Florida,USA,https://releaseorlando.com/products/hellstar-logo-hoodie-black,@releaseorlando,,1734559548,,,2026-04-16,,,,,,35,⭐ TIER 2 — Strong
$20 streetwear finds you can't find anywhere else #fyp ...,Orlando,Florida,USA,https://www.instagram.com/reel/DU1Ye3CjgM4/,@rsrc.php,,1037486289,,,2026-04-16,,,,,,10,📋 TIER 3 — Warm
hellstar tee | Buy Online at Midnightloungeorlando,Orlando,Florida,USA,https://midnightloungeorlando.com/products/hellstar-tee-69bcb7fe95a21-mb877t4e,@media,,2303606389,,,2026-04-16,,,,,,35,⭐ TIER 2 — Strong
Some Of The Hellstar Available At Our Grand Opening ...,Orlando,Florida,USA,https://www.instagram.com/p/C-GuA5KsTXw/,@rsrc.php,,1037486289,,,2026-04-16,,,,,,35,⭐ TIER 2 — Strong
"Legend at The Florida Mall® - A Shopping Center in Orlando, FL",Orlando,Florida,USA,https://www.simon.com/mall/the-florida-mall/stores/legend,@shopfloridamall,,1766078725,,,2026-04-16,,,,,,-30,❄️ TIER 4 — Cold
@hellstar hats New Hellstar Hats Arrived into the store today ...,Orlando,Florida,USA,https://www.instagram.com/reel/C3EKf1VOdHq/,@hellstar,,1037486289,,,2026-04-16,,,,,,35,⭐ TIER 2 — Strong
SUPREME stores in Orlando,Orlando,Florida,USA,https://www.shopenauer.com/en/brand/supreme/orlando,@supremenewyork,,5682063865,,,2026-04-16,,,,,,25,⭐ TIER 2 — Strong
Orlando Store,Orlando,Florida,USA,https://supremedetailingsuperstore.com/pages/orlando?srsltid=AfmBOopLPX47WwlfksV8ufV48YFQhFhONhb6hJA5Rgr6NGIWfi-xEhx3,@supremedetailingsuperstore,info@supremedetailingsuperstore.com,1748714952,,,2026-04-16,,,,,,35,⭐ TIER 2 — Strong
Supreme Mid Air Forces Are here ✈️ ✅ 📍The Florida Mall ...,Orlando,Florida,USA,https://www.instagram.com/p/DA1bBkdJtw0/,@rsrc.php,,1037486289,,,2026-04-16,,,,,,25,⭐ TIER 2 — Strong
Stockists,Orlando,Florida,USA,https://rh-ude.com/pages/stockists-1?srsltid=AfmBOorMqE1Lr5wy9_LFcr8O-_YosZEr-sxXh8x724AzhaEnJrDcBzUd,@rhude,,1613580349,,,2026-04-16,,,,,,30,⭐ TIER 2 — Strong
rhude shirt | Buy Online at Midnightloungeorlando,Orlando,Florida,USA,https://midnightloungeorlando.com/products/rhude-shirt-69bcb82932eb1-00t5eoyq,@media,,2303606389,,,2026-04-16,,,,,,30,⭐ TIER 2 — Strong
R H U D E,Orlando,Florida,USA,https://rh-ude.com/?srsltid=AfmBOoo_sWIaYnO3h7zkusSR-ksoy8ZjXm3_yaw2XtAXor88MFPA-n2b,@rhude,,1613580349,,,2026-04-16,,,,,,30,⭐ TIER 2 — Strong
Rhude T-Shirts - Various Styles & Sizes,Orlando,Florida,USA,https://www.instagram.com/p/C8ulAqdA4pT/,@rsrc.php,,1037486289,,,2026-04-16,,,,,,30,⭐ TIER 2 — Strong
Shop Rhude Online,Orlando,Florida,USA,https://www.nordstrom.com/brands/rhude--18936?srsltid=AfmBOoo134xB2fhREDBu-zTESURIxJcO6ulxuScn9QVVXhuTGq4Bi17U,@4GfJ,,123456789,,,2026-04-16,,,,,,30,⭐ TIER 2 — Strong
Rhude,Orlando,Florida,USA,https://www.saksfifthavenue.com/brand/rhude,,,,,,2026-04-16,,,,,,20,⭐ TIER 2 — Strong
SHOP ALL,Orlando,Florida,USA,https://rh-ude.com/collections/shop-all?srsltid=AfmBOooaQDeqat-FPTlOc35_Uo2B0cbl2ZOC4OJZlmiFr--J1n9vKdH6,@rhude,,1613580349,,,2026-04-16,,,,,,30,⭐ TIER 2 — Strong
Men's Closet | Authentic Jordan Sneakers & Streetwear ...,Orlando,Florida,USA,https://www.mensclosetclothing.com/?srsltid=AfmBOors259dleJr9gJncNbpHXiDVeBIlafW46RbZjNPHbfWS4GktMqI,,,,,,2026-04-16,,,,,,0,❄️ TIER 4 — Cold
NEW VALE LIMITED UNITS IN STOCK AT LEGEND ...,Orlando,Florida,USA,https://www.instagram.com/p/DRp9q18gVa2/,@rsrc.php,,1037486289,,,2026-04-16,,,,,,-30,❄️ TIER 4 — Cold
Valelives Orlando Florida Store,Orlando,Florida,USA,https://www.instagram.com/popular/valelives-orlando-florida-store/,@rsrc.php,,1037486289,,,2026-04-16,,,,,,-30,❄️ TIER 4 — Cold
Vale Forever is a contemporary American streetwear brand ...,Orlando,Florida,USA,https://www.instagram.com/p/DJcz4Vox71m/,@rsrc.php,,1037486289,,,2026-04-16,,,,,,30,⭐ TIER 2 — Strong
"Vale Forever Clothing - Streetwear Hoodie, Shirt, Shorts ...",Orlando,Florida,USA,https://vale-forever.net/,@context,,1771523124,,,2026-04-16,,,,,,30,⭐ TIER 2 — Strong
️Full Fit Available at I-Drive Only☀️ Vale Sun & Moon Tee ...,Orlando,Florida,USA,https://www.instagram.com/p/DJkibeJxwlu/,@rsrc.php,,1037486289,,,2026-04-16,,,,,,-30,❄️ TIER 4 — Cold
Be real with me 😮‍💨👇 Valley Dreams “Vale Forever” tee,Orlando,Florida,USA,https://www.instagram.com/p/DTdbhmFACgO/,@recessstime__stl.,,1037486289,,,2026-04-16,,,,,,30,⭐ TIER 2 — Strong
Vale Forever,Orlando,Florida,USA,https://www.sneakertownmia.com/collections/vale-forever?srsltid=AfmBOooh9CcbVtsoQd6U4xiMexAUqYWaZnkl2xdJmD6AK7m06raKVuq1,@sneakertown,help@sneakertown.com,1613663062,,,2026-04-16,,,,,,40,🔥 TIER 1 — Hot
"Vale Forever Clothing - Hoodie, Shirt, Shorts & Jeans for Daily ...",Orlando,Florida,USA,https://vale-clothing.com/,@media,,1776617013,,,2026-04-16,,,,,,30,⭐ TIER 2 — Strong
"NEW VALE SHORTS, JEANS & SWEATPANTS ARE ...",Orlando,Florida,USA,https://www.instagram.com/reel/DP-M02GkfaG/,@rsrc.php,,1037486289,,,2026-04-16,,,,,,-30,❄️ TIER 4 — Cold
NEW VALE DROP IN AT LEGEND ORLANDO FLORIDA ...,Orlando,Florida,USA,https://www.instagram.com/reel/DKaQSkJJBbJ/,@valelives,,1037486289,,,2026-04-16,,,,,,-30,❄️ TIER 4 — Cold
VALE GOODS IN STOCK AT LEGEND ORLANDO @valelives ...,Orlando,Florida,USA,https://www.instagram.com/reel/DRD0Dm4jYIn/,@legendfla.,,1037486289,,,2026-04-16,,,,,,-30,❄️ TIER 4 — Cold
‼️New Vale Flannels & Jeans ‼️ BUY-SELL- ...,Orlando,Florida,USA,https://www.instagram.com/p/DEQJbafJsrQ/,@rsrc.php,,1037486289,,,2026-04-16,,,,,,-30,❄️ TIER 4 — Cold
‼️Vale tees available in store‼️ Almost every size ...,Orlando,Florida,USA,https://www.instagram.com/p/DFBWhNoyejI/,@rsrc.php,,1037486289,,,2026-04-16,,,,,,-30,❄️ TIER 4 — Cold
LEGEND | ORLANDO FL (@legendfla),Orlando,Florida,USA,https://www.instagram.com/legendfla/,@legendfla,,1037486289,,,2026-04-16,,,,,,-30,❄️ TIER 4 — Cold
Aphonics - Aphonics,Orlando,Florida,USA,https://www.aphonicss.com/,,,2025110411,,,2026-04-16,,,,,,-40,❄️ TIER 4 — Cold
"WildSide Clothing (@wildside_clothing) · Orlando, FL",Orlando,Florida,USA,https://www.instagram.com/wildside_clothing/,@wildside_clothing,,1037486289,,,2026-04-16,,,,,,10,📋 TIER 3 — Warm
TROPHY ROOM STORE,Orlando,Florida,USA,https://www.trophyroomstore.com/,@trophyroomstore,Contact@trophyroomstore.com,1559889294,,,2026-04-16,,,,,,-20,❄️ TIER 4 — Cold
Aphonics at The Florida Mall - Simon,Orlando,Florida,USA,https://www.simon.com/mall/the-florida-mall/stores/aphonics,@shopfloridamall,,1766078725,,,2026-04-16,,,,,,-30,❄️ TIER 4 — Cold
Best Spots for Streetwear Shopping in Orlando,Orlando,Florida,USA,https://www.mensclosetclothing.com/blogs/news/spots-for-streetwear-shopping-in-orlando?srsltid=AfmBOoo_PeLxEPpYKTPWIwAgOFJa69-tdJQO07JHdiUOo5PEDhc1pD05,,,,,,2026-04-16,,,,,,0,❄️ TIER 4 — Cold
Release Orlando,Orlando,Florida,USA,https://releaseorlando.com/,@releaseorlando,,1722993885,,,2026-04-16,,,,,,-30,❄️ TIER 4 — Cold
Orlando,Orlando,Florida,USA,https://hypebeast.com/tags/orlando,@hypebeast,screenshot-adblock-ultimate@2x.1f5b1723.png,3702846231,,,2026-04-16,,,,,,10,📋 TIER 3 — Warm
Mindstreet – MINDS STREET FASHION,Orlando,Florida,USA,https://mindsstreet.com/,@minds__tm,INFO@MINDSSTREET.COM,1760469680,,,2026-04-16,,,,,,20,⭐ TIER 2 — Strong
"Overtime By Timeless (@overtime.fl) · Orlando, FL",Orlando,Florida,USA,https://www.instagram.com/overtime.fl/,@timeless_orlando.,,1037486289,,,2026-04-16,,,,,,-30,❄️ TIER 4 — Cold
Timeless Sneaker Boutique,Orlando,Florida,USA,https://timelessorlando.com/,@shopify,,1763495124,,,2026-04-16,,,,,,10,📋 TIER 3 — Warm
Shoe & Sneaker Store in Orlando | JD Sports at The Florida Mall,Orlando,Florida,USA,https://stores.jdsports.com/fl/orlando/the-florida-mall.html,@jdsportsus,,(407) 855-2021,,,2026-04-16,,,,,,10,📋 TIER 3 — Warm
(@sneakersicarios) • Instagram photos and videos,Orlando,Florida,USA,https://www.instagram.com/sneakersicarios/,@sneakersicarios,,1037486289,,,2026-04-16,,,,,,10,📋 TIER 3 — Warm
Timeless Sneaker Boutique at The Florida Mall - Simon,Orlando,Florida,USA,https://www.simon.com/mall/the-florida-mall/stores/timeless-sneaker-boutique,@timeless.jax,,1766078725,,,2026-04-16,,,,,,10,📋 TIER 3 — Warm
Orlando Fashion Square,Orlando,Florida,USA,https://stores.finishline.com/fl/orlando/orlando-fashion-square.html,@finishline,,(407) 896-3058,,,2026-04-16,,,,,,10,📋 TIER 3 — Warm
@hellstar now available in store #hellstar #dctampa,Tampa,Florida,USA,https://www.instagram.com/p/C5HBlhrPWV3/,@hellstar,,1037486289,,,2026-04-16,,,,,,35,⭐ TIER 2 — Strong
"Designers Closet Tampa on Instagram: ""come shop with us at ...",Tampa,Florida,USA,https://www.instagram.com/reel/DBJ0hwjvxQA/,@rsrc.php,,1037486289,,,2026-04-16,,,,,,10,📋 TIER 3 — Warm
Stockists,Tampa,Florida,USA,https://hellstar.com/pages/stockists,@HELLSTAR,,5230780330,,,2026-04-16,,,,,,35,⭐ TIER 2 — Strong
HELLSTAR RESTOCK AT BOTH LOCATIONS HITTING THE ...,Tampa,Florida,USA,https://www.instagram.com/reel/DMh-PORpFO5/,@rsrc.php,,1037486289,,,2026-04-16,,,,,,35,⭐ TIER 2 — Strong
"Seasons Street Wear (@seasonstampa) · Tampa, FL",Tampa,Florida,USA,https://www.instagram.com/seasonstampa/,@seasonstampa,,1037486289,,,2026-04-16,,,,,,-30,❄️ TIER 4 — Cold
"Citrus Park Mall Tampa, FL 8130 Citrus Park Dr ➡️ Near ...",Tampa,Florida,USA,https://www.instagram.com/reel/DAd29jUPTB7/,@rsrc.php,,1037486289,,,2026-04-16,,,,,,-30,❄️ TIER 4 — Cold
Shop The Lab: Shop All,Tampa,Florida,USA,https://shopthelab.square.site/,@media,13e49d785d8d4f828038b6136f3b48ba@sentry.io,8716890326,,,2026-04-16,,,,,,-20,❄️ TIER 4 — Cold
Tampa Shoes & Sneaker Store | Eastgate Shopping Center ...,Tampa,Florida,USA,https://locations.dtlr.com/fl/tampa/eastgate-shopping-center.html,@dtlrofficial,custserv@dtlr.com,1537521453,,,2026-04-16,,,,,,20,⭐ TIER 2 — Strong
New Hellstar items just landed #seasonstampa#westshore ...,Tampa,Florida,USA,https://www.instagram.com/p/DWJvTO1DdmQ/,@rsrc.php,,1037486289,,,2026-04-16,,,,,,35,⭐ TIER 2 — Strong
Social Status | Contemporary Menswear & Footwear,Tampa,Florida,USA,https://www.socialstatuspgh.com/?srsltid=AfmBOopxnLg7DH56OkW50kKIZBzmSSzlwthq7WRJktk5CuioogHh8FKJ,@thesocialstatus,fancybox@3.5.7,1750102237,,,2026-04-16,,,,,,-30,❄️ TIER 4 — Cold
Hellstar Studios,Tampa,Florida,USA,https://bullseyesb.com/collections/hellstar?srsltid=AfmBOorJMPbAn4OSKSftIL6pxGPWWvQc-FhV0DTLECcIZSi_wBSbT9Ik,@bullseyesb,info@stagheaddesigns.com,4204079679,,,2026-04-16,,,,,,45,🔥 TIER 1 — Hot
New Bape and Hellstar tees in stock come shop today until ...,Tampa,Florida,USA,https://www.instagram.com/p/DCZukCsRyg4/,@rsrc.php,,1037486289,,,2026-04-16,,,,,,35,⭐ TIER 2 — Strong
SUPREME stores in Tampa Bay,Tampa,Florida,USA,https://www.shopenauer.com/en/brand/supreme/tampa-bay,@supremenewyork,,5682063865,,,2026-04-16,,,,,,25,⭐ TIER 2 — Strong
New furry supreme in stock we have a couple left tap ...,Tampa,Florida,USA,https://www.instagram.com/p/DR7mxEoj-3p/,@rsrc.php,,1037486289,,,2026-04-16,,,,,,25,⭐ TIER 2 — Strong
All - Shop,Tampa,Florida,USA,https://us.supreme.com/collections/all,,,1421991361,,,2026-04-16,,,,,,15,📋 TIER 3 — Warm
RHUDE stores in Tampa Bay,Tampa,Florida,USA,https://www.shopenauer.com/en/brand/rhude/tampa-bay,@shopenauer_official,,5682063865,,,2026-04-16,,,,,,30,⭐ TIER 2 — Strong
Shop Rhude Online,Tampa,Florida,USA,https://www.nordstrom.com/brands/rhude--18936?srsltid=AfmBOop2z1jVrMlI3RNHFXKcvvaeAHzu7EkKuiunpg6jjovTzTZK6pyI,@4GfJ,,123456789,,,2026-04-16,,,,,,30,⭐ TIER 2 — Strong
R H U D E,Tampa,Florida,USA,https://rh-ude.com/?srsltid=AfmBOor6d7oLwt95k3tY6zNelkCSmeo5_IMQZJO_K_AiMbdBQMDuQQdu,@rhude,,1613580349,,,2026-04-16,,,,,,30,⭐ TIER 2 — Strong
WestShore Plaza,Tampa,Florida,USA,https://www.hottopic.com/store-details?StoreId=0797&srsltid=AfmBOoopECcjGDJNhAMk5eOoBh6ozW-yKZZDK7V3UrONOMoAUrIxz_f_,@hottopic,htonline@hottopic.com,1776355247,,,2026-04-16,,,,,,-20,❄️ TIER 4 — Cold
Tampa bay designer world,Tampa,Florida,USA,https://813designerworld.com/,@font,,1329837617,,,2026-04-16,,,,,,10,📋 TIER 3 — Warm
Foreign Citizen (@ishopforeign) · Tampa,Tampa,Florida,USA,https://www.instagram.com/ishopforeign/?hl=en,@ishopforeign,,1037486289,,,2026-04-16,,,,,,-30,❄️ TIER 4 — Cold
New Valley Dream just landed 🌴✨ Vale Forever energy,Tampa,Florida,USA,https://www.instagram.com/p/DUs7KPVAHel/,@rsrc.php,,1037486289,,,2026-04-16,,,,,,30,⭐ TIER 2 — Strong
The new Vale drop is live. Limited stock available! Secure ...,Tampa,Florida,USA,https://www.instagram.com/reel/DO165ZYD4qu/,@rsrc.php,,1037486289,,,2026-04-16,,,,,,-30,❄️ TIER 4 — Cold
Vale Forever Glory Tee Available in store Hours: Mon-Sat ...,Tampa,Florida,USA,https://www.instagram.com/p/DL8Bbd0JYmx/,@rsrc.php,,1037486289,,,2026-04-16,,,,,,30,⭐ TIER 2 — Strong
Home - Val's Home Decor / Tampa's Premier Home Decor Store,Tampa,Florida,USA,https://valshomedecor.com/,@valshomedecor,valshomedecor@gmail.com,1813963671,,,2026-04-16,,,,,,-20,❄️ TIER 4 — Cold
Vale Forever is a contemporary American streetwear ...,Tampa,Florida,USA,https://www.instagram.com/p/DJcz4Vox71m/,@rsrc.php,,1037486289,,,2026-04-16,,,,,,30,⭐ TIER 2 — Strong
Vale Lives Forever 🦅 (@valelives) - Instagram,Tampa,Florida,USA,https://www.instagram.com/valelives/,@valelives,,1037486289,,,2026-04-16,,,,,,-30,❄️ TIER 4 — Cold
"Shop Vale Forever - Premium Hoodies, Shirts, Jeans & Jackets",Tampa,Florida,USA,https://valeforeverofficial.com/,,,,,,2026-04-16,,,,,,20,⭐ TIER 2 — Strong
New Vale Drop! ⭐️ Available In Store and Online!,Tampa,Florida,USA,https://www.instagram.com/reel/C6UEWCiL0zi/,@rsrc.php,,1037486289,,,2026-04-16,,,,,,-30,❄️ TIER 4 — Cold
"Up close & personal Every stitch, every detail — the newest ...",Tampa,Florida,USA,https://www.instagram.com/iconflorida/reel/DT26a2XAJTQ/?hl=he,@rsrc.php,,1037486289,,,2026-04-16,,,,,,-30,❄️ TIER 4 — Cold
"Valley Dream x Vale Forever vibes all day 🌄♾️ Clean tee, ...",Tampa,Florida,USA,https://www.instagram.com/p/DT5a36UgMU9/,@rsrc.php,,1037486289,,,2026-04-16,,,,,,30,⭐ TIER 2 — Strong
"Vale Forever Clothing - Hoodie, Shirt, Shorts & Jeans for ...",Tampa,Florida,USA,https://vale-clothing.com/,@media,,1776617013,,,2026-04-16,,,,,,30,⭐ TIER 2 — Strong
Downtown Tampa - Vale Health Kitchen,Tampa,Florida,USA,https://valehealthykitchen.com/pages/downtown-tampa,@valehealthykitchen,stephen@gointegral.co,1759853849,,,2026-04-16,,,,,,-20,❄️ TIER 4 — Cold
Order Vale Healthy Kitchen (Tampa) - Menu & Prices,Tampa,Florida,USA,https://www.ubereats.com/store/vale-healthy-kitchen-tampa/yFrUY_KIRb2uhieU4gzMIw?srsltid=AfmBOopQz4bO4BnKukY4mv7tX-1_AxIyqd2l_AYiI4dSomQd-huKuMNX,@ubereats,,065-4057625,,,2026-04-16,,,,,,-30,❄️ TIER 4 — Cold
"Order Vale Healthy Kitchen - Tampa, FL Menu Delivery ...",Tampa,Florida,USA,https://www.doordash.com/en/store/vale-healthy-kitchen-tampa-739986/?srsltid=AfmBOorZijGQTIERHJBr-wpKoUYnN_CZUdm90yrxoF5Ose-uUGTezBH5,,,,,,2026-04-16,,,,,,-40,❄️ TIER 4 — Cold
"Valefoodco_tampa (@valefoodco_tampa) · Tampa, FL",Tampa,Florida,USA,https://www.instagram.com/valefoodco_tampa/,@valefoodco_tampa,,1037486289,,,2026-04-16,,,,,,-30,❄️ TIER 4 — Cold
"Culture of Fame | Authentic Apparel & Footwear in Tampa, FL",Tampa,Florida,USA,https://cultureoffame.com/,@cultureoffame,,1272893772,,,2026-04-16,,,,,,10,📋 TIER 3 — Warm
Entourage (@entouragekicksandgear),Tampa,Florida,USA,https://www.instagram.com/entouragekicksandgear/?hl=en,@onyxbyentourage,,1037486289,,,2026-04-16,,,,,,10,📋 TIER 3 — Warm
Fresh Rags FL - Streetwear Clothes & Footwear Store,Tampa,Florida,USA,https://freshragsfl.com/?srsltid=AfmBOor93l0ddYTQ9wqcDZRVmStyT4Ws64XKoApa8Mf7Wv7vKQuHJufh,@freshrags,info@freshragsfl.com,1752246950,,,2026-04-16,,,,,,20,⭐ TIER 2 — Strong
Entourage Streetwear | Premium Streetwear and Shoes,Tampa,Florida,USA,https://entouragestreetwear.com/,@font,,4900651358,,,2026-04-16,,,,,,10,📋 TIER 3 — Warm
A Sneaker City Tampa (@asneakercitytampa),Tampa,Florida,USA,https://www.instagram.com/asneakercitytampa/,@asneakercitytampa,,1037486289,,,2026-04-16,,,,,,10,📋 TIER 3 — Warm
Impossible Kicks,Tampa,Florida,USA,https://impossiblekicks.com/?srsltid=AfmBOoo65HTOArEU3fgNo89KUzllckOOb9G3RbTggbRz-D1rPF7YIKWo,,,,,,2026-04-16,,,,,,0,❄️ TIER 4 — Cold
On Point has officially opened our 4th location at Tampa ...,Tampa,Florida,USA,https://www.instagram.com/reel/DNgNK2Tt33t/,@rsrc.php,,1037486289,,,2026-04-16,,,,,,-30,❄️ TIER 4 — Cold
"Culture of Fame | Authentic Apparel & Footwear in Tampa, ...",Tampa,Florida,USA,https://cultureoffame.com/,@cultureoffame,,1272893772,,,2026-04-16,,,,,,10,📋 TIER 3 — Warm
Soleciety,Tampa,Florida,USA,https://solecietyshop.com/?srsltid=AfmBOopAf797FsuSjofw-NymjM4isl2kFHcDPBKm2Uw1-rwu8l-481WG,@Soleciety_,,8083580528,,,2026-04-16,,,,,,-30,❄️ TIER 4 — Cold
Westshore Plaza - Tampa,Tampa,Florida,USA,https://stores.finishline.com/fl/tampa/westshore-plaza.html,@finishline,,(813) 281-1843,,,2026-04-16,,,,,,-30,❄️ TIER 4 — Cold
For the Bay Clothing Co.: For the Bay Clothing Company ...,Tampa,Florida,USA,https://www.forthebayclothingco.com/?srsltid=AfmBOooUFGhqnKuVAmCms8NMrgBf7djgDgjt9jI8ZH8dUh_MTMxq61da,@forthebayclothingco,Dave@4TBClothingCo.com,4527422579,,,2026-04-16,,,,,,20,⭐ TIER 2 — Strong
HELLSTAR AVAILABLE IN STORE AND ONLINE,Fort Lauderdale,Florida,USA,https://www.instagram.com/p/DA3xcdDPneI/,@rsrc.php,,1037486289,,,2026-04-16,,,,,,35,⭐ TIER 2 — Strong
"Medium & Large 📍 3920 Riverland Rd, Fort Lauderdale, FL ...",Fort Lauderdale,Florida,USA,https://www.instagram.com/p/C93Dv-6yzo8/,@rsrc.php,,1037486289,,,2026-04-16,,,,,,-30,❄️ TIER 4 — Cold
Hellstar - FTL- Cold Shoulder Kicks,Fort Lauderdale,Florida,USA,https://cskicksftl.com/collections/hellstar?srsltid=AfmBOop6awCDayuer3y9qanrenfJLV_-sFFZ-l45B29XjSkArp6N48Cw,@coldshoulderkicksftl,,1725024684,,,2026-04-16,,,,,,35,⭐ TIER 2 — Strong
SNEAK PEEK LUXURY | Sneakers & Streetwear 👟 | 💫 Hellstar ...,Fort Lauderdale,Florida,USA,https://www.instagram.com/reel/DKhVoN-OFww/,@rsrc.php,,1037486289,,,2026-04-16,,,,,,35,⭐ TIER 2 — Strong
BADLAB opening April 11th pickup a new pair of shoes or a ...,Fort Lauderdale,Florida,USA,https://www.instagram.com/reel/DWeg6y7gIPZ/,@rsrc.php,,1037486289,,,2026-04-16,,,,,,-30,❄️ TIER 4 — Cold
HELLSTAR - Heat Waves,Fort Lauderdale,Florida,USA,https://www.heatwaves.store/shop/hellstar/48,@media,13e49d785d8d4f828038b6136f3b48ba@sentry.io,2761652914,,,2026-04-16,,,,,,45,🔥 TIER 1 — Hot
HELLSTAR - HYP Miami,Fort Lauderdale,Florida,USA,https://hypmiami.com/collections/hellstar?srsltid=AfmBOoocj5G5i2sDvWE29kWVe4xwy-wAqFzXoURRJfFuJlckENdZbzBw,@hypmiami,customerservice@hypmiami.com,1754598013,,,2026-04-16,,,,,,45,🔥 TIER 1 — Hot
Shop All,Fort Lauderdale,Florida,USA,https://hellstar.com/collections/shop-all,@HELLSTAR,,5230780330,,,2026-04-16,,,,,,35,⭐ TIER 2 — Strong
NEW HELLSTAR GOING OUT NOW ...,Fort Lauderdale,Florida,USA,https://www.instagram.com/p/C4lWd77roLR/,@rsrc.php,,1037486289,,,2026-04-16,,,,,,35,⭐ TIER 2 — Strong
"Home Supreme Marine Inc. Fort Lauderdale, FL (954) 797-1818",Fort Lauderdale,Florida,USA,https://www.suprememarineinc.com/,@suprememarineinc,jquery@1.12.1,(954) 797-1818,,,2026-04-16,,,,,,25,⭐ TIER 2 — Strong
Supreme International Corporation,Fort Lauderdale,Florida,USA,https://www.encyclopedia.com/books/politics-and-business-magazines/supreme-international-corporation,@media,,(305) 592-2830,,,2026-04-16,,,,,,25,⭐ TIER 2 — Strong
Supreme Men's Wear,Fort Lauderdale,Florida,USA,https://www.linkedin.com/company/supreme-men's-wear,@linkedin,,1693196074,,,2026-04-16,,,,,,25,⭐ TIER 2 — Strong
About Us - We Have Our Standards,Fort Lauderdale,Florida,USA,https://www.suprememarineinc.com/aboutus,@suprememarineinc,jquery@1.12.1,(954) 797-1818,,,2026-04-16,,,,,,25,⭐ TIER 2 — Strong
Stockists,Fort Lauderdale,Florida,USA,https://rh-ude.com/pages/stockists-1?srsltid=AfmBOoqenbutnm8GGYc-9E5qfHMVLyaBV9vzvEb2b2MwaHMpWdMcSsQs,@rhude,,1613580349,,,2026-04-16,,,,,,30,⭐ TIER 2 — Strong
R H U D E - FTL- Cold Shoulder Kicks,Fort Lauderdale,Florida,USA,https://cskicksftl.com/collections/r-h-u-d-e?srsltid=AfmBOopHYqb4dS8yFUW82QuOyfy9vWpHtGLzGtxjdQR0kj1e3m-nWcAf,@coldshoulderkicksftl,,1725024684,,,2026-04-16,,,,,,10,📋 TIER 3 — Warm
Shop Rhude Online,Fort Lauderdale,Florida,USA,https://www.nordstrom.com/brands/rhude--18936?srsltid=AfmBOoqWLUub5sNaGUsTp29qWQk1fUEnW-kkEBwYstYw8ZdbqUBwVNbE,@4GfJ,,123456789,,,2026-04-16,,,,,,30,⭐ TIER 2 — Strong
R H U D E,Fort Lauderdale,Florida,USA,https://rh-ude.com/?srsltid=AfmBOorwCZj9DK_-vrAfQq60fsbcRoF0Dn6tYhdx1l-JAmLMTKH8x22r,@rhude,,1613580349,,,2026-04-16,,,,,,30,⭐ TIER 2 — Strong
RHUDE - HYP Miami,Fort Lauderdale,Florida,USA,https://hypmiami.com/collections/rhude?srsltid=AfmBOoqyt-gF05gbKP0mKPZwoDDSpXDwj-aanrAGTLBnZrJ5EAwEgI8y,@hypmiami,customerservice@hypmiami.com,1754598013,,,2026-04-16,,,,,,40,🔥 TIER 1 — Hot
Shop RHUDE Streetwear | Luxury Style,Fort Lauderdale,Florida,USA,https://www.stadiumgoods.com/collections/streetwear-other-brands-rhude?srsltid=AfmBOopizKX4hp0uujH3CsUToYOzB6ptJOYT7lCPysjaEbWN02DVTTWf,@stadiumgoods,hello@shopmail.stadiumgoods.com,8070339516,,,2026-04-16,,,,,,40,🔥 TIER 1 — Hot
"Heat Check: Rhude, Triple Sevens ...",Fort Lauderdale,Florida,USA,https://www.instagram.com/p/DND8aAVObRA/,@rsrc.php,,1037486289,,,2026-04-16,,,,,,30,⭐ TIER 2 — Strong
VAULT FORT LAUDERDALE (@vlt.ftl),Fort Lauderdale,Florida,USA,https://www.instagram.com/vlt.ftl/,@vlt.ftl,,1037486289,,,2026-04-16,,,,,,-30,❄️ TIER 4 — Cold
VALE FOREVER 🤩 - All sizes available in store and online!,Fort Lauderdale,Florida,USA,https://www.instagram.com/p/DCUl_PcvBEw/,@rsrc.php,,1037486289,,,2026-04-16,,,,,,30,⭐ TIER 2 — Strong
Vale Lives Forever 🦅 (@valelives),Fort Lauderdale,Florida,USA,https://www.instagram.com/valelives/,@valelives,,1037486289,,,2026-04-16,,,,,,-30,❄️ TIER 4 — Cold
VALE FOOD CO,Fort Lauderdale,Florida,USA,https://www.visitlauderdale.com/listing/vale-food-co/18537/,@valefoodco,ftl@valefoodco.com,4994548667,,,2026-04-16,,,,,,-20,❄️ TIER 4 — Cold
"VAULT FORT LAUDERDALE on Instagram: ""VLT Fort ...",Fort Lauderdale,Florida,USA,https://www.instagram.com/reel/C6HU8aKu9pC/,@rsrc.php,,1037486289,,,2026-04-16,,,,,,-30,❄️ TIER 4 — Cold
Fort Lauderdale,Fort Lauderdale,Florida,USA,https://valehealthykitchen.com/pages/fort-lauderdale,@valehealthykitchen,stephen@gointegral.co,1759853849,,,2026-04-16,,,,,,-20,❄️ TIER 4 — Cold
Vale Healthy Kitchen 420 North Federal Highway,Fort Lauderdale,Florida,USA,https://order.online/store/vale-healthy-kitchen-federal-hwy-601624,,,,,,2026-04-16,,,,,,-40,❄️ TIER 4 — Cold
"Fort Lauderdale on Instagram: ""VALE FOREVER 🤩",Fort Lauderdale,Florida,USA,https://www.instagram.com/p/DCUl_PcvBEw/,@coldshoulderkicksftl,,1037486289,,,2026-04-16,,,,,,30,⭐ TIER 2 — Strong
"Vale Food Co Reviews - 420 N Federal Hwy, Fort ...",Fort Lauderdale,Florida,USA,https://www.grubhub.com/restaurant/vale-food-co-420-n-federal-hwy-fort-lauderdale/1096039/reviews,,,1744684421,,,2026-04-16,,,,,,-40,❄️ TIER 4 — Cold
FTL- Cold Shoulder Kicks: High-end sneaker & clothing ...,Fort Lauderdale,Florida,USA,https://cskicksftl.com/?srsltid=AfmBOooCbFSiTvkiEQiJszMZM_5gzZswDXvyqbq7n2YqS9p0Bj8oo7cx,@coldshoulderkicksftl,,1725024684,,,2026-04-16,,,,,,10,📋 TIER 3 — Warm
Island Style: Luxury Fashion Boutique at Fort Lauderdale ...,Fort Lauderdale,Florida,USA,https://islandstylefl.com/,,,,,,2026-04-16,,,,,,0,❄️ TIER 4 — Cold
High-End Shopping Experiences in South Florida,Fort Lauderdale,Florida,USA,https://jatinagroup.com/details/high-end-shopping-experiences-in-south-florida,@jatinagroup,,4174028012,,,2026-04-16,,,,,,-30,❄️ TIER 4 — Cold
THE VAULT,Fort Lauderdale,Florida,USA,https://thevaultfl.com/,@font,,1746470621,,,2026-04-16,,,,,,-30,❄️ TIER 4 — Cold
Galleria Mall at Fort Lauderdale,Fort Lauderdale,Florida,USA,https://stores.finishline.com/fl/ftlauderdale/galleria-mall-at-fort-lauderdale.html,@finishline,,(954) 568-7886,,,2026-04-16,,,,,,-30,❄️ TIER 4 — Cold
"Running Wild, Fort Lauderdale's Store for Runners and Walkers",Fort Lauderdale,Florida,USA,https://runningwild.com/,@runningwildftl,,1519871334,,,2026-04-16,,,,,,-30,❄️ TIER 4 — Cold
"Cold Shoulder Kicks - Fort Lauderdale, FL",Fort Lauderdale,Florida,USA,https://www.instagram.com/coldshoulderkicksftl/,@stableronaldo,,1037486289,,,2026-04-16,,,,,,10,📋 TIER 3 — Warm
Fresh Rags FL - Streetwear Clothes & Footwear Store,Fort Lauderdale,Florida,USA,https://freshragsfl.com/?srsltid=AfmBOooNGrsdmXE2twRVVbEWK0aiCwJ6QBmy98LSDPBKtTd8K87iOgua,@freshrags,info@freshragsfl.com,1752246950,,,2026-04-16,,,,,,20,⭐ TIER 2 — Strong
Hellstar Records Tee Cream,Jacksonville,Florida,USA,https://duvalkickz.com/products/untitled-aug19_11-24,@duval.kickz,,5536559929,,,2026-04-16,,,,,,35,⭐ TIER 2 — Strong
SOUL2SOLE | NEW HELLSTAR 🌟 NOW INSTOCK‼️ ...,Jacksonville,Florida,USA,https://www.instagram.com/p/C-3OwLOvOUC/,@rsrc.php,,1037486289,,,2026-04-16,,,,,,35,⭐ TIER 2 — Strong
Duval.Kickz,Jacksonville,Florida,USA,https://duvalkickz.com/,@duval.kickz,,5536559929,,,2026-04-16,,,,,,-30,❄️ TIER 4 — Cold
Jacksonville Footwear & Apparel Store | Gateway Town ...,Jacksonville,Florida,USA,https://locations.dtlr.com/fl/jacksonville/gateway-town-center.html,@dtlrofficial,custserv@dtlr.com,1537521453,,,2026-04-16,,,,,,20,⭐ TIER 2 — Strong
Hellstar Clothing | Tees Hoodies Long Sleeves,Jacksonville,Florida,USA,https://www.stadiumgoods.com/collections/hellstar?srsltid=AfmBOoqSkLne2AlUAHjt_HMIJ2ofzfSZj97n9cJwe7uj4Jlad7_5Suc4,@stadiumgoods,hello@shopmail.stadiumgoods.com,8070339516,,,2026-04-16,,,,,,45,🔥 TIER 1 — Hot
Hellstar 'The Future Is Hellstar' Eye Tee (1996) Size M,Jacksonville,Florida,USA,https://www.instagram.com/p/DWO1kGujfs-/,@rsrc.php,,1037486289,,,2026-04-16,,,,,,35,⭐ TIER 2 — Strong
"on Instagram: ""Quick meetup for a Hellstar Tee #explorepage ...",Jacksonville,Florida,USA,https://www.instagram.com/reel/DWaIKzjjaTu/,@rsrc.php,,1037486289,,,2026-04-16,,,,,,35,⭐ TIER 2 — Strong
Hellstar shirts are in!!!! Dm me VENDOR to get started today ...,Jacksonville,Florida,USA,https://www.instagram.com/reel/DXAZBw4D5zp/,@rsrc.php,,1037486289,,,2026-04-16,,,,,,35,⭐ TIER 2 — Strong
Supreme Auto & Finance LLC: HOME,Jacksonville,Florida,USA,https://www.supremeautofinance.com/,,,,,,2026-04-16,,,,,,15,📋 TIER 3 — Warm
"Supreme S and V Shop | Jacksonville, FL | Vape Shop | 5",Jacksonville,Florida,USA,https://www.fivestars.com/business/FL/Jacksonville/Vape-Shop/Supreme-S-and-V-Shop/00bf64f4e8fa4c4a90fe8860525a401a/,@fivestars,,844-893-1456,,,2026-04-16,,,,,,25,⭐ TIER 2 — Strong
"Supreme Smoke And Vape Shop - Reviews, Photos & Phone ...",Jacksonville,Florida,USA,https://supreme-smoke-and-vape-shop.wheree.com/,,,,,,2026-04-16,,,,,,15,📋 TIER 3 — Warm
"High Quality Car Inventory in Jacksonville, FL",Jacksonville,Florida,USA,https://www.supremeautofinance.com/inventory/,,,,,,2026-04-16,,,,,,15,📋 TIER 3 — Warm
Rhude,Jacksonville,Florida,USA,https://timeless-sneakers.com/collections/rhude-1,@shopify,,6055595238,,,2026-04-16,,,,,,30,⭐ TIER 2 — Strong
Shop Rhude Online,Jacksonville,Florida,USA,https://www.nordstrom.com/brands/rhude--18936?srsltid=AfmBOooLnpo6YAyRcMND52XIhL-3koIEAUXjWK22Zxpivq1Dj7jB9HwO,@4GfJ,,123456789,,,2026-04-16,,,,,,30,⭐ TIER 2 — Strong
R H U D E,Jacksonville,Florida,USA,https://rh-ude.com/?srsltid=AfmBOoorQ4PkZdzvympglNOsQhV7nhW3sKcUu0y6bLkD6VW9Ru-QiLmS,@rhude,,1613580349,,,2026-04-16,,,,,,30,⭐ TIER 2 — Strong
Rosenblum's - Luxury Men's Clothing in Jacksonville | Est. 1898,Jacksonville,Florida,USA,https://www.rosenblums.com/,@wix,focus-within-polyfill@5.0.9,3694424393,,,2026-04-16,,,,,,10,📋 TIER 3 — Warm
"Dillard's St. Johns Town Center, Jacksonville, Florida",Jacksonville,Florida,USA,https://www.dillards.com/stores/florida/st.-johns-town-center-jacksonville/0230?srsltid=AfmBOoqPl0A54InyLQRjhq_I2ajoVnWk5qq4qLK7SJvcDRvB22wHa3mJ,,,117.1776364,,,2026-04-16,,,,,,-40,❄️ TIER 4 — Cold
SHOP ALL,Jacksonville,Florida,USA,https://rh-ude.com/collections/shop-all?srsltid=AfmBOore8SaWxCGJXjat-bdhw4ge92GUd0GeihmfOGsSog57wGxZGKhj,@rhude,,1613580349,,,2026-04-16,,,,,,30,⭐ TIER 2 — Strong
"rhude shirts for Sale in Jacksonville, FL",Jacksonville,Florida,USA,https://offerup.com/item/detail/3a8214e1-9a2d-3a5f-aaa3-d6530e498874,@offerup,,2458588754,,,2026-04-16,,,,,,30,⭐ TIER 2 — Strong
"Shop Rhude Clothing Online - T-Shirts, Pants, and More",Jacksonville,Florida,USA,https://feature.com/collections/rhude?srsltid=AfmBOooNCcc05_YGsKlTtqoK4xlhBSmB4Zd4PpcZu-uiPdxaBI-ltECd,@feature,icon-paypal@2x.static.png,1554395407,,,2026-04-16,,,,,,40,🔥 TIER 1 — Hot
New @valelives just in!!!!! Come get them while they are ...,Jacksonville,Florida,USA,https://www.instagram.com/p/DObmgO0kQL8/,@valelives,,1037486289,,,2026-04-16,,,,,,-30,❄️ TIER 4 — Cold
Vale Forever sports tees available. 🥊🏈🏀 All colors and ...,Jacksonville,Florida,USA,https://www.instagram.com/p/DP2EJ7LEvGQ/,@rsrc.php,,1037486289,,,2026-04-16,,,,,,30,⭐ TIER 2 — Strong
Bravo Supermarkets | Locally Owned | Grocery | Online Ordering,Jacksonville,Florida,USA,https://www.bravosupermarkets.com/,@bravo.supermarkets,,1741670242,,,2026-04-16,,,,,,-30,❄️ TIER 4 — Cold
Vape City: Home,Jacksonville,Florida,USA,https://vapecity.us/,,,,,,2026-04-16,,,,,,-40,❄️ TIER 4 — Cold
Vale streetwear Going out! 🇺🇸 Open Till 9PM Buy•Sell,Jacksonville,Florida,USA,https://www.instagram.com/p/DWumBiqFFdm/,@rsrc.php,,1037486289,,,2026-04-16,,,,,,10,📋 TIER 3 — Warm
VALE FOREVER RETURN OF THE VALE BLACK HOODIE,Jacksonville,Florida,USA,https://timeless-sneakers.com/products/vale-forever-return-of-vale-black-hoodie,@shopify,,1736796520,,,2026-04-16,,,,,,30,⭐ TIER 2 — Strong
"Vale Forever | Shop Vale Clothing - Tees, Hoodies, & More",Jacksonville,Florida,USA,https://restockar.com/collections/vale-forever?srsltid=AfmBOoopeCM78gqgqQ2vWyYzezsSKFx1kh2F7PHQ3PUvkUQYQE28Usd5,@restock,splide-extension-auto-scroll@0.5.3,1694813899,,,2026-04-16,,,,,,30,⭐ TIER 2 — Strong
Jacksonville,Jacksonville,Florida,USA,https://valehealthykitchen.com/pages/jacksonville,@valehealthykitchen,stephen@gointegral.co,1759853849,,,2026-04-16,,,,,,-20,❄️ TIER 4 — Cold
Order Vale Healthy Kitchen (Jacksonville) - Menu & Prices,Jacksonville,Florida,USA,https://www.ubereats.com/store/vale-healthy-kitchen-jacksonville/E4hTwCbfRl6DMgbUhyTQUA?srsltid=AfmBOootR73ewxCs9YSYtVJECr2Gjp-0I4Lb8ESCiT2NW80AWIL27dy1,@ubereats,,065-4057625,,,2026-04-16,,,,,,-30,❄️ TIER 4 — Cold
Vale Food Co,Jacksonville,Florida,USA,https://www.visitjacksonville.com/directory/vale-food-co/,@visit_jax,info@valefoodco.com,1772738981,,,2026-04-16,,,,,,-20,❄️ TIER 4 — Cold
Vale Healthy Kitchen - Jacksonville,Jacksonville,Florida,USA,https://www.doordash.com/store/vale-food-co.-jacksonville-470269/?srsltid=AfmBOopVMdcKcN0xQ-cP59gb10fnejq3Rb4dT5Cao0sBqtHUYNc1fBjk,,,,,,2026-04-16,,,,,,-40,❄️ TIER 4 — Cold
BACKSTREET ✮ (@backstreetjax),Jacksonville,Florida,USA,https://www.instagram.com/backstreetjax/,@backstreetjax,,1037486289,,,2026-04-16,,,,,,-30,❄️ TIER 4 — Cold
Swag Shop | Premier Urban Streetwear & Custom Apparel in ...,Jacksonville,Florida,USA,https://swagshopclothing.com/?srsltid=AfmBOoonTsdzjhAgunyAZr2FdUC4E1DfR8wN5RncHD4InXgU77koaDqr,@font,,1724272880,,,2026-04-16,,,,,,10,📋 TIER 3 — Warm
"Designers Closet - A Shopping Center in Jacksonville, FL",Jacksonville,Florida,USA,https://www.simon.com/mall/the-avenues/stores/designers-closet,,,,,,2026-04-16,,,,,,0,❄️ TIER 4 — Cold
Fresh Rags FL - Streetwear Clothes & Footwear Store,Jacksonville,Florida,USA,https://freshragsfl.com/?srsltid=AfmBOoq87Ri0y0Te8Q43GupIWAC3qdlOQ0BlVDwvlpfMd3XzcxALFXah,@freshrags,info@freshragsfl.com,1752246950,,,2026-04-16,,,,,,20,⭐ TIER 2 — Strong
Timeless Sneaker Boutique at The Avenues - Jacksonville,Jacksonville,Florida,USA,https://www.simon.com/mall/the-avenues/stores/timeless-sneaker-boutique,,,,,,2026-04-16,,,,,,0,❄️ TIER 4 — Cold
"CAPTIVATED CLOSET (@captivatedcloset) · Jacksonville, FL",Jacksonville,Florida,USA,https://www.instagram.com/captivatedcloset/,@captivatedcloset,,1037486289,,,2026-04-16,,,,,,-30,❄️ TIER 4 — Cold
St. Johns Town Center - Jacksonville,Jacksonville,Florida,USA,https://stores.jdsports.com/fl/jacksonville/st.-johns-town-center.html,@jdsportsus,,(904) 997-8967,,,2026-04-16,,,,,,-30,❄️ TIER 4 — Cold
Leveled Up Sneaker Boutique (@leveledupstore),Jacksonville,Florida,USA,https://www.instagram.com/leveledupstore/?hl=en,@leveledupstore,,1037486289,,,2026-04-16,,,,,,10,📋 TIER 3 — Warm
Timeless Sneaker Boutique (@timeless.jax),Jacksonville,Florida,USA,https://www.instagram.com/timeless.jax/,@timeless.jax,,1037486289,,,2026-04-16,,,,,,10,📋 TIER 3 — Warm
"🏁Final Lap🏁 (@finallapshop) · Jacksonville, FL",Jacksonville,Florida,USA,https://www.instagram.com/finallapshop/,@finallapshop,,1037486289,,,2026-04-16,,,,,,-30,❄️ TIER 4 — Cold
8103 Clothing,Jacksonville,Florida,USA,https://8103clothing.com/,@8103clothing,,1776280355,,,2026-04-16,,,,,,10,📋 TIER 3 — Warm
Request Boutique,Boca Raton,Florida,USA,https://requestboutique.com/?srsltid=AfmBOoq4txGF5oXStdNqxhyfiU5fevtxuboRwD7pc-eWUda7Ik3zKHy4,@context,info@requestboutique.com,1630524518,,,2026-04-16,,,,,,20,⭐ TIER 2 — Strong
Town Center At Boca Raton - Hollister Stores,Boca Raton,Florida,USA,https://www.hollisterco.com/shop/us/clothing-stores/US/BocaRaton/FL/30412,,,,,,2026-04-16,,,,,,0,❄️ TIER 4 — Cold
"Robert Graham - A Shopping Center in Boca Raton, FL",Boca Raton,Florida,USA,https://www.simon.com/mall/town-center-at-boca-raton/stores/robert-graham,,,,,,2026-04-16,,,,,,-40,❄️ TIER 4 — Cold
Hellstar® | Official Hellstar Clothing Store | Shop Now,Boca Raton,Florida,USA,https://hellstars-store.com/,,,,,,2026-04-16,,,,,,25,⭐ TIER 2 — Strong
HELLSTAR - HYP Miami,Boca Raton,Florida,USA,https://hypmiami.com/collections/hellstar?srsltid=AfmBOopcLTxnfMcZjnMXJ4lByxG1NVPMJkbgMozrUnzGQx9n6iuDwbip,@hypmiami,customerservice@hypmiami.com,1754598013,,,2026-04-16,,,,,,45,🔥 TIER 1 — Hot
#Hellstar 🚨 New sleeveless graphic tee's just arrived. ...,Boca Raton,Florida,USA,https://www.instagram.com/p/DI3wi14tIVe/,@rsrc.php,,1037486289,,,2026-04-16,,,,,,35,⭐ TIER 2 — Strong
New Gear In Store & Online Now! HellStar Pixel L/S Tee sz ...,Boca Raton,Florida,USA,https://www.instagram.com/p/CzWyqb8pIf2/,@rsrc.php,,1037486289,,,2026-04-16,,,,,,35,⭐ TIER 2 — Strong
Brands at Town Center at Boca Raton® - Simon,Boca Raton,Florida,USA,https://www.simon.com/brands/center/town-center-at-boca-raton,,,,,,2026-04-16,,,,,,-40,❄️ TIER 4 — Cold
HellStar Tee Brand New,Boca Raton,Florida,USA,https://www.ebay.com/itm/286011848046,@ebay,,2026041419,,,2026-04-16,,,,,,35,⭐ TIER 2 — Strong
"Supreme Motors – Car Dealer in Boca Raton, FL",Boca Raton,Florida,USA,https://www.suprememotorsusa.net/,,,,,,2026-04-16,,,,,,15,📋 TIER 3 — Warm
Supreme Motors - Boca Raton,Boca Raton,Florida,USA,https://suprememotorsusa.com/,@suprememotorsfla.com,usedcars@suprememotorsfla.com,(954) 561-2499,,,2026-04-16,,,,,,35,⭐ TIER 2 — Strong
SUPREME MOTORS of Boca Raton,Boca Raton,Florida,USA,https://www.braunability.com/us/en/handicap-mobility-van-dealer-locator/dealers/supreme-motors/fl/boca-raton.html,@braunability,js-cookie@3.0.5,800-488-0359,,,2026-04-16,,,,,,25,⭐ TIER 2 — Strong
Handicap Accessible Vans and Mobility ... - Supreme Motors,Boca Raton,Florida,USA,https://suprememotorsusa.com/autos?body_style=Conversion%20Van,@suprememotorsfla.com,usedcars@suprememotorsfla.com,(954) 561-2499,,,2026-04-16,,,,,,35,⭐ TIER 2 — Strong
"Supreme Deals Inc Company Profile | Boca Raton, Florida",Boca Raton,Florida,USA,https://www.dnb.com/business-directory/company-profiles.supreme_deals_inc.b3c0a85f08df1ec10714e8f571593872.html,,,,,,2026-04-16,,,,,,15,📋 TIER 3 — Warm
Supreme Motors,Boca Raton,Florida,USA,https://www.blvd.com/wheelchair-van-dealers/supreme-motors,,,118-1764695,,,2026-04-16,,,,,,15,📋 TIER 3 — Warm
The Boca Raton,Boca Raton,Florida,USA,https://www.rhone.com/locations/the-boca-raton/?srsltid=AfmBOoq5F7faQWv-a3kFBNH9xXv22WF1Tgn3c836WBmmyj7p5tc1wXaj,,,,,,2026-04-16,,,,,,-40,❄️ TIER 4 — Cold
R H U D E,Boca Raton,Florida,USA,https://rh-ude.com/?srsltid=AfmBOopYtA9G_t8TiVLPzrK7wAk8y3R-uNdqzXVmc3jf-d-I5wbaXMw9,@rhude,,1613580349,,,2026-04-16,,,,,,30,⭐ TIER 2 — Strong
Raise The Bar Menswear: From the beach to black tie,Boca Raton,Florida,USA,https://rtbboca.com/,@media,RTB_Logo_245x@2x.png,1626800338,,,2026-04-16,,,,,,-20,❄️ TIER 4 — Cold
Shop Rhude Online,Boca Raton,Florida,USA,https://www.nordstrom.com/brands/rhude--18936?srsltid=AfmBOopmXq0QOXG7wC5Hbe4d5uPPniyuE9JT53zROXAv7aZTzAhb7A6N,@4GfJ,,123456789,,,2026-04-16,,,,,,30,⭐ TIER 2 — Strong
Request Boutique Boca (@requestboutiquebocaraton),Boca Raton,Florida,USA,https://www.instagram.com/requestboutiquebocaraton/,@requestboutiquebocaraton,,1037486289,,,2026-04-16,,,,,,10,📋 TIER 3 — Warm
Rhude Collection SS 2026,Boca Raton,Florida,USA,https://www.giglio.com/en-us/rhude/?srsltid=AfmBOoqJAp0U_VFzF_KJbMwzn35p7XAbqMhyUfUI8w0wilcvLUUO-VLV,,,1776364945,,,2026-04-16,,,,,,20,⭐ TIER 2 — Strong
SHOP ALL,Boca Raton,Florida,USA,https://rh-ude.com/collections/shop-all?srsltid=AfmBOorsNM6yKUxmbSQzqZ1tt7n3hooLVLDGyk6SZvzmvlBxStJKUw79,@rhude,,1613580349,,,2026-04-16,,,,,,30,⭐ TIER 2 — Strong
RH Outlet Boca Raton - RH Teen,Boca Raton,Florida,USA,https://rhteen.rh.com/ca/en/store-locations/654.jsp,@rh.com.,,,,,2026-04-16,,,,,,-30,❄️ TIER 4 — Cold
Contact Us,Boca Raton,Florida,USA,https://rh-ude.com/pages/contact-us?srsltid=AfmBOorKnzc3BNiBcS4_bOE0Apd3xSbeoeWKfCEIWk7AC457LT2npZbH,@rhude,ORDERS@RH-UDE.COM,1613580349,,,2026-04-16,,,,,,40,🔥 TIER 1 — Hot
STORES,Boca Raton,Florida,USA,https://www.valeforever.com/pages/stores?srsltid=AfmBOoqxYLYvi1gseNYO6I5_ZmoPsxRryKM3XCEaQjhiqz4Ree4MugmJ,@valelivesnyc,,1774299210,,,2026-04-16,,,,,,-30,❄️ TIER 4 — Cold
VALE FOOD COMPANY NOW OPEN AT BOCA CENTER,Boca Raton,Florida,USA,https://bocacenter.com/f/vale-food-company,@bocacenter,eben@eyebytes.com,2744186046,,,2026-04-16,,,,,,-20,❄️ TIER 4 — Cold
Our Stores & Stockists,Boca Raton,Florida,USA,https://thisisthegreat.com/pages/stores-page?srsltid=AfmBOoqrMVD2n8ENsJ-AEzXGNk4mzUYoZ8-upX5qJRwukN0DmBVzTv2k,@thisisthegreat_,lido@thisisthegreat.com,1727777490,,,2026-04-16,,,,,,-20,❄️ TIER 4 — Cold
Store Locator,Boca Raton,Florida,USA,https://toccin.com/pages/store-locator?srsltid=AfmBOoqU6jE1AIdcY9kWiFwnRjFIKVgyTILpbn9ey8xT3qL3zuONzz5h,@toccin.official,info@toccin.com,1728374585,,,2026-04-16,,,,,,-20,❄️ TIER 4 — Cold
Vale Forever - HYP Miami,Boca Raton,Florida,USA,https://hypmiami.com/collections/vale-forever?srsltid=AfmBOooS23vTbVayijYSmL8NgdulFrZPUTMH_hcA4LUzPAmpg1HiGV7Z,@hypmiami,customerservice@hypmiami.com,1754598013,,,2026-04-16,,,,,,40,🔥 TIER 1 — Hot
Vale Forever garments now available in multiple styles in ...,Boca Raton,Florida,USA,https://www.instagram.com/p/DLaVNBOxvsl/,@rsrc.php,,1037486289,,,2026-04-16,,,,,,30,⭐ TIER 2 — Strong
Boca Raton,Boca Raton,Florida,USA,https://valehealthykitchen.com/pages/location-boca-raton,@valehealthykitchen,stephen@gointegral.co,1759853849,,,2026-04-16,,,,,,-20,❄️ TIER 4 — Cold
Order Vale Healthy Kitchen (Boca Raton) - Menu & Prices,Boca Raton,Florida,USA,https://www.ubereats.com/store/vale-healthy-kitchen-boca-raton/0bHelB6RW6q8xO4azlGmFQ?srsltid=AfmBOoqzxmTARqjuZkwosiY2HR-zkU--SXBTX1sUHQeu3hvSGd5lDb5t,@ubereats,,065-4057625,,,2026-04-16,,,,,,-30,❄️ TIER 4 — Cold
"Order Vale Healthy Kitchen - Boca Raton, FL ...",Boca Raton,Florida,USA,https://www.doordash.com/store/vale-healthy-kitchen-boca-raton-25754904/?srsltid=AfmBOopp3_9r_4IZjTzXkEmiOE5VA-4bbdyZfc4P7eexFUwOT00ul-vr,,,,,,2026-04-16,,,,,,-40,❄️ TIER 4 — Cold
Vale Food Co Opens in Boca,Boca Raton,Florida,USA,https://bocamag.com/vale-food-co-opens-in-boca/,@bocamag,production@bocamag.com,9999999999,,,2026-04-16,,,,,,-20,❄️ TIER 4 — Cold
Order Vale Healthy Kitchen (Boca Raton) Delivery Online,Boca Raton,Florida,USA,https://postmates.com/store/vale-healthy-kitchen-boca-raton/0bHelB6RW6q8xO4azlGmFQ,,,,,,2026-04-16,,,,,,-40,❄️ TIER 4 — Cold
"Edikted - A Shopping Center in Boca Raton, FL - Simon",Boca Raton,Florida,USA,https://www.simon.com/mall/town-center-at-boca-raton/stores/edikted,,,,,,2026-04-16,,,,,,-40,❄️ TIER 4 — Cold
Addict - Bal Harbour Shops Pop-up,Boca Raton,Florida,USA,https://www.balharbourshopspopup.com/brand/addict/,@balharbourshops_popup,,1527340294,,,2026-04-16,,,,,,-30,❄️ TIER 4 — Cold
Our Locations,Boca Raton,Florida,USA,https://www.revivalboutiques.com/pages/our-locations,@media,revival-logo_1_600x@2x.png,7764205678,,,2026-04-16,,,,,,20,⭐ TIER 2 — Strong
Request Boutique Boca | Request The Place Where Everyone ...,Boca Raton,Florida,USA,https://www.instagram.com/reel/DPUcljljbjI/,@rsrc.php,,1037486289,,,2026-04-16,,,,,,10,📋 TIER 3 — Warm
"Wish & Shoes Boca Raton, Florida",Boca Raton,Florida,USA,https://www.wishandshoes.com/wish-shoes-boca-raton-florida/,,,,,,2026-04-16,,,,,,-40,❄️ TIER 4 — Cold
"Request Boutique - A Shopping Center in Boca Raton, FL",Boca Raton,Florida,USA,https://www.simon.com/mall/town-center-at-boca-raton/stores/request-boutique,,,,,,2026-04-16,,,,,,0,❄️ TIER 4 — Cold
Social Status | Contemporary Menswear & Footwear,Boca Raton,Florida,USA,https://www.socialstatuspgh.com/?srsltid=AfmBOoqpOah2MriaWekNTnR-F82M2VGcIQxecj303jEcLC2FCR0uLEs5,@thesocialstatus,fancybox@3.5.7,1750102237,,,2026-04-16,,,,,,-30,❄️ TIER 4 — Cold
https://www.revivalboutiques.com/ – Revival Boutique,Boca Raton,Florida,USA,https://www.revivalboutiques.com/,@revivalboutiques,revival-logo_1_600x@2x.png,7764205678,,,2026-04-16,,,,,,20,⭐ TIER 2 — Strong
Fancy James Boutique Ⓡ (@fancyjamesboutique),Boca Raton,Florida,USA,https://www.instagram.com/fancyjamesboutique/,@fancyjames,,1037486289,,,2026-04-16,,,,,,10,📋 TIER 3 — Warm
Jessie Boutique: Jessie a Fashion Boutique,Boca Raton,Florida,USA,https://jessieboutique.com/?srsltid=AfmBOorGHyQaP8OCGYmxQBzm6HGHu-3gWzPhW_ALBSCBfuc5RYSPRor1,@jessieboutique,CS@JESSIEBOUTIQUE.COM,1613526311,,,2026-04-16,,,,,,20,⭐ TIER 2 — Strong
New Boutiques To Visit Around Town - Boca Raton ...,Boca Raton,Florida,USA,https://bocamag.com/new-boutiques-to-visit-around-town/,@roomeightstudio,production@bocamag.com,4021622051,,,2026-04-16,,,,,,20,⭐ TIER 2 — Strong
Etiquette Boutique,Boca Raton,Florida,USA,https://etiquetteboutique.com/,@layer,hello@etiquetteboutique.com,9999999999,,,2026-04-16,,,,,,20,⭐ TIER 2 — Strong
Boca Raton Shoe & Sneaker Store | Boca Town Center JD ...,Boca Raton,Florida,USA,https://stores.jdsports.com/fl/bocaraton/boca-town-center.html,@jdsportsus,,(561) 210-0422,,,2026-04-16,,,,,,10,📋 TIER 3 — Warm
ggdb / boca raton town center,Boca Raton,Florida,USA,https://www.goldengoose.com/us/en/stores/boca-raton/118,@goldengoose,accessibility.info@goldengoose.com,1776353947,,,2026-04-16,,,,,,-20,❄️ TIER 4 — Cold
Urban Wear Connection (@urbanwearconnection),Boca Raton,Florida,USA,https://www.instagram.com/urbanwearconnection/,@urbanwearconnection,,1037486289,,,2026-04-16,,,,,,-30,❄️ TIER 4 — Cold
best prices in south florida available in-store and online,West Palm Beach,Florida,USA,https://www.instagram.com/p/C6wb8aKOpk8/,@rsrc.php,,1037486289,,,2026-04-16,,,,,,-30,❄️ TIER 4 — Cold
"Atlas 🔝 Supplier (@atlasresells) · West Palm Beach, FL",West Palm Beach,Florida,USA,https://www.instagram.com/atlasresells/,@atlasresells,,1037486289,,,2026-04-16,,,,,,-30,❄️ TIER 4 — Cold
West Palm Beach (FL),West Palm Beach,Florida,USA,https://locations.dtlr.com/fl/westpalmbeach/west-palm-beach-fl.html,@dtlrofficial,custserv@dtlr.com,1537521453,,,2026-04-16,,,,,,-20,❄️ TIER 4 — Cold
Hellstar Studios,West Palm Beach,Florida,USA,https://bullseyesb.com/collections/hellstar?srsltid=AfmBOoo1Y3FWmY4EmXxo4iOR5hT-gW64korItTZcIq6QDglvHkk6UXcZ,@bullseyesb,info@stagheaddesigns.com,4204079679,,,2026-04-16,,,,,,45,🔥 TIER 1 — Hot
Sports,West Palm Beach,Florida,USA,https://hellstar.com/collections/sports,@HELLSTAR,,5230780330,,,2026-04-16,,,,,,35,⭐ TIER 2 — Strong
New Hellstar Sports just touched down!,West Palm Beach,Florida,USA,https://www.instagram.com/p/DLGGeCRS6pf/,@rsrc.php,,1037486289,,,2026-04-16,,,,,,35,⭐ TIER 2 — Strong
Hellstar T-Shirt,West Palm Beach,Florida,USA,https://www.ebay.com/itm/317040649610,@ebay,,2026041419,,,2026-04-16,,,,,,35,⭐ TIER 2 — Strong
Find a Dealer,West Palm Beach,Florida,USA,https://supremetowboats.com/find-a-dealer/,@supremeboats,,1482546992,,,2026-04-16,,,,,,25,⭐ TIER 2 — Strong
𝐑 𝐄 𝐋 𝐔 𝐗 𝐄 - 𝐖𝐄𝐒𝐓 𝐏𝐀𝐋𝐌 𝐁𝐄𝐀𝐂𝐇 (@reluxe),West Palm Beach,Florida,USA,https://www.instagram.com/reluxe/,@reluxe,,1037486289,,,2026-04-16,,,,,,-30,❄️ TIER 4 — Cold
"New Supreme Boats for Sale in West Palm Beach, FL",West Palm Beach,Florida,USA,https://www.orlandoboats.com/west-palm-beach-fl-new-supreme-boats-for-sale/,@RegalNautiqueOrlando,info@orlandonautiques.com,1748018115,,,2026-04-16,,,,,,35,⭐ TIER 2 — Strong
Supreme is opening its first-ever store in Miami tomorrow,West Palm Beach,Florida,USA,https://www.timeout.com/miami/news/supreme-is-opening-its-first-ever-store-in-miami-tomorrow-040925,@context,,1105237622,,,2026-04-16,,,,,,25,⭐ TIER 2 — Strong
Ramon Puig Guayaberas,West Palm Beach,Florida,USA,https://ramonpuig.com/?srsltid=AfmBOooKknGiyTgaRLRUAyd-YhT-u3iQgvt7oVcGas1L6s2vRNybs4Fp,@ramonpuigguayaberas,Cotton-LS-LtBlue_345x345@2x.jpg,1125913767,,,2026-04-16,,,,,,-20,❄️ TIER 4 — Cold
"rhude – tagged ""white""",West Palm Beach,Florida,USA,https://snaggedandbagged.com/collections/vendors?q=rhude&constraint=white&srsltid=AfmBOore1Ij7y3wr2TIbVD6TBjHRAhK86ANoHQa9ncKJpdaT6VyC_uqq,@shopsnaggedandbagged,,1476187412,,,2026-04-16,,,,,,30,⭐ TIER 2 — Strong
R H U D E,West Palm Beach,Florida,USA,https://rh-ude.com/?srsltid=AfmBOor675TZ6KymXbiyYZBQghRV4dlTumPZXYEyAFlrwVDRp2Uec_pD,@rhude,,1613580349,,,2026-04-16,,,,,,30,⭐ TIER 2 — Strong
R H U D E - FTL- Cold Shoulder Kicks,West Palm Beach,Florida,USA,https://cskicksftl.com/collections/r-h-u-d-e?srsltid=AfmBOoosX9Hs1CQU8-Q3IAeqs142JGM0WwFM_Aeiq4V0HG5MYmx9ZY_7,@coldshoulderkicksftl,,1725024684,,,2026-04-16,,,,,,10,📋 TIER 3 — Warm
Shop Rhude Online,West Palm Beach,Florida,USA,https://www.nordstrom.com/brands/rhude--18936?srsltid=AfmBOoqAbsSSOWn_bhAgWtN2UqPX5GLz5eKUysiKeE6Ue7FvaWRNDjYO,@4GfJ,,123456789,,,2026-04-16,,,,,,30,⭐ TIER 2 — Strong
"The Webster: Curated Luxury Fashion, Beauty & Lifestyle",West Palm Beach,Florida,USA,https://thewebster.com/?srsltid=AfmBOoobtsQeWTo34jxLHTe3KHtrItj74WgUOCkb1lVrx4IHR0dnj81J,@thewebster,,2147483647,,,2026-04-16,,,,,,10,📋 TIER 3 — Warm
Products,West Palm Beach,Florida,USA,https://www.feuilleshop.com/collections/all/rhude?srsltid=AfmBOop0t7PbgB56darwYkZlXVTGmEyrfySR3tomqLOzKb77EHa7Nvwd,@feuilleluxury,info@feuilleshop.com,1754412589,,,2026-04-16,,,,,,40,🔥 TIER 1 — Hot
FMB PALM BEACH LLC. (@fmbpalmbeach),West Palm Beach,Florida,USA,https://www.instagram.com/fmbpalmbeach/,@fmbpalmbeach,,1037486289,,,2026-04-16,,,,,,-30,❄️ TIER 4 — Cold
Men | Rhude,West Palm Beach,Florida,USA,https://www.saksfifthavenue.com/c/men/rhude,,,,,,2026-04-16,,,,,,20,⭐ TIER 2 — Strong
Linz Shop - ShopSimon,West Palm Beach,Florida,USA,https://shop.simon.com/collections/store-linz-shop,@shopsimon,,5887914853,,,2026-04-16,,,,,,-30,❄️ TIER 4 — Cold
Our Stores & Stockists,West Palm Beach,Florida,USA,https://thisisthegreat.com/pages/stores-page?srsltid=AfmBOopxJl2JKXFdcTXsSTdflAxEAxFgPzvBc15tWl646LhxPJd1ibNR,@thisisthegreat_,lido@thisisthegreat.com,1727777490,,,2026-04-16,,,,,,-20,❄️ TIER 4 — Cold
Store Locator,West Palm Beach,Florida,USA,https://toccin.com/pages/store-locator?srsltid=AfmBOopoxu8Repyvdi0RvpmuLbjfYYaw3ynb0FXB4MV1ydaSEIlSbD7f,@toccin.official,info@toccin.com,1728374585,,,2026-04-16,,,,,,-20,❄️ TIER 4 — Cold
"Dunkin'® | America's Favorite Coffee, Espresso and Donuts ...",West Palm Beach,Florida,USA,https://www.dunkindonuts.com/en,@dunkin,img_Home_mWeb@2x.png,3564876057,,,2026-04-16,,,,,,-20,❄️ TIER 4 — Cold
Vale Lives,West Palm Beach,Florida,USA,https://maisonguava.com/collections/vale-lives,@maisonguava,lou-rose@maisonguava.fr,1758801172,,,2026-04-16,,,,,,-20,❄️ TIER 4 — Cold
Habit Burger & Grill - Contact Us,West Palm Beach,Florida,USA,https://www.habitburger.com/contact-us/feedback/,@habitburgerandgrill,,1638226590,,,2026-04-16,,,,,,-30,❄️ TIER 4 — Cold
Valley,West Palm Beach,Florida,USA,https://www.valley.com/,@valleybank,ENCOMPASSADMIN@VALLEY.COM,7842899024,,,2026-04-16,,,,,,-20,❄️ TIER 4 — Cold
"Ecolab: Water, Hygiene and Infection Prevention Solutions ...",West Palm Beach,Florida,USA,https://www.ecolab.com/,,,,,,2026-04-16,,,,,,-40,❄️ TIER 4 — Cold
"“Vale Lives” is always available @cordial.kicks, here's a ...",West Palm Beach,Florida,USA,https://www.instagram.com/p/DTd82ZHiUBF/,@cordial.kicks,,1037486289,,,2026-04-16,,,,,,10,📋 TIER 3 — Warm
Vera Bradley® - Stylish Bags & Accessories for Women,West Palm Beach,Florida,USA,https://verabradley.com/,@verabradley,NewArrivals-D_6a1bc7bc-e3f6-47f1-9711-e54d679751b6_1440x@2x.jpg,1738541407,,,2026-04-16,,,,,,-20,❄️ TIER 4 — Cold
FY15 Fatalities and Catastrophes To Date,West Palm Beach,Florida,USA,https://www.osha.gov/sites/default/files/fy15_federal-state_summaries.pdf,@6_Ij,O@C.d,897-8477580,,,2026-04-16,,,,,,-30,❄️ TIER 4 — Cold
West Palm Beach Florida Auto Parts Stores and ...,West Palm Beach,Florida,USA,https://locations.autovalue.com/fl/west-palm-beach/,@context,,561-478-2188,,,2026-04-16,,,,,,-30,❄️ TIER 4 — Cold
Showroom Locator,West Palm Beach,Florida,USA,https://thevalelondon.co.uk/pages/showroom-locator?srsltid=AfmBOoqnVxhZukKuri5hi8DMxtfx5z1LJkqHWdvSVlQaSOxvKqTXLfO0,@thevalelondon,marketing@thevalelondon.co.uk,1742328323,,,2026-04-16,,,,,,-20,❄️ TIER 4 — Cold
"4764 okeechobee blvd., west palm beach, florida fl 33417",West Palm Beach,Florida,USA,https://valuepawnandjewelry.com/stores/fl/west-palm-beach/4764-okeechobee-blvd/,@valuepawnofficial,store-img-default@2x.jpg,1033326030,,,2026-04-16,,,,,,-20,❄️ TIER 4 — Cold
Value Pawn & Jewelry,West Palm Beach,Florida,USA,https://maps.apple.com/place?place-id=I3DBC1205FEA46B6A,@context,snippet-yelp-logo-6@2x.png,89933000,,,2026-04-16,,,,,,-20,❄️ TIER 4 — Cold
Vale celebrates a decade of growth with 10 locations ...,West Palm Beach,Florida,USA,https://www.instagram.com/p/DAJbNj1OVCG/,@rsrc.php,,1037486289,,,2026-04-16,,,,,,-30,❄️ TIER 4 — Cold
West Palm Beach Auto Value,West Palm Beach,Florida,USA,https://locations.autovalue.com/fl/west-palm-beach/103395980/,@context,,561-478-2188,,,2026-04-16,,,,,,-30,❄️ TIER 4 — Cold
"HYPE STREETWEAR (HYPEGRL) - West Palm Beach, FL",West Palm Beach,Florida,USA,https://nextdoor.com/pages/hypegrl-west-palm-beach-fl-1/,@supports,mood-like-off_16@3x-1298283633a0f2ffc7d073c5c4b14338.png,1146116819,,,2026-04-16,,,,,,20,⭐ TIER 2 — Strong
Discovering the Finest Boutiques in West Palm Beach,West Palm Beach,Florida,USA,https://www.theberkeleypalmbeach.com/discovering-the-finest-boutiques-in-west-palm-beach/,,,,,,2026-04-16,,,,,,0,❄️ TIER 4 — Cold
Palm Beach's #1 Urban/Streetwear boutique clothing store ...,West Palm Beach,Florida,USA,https://www.instagram.com/p/DWrPpuljhcx/,@rsrc.php,,1037486289,,,2026-04-16,,,,,,10,📋 TIER 3 — Warm
Creamstreetwear carries the latest in men's streetwear brands ...,West Palm Beach,Florida,USA,https://www.creamstreetlife.com/,@creamstreetwear,,2570940018,,,2026-04-16,,,,,,10,📋 TIER 3 — Warm
Cold Shoulder Kicks: High-end sneaker resell boutique – PB,West Palm Beach,Florida,USA,https://cskicks.com/?srsltid=AfmBOorNXEecAGwPNzHxWzCUaGyuKA1CCvyFjAfSz4DVywLRNeIzY-vd,@coldshoulderkicks,,1721427898,,,2026-04-16,,,,,,10,📋 TIER 3 — Warm
Hit up the accounts tagged to shop APPOINTMENT ONLY. ...,West Palm Beach,Florida,USA,https://www.instagram.com/p/DUT-AqCjk-D/,@rsrc.php,,1037486289,,,2026-04-16,,,,,,-30,❄️ TIER 4 — Cold
https://impossiblekicks.com/?utm_source=gmb_palmbe...,West Palm Beach,Florida,USA,https://impossiblekicks.com/?utm_source=gmb_palmbeach&utm_medium=organic&srsltid=AfmBOoqWug9ZIatuvmGWVlG4VK9gwrQ7WUWm86yiEXWSgO9Srf6ZMrxz,,,,,,2026-04-16,,,,,,0,❄️ TIER 4 — Cold
Aston Martin DB12 Volante Palm Beach Edition,West Palm Beach,Florida,USA,https://hypebeast.com/2025/5/aston-martin-db12-volante-palm-beach-edition-release-info,@hypebeast,google-play-en@2x.png,3702846231,,,2026-04-16,,,,,,20,⭐ TIER 2 — Strong
New Mixed Emotions Just Landed! What's your favorite piece ...,West Palm Beach,Florida,USA,https://www.instagram.com/reel/DU863AYgdCm/,@rsrc.php,,1037486289,,,2026-04-16,,,,,,-30,❄️ TIER 4 — Cold
Wellington Green - West Palm Beach - JD Sports Store Locator,West Palm Beach,Florida,USA,https://stores.jdsports.com/fl/westpalmbeach/wellington-green.html,@jdsportsus,,(561) 422-8933,,,2026-04-16,,,,,,-30,❄️ TIER 4 — Cold
Nike Factory Store - West Palm Beach,West Palm Beach,Florida,USA,https://www.nike.com/retail/s/nfs-west-palm-beach,@context,,1776365344,,,2026-04-16,,,,,,10,📋 TIER 3 — Warm
Palm Beach Streetwear Market (@ ...,West Palm Beach,Florida,USA,https://www.instagram.com/palmbeachstreetwearmarket/,@rsrc.php,,1037486289,,,2026-04-16,,,,,,10,📋 TIER 3 — Warm
"Almighty Kicks (@almightykicksmiami) · Miami, FL",Hialeah,Florida,USA,https://www.instagram.com/almightykicksmiami/,@almightykicksmiami,,1037486289,,,2026-04-16,,,,,,10,📋 TIER 3 — Warm
HELLSTAR - HYP Miami,Hialeah,Florida,USA,https://hypmiami.com/collections/hellstar?srsltid=AfmBOopoyDs71psQH5xkcjTP-QgIwk0Pa0gW8NhG0d5Sv0xZHNH3ehUj,@hypmiami,customerservice@hypmiami.com,1754598013,,,2026-04-16,,,,,,45,🔥 TIER 1 — Hot
Hellstar Miami Boutiques,Hialeah,Florida,USA,https://www.instagram.com/popular/hellstar-miami-boutiques/,@hellstar,,1037486289,,,2026-04-16,,,,,,35,⭐ TIER 2 — Strong
Hellstar,Hialeah,Florida,USA,https://courtsidekicks.com/collections/hellstar,@courtsidekicks,Info@courtsidekicksma.com,1610835676,,,2026-04-16,,,,,,45,🔥 TIER 1 — Hot
Miami International Mall - Hollister Stores,Hialeah,Florida,USA,https://www.hollisterco.com/shop/us/clothing-stores/US/Miami/FL/30419,,,,,,2026-04-16,,,,,,0,❄️ TIER 4 — Cold
HELLSTAR (@hellstar) • Instagram photos and videos,Hialeah,Florida,USA,https://www.instagram.com/hellstar/,@hellstar,,1037486289,,,2026-04-16,,,,,,35,⭐ TIER 2 — Strong
"SUPREME DESIGNS, INC Reviews - Hialeah, FL",Hialeah,Florida,USA,https://www.homeadvisor.com/rated.SUPREMEDESIGNSINC.143565877.html,,,,,,2026-04-16,,,,,,15,📋 TIER 3 — Warm
Supreme Cleaning Supply (@supremecleaningsupply),Hialeah,Florida,USA,https://www.instagram.com/supremecleaningsupply/,@gmail.con,,1037486289,,,2026-04-16,,,,,,25,⭐ TIER 2 — Strong
Supreme Vending: Vending Company | Vending Company ...,Hialeah,Florida,USA,https://www.supremevendingservices.com/,@context,supremevending57@gmail.com,1800291896,,,2026-04-16,,,,,,35,⭐ TIER 2 — Strong
New Supreme store just dropped in Miami's Design District ...,Hialeah,Florida,USA,https://www.instagram.com/reel/DIvqWFEO5gJ/,@rsrc.php,,1037486289,,,2026-04-16,,,,,,25,⭐ TIER 2 — Strong
Stockists,Hialeah,Florida,USA,https://rh-ude.com/pages/stockists-1?srsltid=AfmBOopyQAhF9Dl1rHTv_htGM96g0t6q5UPSL8x6rMbcsyMYNBqa2z7V,@rhude,,1613580349,,,2026-04-16,,,,,,30,⭐ TIER 2 — Strong
R H U D E,Hialeah,Florida,USA,https://rh-ude.com/?srsltid=AfmBOooUXm1jiiXGWM_-nL0jEHESPCYnL56zQmOq3tVfZgEU3D3j1Sh5,@rhude,,1613580349,,,2026-04-16,,,,,,30,⭐ TIER 2 — Strong
RHUDE - HYP Miami,Hialeah,Florida,USA,https://hypmiami.com/collections/rhude?srsltid=AfmBOorKRStrLYSsFl57WWJJoToUbfCufZk31-buBtFgkXjYkpfrUmcu,@hypmiami,customerservice@hypmiami.com,1754598013,,,2026-04-16,,,,,,40,🔥 TIER 1 — Hot
Shop Rhude Online,Hialeah,Florida,USA,https://www.nordstrom.com/brands/rhude--18936?srsltid=AfmBOorG4MEvOpGZJT5T8g-uqPwMfssZSfvgXZqkEW5XsDOKZPVYeOsm,@4GfJ,,123456789,,,2026-04-16,,,,,,30,⭐ TIER 2 — Strong
Rhude Miami Store Location,Hialeah,Florida,USA,https://www.instagram.com/popular/rhude-miami-store-location/,@rsrc.php,,1037486289,,,2026-04-16,,,,,,30,⭐ TIER 2 — Strong
New Fits Available In-Store Daily🌴 Open 12-8PM 3910 NW ...,Hialeah,Florida,USA,https://www.instagram.com/p/DXK0vjOmJB_/,@almightykicksmiami.,,1037486289,,,2026-04-16,,,,,,10,📋 TIER 3 — Warm
About Us - Official Rhude Clothing Store | Fashion Redefined,Hialeah,Florida,USA,https://r-hude.com/about-us/?srsltid=AfmBOorV1Z3yDEuqDxWE24oWCOS69eeI0xacMJn_erUpCPnuXxV7fNkl,@rhudeclothing02,support@r-hude.com.,9999999999,,,2026-04-16,,,,,,40,🔥 TIER 1 — Hot
"Research, Demonstration, Training, and Fellowship Awards",Hialeah,Florida,USA,https://nepis.epa.gov/Exe/ZyPURL.cgi?Dockey=91008WQ0.TXT,,,,,,2026-04-16,,,,,,-40,❄️ TIER 4 — Cold
VALE LIVES,Hialeah,Florida,USA,https://tokenmia.com/collections/vale-forever?srsltid=AfmBOoqHzrMSxHUiH1jC-qYNmkD7wHKZPsVJksKO5XtuhDYnNKpFMWxd,@tokenmiami,TOKEN_flagship_production_front1CRM_145x@2x.png,1740007619,,,2026-04-16,,,,,,-20,❄️ TIER 4 — Cold
Vale Clothing Stores Miami,Hialeah,Florida,USA,https://www.instagram.com/popular/vale-clothing-stores-miami/,@valelives,,1037486289,,,2026-04-16,,,,,,10,📋 TIER 3 — Warm
Heather Elder - Greater Minneapolis-St. Paul Area,Hialeah,Florida,USA,https://www.linkedin.com/in/heather-elder-8023901,,,,,,2026-04-16,,,,,,-40,❄️ TIER 4 — Cold
"Ingram Micro Logistic Jobs, Employment",Hialeah,Florida,USA,https://www.indeed.com/q-ingram-micro-logistic-jobs.html,,,,,,2026-04-16,,,,,,-40,❄️ TIER 4 — Cold
VALE FOREVER – Vale Forever,Hialeah,Florida,USA,https://www.valeforever.com/?srsltid=AfmBOopc3MOaDaMdlpVyl97eAPXcCZOpkjfm2--AJgm8iJViihYvWSYR,@media,,1774299210,,,2026-04-16,,,,,,30,⭐ TIER 2 — Strong
"Miami, FL Townhomes for Rent under $2500",Hialeah,Florida,USA,https://www.homes.com/miami-fl/townhouses-for-rent/under-2500/,,,,,,2026-04-16,,,,,,-40,❄️ TIER 4 — Cold
Christmas Wonderland. - Tropical Park | Nov 13 - Jan 4,Hialeah,Florida,USA,https://miamiwonderland.com/,@christmaswonderlandmia,Support@MiamiWonderland.com,1775563807,,,2026-04-16,,,,,,-20,❄️ TIER 4 — Cold
"Vale Forever @valelives available now, online and at all ...",Hialeah,Florida,USA,https://www.instagram.com/p/DT8dsINEbt0/,@valelives,,1037486289,,,2026-04-16,,,,,,30,⭐ TIER 2 — Strong
Vale Forever - HYP Miami,Hialeah,Florida,USA,https://hypmiami.com/collections/vale-forever?srsltid=AfmBOopzp-D17sdoo4G5s7W6r84-rMLiMtOX9skzD7pR-E5i0xWKfD8t,@hypmiami,customerservice@hypmiami.com,1754598013,,,2026-04-16,,,,,,40,🔥 TIER 1 — Hot
Vale Forever,Hialeah,Florida,USA,https://www.sneakertownmia.com/collections/vale-forever?srsltid=AfmBOoqGy_NxysWb1grO1JRld6hyFawOpfyRpvkamJZORUz30fChV6ec,@sneakertown,help@sneakertown.com,1613663062,,,2026-04-16,,,,,,40,🔥 TIER 1 — Hot
"Shop Vale Forever Streetwear — Tees, Hoodies & More",Hialeah,Florida,USA,https://commonhype.com/collections/vale-forever?srsltid=AfmBOooFQ5GrdoxRnIlD8EAFs0YhGNdwzbRhNQxqXbseohzsLYEEB4er,@commonhype,,9166543286,,,2026-04-16,,,,,,30,⭐ TIER 2 — Strong
Vale Thermals Available ✔️ 📍3416 Nw 7th AVE MIAMI FL📍,Hialeah,Florida,USA,https://www.instagram.com/p/DWcmGQwDjjS/,@rsrc.php,,1037486289,,,2026-04-16,,,,,,-30,❄️ TIER 4 — Cold
#Vale 🚨 All new Vale in stock now. We're getting ...,Hialeah,Florida,USA,https://www.instagram.com/p/DVg3KLfEWUP/,@rsrc.php,,1037486289,,,2026-04-16,,,,,,-30,❄️ TIER 4 — Cold
"Vale & Ale Inc Hialeah, FL - filing information",Hialeah,Florida,USA,https://www.bizprofile.net/fl/hialeah/vale-ale-inc,@bizprofilesplashes,,7863821846,,,2026-04-16,,,,,,-30,❄️ TIER 4 — Cold
"Westland Mall on Instagram: ""New drop alert: CATCH is ...",Hialeah,Florida,USA,https://www.instagram.com/reel/DKZ4PaWviuE/,@rsrc.php,,1037486289,,,2026-04-16,,,,,,-30,❄️ TIER 4 — Cold
Rep Your City Clothing - Hialeah Street Wear,Hialeah,Florida,USA,https://www.hialeahstreetwear.com/?zip=Hollywood%2C%20FL&add-to-cart=592,@media,,1771523124,,,2026-04-16,,,,,,10,📋 TIER 3 — Warm
Survival Miami: Top Urban & Streetwear Shop for Clothing ...,Hialeah,Florida,USA,https://survivalmiami.com/?srsltid=AfmBOopgli0I0S2KtIbxiVwlmJd_owtkiQ2pna5HYoxAz2DAo_dk850f,@survivalmiami,,1721896939,,,2026-04-16,,,,,,10,📋 TIER 3 — Warm
"TOPTIER MIAMI (@toptiermia) · Hialeah, FL",Hialeah,Florida,USA,https://www.instagram.com/toptiermia/,@toptiermia,,1037486289,,,2026-04-16,,,,,,-30,❄️ TIER 4 — Cold
DAILYMIA,Hialeah,Florida,USA,https://dailymia.com/?srsltid=AfmBOop-M1ACQf2_QkqvupCidxuh1FRiG4FYV4R1MsG9JpzPIkX2qEUA,@dailymia,,1694546870,,,2026-04-16,,,,,,-30,❄️ TIER 4 — Cold
East Hialeah Marketplace - Miami Footwear & Apparel Store,Hialeah,Florida,USA,https://locations.dtlr.com/fl/miami/east-hialeah-marketplace.html,@dtlrofficial,custserv@dtlr.com,1537521453,,,2026-04-16,,,,,,20,⭐ TIER 2 — Strong
Sneaker Shop Hialeah FL,Hialeah,Florida,USA,https://www.shopwss.com/pages/hialeah-store-159?srsltid=AfmBOoov7y5tDqwokhCn8fvNjzDNqHMBstdR5N0bUm_lXpzTqp-QoXjZ,@ShopWSS,help@shopwss.com,1759352978,,,2026-04-16,,,,,,20,⭐ TIER 2 — Strong
Hypebeast Stores Miami,Hialeah,Florida,USA,https://www.instagram.com/popular/hypebeast-stores-miami/,@rsrc.php,,1037486289,,,2026-04-16,,,,,,10,📋 TIER 3 — Warm
The Fashion House Miami Hialeah,Hialeah,Florida,USA,https://www.instagram.com/popular/the-fashion-house-miami-hialeah/,@rsrc.php,,1037486289,,,2026-04-16,,,,,,10,📋 TIER 3 — Warm
Fresh Rags FL - Streetwear Clothes & Footwear Store,Hialeah,Florida,USA,https://freshragsfl.com/?srsltid=AfmBOoo-_KTRrsDB7XlDmVIKdA5Vl7Wwsa8pUjIEkL4eqShbCLKtcs3f,@freshrags,info@freshragsfl.com,1752246950,,,2026-04-16,,,,,,20,⭐ TIER 2 — Strong
Best streetwear stores in South Florida - Caplin News,Hialeah,Florida,USA,https://caplinnews.fiu.edu/best-streetwear-stores-in-south-florida/,@caplin.news,caplinnews@gmail.com,1772737803,,,2026-04-16,,,,,,20,⭐ TIER 2 — Strong
HYP - A Futuristic Sneaker & Streetwear Shopping Experience,Hialeah,Florida,USA,https://hypmiami.com/?srsltid=AfmBOopWR2NHUTpOnVz7THOsI97zSATPs9pisfuBXab-90rw28TOo38I,@hypmiami,customerservice@hypmiami.com,1754598013,,,2026-04-16,,,,,,20,⭐ TIER 2 — Strong
Shoe & Sneaker Store in Hialeah | JD Sports at Westland Mall,Hialeah,Florida,USA,https://stores.jdsports.com/fl/hialeah/westland-mall.html,@jdsportsus,,(305) 231-1979,,,2026-04-16,,,,,,10,📋 TIER 3 — Warm
the shoppes of highland,Hialeah,Florida,USA,https://www.famousfootwear.com/stores/fl/hialieah/33018/the-shoppes-of-highland-03631,,,,,,2026-04-16,,,,,,-40,❄️ TIER 4 — Cold
Hellstar Studios,Coral Gables,Florida,USA,https://tokenmia.com/collections/hellstar?srsltid=AfmBOopF9ZWel_rdmurojQ1BUOLhtOSCztHpMRlDfwSya_LcIvZSGi0X,@tokenmiami,TOKEN_flagship_production_front1CRM_145x@2x.png,1680109958,,,2026-04-16,,,,,,45,🔥 TIER 1 — Hot
Norwescon XI: PB,Coral Gables,Florida,USA,https://fanac.org/conpubs/Norwescon/Norwescon%20XI/Norwescon%2011%20PB.pdf,@Jbl,Eg@s.t,722022091,,,2026-04-16,,,,,,-30,❄️ TIER 4 — Cold
HELLSTAR - HYP Miami,Coral Gables,Florida,USA,https://hypmiami.com/collections/hellstar?srsltid=AfmBOoqhJPZbYC3KIiDibiZt-XVKV1GOsWdqg4vgoegAsyEuSo2FVCpm,@hypmiami,customerservice@hypmiami.com,1754598013,,,2026-04-16,,,,,,45,🔥 TIER 1 — Hot
Supreme Miami,Coral Gables,Florida,USA,https://www.instagram.com/popular/supreme-miami/,@rsrc.php,,1037486289,,,2026-04-16,,,,,,25,⭐ TIER 2 — Strong
Business Brokers in Coral Gables | Sell or Buy a Business ...,Coral Gables,Florida,USA,https://supremebusinessbrokerscoralgables.com/,@lovable_dev,,1762019008,,,2026-04-16,,,,,,25,⭐ TIER 2 — Strong
Rhone,Coral Gables,Florida,USA,https://www.shopsatmerrickpark.com/en/directory/24413/,@shopsatmerrickpark,merrickparkadmin@brookfieldproperties.com,1727116001,,,2026-04-16,,,,,,-20,❄️ TIER 4 — Cold
R H U D E,Coral Gables,Florida,USA,https://rh-ude.com/?srsltid=AfmBOor7dnnmX46MW73eDdfySs3ePF2llN_br2l9qoWV-k4MnafE6wHE,@rhude,,1613580349,,,2026-04-16,,,,,,30,⭐ TIER 2 — Strong
Shop Rhude Online,Coral Gables,Florida,USA,https://www.nordstrom.com/brands/rhude--18936?srsltid=AfmBOor662AsiN8us0tWuJHpNB2imy5vL3tyJ2MebTC1jbMNaiJ1LyMB,@4GfJ,,123456789,,,2026-04-16,,,,,,30,⭐ TIER 2 — Strong
Rhude All Mall Brands - ShopSimon,Coral Gables,Florida,USA,https://shop.simon.com/collections/curated-all-mall-brands?Brand=Rhude,@shopsimon,,5887914853,,,2026-04-16,,,,,,30,⭐ TIER 2 — Strong
RHUDE - HYP Miami,Coral Gables,Florida,USA,https://hypmiami.com/collections/rhude?srsltid=AfmBOoofgB0PbjSmTnBShZH_Exmr3DumRRSlLUhGLigcRwgd9y3oV8FV,@hypmiami,customerservice@hypmiami.com,1754598013,,,2026-04-16,,,,,,40,🔥 TIER 1 — Hot
Merrick Park,Coral Gables,Florida,USA,https://www.rhone.com/locations/merrick-park/?srsltid=AfmBOooCUJZ3BX6t9kPNV8ahQhiyVjzQJYf0zPIWC5awW-faT1T5eTmS,,,,,,2026-04-16,,,,,,-40,❄️ TIER 4 — Cold
Discover the Rhude Collection,Coral Gables,Florida,USA,https://www.a-ma-maniere.com/collections/rhude?srsltid=AfmBOorD_9_-I32HB7ZO8MIHwwU7WjplyM8sKqIcldptlKDIhFLRbCa4,@maniere_usa,,1422991689,,,2026-04-16,,,,,,30,⭐ TIER 2 — Strong
"BANANA REPUBLIC FACTORY IN Coral Gables, FL",Coral Gables,Florida,USA,https://bananarepublicfactory.gapfactory.com/stores/fl/coralgables/,@bananarepublicfactory,,1776365798,,,2026-04-16,,,,,,-30,❄️ TIER 4 — Cold
Our Stores & Stockists,Coral Gables,Florida,USA,https://thisisthegreat.com/pages/stores-page?srsltid=AfmBOooQ_lTA7t2BLbswL7ZfM6odxcj-_Q5AcCIK-4KXlfhMxJIfjk-4,@thisisthegreat_,lido@thisisthegreat.com,1727777490,,,2026-04-16,,,,,,-20,❄️ TIER 4 — Cold
"BANANA REPUBLIC IN Coral Gables, FL - Gap",Coral Gables,Florida,USA,https://bananarepublic.gap.com/stores/fl/coralgables/,@bananarepublic,,1776365805,,,2026-04-16,,,,,,-30,❄️ TIER 4 — Cold
Vale Forever - HYP Miami,Coral Gables,Florida,USA,https://hypmiami.com/collections/vale-forever?srsltid=AfmBOoqx5JLw2CIBtF-lwIClbZbsvbCTSIKJu6JPQWL1Cs4c7Era4WZ2,@hypmiami,customerservice@hypmiami.com,1754598013,,,2026-04-16,,,,,,40,🔥 TIER 1 — Hot
VALE FOREVER – Vale Forever,Coral Gables,Florida,USA,https://www.valeforever.com/?srsltid=AfmBOoqfDGE04MVdvGrWarpTVL6AHInLYxPYnDG5kv51NLgwtOuoYJJt,@media,,1774299210,,,2026-04-16,,,,,,30,⭐ TIER 2 — Strong
VALE FOREVER,Coral Gables,Florida,USA,https://endlesssupply.com/collections/vale?srsltid=AfmBOopaFrcGkRbrHKstTJ3ThugaEKEMKdVfEvjMGE6gthtddWe-LSCO,@endlesssupply,,1719113949,,,2026-04-16,,,,,,30,⭐ TIER 2 — Strong
"Vale Food Co. Opens in Miami, Florida",Coral Gables,Florida,USA,https://miami.eater.com/2022/5/26/23142098/vale-food-co-miami-open,@eatermiami,,6469005148,,,2026-04-16,,,,,,-30,❄️ TIER 4 — Cold
Vale Jewelry - Handcrafted Fine Jewelry,Coral Gables,Florida,USA,https://shopvale.com/?srsltid=AfmBOorB7x1pWuKfjZVwnmN96cKLgXk3-FQ-PvSZAbTjZBY1-T-5VlxW,@context,u003einfo@shopvale.com,1747059558,,,2026-04-16,,,,,,-20,❄️ TIER 4 — Cold
Vale Food Co Opens New Brickell Location for Healthy ...,Coral Gables,Florida,USA,https://www.modernluxury.com/vale-food-co-miami/,@modernluxury,swiper@11.1.0,1775648378,,,2026-04-16,,,,,,10,📋 TIER 3 — Warm
We are Coral Gables' #1 Streetwear Shop!🏆👟 ... And the ...,Coral Gables,Florida,USA,https://www.instagram.com/p/CZml10DLkuc/,@rsrc.php,,1037486289,,,2026-04-16,,,,,,10,📋 TIER 3 — Warm
Best Streetwear |Purple Carpet Boutique,Coral Gables,Florida,USA,https://www.miaminewtimes.com/best-of-miami/2023/shopping-and-services/best-streetwear-17206880,@miaminewtimes,calendar@miaminewtimes.com,1765381805,,,2026-04-16,,,,,,20,⭐ TIER 2 — Strong
HYP - A Futuristic Sneaker & Streetwear Shopping Experience,Coral Gables,Florida,USA,https://hypmiami.com/?srsltid=AfmBOooSAu4fR9yx14kdoyHWB0ZNRqZjeuwGMyXeo6BAzTHwfoMSA8DH,@hypmiami,customerservice@hypmiami.com,1754598013,,,2026-04-16,,,,,,20,⭐ TIER 2 — Strong
Welcome to Rhone® | Rhone,Coral Gables,Florida,USA,https://www.rhone.com/?srsltid=AfmBOooizpo9kO5E2n0sQEQb7zh9etguZjX8xbw3Hmw3Ve1e7ch-dDRf,,,,,,2026-04-16,,,,,,-40,❄️ TIER 4 — Cold
Survival Miami: Top Urban & Streetwear Shop for Clothing ...,Coral Gables,Florida,USA,https://survivalmiami.com/?srsltid=AfmBOor2Abcbd-kFH6nbvZ1J8DDK4xUwVR-9Yeq6HX4LEnVhwAvAsNbp,@survivalmiami,,1721896939,,,2026-04-16,,,,,,10,📋 TIER 3 — Warm
"Hall of Fame Miami (@halloffamemiami) · Coral Gables, FL",Coral Gables,Florida,USA,https://www.instagram.com/halloffamemiami/,@halloffamemiami,,1037486289,,,2026-04-16,,,,,,-30,❄️ TIER 4 — Cold
Shops at Merrick Park,Coral Gables,Florida,USA,https://www.shopsatmerrickpark.com/en/,@shopsatmerrickpark,merrickparkadmin@brookfieldproperties.com,1727116001,,,2026-04-16,,,,,,-20,❄️ TIER 4 — Cold
"Bloom Boutique (@shopbloomboutique) · Coral Gables, FL",Coral Gables,Florida,USA,https://www.instagram.com/shopbloomboutique/,@shopbloomboutique,,1037486289,,,2026-04-16,,,,,,10,📋 TIER 3 — Warm
Artigiano Miami: The Finest in Men's Fashion – artigianomiami,Coral Gables,Florida,USA,https://artigianomiami.com/,@font,,4376080112,,,2026-04-16,,,,,,10,📋 TIER 3 — Warm
Fresh Rags FL - Streetwear Clothes & Footwear Store,Coral Gables,Florida,USA,https://freshragsfl.com/?srsltid=AfmBOor1NozBDI-xCCjTue7NSYXtFitNZbX_FNBr72PO8ZlpjqWEDHjw,@freshrags,info@freshragsfl.com,1752246950,,,2026-04-16,,,,,,20,⭐ TIER 2 — Strong
SoleFly: Sneakers and Apparel,Coral Gables,Florida,USA,https://www.solefly.com/?srsltid=AfmBOoqkgWMgTIgIxmNFWWw_iD-LBL05fItO77scS9oIGb9MlkBxeEfS,@solefly,,1000005370,,,2026-04-16,,,,,,10,📋 TIER 3 — Warm
"LUXE MIAMI (@luxe.mia) · Coral Gables, FL",Coral Gables,Florida,USA,https://www.instagram.com/luxe.mia/?hl=en,@luxe.mia,,1037486289,,,2026-04-16,,,,,,-30,❄️ TIER 4 — Cold
A Sneaker City – A Sneaker City,Coral Gables,Florida,USA,https://asneakercity.com/,@asneakercityofficial,,1732736752,,,2026-04-16,,,,,,10,📋 TIER 3 — Warm
"FootWorks Miami – Official Miami Running Store, Running ...",Coral Gables,Florida,USA,https://footworksmiami.com/,@footworksmiami,shop@footworksmiami.com,305.667.9322,,,2026-04-16,,,,,,-20,❄️ TIER 4 — Cold
SPARKITUP ⚡️⚡️⚡️ (@sparkitupshop),Wynwood,Florida,USA,https://www.instagram.com/sparkitupshop/,@sparkitupshop,,1037486289,,,2026-04-16,,,,,,-30,❄️ TIER 4 — Cold
Token Miami,Wynwood,Florida,USA,https://tokenmia.com/?srsltid=AfmBOorL13WDkeZ5DxJLHZBLa2fdPXRUmFChpXmPy0sn3gD2_8w5dCgw,@tokenmiami,TOKEN_flagship_production_front1CRM_145x@2x.png,1624068774,,,2026-04-16,,,,,,-20,❄️ TIER 4 — Cold
HELLSTAR - HYP Miami,Wynwood,Florida,USA,https://hypmiami.com/collections/hellstar?srsltid=AfmBOoobaeMlszhgwgbW4OkX_-zPJOR-Drf5XcisWXRYKot3xPBBwa1X,@hypmiami,customerservice@hypmiami.com,1754598013,,,2026-04-16,,,,,,45,🔥 TIER 1 — Hot
Hellstar Studios,Wynwood,Florida,USA,https://tokenmia.com/collections/hellstar?srsltid=AfmBOorE2t_IaNNugbCTZCqVm0-bmv4VAiHJKNNsdOxxCR_M7vKH6YEn,@tokenmiami,TOKEN_flagship_production_front1CRM_145x@2x.png,1680109958,,,2026-04-16,,,,,,45,🔥 TIER 1 — Hot
Supreme,Wynwood,Florida,USA,https://shop.thewynwoodwalls.com/products/supreme?srsltid=AfmBOooKTf1H_6JX-cPVhxLtETtPfXPtR5hIhqn67MgByhKUlwgXE8zB,@wynwoodwallsshopofficial,wywood_walls_shop_logo_200x@2x.png,1692376639,,,2026-04-16,,,,,,35,⭐ TIER 2 — Strong
R H U D E,Wynwood,Florida,USA,https://rh-ude.com/?srsltid=AfmBOoqeoKEoRqm2_gp6msKmGfykuE9PKmZYM9LP6AS6y2vn1hTCAdx7,@rhude,,1613580349,,,2026-04-16,,,,,,30,⭐ TIER 2 — Strong
RHUDE - HYP Miami,Wynwood,Florida,USA,https://hypmiami.com/collections/rhude?srsltid=AfmBOopeSvovjxKRcL9QAwc3aZfAKejG052gT5iQNI3Rg_v8IKqE-eBa,@hypmiami,customerservice@hypmiami.com,1754598013,,,2026-04-16,,,,,,40,🔥 TIER 1 — Hot
Shop Rhude Online,Wynwood,Florida,USA,https://www.nordstrom.com/brands/rhude--18936?srsltid=AfmBOoqOFIVHiLwrreEbhivnZYd3in03CMeLyhhPeAxYgyuWQ7BknUsW,@4GfJ,,123456789,,,2026-04-16,,,,,,30,⭐ TIER 2 — Strong
SHOP ALL,Wynwood,Florida,USA,https://rh-ude.com/collections/shop-all?srsltid=AfmBOor8lQhbK_bWROvFmU9v01z5Z6l2mE3ZRS6WzGLl-0aU0IHz6SdX,@rhude,,1613580349,,,2026-04-16,,,,,,30,⭐ TIER 2 — Strong
wynwoodtribe – Opening Soon,Wynwood,Florida,USA,https://www.wynwoodtribe.com/?srsltid=AfmBOop34XaXhm6xh95xL4VH7YJARmFsSbgKu8TKIf_01aCeSoj2nRLu,,,1614306724,,,2026-04-16,,,,,,-40,❄️ TIER 4 — Cold
Rhude,Wynwood,Florida,USA,https://www.onenessboutique.com/collections/rhude?srsltid=AfmBOookea67nXJsvXrm73w6MYzBvKVCVFufbl44uq9R-qUOL6SciMoH,@oneness,info@onenessboutique.com,1637950226,,,2026-04-16,,,,,,40,🔥 TIER 1 — Hot
"Located 238 NW 25th St Miami, Fl 33137 +1 (305) 522-9127 ...",Wynwood,Florida,USA,https://www.instagram.com/reel/CnSt34bDmGl/,@rsrc.php,,1037486289,,,2026-04-16,,,,,,-30,❄️ TIER 4 — Cold
~Vale Lives Varsity Jacket (Green) 🛻 Size:M 💴 Available in ...,Wynwood,Florida,USA,https://www.instagram.com/p/DDFxcpYR86N/,@rsrc.php,,1037486289,,,2026-04-16,,,,,,-30,❄️ TIER 4 — Cold
VALE LIVES,Wynwood,Florida,USA,https://tokenmia.com/collections/vale-forever?srsltid=AfmBOooaZASF4Nr4x8OyoJ3gMoV1p66UznkYrhZZriN2xAdg0wvCCUWl,@tokenmiami,TOKEN_flagship_production_front1CRM_145x@2x.png,1740007619,,,2026-04-16,,,,,,-20,❄️ TIER 4 — Cold
Brand New Vale Lives Gear Just Landed,Wynwood,Florida,USA,https://www.instagram.com/p/DDaCsNbRu6_/,@rsrc.php,,1037486289,,,2026-04-16,,,,,,-30,❄️ TIER 4 — Cold
~Vale Lives Varsity Jacket (Green) 🛻 Size:M 💴 ... - Instagram,Wynwood,Florida,USA,https://www.instagram.com/p/DDFxcpYR86N/,@rsrc.php,,1037486289,,,2026-04-16,,,,,,-30,❄️ TIER 4 — Cold
Vale Lives Forever Store Locations,Wynwood,Florida,USA,https://www.instagram.com/popular/vale-lives-forever-store-locations/,@VALELIVES,,1037486289,,,2026-04-16,,,,,,-30,❄️ TIER 4 — Cold
Vale Celebrates a Decade of Growth with 10th Location in ...,Wynwood,Florida,USA,https://www.stayfit305.com/news/vale-celebrates-a-decade-of-growth-with-10th-location-in-florida,@stayfit305,,,,,2026-04-16,,,,,,-30,❄️ TIER 4 — Cold
Vale Forever - HYP Miami,Wynwood,Florida,USA,https://hypmiami.com/collections/vale-forever?srsltid=AfmBOooiV-J2V56ADf1a9YvGi-glDtXXEaIBgrjyRWKBh4h84ZnwwXV4,@hypmiami,customerservice@hypmiami.com,1754598013,,,2026-04-16,,,,,,40,🔥 TIER 1 — Hot
Vale Forever,Wynwood,Florida,USA,https://www.sneakertownmia.com/collections/vale-forever?srsltid=AfmBOooKusrPFekGPterSiFOIFsRKBnj-mJIK4LDrNJGRTouxSOYPb1O,@sneakertown,help@sneakertown.com,1613663062,,,2026-04-16,,,,,,40,🔥 TIER 1 — Hot
NEW VALE “ ANTHEM TRACK SUIT “ AVAILABLE NOW IN ...,Wynwood,Florida,USA,https://www.instagram.com/reel/DRfhtRZCUEY/,@rsrc.php,,1037486289,,,2026-04-16,,,,,,-30,❄️ TIER 4 — Cold
Vale Jewelry - Handcrafted Fine Jewelry,Wynwood,Florida,USA,https://shopvale.com/?srsltid=AfmBOopwotXxcZmXxbXKMYpJu4K28XBDHyVFvpND3isIVUYHlIVMNyxU,@context,u003einfo@shopvale.com,1747059558,,,2026-04-16,,,,,,-20,❄️ TIER 4 — Cold
"Best Shopping in Wynwood, from Funky Gift ...",Wynwood,Florida,USA,https://www.timeout.com/miami/shopping/shopping-wynwood,@ofyshop,,1105237622,,,2026-04-16,,,,,,-30,❄️ TIER 4 — Cold
canvas.mia,Wynwood,Florida,USA,https://www.instagram.com/canvas.mia/,@oasiswynwood.,,1037486289,,,2026-04-16,,,,,,-30,❄️ TIER 4 — Cold
BASE Superstore,Wynwood,Florida,USA,https://www.baseworld.com/,@basesuperstore,Home_Page_Scense_Final_1280x@2x.jpg,2398522661,,,2026-04-16,,,,,,-20,❄️ TIER 4 — Cold
"Wynwood Arts District on Instagram: ""@bbcicecream brings ...",Wynwood,Florida,USA,https://www.instagram.com/reel/DPHvn98ghR9/,@bbcicecream,,1037486289,,,2026-04-16,,,,,,-30,❄️ TIER 4 — Cold
Sole Garden,Wynwood,Florida,USA,https://thesolegarden.com/,@sole.garden,,1758437429,,,2026-04-16,,,,,,-30,❄️ TIER 4 — Cold
Survival Miami: Top Urban & Streetwear Shop for Clothing ...,Wynwood,Florida,USA,https://survivalmiami.com/?srsltid=AfmBOoo6nf5nE8XQ0ue7j1RKMKl4iqNawRW-LOk1a6n_Ofw0gigecNGc,@survivalmiami,,1721896939,,,2026-04-16,,,,,,10,📋 TIER 3 — Warm
DAILYMIA,Wynwood,Florida,USA,https://dailymia.com/?srsltid=AfmBOoqJUPFtng_sQnIxMGw6XYmAhW39m-wokC7qODcDyEnXj_Xl_J50,@dailymia,,1694546870,,,2026-04-16,,,,,,-30,❄️ TIER 4 — Cold
305 Kicks,Wynwood,Florida,USA,https://305kicks.us/,@theme,,1771948554,,,2026-04-16,,,,,,10,📋 TIER 3 — Warm
A Look Inside LeBron James' New UNKNWN Store in Miami,Wynwood,Florida,USA,https://hypebeast.com/2019/12/unknwn-wynwood-miami-store-opening-info,,,,,,2026-04-16,,,,,,0,❄️ TIER 4 — Cold
Fresh Society Online,Wynwood,Florida,USA,https://freshsociety.co/,@freshsocietyco,,9027215208,,,2026-04-16,,,,,,-30,❄️ TIER 4 — Cold
Miami Boutiques In Wynwood,Wynwood,Florida,USA,https://www.instagram.com/popular/miami-boutiques-in-wynwood/,@rsrc.php,,1037486289,,,2026-04-16,,,,,,10,📋 TIER 3 — Warm
SOLD IN THE MATTER OF SECONDS SWING BY THE SHOP ...,Wynwood,Florida,USA,https://www.instagram.com/reel/DOCADg1kfGV/,@rsrc.php,,1037486289,,,2026-04-16,,,,,,-30,❄️ TIER 4 — Cold
"Miami's 8 Best Menswear Shops, From Luxury to Vintage",Wynwood,Florida,USA,https://www.insidehook.com/style/miami-best-menswear-shops,@insidehook,tech@insidehook.com,1772048202,,,2026-04-16,,,,,,20,⭐ TIER 2 — Strong
Mana Fashion Presents: Pop-Up VIP Preview,Wynwood,Florida,USA,https://wynwoodmiami.com/event/mana-fashion-presents-pop-up-bazaar-vip-night/,@wynwoodmiami,,305 573-0371,,,2026-04-16,,,,,,10,📋 TIER 3 — Warm
"OutOfPocketMiami (@outofpocketmiami) · Miami, FL",Wynwood,Florida,USA,https://www.instagram.com/outofpocketmiami/,@elleven15vintage,,1037486289,,,2026-04-16,,,,,,-30,❄️ TIER 4 — Cold
"""Worlds #1 Buyer | Sneaker Buyers | Sneaker Marketplace",Wynwood,Florida,USA,https://www.sneakerbuyers.com/,@sneakerbuyers,logo_175x@2x.png,1613592017,,,2026-04-16,,,,,,20,⭐ TIER 2 — Strong
"Sneakerbuyers on Instagram: ""#1 - Sneaker Store Located in ...",Wynwood,Florida,USA,https://www.instagram.com/reel/C2I1H7FLGzp/,@rsrc.php,,1037486289,,,2026-04-16,,,,,,10,📋 TIER 3 — Warm
"JSN on Instagram: ""☄️HELLSTAR☄️ THE HOTTEST ...",Fort Myers,Florida,USA,https://www.instagram.com/reel/C7PJD_us75v/,@rsrc.php,,1037486289,,,2026-04-16,,,,,,35,⭐ TIER 2 — Strong
Verified Sneaker Boutique | Fort Myers Florida,Fort Myers,Florida,USA,https://www.verifiedfm.com/,@verified.ftmyers,info@verifiedsb.com,1712341929,,,2026-04-16,,,,,,20,⭐ TIER 2 — Strong
Hellstar Clothing | Tees Hoodies Long Sleeves,Fort Myers,Florida,USA,https://www.stadiumgoods.com/collections/hellstar?srsltid=AfmBOorScmTK7Aaj8hR394eAX8Q-VbbKdZoOlFI9meK1IffnpwcRTmNQ,@stadiumgoods,hello@shopmail.stadiumgoods.com,8070339516,,,2026-04-16,,,,,,45,🔥 TIER 1 — Hot
Hellstar Jesus Emblem Tees Sizes:S-XXL Any Color $60 ...,Fort Myers,Florida,USA,https://www.instagram.com/reel/DL5_gr9glwo/,@rsrc.php,,1037486289,,,2026-04-16,,,,,,35,⭐ TIER 2 — Strong
Edison Mall | Visit Fort Myers | SW Florida,Fort Myers,Florida,USA,https://www.visitfortmyers.com/listing/edison-mall/39829,@visitfortmyers,sberthold@simon.com,2014042207,,,2026-04-16,,,,,,-20,❄️ TIER 4 — Cold
"Just For Kickz, Erie PA | Hellstar Gridiron T-Shirt M,L,XL ...",Fort Myers,Florida,USA,https://www.instagram.com/p/DLAr8GzxGz_/,@rsrc.php,,1037486289,,,2026-04-16,,,,,,35,⭐ TIER 2 — Strong
Hellstar Men's T-Shirt Size Small 1.1 NFC,Fort Myers,Florida,USA,https://www.ebay.com/itm/388636181920,@ebay,,2026041419,,,2026-04-16,,,,,,35,⭐ TIER 2 — Strong
Coconut Point - Hollister Stores,Fort Myers,Florida,USA,https://www.hollisterco.com/shop/us/clothing-stores/US/Estero/FL/30509,,,,,,2026-04-16,,,,,,0,❄️ TIER 4 — Cold
3576000+ 庆州市怎么约姑娘包夜服务《约小姐色情 ...,Fort Myers,Florida,USA,https://www.linkedin.com/jobs/%E5%BA%86%E5%B7%9E%E5%B8%82%E6%80%8E%E4%B9%88%E7%BA%A6%E5%A7%91%E5%A8%98%E5%8C%85%E5%A4%9C%E6%9C%8D%E5%8A%A1%E3%80%8A%E7%BA%A6%E5%B0%8F%E5%A7%90%E8%89%B2%E6%83%85%E7%BD%91%E5%9D%80%EF%BD%8D%EF%BC%96%EF%BC%96%EF%BC%98%EF%BC%98%EF%BC%8E%EF%BD%96%EF%BD%89%EF%BD%90%E5%B0%8F%E5%A6%B9%E4%BB%BB%E9%80%89%E3%80%8B%E6%80%8E%E4%B9%88%E6%89%BE%E5%B0%8F%E5%A6%B9%E5%B0%8F%E5%A7%90%E5%85%A8%E5%A5%97%E4%B8%8A%E9%97%A8%E4%B9%80%E5%BA%86%E5%B7%9E%E5%B8%82%E6%80%8E%E4%B9%88%E7%BA%A6%E5%A4%A7%E5%AD%A6%E7%94%9F%E7%89%B9%E6%AE%8A%E6%9C%8D%E5%8A%A1%E4%B9%80%E5%BA%86%E5%B7%9E%E5%B8%82%E5%93%AA%E9%87%8C%E6%9C%89%E7%BE%8E%E5%A5%B3%E6%8C%89%E6%91%A9%E6%9C%8D%E5%8A%A1&IMQK/-jobs,@LinkedIn,,4402981493,,,2026-04-16,,,,,,-30,❄️ TIER 4 — Cold
"Supreme Motor Sports – Car Dealer in Fort Myers, FL",Fort Myers,Florida,USA,https://www.suprememotorsportsfl.com/,,,,,,2026-04-16,,,,,,15,📋 TIER 3 — Warm
"Supreme Floors: Flooring Store servicing Fort Myers, FL",Fort Myers,Florida,USA,https://www.supremefloorsfl.com/,@import,vitor@supremefloorsfl.com,613-5653590,,,2026-04-16,,,,,,35,⭐ TIER 2 — Strong
"About Supreme Motor Sports in Fort Myers, FL",Fort Myers,Florida,USA,https://www.suprememotorsportsfl.com/about,,,,,,2026-04-16,,,,,,15,📋 TIER 3 — Warm
"Supreme Motor Sports in Fort Myers, FL",Fort Myers,Florida,USA,https://www.carsforsale.com/used-car-dealer/supreme-motor-sports-fort-myers-fl-d739307,,,,,,2026-04-16,,,,,,15,📋 TIER 3 — Warm
Supreme Home Design (@supremehomedesignfl),Fort Myers,Florida,USA,https://www.instagram.com/supremehomedesignfl/,@supremehomedesignfl,,1037486289,,,2026-04-16,,,,,,25,⭐ TIER 2 — Strong
"Contact Supreme Motor Sports in Fort Myers, FL",Fort Myers,Florida,USA,https://www.suprememotorsportsfl.com/contact,,,,,,2026-04-16,,,,,,15,📋 TIER 3 — Warm
R H U D E,Fort Myers,Florida,USA,https://rh-ude.com/?srsltid=AfmBOoq9nTDzdm_xVE4-BRhQ0Zeez35pXpdT5iYwWAijfJIVX9hd-F_C,@rhude,,1613580349,,,2026-04-16,,,,,,30,⭐ TIER 2 — Strong
Shop Rhude Online,Fort Myers,Florida,USA,https://www.nordstrom.com/brands/rhude--18936?srsltid=AfmBOoqnbFhByrhvCNrbrHoDaDPLL8vrOFZXfNyGSllpaoFgV-G52laq,@4GfJ,,123456789,,,2026-04-16,,,,,,30,⭐ TIER 2 — Strong
"Men's Wearhouse Locations in Fort Myers, FL",Fort Myers,Florida,USA,https://www.menswearhouse.com/store-locator/fl/fort-myers?srsltid=AfmBOoopQdvYpaJ8h_nwiE4tXZAJLp7SYapmLp7t-0K7jq1znIXH9ZN0,,,,,,2026-04-16,,,,,,-40,❄️ TIER 4 — Cold
Rhude Yacht Club T-Shirt - Sizes X-Large & XX-Large,Fort Myers,Florida,USA,https://secure.instagram.com/p/DV8-UxnkUbu/?hl=fa,@media,,1037486289,,,2026-04-16,,,,,,30,⭐ TIER 2 — Strong
Stephen Calandrella - construction manager at Valley ...,Fort Myers,Florida,USA,https://www.linkedin.com/in/stephen-calandrella-15722735,,,,,,2026-04-16,,,,,,-40,❄️ TIER 4 — Cold
STORES,Fort Myers,Florida,USA,https://www.valeforever.com/pages/stores?srsltid=AfmBOoqplf8ttEr6M-krRfVK2N3KJZ5HDYWvD9ci5BAfk9HJ0Eq3GgJh,@valelivesnyc,,1774299210,,,2026-04-16,,,,,,-30,❄️ TIER 4 — Cold
New Vale & Bravest Studios Denim available in store & ...,Fort Myers,Florida,USA,https://www.instagram.com/p/DRx89tvEZhR/,@rsrc.php,,1037486289,,,2026-04-16,,,,,,-30,❄️ TIER 4 — Cold
Valet Living - Setting the Standard Since 1995,Fort Myers,Florida,USA,https://www.valetliving.com/,@valetliving,Judwin-Properties@3x-height-1.png,29,,,2026-04-16,,,,,,-20,❄️ TIER 4 — Cold
"Rivian Support: Customer Service, FAQs & Contact Number",Fort Myers,Florida,USA,https://rivian.com/support,@rivianofficial,customerservice@rivian.com,7532680931,,,2026-04-16,,,,,,-20,❄️ TIER 4 — Cold
Newsletter | CADEX US,Fort Myers,Florida,USA,https://www.cadex-cycling.com/us/email-signup,@cadexcycling,corecycleandoutdoor@gmail.com,207-307-7403,,,2026-04-16,,,,,,-20,❄️ TIER 4 — Cold
Vale Forever Zips Are Too Clean Always Stocked With The ...,Fort Myers,Florida,USA,https://www.instagram.com/reel/DSA8uVdgVV_/,@rsrc.php,,1037486289,,,2026-04-16,,,,,,30,⭐ TIER 2 — Strong
Vale Forever Classico Zip Up Hoodie Size medium available ...,Fort Myers,Florida,USA,https://www.instagram.com/reel/DPecp8EDsCf/,@rsrc.php,,1037486289,,,2026-04-16,,,,,,30,⭐ TIER 2 — Strong
Vale Forever Clothing for Streetwear Looks ...,Fort Myers,Florida,USA,https://valeforeverclothing.org/,,,,,,2026-04-16,,,,,,20,⭐ TIER 2 — Strong
Sitemap,Fort Myers,Florida,USA,https://stores.verabradley.com/sitemap-html,@verabradley,,1251943316,,,2026-04-16,,,,,,-30,❄️ TIER 4 — Cold
VALE HOODS 🙇‍♂️ MULTIPLES SIZES AVAILABLE ⭐️ ...,Fort Myers,Florida,USA,https://www.instagram.com/p/DQAKi43CXNT/,@rsrc.php,,1037486289,,,2026-04-16,,,,,,-30,❄️ TIER 4 — Cold
L XL $190 Vale Forever Grey Robber Bling Tee,Fort Myers,Florida,USA,https://www.instagram.com/p/DNizVv5t-QF/,@rsrc.php,,1037486289,,,2026-04-16,,,,,,30,⭐ TIER 2 — Strong
"Shop Vale Forever Streetwear — Tees, Hoodies & More",Fort Myers,Florida,USA,https://commonhype.com/collections/vale-forever?srsltid=AfmBOopGFMFWLuDLQONsP82Y4jzpe1z866AMX7ESQydLHBLprTWrxRC8,@commonhype,,9166543286,,,2026-04-16,,,,,,30,⭐ TIER 2 — Strong
"Val Ward Cadillac: Cadillac Dealer in Fort Myers, FL",Fort Myers,Florida,USA,https://www.valwardautos.com/,@valwardcadillac,flags@2x.png,5587692260,,,2026-04-16,,,,,,-20,❄️ TIER 4 — Cold
Available in-store now! Vale Tee - Medium @efrt.co Jeans,Fort Myers,Florida,USA,https://www.instagram.com/p/DMA81l0Ok4w/,@efrt.co,,1037486289,,,2026-04-16,,,,,,-30,❄️ TIER 4 — Cold
Hours & Directions - Fort Myers,Fort Myers,Florida,USA,https://www.valwardautos.com/hours.aspx,@valwardcadillac,flags@2x.png,5587692260,,,2026-04-16,,,,,,-20,❄️ TIER 4 — Cold
Trek Bike Shop of Fort Myers,Fort Myers,Florida,USA,https://electra.trekbikes.com/us/en_US/store/344407/,@electra_bicycle,,800-585-8735,,,2026-04-16,,,,,,-30,❄️ TIER 4 — Cold
"Value City Furniture Stores - Fort Myers, FL",Fort Myers,Florida,USA,https://nextdoor.com/pages/value-city-furniture-stores-fort-myers-fl/,@supports,mood-like-off_16@3x-1298283633a0f2ffc7d073c5c4b14338.png,1146116819,,,2026-04-16,,,,,,-20,❄️ TIER 4 — Cold
Dealer Locator,Fort Myers,Florida,USA,https://www.volvoce.com/united-states/en-us/contact-us/dealer-locator/,@VolvoCE_NA,jcushman@PacWestMachinery.com,1855235601,,,2026-04-16,,,,,,-20,❄️ TIER 4 — Cold
"JSN (@jsncustoms) · Fort Myers, FL",Fort Myers,Florida,USA,https://www.instagram.com/jsncustoms/,@jsncustoms,,1037486289,,,2026-04-16,,,,,,-30,❄️ TIER 4 — Cold
JSNCUSTOMS LLC.: Home,Fort Myers,Florida,USA,https://www.jsnfm.com/,@GMAIL.COM.,13e49d785d8d4f828038b6136f3b48ba@sentry.io,2606801315,,,2026-04-16,,,,,,-20,❄️ TIER 4 — Cold
Shoe & Sneaker Store in Ft Myers | JD Sports at Edison Mall,Fort Myers,Florida,USA,https://stores.jdsports.com/fl/ftmyers/edison-mall.html,@jdsportsus,,(239) 277-7782,,,2026-04-16,,,,,,10,📋 TIER 3 — Warm
Verified Sneaker Boutique,Fort Myers,Florida,USA,https://verifiededison.com/,@verifiededison.com.,,1775991101,,,2026-04-16,,,,,,10,📋 TIER 3 — Warm
Just Kicks (@justkicks239) - Fort Myers,Fort Myers,Florida,USA,https://www.instagram.com/justkicks239/,@justkicks239,,1037486289,,,2026-04-16,,,,,,10,📋 TIER 3 — Warm
Designers Closet,Fort Myers,Florida,USA,https://designerscloset.com/?srsltid=AfmBOoppbINBVofOIMjO23GAIOspOGNt6pgqfAC_xANYBy4owQLZY2Zj,@designersclosetig,sales@designerscloset.com,1064961020,,,2026-04-16,,,,,,20,⭐ TIER 2 — Strong
Mainstream Boutique Fort Myers,Fort Myers,Florida,USA,https://www.mainstreamboutiquefortmyers.com/,@mainstreamboutiquefortmyers,,1756386846,,,2026-04-16,,,,,,10,📋 TIER 3 — Warm
The Islander FMB,Fort Myers,Florida,USA,https://shoptheislander.com/?srsltid=AfmBOopbXp18g6RJ3KPPuTKosfsA_3W_X7kUG4U9Y53_Yfy4FI8Rxx7C,@gmail.com.,shoptheislander@gmail.com,6851654200,,,2026-04-16,,,,,,-20,❄️ TIER 4 — Cold
Peter Millar Store In Ft Myers,Fort Myers,Florida,USA,https://brodeurcarvell.com/peter-millar-store-in-ft-myers/,@brodeurcarvellfinemenswear,info@brodeurcarvell.com,1709218211,,,2026-04-16,,,,,,-20,❄️ TIER 4 — Cold
Charley's Downtown Boutique: Home,Fort Myers,Florida,USA,https://www.shopcharleysdowntown.com/,@media,13e49d785d8d4f828038b6136f3b48ba@sentry.io,2687793594,,,2026-04-16,,,,,,20,⭐ TIER 2 — Strong
Jennifer's Fort Myers – Subtle Clothing with Simple ...,Fort Myers,Florida,USA,https://www.jennifersftmyers.com/,@jennifersfortmyers,jennifersfortmyers@gmail.com,1773677155,,,2026-04-16,,,,,,20,⭐ TIER 2 — Strong
Fort Myers Running Store | Fit2Run Outlet,Fort Myers,Florida,USA,https://www.fit2run.com/pages/fit2run-outlet-fort-myers?srsltid=AfmBOoqD41qhmmre4huYpq8T8cp9BLBnYNmvEplWAG2cdOnR4NC3eynN,@fit2run_therunnerssuperstore,support@fit2run.com,1718190172,,,2026-04-16,,,,,,-20,❄️ TIER 4 — Cold
VERIFIED (@verifiedswfl) • Instagram photos and videos,Fort Myers,Florida,USA,https://www.instagram.com/verifiedswfl/,@verifiedswfl,,1037486289,,,2026-04-16,,,,,,-30,❄️ TIER 4 — Cold
Hayloft Western Wear,Fort Myers,Florida,USA,https://hayloftwestern.com/?srsltid=AfmBOoqLD5aoerX5jLkb97sD00x5VvE_kRk7nxaShdK7OtVfTSQ3kM5w,@hayloftwestern,hayloftwestern@yahoo.com,4376080112,,,2026-04-16,,,,,,-20,❄️ TIER 4 — Cold
"Fort Myers, FL Store: Surf Apparel & Accessories",Fort Myers,Florida,USA,https://www.ronjonsurfshop.com/locations/fort-myers-fl?srsltid=AfmBOop90CHuUUb7Kyp-aic1yxlGSAupr8jpYcNdNPXPK1ztMfDtgSnZ,,,,,,2026-04-16,,,,,,0,❄️ TIER 4 — Cold
"new! Hell Star Huntington Park CA T Shirt Sz. XL, Large ...",Gainesville,Florida,USA,https://www.instagram.com/p/C_wGH4gyzY6/,@rsrc.php,,1037486289,,,2026-04-16,,,,,,-30,❄️ TIER 4 — Cold
This initial owes you a pair of shoes… Who's REALLY your ...,Gainesville,Florida,USA,https://www.instagram.com/reel/C7kgk4MP7wi/,@rsrc.php,,1037486289,,,2026-04-16,,,,,,-30,❄️ TIER 4 — Cold
Hellstar Men's T-Shirt Size L,Gainesville,Florida,USA,https://www.ebay.com/itm/406538309678,@ebay,,2026041419,,,2026-04-16,,,,,,35,⭐ TIER 2 — Strong
Hellstar Clothing | Tees Hoodies Long Sleeves,Gainesville,Florida,USA,https://www.stadiumgoods.com/collections/hellstar?srsltid=AfmBOopKznLdUXgA36HkDXRrvpCBw6GIBTqjmjDH9zeLhpufqw79eRBr,@stadiumgoods,hello@shopmail.stadiumgoods.com,8070339516,,,2026-04-16,,,,,,45,🔥 TIER 1 — Hot
Shop Hellstar clothing,Gainesville,Florida,USA,https://www.theatticstreetwear.com/collections/hellstar?srsltid=AfmBOoo1ckthrsO1rwAAOMXVi2-BHY6lRSwPJh12ZE2FeOLnS49hLDe-,@theatticstreetwear,info@theatticstreetwear.com,4690952252,,,2026-04-16,,,,,,45,🔥 TIER 1 — Hot
Hellstar Streetwear | Exclusive Designs at Sole By Style,Gainesville,Florida,USA,https://www.solebystyle.com/collections/hellstar?srsltid=AfmBOoqMTQ0ULKH9e08JJfCcUh4rSSqSJvx6uCiCUzFrWYBgMHb3wFo3,@solebystyle.cov,shop@solebystyle.com,1748393960,,,2026-04-16,,,,,,45,🔥 TIER 1 — Hot
Hellstar,Gainesville,Florida,USA,https://tons-shop.com/collections/hellstar,@tons_pgh,orders@tons-shop.com,1676881063,,,2026-04-16,,,,,,45,🔥 TIER 1 — Hot
Caffeine supreme - Atrium Magazine,Gainesville,Florida,USA,https://atriummag.org/caffeine-supreme/,@maudes_cafe,,2677611078,,,2026-04-16,,,,,,25,⭐ TIER 2 — Strong
Stockists,Gainesville,Florida,USA,https://rh-ude.com/pages/stockists-1?srsltid=AfmBOooomqBPi11i0WTOmbl-ziXmEFtzQSDgTBFo7wW8rSypVtdUiVfT,@rhude,,1613580349,,,2026-04-16,,,,,,30,⭐ TIER 2 — Strong
R H U D E,Gainesville,Florida,USA,https://rh-ude.com/?srsltid=AfmBOoq8EBBqcc5g3rIBzPW3csBFF1m1zazcsvgCKNL9jmlo5SGnlPfM,@rhude,,1613580349,,,2026-04-16,,,,,,30,⭐ TIER 2 — Strong
Shop Rhude Online,Gainesville,Florida,USA,https://www.nordstrom.com/brands/rhude--18936?srsltid=AfmBOoowEKKHlptMFLJ_L9Ka_HP18UslGMP4NlUcpx8258xu6PbT6MOk,@4GfJ,,123456789,,,2026-04-16,,,,,,30,⭐ TIER 2 — Strong
SHOP ALL,Gainesville,Florida,USA,https://rh-ude.com/collections/shop-all?srsltid=AfmBOor1FwQPpV8lvWkDxruUk6iZqIO1fXhP74s_3gvFxrwaBKa6p94O,@rhude,,1613580349,,,2026-04-16,,,,,,30,⭐ TIER 2 — Strong
"lre""i'$mr.",Gainesville,Florida,USA,https://sos.ks.gov/publications/register/1989/Vol_8_No_38_September_21_1989_p_1371-1424.pdf,@GbHR,X@D.0,2004102919,,,2026-04-16,,,,,,-30,❄️ TIER 4 — Cold
"Dillard's The Oaks Mall, Gainesville, Florida",Gainesville,Florida,USA,https://www.dillards.com/stores/florida/the-oaks-mall-gainesville/0234?srsltid=AfmBOoq4RSlVeWM48hFyu1Sluzxq1pv-Q9sH5-oNiUEiTzqYrg5Xv1QJ,,,117.1776366,,,2026-04-16,,,,,,-40,❄️ TIER 4 — Cold
Vale Gainesville (@valefoodco_gnv),Gainesville,Florida,USA,https://www.instagram.com/valefoodco_gnv/,@valefoodco_gnv,,1037486289,,,2026-04-16,,,,,,-30,❄️ TIER 4 — Cold
Aquatic Pesticide Monitoring Program Review of ...,Gainesville,Florida,USA,https://www.sfei.org/sites/default/files/biblio_files/PestAlternatives_review.pdf,@5Al,lcrum@dfg.ca.gov,722 722 1000,,,2026-04-16,,,,,,-20,❄️ TIER 4 — Cold
Sterling | New Construction Homes for Sale in Jurupa ...,Gainesville,Florida,USA,https://www.centurycommunities.com/find-your-new-home/california/southern-california-metro/jurupa-valley/sterling/,@centurycommunities,,3038850010,,,2026-04-16,,,,,,-30,❄️ TIER 4 — Cold
Store Locator,Gainesville,Florida,USA,https://starbond.com/pages/store-locator?srsltid=AfmBOoqoCx-yQPGsZcfpwwj0r2NjbXturMAuT88urMA32TnHkgXtkqX6,@woodcraft.com.,ecom-swiper@11.0.5.js,1759182743,,,2026-04-16,,,,,,-30,❄️ TIER 4 — Cold
"Vale Opens New Store in Pinecrest, Florida",Gainesville,Florida,USA,https://www.qsrmagazine.com/news/vale-opens-new-store-in-pinecrest-florida/,,,,,,2026-04-16,,,,,,-40,❄️ TIER 4 — Cold
"Shop Vale Forever Streetwear — Tees, Hoodies & More",Gainesville,Florida,USA,https://commonhype.com/collections/vale-forever?srsltid=AfmBOoq37zgCQ8LnW0d3RKMp8lHI5p_bcQWXf7f7qm1xrWsL0xbBuuNU,@commonhype,,9166543286,,,2026-04-16,,,,,,30,⭐ TIER 2 — Strong
Shop for Vale Forever @ exclusive wear ‼️#valeforever ...,Gainesville,Florida,USA,https://www.instagram.com/reel/DQZ5B13Ed6W/,@rsrc.php,,1037486289,,,2026-04-16,,,,,,30,⭐ TIER 2 — Strong
FAQ,Gainesville,Florida,USA,https://www.valeforever.com/pages/faq?srsltid=AfmBOopAKqFsSAmi33ZJgK2XCrrxRFhK53XbD5qaFNfshos2EbqsGRd1,@valeforever.com,connect@valeforever.com,1774299210,,,2026-04-16,,,,,,-20,❄️ TIER 4 — Cold
Gainesville,Gainesville,Florida,USA,https://valehealthykitchen.com/pages/gainesville,@valehealthykitchen,stephen@gointegral.co,1759853849,,,2026-04-16,,,,,,-20,❄️ TIER 4 — Cold
Vale Food Co: Fresh and Flavorful Healthy Eats in Gainesville ...,Gainesville,Florida,USA,https://vale-food-co.menu-world.com/,,,,,,2026-04-16,,,,,,-40,❄️ TIER 4 — Cold
Vale Healthy Kitchen 3841 Southwest Archer Road,Gainesville,Florida,USA,https://order.online/store/ValeHealthyKitchen-470557,,,,,,2026-04-16,,,,,,-40,❄️ TIER 4 — Cold
"Knotty Kicks LLC (352) (@knottykicks_) · Gainesville, FL",Gainesville,Florida,USA,https://www.instagram.com/knottykicks_/,@knottykicks_,,1037486289,,,2026-04-16,,,,,,10,📋 TIER 3 — Warm
Gainesville Shopping center,Gainesville,Florida,USA,https://locations.dtlr.com/fl/gainesville/gainesville-shopping-center.html,@dtlrofficial,custserv@dtlr.com,1537521453,,,2026-04-16,,,,,,-20,❄️ TIER 4 — Cold
IN-STOCK SNEAKERS (@in_stocksneakers),Gainesville,Florida,USA,https://www.instagram.com/in_stocksneakers/,@in_stocksneakers,,1037486289,,,2026-04-16,,,,,,10,📋 TIER 3 — Warm
Narcissus Gainesville,Gainesville,Florida,USA,https://narcissusgville.com/,@narcissusgville,,1329837617,,,2026-04-16,,,,,,-30,❄️ TIER 4 — Cold
The Best Shopping in Gainesville FL,Gainesville,Florida,USA,https://www.celebrationpointe.com/latest_news/the-best-shopping-in-gainesville-fl/,@celebrationpointe,pbergman@frankelagency.com,1007224121,,,2026-04-16,,,,,,-20,❄️ TIER 4 — Cold
Sandy's Savvy Chic Resale Boutique | Gainesville's Best ...,Gainesville,Florida,USA,https://sandysresale.com/,@sandysresale,,1613507218,,,2026-04-16,,,,,,10,📋 TIER 3 — Warm
The 35 coolest clothing stores and boutiques in Gainesville,Gainesville,Florida,USA,https://wanderlog.com/list/geoCategory/123594/coolest-clothing-stores-and-boutiques-in-gainesville,@elastic,apm-rum@5.16.0,3026914942,,,2026-04-16,,,,,,10,📋 TIER 3 — Warm
Malgorzatas Eclectic Gallery & Boutique – Home,Gainesville,Florida,USA,https://www.malgorzatas.com/,@malgorzatas.com.,user@domain.com.,1773100024,,,2026-04-16,,,,,,20,⭐ TIER 2 — Strong
In-StockSneakersHomePage – In-Stock Sneakers,Gainesville,Florida,USA,https://in-stocksneakers.com/,@in_stocksneakers,,1755751361,,,2026-04-16,,,,,,10,📋 TIER 3 — Warm
"Designer Shoe Store in Gainesville, FL Butler Plaza Central",Gainesville,Florida,USA,https://stores.dsw.com/usa/fl/gainesville/dsw-designer-shoe-warehouse-butler-plaza-central.html,@dsw,customerservice@dsw.com,6233712749,,,2026-04-16,,,,,,20,⭐ TIER 2 — Strong
"CITITRENDS at 1018 N. Main St Gainesville, FL",Gainesville,Florida,USA,https://locations.cititrends.com/fl/gainesville/1018-n--main-st.html,@wearecititrends,,2079328097,,,2026-04-16,,,,,,-30,❄️ TIER 4 — Cold
"The Oaks Mall | Premier Shopping in Gainesville, FL",Gainesville,Florida,USA,https://theoaksmall.com/,@theoaksmallfl,,1775477301,,,2026-04-16,,,,,,-30,❄️ TIER 4 — Cold
"Mens Palace on Instagram: "" NOW OPEN Men's Palace is ...",Gainesville,Florida,USA,https://www.instagram.com/reel/DQdNyFLjK0P/,@rsrc.php,,1037486289,,,2026-04-16,,,,,,10,📋 TIER 3 — Warm
"OS Hellstar Tee: S,M,L,XL Mani Jorts: 32 ASICS: 8,9,9.5,10 ...",Tallahassee,Florida,USA,https://www.instagram.com/p/C_i9G-4yXsO/?hl=ar,@coppedfl,,1037486289,,,2026-04-16,,,,,,35,⭐ TIER 2 — Strong
All Stores | HollisterCo.com,Tallahassee,Florida,USA,https://www.hollisterco.com/shop/ViewAllStoresDisplayView?storeId=10251&catalogId=10201&langId=-1,,,,,,2026-04-16,,,,,,-40,❄️ TIER 4 — Cold
HELLSTAR - Living Legend,Tallahassee,Florida,USA,https://livinglegend.store/collections/collections-hellstar-studios?srsltid=AfmBOooPzyp-rhe7wppTLQ1QOrGo1vtZWc0xsHgxLnOFDFxB4M-GYiAN,@livinglegend.store,storelivingleyends@gmail.com,1748531919,,,2026-04-16,,,,,,45,🔥 TIER 1 — Hot
"OS Hellstar Tee: S,M,L,XL Mani Jorts: 32 ASICS: 8 ...",Tallahassee,Florida,USA,https://www.instagram.com/p/C_i9G-4yXsO/?hl=ar,@coppedfl,,1037486289,,,2026-04-16,,,,,,35,⭐ TIER 2 — Strong
Governor's Square,Tallahassee,Florida,USA,https://www.hottopic.com/store-details?StoreId=0188&srsltid=AfmBOooZ15O8M4rhpgCtwdelvCZTVFiw55bGdkMyfVu1qFuBfcgUyO-D,@hottopic,htonline@hottopic.com,1776355247,,,2026-04-16,,,,,,-20,❄️ TIER 4 — Cold
Quick look at Hellstar ET T-shirt #hellstar #hellstarstudios ...,Tallahassee,Florida,USA,https://www.instagram.com/reel/DPwnQkXkVjG/,@rsrc.php,,1037486289,,,2026-04-16,,,,,,35,⭐ TIER 2 — Strong
"Hellstar X Flu Game 12s🌹🖤 Hellstar Tee: M, ...",Tallahassee,Florida,USA,https://www.instagram.com/p/DHZPOcuTC-y/,@rsrc.php,,1037486289,,,2026-04-16,,,,,,35,⭐ TIER 2 — Strong
"From Polo , to Hellstar, to Harley's to much more ‼️ COME ...",Tallahassee,Florida,USA,https://www.instagram.com/p/DPFKKlzkQqK/,@rsrc.php,,1037486289,,,2026-04-16,,,,,,35,⭐ TIER 2 — Strong
Supreme “Pounds” Jerseys are available instore in all ...,Tallahassee,Florida,USA,https://www.instagram.com/p/DTVYlmIEREt/,@rsrc.php,,1037486289,,,2026-04-16,,,,,,25,⭐ TIER 2 — Strong
"COPPED on Instagram: ""Have you visited us yet? Copped in ...",Tallahassee,Florida,USA,https://www.instagram.com/reel/DDZ8vAMsK49/,@rsrc.php,,1037486289,,,2026-04-16,,,,,,-30,❄️ TIER 4 — Cold
Home | Superior Auto sales | Used Cars For Sale ...,Tallahassee,Florida,USA,https://superiorautofl.com/,@superiorauto_sales,superiorautosales24@gmail.com,850-692-9383,,,2026-04-16,,,,,,-20,❄️ TIER 4 — Cold
All New Supreme Restock🚨 Available Instore Today ...,Tallahassee,Florida,USA,https://www.instagram.com/p/Cjnrd9fOMKt/,@rsrc.php,,1037486289,,,2026-04-16,,,,,,25,⭐ TIER 2 — Strong
Stockists,Tallahassee,Florida,USA,https://rh-ude.com/pages/stockists-1?srsltid=AfmBOoqCA1QHs_WUWQj8qaaTM9ieojTlLvoeUNc8kWzsbY9mf3FbPRLO,@rhude,,1613580349,,,2026-04-16,,,,,,30,⭐ TIER 2 — Strong
Shop Rhude Online,Tallahassee,Florida,USA,https://www.nordstrom.com/brands/rhude--18936?srsltid=AfmBOooftBk0FIHRXIwkOU0lWPnhB1lsW40rh8IuaphtYLic5I03W9Oq,@4GfJ,,123456789,,,2026-04-16,,,,,,30,⭐ TIER 2 — Strong
R H U D E,Tallahassee,Florida,USA,https://rh-ude.com/?srsltid=AfmBOooF7h5fKEvN3BrH65Uw3AgRW9kT6DHTjOLgjjgkH3JMX-r5Sr0Q,@rhude,,1613580349,,,2026-04-16,,,,,,30,⭐ TIER 2 — Strong
"Dillard's Governor's Square, Tallahassee, Florida",Tallahassee,Florida,USA,https://www.dillards.com/stores/florida/governors-square-tallahassee/0243?srsltid=AfmBOorXP2PjQ8gVQYXis1VyuFbu71soWdqEZgXvyKph6y-riScUyV8p,,,117.1776366,,,2026-04-16,,,,,,-40,❄️ TIER 4 — Cold
Rhude Stockists,Tallahassee,Florida,USA,https://www.fashionsauce.com/brands/rhude-stockists,@context,bootstrap@4.6.1,1696774910,,,2026-04-16,,,,,,30,⭐ TIER 2 — Strong
Contact Us,Tallahassee,Florida,USA,https://rh-ude.com/pages/contact-us?srsltid=AfmBOorge_wBgiguoQHeJ7VA1mgH5ytMhLDZih6L29RP1O_iHqn4oDEF,@rhude,ORDERS@RH-UDE.COM,1613580349,,,2026-04-16,,,,,,40,🔥 TIER 1 — Hot
Vale Food Co,Tallahassee,Florida,USA,https://visittallahassee.com/partners/vale-food-co/,@v,bootstrap@4.0.0,691-2670375,,,2026-04-16,,,,,,-30,❄️ TIER 4 — Cold
Vale X Bravest Studios 🖤🤍 Vale camo shorts:34 ...,Tallahassee,Florida,USA,https://www.instagram.com/p/DXCkNcOkeq7/,@thredz_nashville,,1037486289,,,2026-04-16,,,,,,-30,❄️ TIER 4 — Cold
Vale Tees Just Landed Available at 5 Points now!! Open until ...,Tallahassee,Florida,USA,https://www.instagram.com/reel/DXKZBDsAjNQ/,@rsrc.php,,1037486289,,,2026-04-16,,,,,,-30,❄️ TIER 4 — Cold
Tallahasse | West Tennessee St,Tallahassee,Florida,USA,https://valehealthykitchen.com/pages/tallahasse-west-tennessee-st,@valehealthykitchen,stephen@gointegral.co,1759853849,,,2026-04-16,,,,,,-20,❄️ TIER 4 — Cold
Vale Healthy Kitchen - Tallahassee (Madison St),Tallahassee,Florida,USA,https://joe.coffee/locations/fl/tallahassee/vale-healthy-kitchen-tallahassee-madison-st-tallahassee-f6ad488a-d38f-4643-829f-6e53028bbcd5/,@valehealthykitchen,help@joe.coffee,(850) 629-7529,,,2026-04-16,,,,,,-20,❄️ TIER 4 — Cold
Vale Healthy Kitchen - Tallahassee (Tennessee St),Tallahassee,Florida,USA,https://classpass.com/studios/vale-healthy-kitchen-tallahassee-tennessee-st,,,,,,2026-04-16,,,,,,-40,❄️ TIER 4 — Cold
COPPED New Orleans,Tallahassee,Florida,USA,https://coppedusa.com/,@coppednola,coppednola@gmail.com,2075810712,,,2026-04-16,,,,,,-20,❄️ TIER 4 — Cold
"COPPED (@coppedfl) · Tallahassee, FL",Tallahassee,Florida,USA,https://www.instagram.com/coppedfl/,@coppedfl,,1037486289,,,2026-04-16,,,,,,-30,❄️ TIER 4 — Cold
WestEnd Square City Gear - TALLAHASSEE,Tallahassee,Florida,USA,https://locations.dtlr.com/fl/tallahassee/westend-square.html,@dtlrofficial,custserv@dtlr.com,1537521453,,,2026-04-16,,,,,,-20,❄️ TIER 4 — Cold
Nic's Toggery,Tallahassee,Florida,USA,https://www.nicstoggery.com/,@nicstoggery,ag_logo_withText_160x160@2x.png,1613527394,,,2026-04-16,,,,,,-20,❄️ TIER 4 — Cold
APB Store • Visit Tallahassee,Tallahassee,Florida,USA,https://visittallahassee.com/partners/apb-store/,@v,bootstrap@4.0.0,1760727607,,,2026-04-16,,,,,,-30,❄️ TIER 4 — Cold
"APB | Men's Streetwear Apparel, Sneakers & Accessories",Tallahassee,Florida,USA,https://www.apbstore.com/?srsltid=AfmBOoo2unWd3lIVvOXuhATMZxG1uqk2WB2zlPJCPDkWGs7kbos-_jAv,@apbstore,,7357837025,,,2026-04-16,,,,,,10,📋 TIER 3 — Warm
Governors Square - Tallahassee - JD Sports Store Locator,Tallahassee,Florida,USA,https://stores.jdsports.com/fl/tallahassee/governors-square.html,@jdsportsus,,(850) 656-9601,,,2026-04-16,,,,,,-30,❄️ TIER 4 — Cold
Designers Closet Tallahassee (@dctally),Tallahassee,Florida,USA,https://www.instagram.com/dctally/,@dctally,,1037486289,,,2026-04-16,,,,,,10,📋 TIER 3 — Warm
"Shoe and Sneaker Store in Tallahassee, FL",Tallahassee,Florida,USA,https://www.hibbett.com/storedetails/FL/Tallahassee/1239,@hibbett_westtenn,,1776364785,,,2026-04-16,,,,,,10,📋 TIER 3 — Warm
1215 apalachee parkwayspace 270 - TALLAHASSEE,Tallahassee,Florida,USA,https://locations.dtlr.com/fl/tallahassee/1215-apalachee-parkwayspace-270.html,@dtlrofficial,custserv@dtlr.com,1537521453,,,2026-04-16,,,,,,-20,❄️ TIER 4 — Cold
Xclusive VIP | Female Apparel Shop | 508 West Brevard Street ...,Tallahassee,Florida,USA,https://www.xclusivevip.shop/,@formatjs,focus-within-polyfill@5.0.9,2147483647,,,2026-04-16,,,,,,10,📋 TIER 3 — Warm
Best Boutiques in Tallahassee,Tallahassee,Florida,USA,https://www.tallystudentsurvival.com/blog/best-boutiques-in-tallahassee/,@SurvivingTally,,1761150721,,,2026-04-16,,,,,,10,📋 TIER 3 — Warm
Narcissus Tallahassee: Tallahassee's Premier Women's ...,Tallahassee,Florida,USA,https://narcissusstyle.com/,@narcissustally,,1620742400,,,2026-04-16,,,,,,-30,❄️ TIER 4 — Cold
Discover Tallahassee's Shopping Spots,Tallahassee,Florida,USA,https://visittallahassee.com/blog/shopping-guide/,@rctrecords,bootstrap@4.0.0,1760727607,,,2026-04-16,,,,,,-30,❄️ TIER 4 — Cold
Sparkle Tallahassee,Tallahassee,Florida,USA,https://www.sparkletallahassee.com/?srsltid=AfmBOopBYexqugtyr3nNNTifRwbLwB3IaxSxRKM3VvGyJN2L2mitGAIs,@sparkletallahassee,,1722007460,,,2026-04-16,,,,,,-30,❄️ TIER 4 — Cold
Tallahassee Footwear & Apparel Store | Governors Square ...,Tallahassee,Florida,USA,https://locations.dtlr.com/fl/tallahassee/governors-square.html,@dtlrofficial,custserv@dtlr.com,1537521453,,,2026-04-16,,,,,,20,⭐ TIER 2 — Strong
"CITITRENDS at 2525 S Monroe St Tallahassee, FL",Tallahassee,Florida,USA,https://locations.cititrends.com/fl/tallahassee/2525-s-monroe-st.html,@wearecititrends,,2079328097,,,2026-04-16,,,,,,-30,❄️ TIER 4 — Cold
#hellstar shirts #clothing #store #utc #bradenton #sarasota,Sarasota,Florida,USA,https://www.instagram.com/p/C0iP9cNsGL0/,@rsrc.php,,1037486289,,,2026-04-16,,,,,,35,⭐ TIER 2 — Strong
"hubdepartment on Instagram: ""We're hosting our TWO DAY ...",Sarasota,Florida,USA,https://www.instagram.com/reel/DO40Sh9gESh/,@rsrc.php,,1037486289,,,2026-04-16,,,,,,-30,❄️ TIER 4 — Cold
Products,Sarasota,Florida,USA,https://hellstar.com/collections/all,@HELLSTAR,,5230780330,,,2026-04-16,,,,,,35,⭐ TIER 2 — Strong
New Build-A-Bear points to a shift toward youth,Sarasota,Florida,USA,https://www.heraldtribune.com/story/news/2007/07/04/new-build-a-bear-points-to-a-shift-toward-youth/28563356007/,,,,,,2026-04-16,,,,,,-40,❄️ TIER 4 — Cold
The Wool Jackets Are Back - Yates,Sarasota,Florida,USA,http://www.yatesgear.com/blog/wool-jackets,@sourabhsingh___,support@antisocialsocialclubs.net.,3333333333,,,2026-04-16,,,,,,-20,❄️ TIER 4 — Cold
Hollister at The Mall at University Town Center - Simon,Sarasota,Florida,USA,https://www.simon.com/mall/the-mall-at-university-town-center/stores/hollister,@hollister,,1766078725,,,2026-04-16,,,,,,-30,❄️ TIER 4 — Cold
The Mall At University Town Center,Sarasota,Florida,USA,https://www.hollisterco.com/shop/us/clothing-stores/US/Sarasota/FL/31915,,,,,,2026-04-16,,,,,,0,❄️ TIER 4 — Cold
Shop Hellstar clothing,Sarasota,Florida,USA,https://www.theatticstreetwear.com/collections/hellstar?srsltid=AfmBOoqfJeN95X7sx4OWceCK25lOhBivpqY15RE9VzLig5DdFb2VVHxM,@theatticstreetwear,info@theatticstreetwear.com,4690952252,,,2026-04-16,,,,,,45,🔥 TIER 1 — Hot
Storefront | Hellstar - Sneaker Summit,Sarasota,Florida,USA,https://sneakersummit.ricoconsign.com/store/collection/Hellstar,@sneakersummit,info@sneakersummit.com,4491502798,,,2026-04-16,,,,,,45,🔥 TIER 1 — Hot
HellStar Studios - Jawns on Fire - Authentic Sneakers and ...,Sarasota,Florida,USA,https://www.jawnsonfire.com/collections/hellstar-studios?srsltid=AfmBOooqyj6kWyU4PRrk6hHDUO9-eJBw8ksO4FTsuKJx0IzWLu7LkCUW,@jawns.on.fire,,1645401404,,,2026-04-16,,,,,,35,⭐ TIER 2 — Strong
Miromar Outlets Mall | SWFL's Designer Brands Shopping ...,Sarasota,Florida,USA,https://miromaroutlets.com/,,,,,,2026-04-16,,,,,,0,❄️ TIER 4 — Cold
Find a Dura Supreme Showroom,Sarasota,Florida,USA,https://www.durasupreme.com/find-a-showroom/,,,,,,2026-04-16,,,,,,15,📋 TIER 3 — Warm
Superior Sheds Dealer - Sarasota,Sarasota,Florida,USA,https://www.superiorsheds.com/locations/superior-sheds-dealer-sarasota/,@superiorsheds.com,info@superiorsheds.com,1182288991,,,2026-04-16,,,,,,-20,❄️ TIER 4 — Cold
"Superior Home Supplies - Sarasota, FL",Sarasota,Florida,USA,https://nextdoor.com/pages/superior-home-supplies-sarasota-fl/,@supports,mood-like-off_16@3x-1298283633a0f2ffc7d073c5c4b14338.png,1146116819,,,2026-04-16,,,,,,-20,❄️ TIER 4 — Cold
"OG Unlaced Sneaker Store (@ogs_unlaced) · Sarasota, FL",Sarasota,Florida,USA,https://www.instagram.com/ogs_unlaced/?hl=en,@ogs_unlaced,,1037486289,,,2026-04-16,,,,,,10,📋 TIER 3 — Warm
Stockists,Sarasota,Florida,USA,https://rh-ude.com/pages/stockists-1?srsltid=AfmBOormbYh8UOChjGf5PViX4P8QHMGMwYtgabTCtOyvm3wo-ulPfPMp,@rhude,,1613580349,,,2026-04-16,,,,,,30,⭐ TIER 2 — Strong
"800 Bell Rd Unit C-D Sarasota, FL 34240 United States come ...",Sarasota,Florida,USA,https://www.instagram.com/reel/C1tCgr8MeOP/,@rsrc.php,,1037486289,,,2026-04-16,,,,,,-30,❄️ TIER 4 — Cold
R H U D E,Sarasota,Florida,USA,https://rh-ude.com/?srsltid=AfmBOorqg6knCAxspq-SktVG98FXWzxhipzOLLSElvAsbgCfs-kYt1xj,@rhude,,1613580349,,,2026-04-16,,,,,,30,⭐ TIER 2 — Strong
Shop Rhude Online,Sarasota,Florida,USA,https://www.nordstrom.com/brands/rhude--18936?srsltid=AfmBOoprlryAZIbkPfGSaMYFiEtp6y7ae3PTfhDpBed3pC9wMpOaelxk,@4GfJ,,123456789,,,2026-04-16,,,,,,30,⭐ TIER 2 — Strong
Fan Outfitters,Sarasota,Florida,USA,http://utcsarasota.com/places/shop/fan-outfitters/,@utcsarasota,UTCLeasing@benderson.com,5994878089,,,2026-04-16,,,,,,-20,❄️ TIER 4 — Cold
Rhude Designer Apparel,Sarasota,Florida,USA,https://www.saksfifthavenue.com/c/custom/email-events/men-s-new-arrivals/apparel/rhude,,,,,,2026-04-16,,,,,,20,⭐ TIER 2 — Strong
MR Magazine February 2023 by Wainscot Media,Sarasota,Florida,USA,https://issuu.com/wainscotmedia/docs/mr_feb23_issuu,@issuu,,2301171351,,,2026-04-16,,,,,,-30,❄️ TIER 4 — Cold
Vale Forever Collection | Streetwear Styles at ...,Sarasota,Florida,USA,https://www.solebystyle.com/collections/vale-forever?srsltid=AfmBOorFvLsgVD6ZQBYQkaycT8gJq2U9wyLuy1vQdiWMXaa11Sx1eoXf,@solebystyle.cov,shop@solebystyle.com,1748393960,,,2026-04-16,,,,,,40,🔥 TIER 1 — Hot
Vale Forever - HYP Miami,Sarasota,Florida,USA,https://hypmiami.com/collections/vale-forever?srsltid=AfmBOoozqBBDHicgeWbFFhSI1vLzyjfXniw5HlZulosHoTyL7I0cUWMd,@hypmiami,customerservice@hypmiami.com,1754598013,,,2026-04-16,,,,,,40,🔥 TIER 1 — Hot
Dealer Locator - Varilite,Sarasota,Florida,USA,https://varilite.com/pages/dealer-locator,@font,,1720033121,,,2026-04-16,,,,,,-30,❄️ TIER 4 — Cold
"Vale Forever Clothing | Authentic Tees, Hoodies & More",Sarasota,Florida,USA,https://vale-forever.org/,,,,,,2026-04-16,,,,,,20,⭐ TIER 2 — Strong
Vale Forever Discount Codes - 50% off | April 2026 - Checkmate,Sarasota,Florida,USA,https://joincheckmate.com/merchants/valeforever.com,@checkmatesavings,support@valeforever.com,129-3940585,,,2026-04-16,,,,,,40,🔥 TIER 1 — Hot
Store Locator,Sarasota,Florida,USA,https://lorefashions.com/Setting/StoreLocator,@lore_dresses,arthurgareginyan@gmail.com,626 239 2222,,,2026-04-16,,,,,,20,⭐ TIER 2 — Strong
Vale Locations,Sarasota,Florida,USA,https://www.instagram.com/popular/vale-locations/,@rsrc.php,,1037486289,,,2026-04-16,,,,,,-30,❄️ TIER 4 — Cold
Vale Lives Forever Clothing Store Locations,Sarasota,Florida,USA,https://www.instagram.com/popular/vale-lives-forever-clothing-store-locations/,@rsrc.php,,1037486289,,,2026-04-16,,,,,,10,📋 TIER 3 — Warm
"Up close & personal Every stitch, every detail — the newest ...",Sarasota,Florida,USA,https://www.instagram.com/reel/DT26a2XAJTQ/,@rsrc.php,,1037486289,,,2026-04-16,,,,,,-30,❄️ TIER 4 — Cold
M2F Retailers,Sarasota,Florida,USA,http://www.m2f.com/m2fretailers.html,,,,,,2026-04-16,,,,,,-40,❄️ TIER 4 — Cold
Popcycles,Sarasota,Florida,USA,https://www.trekbikes.com/us/en_US/store/367407/,@trekbikes,,800-585-8735,,,2026-04-16,,,,,,-30,❄️ TIER 4 — Cold
Find a Dealer,Sarasota,Florida,USA,https://www.doublecointires.com/dealers/,@doublecointires,logo-dc@2x.png,1085012432,,,2026-04-16,,,,,,-20,❄️ TIER 4 — Cold
7Charge,Sarasota,Florida,USA,https://www.7-eleven.com/7charge,@7eleven,support@7Charge.com,3333333333,,,2026-04-16,,,,,,-20,❄️ TIER 4 — Cold
Bus Tickets to Popular Destinations,Sarasota,Florida,USA,https://www.greyhound.com/bus,@greyhoundlines,,,,,2026-04-16,,,,,,-30,❄️ TIER 4 — Cold
T.Georgiano's Boutique – T. Georgiano's,Sarasota,Florida,USA,https://tgeorgianos.com/?srsltid=AfmBOoo6_WZJZcZWOiDEb31v6dUTc3mIaI93J9TWp5wachyyrX1fSF8-,@tgeorgianos,info@tgeorgianos.com,9434005984,,,2026-04-16,,,,,,20,⭐ TIER 2 — Strong
Florida,Sarasota,Florida,USA,https://hypebeast.com/tags/florida,@hypebeast,screenshot-adblock-ultimate@2x.1f5b1723.png,3702846231,,,2026-04-16,,,,,,10,📋 TIER 3 — Warm
Peltz Shoes,Sarasota,Florida,USA,http://utcsarasota.com/places/shop/peltz-shoes/,@utcsarasota,UTCLeasing@benderson.com,1941355101,,,2026-04-16,,,,,,-20,❄️ TIER 4 — Cold
Sarasota Florida's Best Women's Fashion Boutique ...,Sarasota,Florida,USA,https://www.influencestyle.com/,@influencestyle,contactus@influencestyle.com,1376600073,,,2026-04-16,,,,,,20,⭐ TIER 2 — Strong
RAREBIRD | Curated Global Clothing Boutique in Sarasota ...,Sarasota,Florida,USA,https://www.loverarebird.com/?srsltid=AfmBOoq92X5XPlpdxvgvXFAStdQx03EtC2RwjgRlYJE3ymaMfuhJtqm4,@rarebird_boutique,,1273701017,,,2026-04-16,,,,,,10,📋 TIER 3 — Warm
The Met at St. Armands | Luxury Sarasota Fashion House ...,Sarasota,Florida,USA,https://www.themetsarasota.com/,@themetsarasota,user@domain.com.,1712007999,,,2026-04-16,,,,,,20,⭐ TIER 2 — Strong
Isabel Sarasota - Personal Luxury Styling | One-of-a-Kind ...,Sarasota,Florida,USA,https://isabelsarasota.co/,@isabelsarasota.co.,isabel@isabelsarasota.co,7865014708,,,2026-04-16,,,,,,20,⭐ TIER 2 — Strong
Lotus boutiques - Sarasota,Sarasota,Florida,USA,https://lotus-boutiques.myshopify.com/,@lotusboutique,,1772149808,,,2026-04-16,,,,,,10,📋 TIER 3 — Warm
(@hubdepartment) • Instagram photos and videos,Sarasota,Florida,USA,https://www.instagram.com/hubdepartment/,@hubdepartment,,1037486289,,,2026-04-16,,,,,,-30,❄️ TIER 4 — Cold
"Urban Culture Boutique – Trendy Styles in Sarasota, FL ...",Sarasota,Florida,USA,https://shopurbanculture.com/?srsltid=AfmBOorCBekciWY6jC70xQVie00FMGvYOWxLQDVwNRKgUApaab0sCLT2,@font,,1629804013,,,2026-04-16,,,,,,10,📋 TIER 3 — Warm
Molly's! A Chic and Unique Boutique,Sarasota,Florida,USA,https://mollyssarasota.com/,@mollys_srq,events90@mollyssarasota.com,1019116743,,,2026-04-16,,,,,,20,⭐ TIER 2 — Strong
OGs Unlaced Sneaker Store,Sarasota,Florida,USA,http://utcsarasota.com/places/shop/ogs-unlaced-sneaker-store/,@utcsarasota,UTCLeasing@benderson.com,1775909924,,,2026-04-16,,,,,,20,⭐ TIER 2 — Strong
Og Unlaced Sneaker Store,Sarasota,Florida,USA,https://ogunlaced.com/,@ogs_unlaced,IMPROVED_LOGO_SPINNING_140x@2x.gif,1351164761,,,2026-04-16,,,,,,20,⭐ TIER 2 — Strong
"Fleet Feet Sarasota | Running Shoes, Run Clubs, Fun ...",Sarasota,Florida,USA,https://www.fleetfeet.com/s/sarasota?srsltid=AfmBOoqJ-mp97KAZJrvhEyJop-HV8hczupcM29OP4ugM9H_JZfqUmmYq,@fleetfeetsrq,,1736786053,,,2026-04-16,,,,,,-30,❄️ TIER 4 — Cold
Shop STUSSY•Put together the perfect fit!,Sarasota,Florida,USA,https://www.instagram.com/p/DTRN8smkSZ_/,@rsrc.php,,1037486289,,,2026-04-16,,,,,,10,📋 TIER 3 — Warm
Surge Style,Sarasota,Florida,USA,https://shopsurgestyle.com/?srsltid=AfmBOopnZVUz1tNQV3r1HB4pZAWWvQZpEBpwyDaGsZdJkzYrFlezgiWs,@shopsurgestyle,2bfe88c1a4a1a3cb76b39af612838733b0ce8ab43d3e2d01fc72471820ae03ea_250x250@2x.jpg,1711599693,,,2026-04-16,,,,,,-20,❄️ TIER 4 — Cold
Where to Shop for Men's Clothing in Sarasota,Sarasota,Florida,USA,https://www.sarasotamagazine.com/fashion-and-shopping/where-to-buy-mens-clothing-sarasota,@sarasotamagazine,,2315016646,,,2026-04-16,,,,,,10,📋 TIER 3 — Warm
Hellstar | PIECES Los Angeles,Los Angeles,California,USA,https://pieceslosangeles.com/collections/hellstar?srsltid=AfmBOoqwF-QtuihWtfeNWtZpGT-IImtt-3zhnKGgzjgGGiEVT1hcU2nH,@font,,1767727558,,,2026-04-16,,,,,,35,⭐ TIER 2 — Strong
Hellstar x Vale Forever 📸🔥 Shop In Store ✅ 6801 ...,Los Angeles,California,USA,https://www.instagram.com/p/DMYR9ANvEUL/,@rsrc.php,,1037486289,,,2026-04-16,,,,,,55,🔥 TIER 1 — Hot
Qualité Los Angeles,Los Angeles,California,USA,http://shopqualite.com/,@qualitelosangeles,logo_92x@2x.png,1738554151,,,2026-04-16,,,,,,-20,❄️ TIER 4 — Cold
Hellstar,Los Angeles,California,USA,https://showroomla.co/collections/hellstar?srsltid=AfmBOor14QD0LRqd_1rp9_XziqwdDNC6-PsTybXFGXGQla2Ls3sSMnSn,@showroomla,u003eSupport@showroomla.co,1723185612,,,2026-04-16,,,,,,45,🔥 TIER 1 — Hot
"Shop Authentic Hellstar Clothing - Hoodies, Shirts & More",Los Angeles,California,USA,https://restockar.com/collections/hellstar?srsltid=AfmBOorUcLyl8tOB97Vz7d35f_G5Hfkbl7jmtdAUZNK943OObOcSf_SM,@restock,splide-extension-auto-scroll@0.5.3,1694813899,,,2026-04-16,,,,,,35,⭐ TIER 2 — Strong
"hellstar latest season blends LA street luxury, bold ...",Los Angeles,California,USA,https://www.instagram.com/p/DWZhtlrE1Zx/,@rsrc.php,,1037486289,,,2026-04-16,,,,,,35,⭐ TIER 2 — Strong
Inside Supreme's new West Hollywood store,Los Angeles,California,USA,https://i-d.co/article/supreme-west-hollywood/,@michaelnrodriguez,,1676897667,,,2026-04-16,,,,,,25,⭐ TIER 2 — Strong
Supreme Store Los Angeles,Los Angeles,California,USA,https://www.instagram.com/explore/locations/523241268/supreme-store-los-angeles/,@rsrc.php,,1037486289,,,2026-04-16,,,,,,25,⭐ TIER 2 — Strong
Supreme LA,Los Angeles,California,USA,https://www.sneakerfreaker.com/city-guides/los-angeles/supreme-la-los-angeles,@sneakerfreakermag,,690118-8807,,,2026-04-16,,,,,,25,⭐ TIER 2 — Strong
A Look Inside Supreme's New LA Store,Los Angeles,California,USA,https://hypebeast.com/2023/2/supreme-la-store-west-hollywood-photos,@hypebeast,google-play-en@2x.png,3702846231,,,2026-04-16,,,,,,35,⭐ TIER 2 — Strong
Stockists,Los Angeles,California,USA,https://rh-ude.com/pages/stockists-1?srsltid=AfmBOorp8rTgeMyCkmKgnryKnnoz3CerY1A7b8lEmQ0rGqTBFJEsxcIM,@rhude,,1613580349,,,2026-04-16,,,,,,30,⭐ TIER 2 — Strong
RHUDE – TRAFFIC LOS ANGELES,Los Angeles,California,USA,https://shoptrafficla.com/collections/rhude,@media,customerservice@shoptrafficla.com,7654415723,,,2026-04-16,,,,,,40,🔥 TIER 1 — Hot
Buy RHUDE Online at UNION LOS ANGELES,Los Angeles,California,USA,https://store.unionlosangeles.com/collections/rhude?srsltid=AfmBOoouuHeVyvUtW6l0UOebYT-pWnzje1ooBtMfJyMS6Vaf5Q1EBBFH,@unionlosangeles,,1698448251,,,2026-04-16,,,,,,30,⭐ TIER 2 — Strong
R H U D E,Los Angeles,California,USA,https://rh-ude.com/?srsltid=AfmBOoorM2FThMRKGnxD7nAKYSdFfsB95HjDcRhFi0d8XOi0zn8eAZIa,@rhude,,1613580349,,,2026-04-16,,,,,,30,⭐ TIER 2 — Strong
Contact Us,Los Angeles,California,USA,https://rh-ude.com/pages/contact-us?srsltid=AfmBOor7iJRJYuPyeVLI6bY4Rv7lmdkupcbYfIlfSSJnkiL4VAeuAhT9,@rhude,ORDERS@RH-UDE.COM,1613580349,,,2026-04-16,,,,,,40,🔥 TIER 1 — Hot
New Brand: Rhude - Pieces,Los Angeles,California,USA,https://pieceslosangeles.com/blogs/news/new-brand-rhude-1?srsltid=AfmBOorydwRW6VqCTuPYLzHB54JBl29zURznTdD9mmvNczu0GAJlgmzm,@font,,1767727558,,,2026-04-16,,,,,,30,⭐ TIER 2 — Strong
Rhude pops up at Maxfield in LA,Los Angeles,California,USA,"https://us.fashionnetwork.com/news/Rhude-pops-up-at-maxfield-in-la,998142.html",,,,,,2026-04-16,,,,,,20,⭐ TIER 2 — Strong
Rhude,Los Angeles,California,USA,https://www.neimanmarcus.com/c/designers-rhude-cat81650731?srsltid=AfmBOop9fyyy4ruKF36vPW9erCDGFM-tYNNx5un5EMAftGN-dE1MebuY,,,,,,2026-04-16,,,,,,20,⭐ TIER 2 — Strong
Rhude - Pieces,Los Angeles,California,USA,https://pieceslosangeles.com/collections/rhude?srsltid=AfmBOophlaNM0_2PsaQLOXU-VuRHr-ONvfhiBoNXac1d78SOb35MRzcZ,@font,,1767727558,,,2026-04-16,,,,,,30,⭐ TIER 2 — Strong
RHUDE - is a Los Angeles-based luxury streetwear brand ...,Los Angeles,California,USA,https://www.instagram.com/p/DJlR0TAispd/,@rsrc.php,,1037486289,,,2026-04-16,,,,,,30,⭐ TIER 2 — Strong
Vale Forever | PIECES Los Angeles,Los Angeles,California,USA,https://pieceslosangeles.com/collections/vale-forever?srsltid=AfmBOopH_BlxShuFPnpTuVsRb8yGLXe50oBazQmDuswwM8z_9xccVu0O,@font,,1767727558,,,2026-04-16,,,,,,30,⭐ TIER 2 — Strong
Vale Lives Forever 🦅 (@valelives) - Instagram,Los Angeles,California,USA,https://www.instagram.com/valelives/reels/?hl=en,@valelives,,1037486289,,,2026-04-16,,,,,,-30,❄️ TIER 4 — Cold
About Us - Vale Forever Clothing | Streetwear Fashion Story,Los Angeles,California,USA,https://valeforeverclothing.org/about.html,@context,support@valeforeverclothing.org,5625232626,,,2026-04-16,,,,,,40,🔥 TIER 1 — Hot
VALE IS OFFICIALLY IN LA COME JOIN US AT OUR FIRST ...,Los Angeles,California,USA,https://www.instagram.com/reel/Cth4I5_uDSO/,@rsrc.php,,1037486289,,,2026-04-16,,,,,,-30,❄️ TIER 4 — Cold
"Vale Clothing - Hoodie, Shirt, Shorts & Jeans",Los Angeles,California,USA,https://valeclothing.org/,@context,support@valeclothing.org,1771523124,,,2026-04-16,,,,,,20,⭐ TIER 2 — Strong
"Vale Forever Hoodie - Zip Up Styles in Pink, Yellow & ...",Los Angeles,California,USA,https://valeforeverhoodie.com/,,,,,,2026-04-16,,,,,,20,⭐ TIER 2 — Strong
Vale Forever x HMDD💫♾️ Now Available🚨 Shop ...,Los Angeles,California,USA,https://www.instagram.com/p/DPrgOE_kp65/,@rsrc.php,,1037486289,,,2026-04-16,,,,,,30,⭐ TIER 2 — Strong
About Us - Vale Forever Hoodie | Our Story & Mission,Los Angeles,California,USA,https://valeforeverhoodie.com/about.html,@context,support@valeforeverhoodie.com,1771523124,,,2026-04-16,,,,,,40,🔥 TIER 1 — Hot
NEW ARRIVALS ‼️ Vale Forever x Hellstar 🔥 ...,Los Angeles,California,USA,https://www.instagram.com/p/DL5b4GESyC6/,@rsrc.php,,1037486289,,,2026-04-16,,,,,,55,🔥 TIER 1 — Hot
About Us - Vale Hoodie | Our Story & Mission,Los Angeles,California,USA,https://valehoodie.com/about.html,@context,support@valehoodie.com,323-555-0189,,,2026-04-16,,,,,,-20,❄️ TIER 4 — Cold
New Brand: Vale Forever - Pieces,Los Angeles,California,USA,https://pieceslosangeles.com/blogs/news/new-brand-vale-forever?srsltid=AfmBOorlP0Ol0kWFI6zvKxjumhyN6umfm6yyWuuale5MPG7A36wMIeNy,@font,,1767727558,,,2026-04-16,,,,,,30,⭐ TIER 2 — Strong
Contact Us - Vale Clothing - valeclothing.org,Los Angeles,California,USA,https://valeclothing.org/contact.html,@valeclothing.org.,support@valeclothing.org,706010841,,,2026-04-16,,,,,,20,⭐ TIER 2 — Strong
Contact Us - Vale Forever Clothing | valeforeverclothing.org,Los Angeles,California,USA,https://valeforeverclothing.org/contact.html,@context,support@valeforeverclothing.org,939590908,,,2026-04-16,,,,,,40,🔥 TIER 1 — Hot
Contact Us | Customer Support & Store Information,Los Angeles,California,USA,https://vale-clothing.com/contact.html,@vale,,6162796564,,,2026-04-16,,,,,,10,📋 TIER 3 — Warm
Contact Us - Vale Shirt | Customer Support & Inquiries,Los Angeles,California,USA,https://valeshirt.com/contact.html,@valeshirt.com,support@valeshirt.com,1771523124,,,2026-04-16,,,,,,-20,❄️ TIER 4 — Cold
Recent Vale Forever pick ups shop the latest streetwear ...,Los Angeles,California,USA,https://www.instagram.com/reel/DUGo3MEj31z/,@rsrc.php,,1037486289,,,2026-04-16,,,,,,30,⭐ TIER 2 — Strong
The Best Streetwear and Sneaker Stores in LA,Los Angeles,California,USA,https://snkrdunk.com/en/magazine/2024/10/16/the-best-streetwear-and-sneaker-stores-in-la/,@snkrdunk,,4298112987,,,2026-04-16,,,,,,10,📋 TIER 3 — Warm
UNION LOS ANGELES,Los Angeles,California,USA,https://store.unionlosangeles.com/?srsltid=AfmBOoo-jWtKgKMcgCHuP0eIS13K8fSqsH4VBWSbUixnKV22FZk1bCje,@unionlosangeles,,1698448251,,,2026-04-16,,,,,,-30,❄️ TIER 4 — Cold
3 Days of Streetwear and LA Team Gear,Los Angeles,California,USA,https://www.discoverlosangeles.com/things-to-do/los-angeles-streetwear-sports-shopping,,,,,,2026-04-16,,,,,,0,❄️ TIER 4 — Cold
Toreno's Top 5 Streetwear Joints in LA,Los Angeles,California,USA,https://trippin.world/guide/torenos-top-5-streetwear-joints-in-la,@trippin.world,hello@trippin.com,6441128080,,,2026-04-16,,,,,,20,⭐ TIER 2 — Strong
"Shop Streetwear Clothing, Sneakers, Jerseys and Hats ...",Los Angeles,California,USA,https://www.culturekings.com/?srsltid=AfmBOopUYECkabi-KRk6cYv7DKQ7m2y0SQUpIuKGBrNW8pJ_DxvQEgJU,@culturekings.usa,test@test.com,1775758390,,,2026-04-16,,,,,,20,⭐ TIER 2 — Strong
Dover Street Market Los Angeles | DSM Los Angeles,Los Angeles,California,USA,https://losangeles.doverstreetmarket.com/,@doverstreetmarketlosangeles,info@dsm-ny.com,7519344772,,,2026-04-16,,,,,,-20,❄️ TIER 4 — Cold
HypeBeast Kickz,Los Angeles,California,USA,https://www.hbkickz.com/,@hbkickz23,hypebeastkicks23@yahoo.com,1825789878,,,2026-04-16,,,,,,20,⭐ TIER 2 — Strong
RIF LA: RIF LOS ANGELES,Los Angeles,California,USA,https://www.rif.la/?srsltid=AfmBOoqJUOo4yQWM7kc45-y5UwglMAHKda8jRtZx2QfjDcXHhYNZXmWY,@riflosangeles,riflogo_265x@2x.png,1635226384,,,2026-04-16,,,,,,-20,❄️ TIER 4 — Cold
Sneaker Stores You Must Visit in Los Angeles - Features,Los Angeles,California,USA,https://www.sneakerfreaker.com/features/sneaker-stores-you-must-visit-in-los-angeles,@coolkicksla,,5181905723,,,2026-04-16,,,,,,10,📋 TIER 3 — Warm
Los Angeles,Los Angeles,California,USA,https://hypebeast.com/tags/los-angeles,@hypebeast,screenshot-adblock-ultimate@2x.1f5b1723.png,3702846231,,,2026-04-16,,,,,,10,📋 TIER 3 — Warm
TRAFFIC LOS ANGELES | Luxury Men's and Women's ...,Los Angeles,California,USA,https://shoptrafficla.com/,@media,customerservice@shoptrafficla.com,7654415723,,,2026-04-16,,,,,,20,⭐ TIER 2 — Strong
Pieces – PIECES,Los Angeles,California,USA,https://pieceslosangeles.com/?srsltid=AfmBOop91rPLZ3eG7Fci2B5Tyd7N0d3wWnkc7xYxYUxiS7ZqWVhhdsHa,@font,,1767727558,,,2026-04-16,,,,,,-30,❄️ TIER 4 — Cold
"Maxfield LA - Luxury Designer Fashion, Art, Accessories ...",Los Angeles,California,USA,https://www.maxfieldla.com/?srsltid=AfmBOop1cz4Dtf2t43uKpTZQ4rnDlt6Ae4Vlaw2wTHzmEpZnpAey9n-J,@maxfieldla,,1689094229,,,2026-04-16,,,,,,10,📋 TIER 3 — Warm
The 11 Best Men's Boutiques In Los Angeles,Los Angeles,California,USA,https://www.modernluxury.com/best-mens-boutiques-los-angeles/,@import,swiper@11.1.0,1775648378,,,2026-04-16,,,,,,10,📋 TIER 3 — Warm
Premium Footwear | Shoes & Sneakers | Los Angeles ...,Los Angeles,California,USA,https://stores.shoepalace.com/ca/losangeles/,@shoepalace,,6157367176,,,2026-04-16,,,,,,10,📋 TIER 3 — Warm
The Best Sneaker Stores in Los Angeles,Los Angeles,California,USA,https://maps.apple.com/guides?curated=16912217241520609928&_provider=9902,@context,button-yelp-logo-6@3x.png,1691221724,,,2026-04-16,,,,,,20,⭐ TIER 2 — Strong
"Sneaker Hustle USA: Buy, Sell & Trade Sneakers | Jordans ...",Los Angeles,California,USA,https://sneakerhustleus.com/?srsltid=AfmBOopo9_8f9WJFtNpdQiOn9AwkPiiyGrzj8glM244mOfO3AJf3wB9p,@sneakerhustleusa,,7182159066,,,2026-04-16,,,,,,10,📋 TIER 3 — Warm
Contact Us - White Hellstar Shirt | Customer Support & Store ...,West Hollywood,California,USA,https://whitehellstarshirt.com/contact.html,@whitehellstarshirt.com,support@whitehellstarshirt.com,323-555-0123,,,2026-04-16,,,,,,45,🔥 TIER 1 — Hot
Contact Us - Hellstar Sweatpants | Customer Support & Inquiries,West Hollywood,California,USA,https://hellstarsweatpants.com/contact.html,@context,support@hellstarsweatpants.com,1771523124,,,2026-04-16,,,,,,45,🔥 TIER 1 — Hot
Hellstar | PIECES Los Angeles,West Hollywood,California,USA,https://pieceslosangeles.com/collections/hellstar?srsltid=AfmBOoqA60eEV63Yb4xMKy0NEwDpQ4A0Jqm_XfXr51oOZ_HH8OHrSHlE,@font,,1767727558,,,2026-04-16,,,,,,35,⭐ TIER 2 — Strong
New Hellstar Arrivals Now Available‼️ Shop these Pieces ...,West Hollywood,California,USA,https://www.instagram.com/p/DQCxFuNkt_h/,@rsrc.php,,1037486289,,,2026-04-16,,,,,,35,⭐ TIER 2 — Strong
Hellstar,West Hollywood,California,USA,https://showroomla.co/collections/hellstar?srsltid=AfmBOooy1gjuFn5LfuX1785kJAM44Efmt0Py0S4ko3dbzzD8NvFwrJmW,@showroomla,u003eSupport@showroomla.co,1723185612,,,2026-04-16,,,,,,45,🔥 TIER 1 — Hot
Hellstar Records Hollywood CA Path to Paradise Tee ...,West Hollywood,California,USA,https://www.ebay.com/itm/127369867466,@ebay,,2026041602,,,2026-04-16,,,,,,35,⭐ TIER 2 — Strong
SUPREME retail store has re-opened its West Hollywood ...,West Hollywood,California,USA,https://www.instagram.com/p/CwEem5MrrMs/,@rsrc.php,,1037486289,,,2026-04-16,,,,,,25,⭐ TIER 2 — Strong
Supreme store on the Sunset Strip at the site of where ...,West Hollywood,California,USA,https://www.alamy.com/supreme-store-on-the-sunset-strip-at-the-site-of-where-tower-records-once-was-in-los-angeles-ca-image549017490.html,@alamyltd,sales@alamy.com,1504544716,,,2026-04-16,,,,,,35,⭐ TIER 2 — Strong
Supreme,West Hollywood,California,USA,https://www.jrmcm.com/project/supreme/,@jrmconstructionmgmt,markerclustererplus@4.0.1,1776171291,,,2026-04-16,,,,,,25,⭐ TIER 2 — Strong
Supreme West Hollywood,West Hollywood,California,USA,https://frameweb.com/project/supreme-west-hollywood,@framepublishers,awards@frameweb.com,651-3701400,,,2026-04-16,,,,,,35,⭐ TIER 2 — Strong
R H U D E,West Hollywood,California,USA,https://rh-ude.com/?srsltid=AfmBOooVtje6X1oyu_I2DaK3DifACx8ioSXikZQkPB2lNLJAbTv7uZDE,@rhude,,1613580349,,,2026-04-16,,,,,,30,⭐ TIER 2 — Strong
Contact Us,West Hollywood,California,USA,https://rh-ude.com/pages/contact-us?srsltid=AfmBOoq-325QqBExgd9HcKZguownovJQ1_e_LH96C_XLSOXUcHzbWO9u,@rhude,ORDERS@RH-UDE.COM,1613580349,,,2026-04-16,,,,,,40,🔥 TIER 1 — Hot
Rhude,West Hollywood,California,USA,https://showroomla.co/collections/rhude?srsltid=AfmBOopNmKuFIjq0obctIYjBf2aUcmthQas3RB6Ob8xCtXxmnd9XDIp3,@showroomla,u003eSupport@showroomla.co,1723185612,,,2026-04-16,,,,,,40,🔥 TIER 1 — Hot
Buy RHUDE Online at UNION LOS ANGELES,West Hollywood,California,USA,https://store.unionlosangeles.com/collections/rhude?srsltid=AfmBOor4RTmPGrtytIRD3qMkZ2ms19wubTbL-9He08E6YEeoJZKkS4ai,@unionlosangeles,,1698448251,,,2026-04-16,,,,,,30,⭐ TIER 2 — Strong
Shop Rhude Online,West Hollywood,California,USA,https://www.nordstrom.com/brands/rhude--18936?srsltid=AfmBOoqbkO3eWkdAT6JlrzksgbGaO1GSA1JonRu76i-eF4mSsRfsjKI-,@4GfJ,,123456789,,,2026-04-16,,,,,,30,⭐ TIER 2 — Strong
Rhude | BBB Business Profile,West Hollywood,California,USA,https://www.bbb.org/us/ca/west-hollywood/profile/online-shopping/rhude-1216-1294447,@betterbusinessbureau_,info@bbbsefl.org,216-1294447,,,2026-04-16,,,,,,40,🔥 TIER 1 — Hot
"Rhude - Overview, News & Similar companies",West Hollywood,California,USA,https://www.zoominfo.com/c/rhude/365419580,,,,,,2026-04-16,,,,,,20,⭐ TIER 2 — Strong
DeAndre Hopkins arrives at Rhude Clothing Line Pop Up ...,West Hollywood,California,USA,https://www.gettyimages.com/detail/video/deandre-hopkins-arrives-at-rhude-clothing-line-pop-up-news-footage/999161528,@gettyimages,,6351776513,,,2026-04-16,,,,,,30,⭐ TIER 2 — Strong
Vale Forever | PIECES Los Angeles,West Hollywood,California,USA,https://pieceslosangeles.com/collections/vale-forever?srsltid=AfmBOoqnLhZReJwXw--nXMiUaCOBDQ9IOTHY55KE50xo-rm6E3UG0TAa,@font,,1767727558,,,2026-04-16,,,,,,30,⭐ TIER 2 — Strong
Vale Forever,West Hollywood,California,USA,https://showroomla.co/collections/vale-forever?srsltid=AfmBOoqMYHgBpJ4Y9_smgOTVzBzEPF5R-6Jq6kUF2vbUt6Kd3JpeP5ki,@showroomla,u003eSupport@showroomla.co,1723185612,,,2026-04-16,,,,,,40,🔥 TIER 1 — Hot
Vale Forever Blue Inferno Flannel All Sizes Available In ...,West Hollywood,California,USA,https://www.instagram.com/p/DTET8G5Eqho/,@rsrc.php,,1037486289,,,2026-04-16,,,,,,30,⭐ TIER 2 — Strong
VALE ON SALE Save big on all the latest Vale Forever in ...,West Hollywood,California,USA,https://www.instagram.com/reel/DRpix53jwVi/,@rsrc.php,,1037486289,,,2026-04-16,,,,,,30,⭐ TIER 2 — Strong
New Brand: Vale Forever - Pieces,West Hollywood,California,USA,https://pieceslosangeles.com/blogs/news/new-brand-vale-forever?srsltid=AfmBOoqutqTnFsLp5FMlqv0TsYVgBGBfJVfQxUHGcamWfMIm7yPWK26P,@font,,1767727558,,,2026-04-16,,,,,,30,⭐ TIER 2 — Strong
NEW ARRIVALS ‼️ Vale Forever x Hellstar 🔥 ... - Instagram,West Hollywood,California,USA,https://www.instagram.com/p/DL5b4GESyC6/,@rsrc.php,,1037486289,,,2026-04-16,,,,,,55,🔥 TIER 1 — Hot
About Us - Vale Clothing | Our Story & Mission,West Hollywood,California,USA,https://vale-clothing.com/about.html,@media,,8083988485,,,2026-04-16,,,,,,10,📋 TIER 3 — Warm
"The Best Boutiques in West Hollywood, L.A.'s Most Shop- ...",West Hollywood,California,USA,https://www.theadventuristmagazine.com/city-guides/the-west/california/los-angeles/west-hollywood-best-boutiques,@the_adventurist_magazine,user@domain.com.,1765539906,,,2026-04-16,,,,,,20,⭐ TIER 2 — Strong
The Ultimate Guide to Shopping in West Hollywood,West Hollywood,California,USA,https://www.visitwesthollywood.com/stories/ultimate-west-hollywood-shopping-guide/,,,,,,2026-04-16,,,,,,-40,❄️ TIER 4 — Cold
"Brick & Mortar Boutique in West Hollywood, CA",West Hollywood,California,USA,https://shopatbrick.com/,@shopatbrick,info@shopatbrick.com,5991460479,,,2026-04-16,,,,,,20,⭐ TIER 2 — Strong
The best streetwear stores in Los Angeles ‍♂️ Your ...,West Hollywood,California,USA,https://www.instagram.com/reel/DQKNLOGDLeS/,@rsrc.php,,1037486289,,,2026-04-16,,,,,,10,📋 TIER 3 — Warm
Take a Look Inside Supreme's New Store in West Hollywood,West Hollywood,California,USA,https://hypebae.com/2023/2/supreme-west-hollywood-store-los-angeles-opening-location-info,@hypebae,screenshot-adblock-ultimate@2x.1f5b1723.png,3702846231,,,2026-04-16,,,,,,25,⭐ TIER 2 — Strong
Impossible Kicks,West Hollywood,California,USA,https://www.impossiblekicks.com/?srsltid=AfmBOoptlRJGuqqoAkFAIiyPyJxQla5RTna1r_iQy0BSvcYUv_Md-RZ0,,,,,,2026-04-16,,,,,,0,❄️ TIER 4 — Cold
"Feature: Sneaker Culture, Designer Apparel + Lifestyle",West Hollywood,California,USA,https://feature.com/?srsltid=AfmBOoqwzwAXedkk2wnYoKlwVagu1nnmyS9YM0LsXIHlx-92E9yhLFOi,@feature,icon-paypal@2x.static.png,1554395407,,,2026-04-16,,,,,,20,⭐ TIER 2 — Strong
A Look Inside Acne Studios' New West Hollywood Store,West Hollywood,California,USA,https://hypebeast.com/2018/3/acne-studios-west-hollywood-store,,,,,,2026-04-16,,,,,,0,❄️ TIER 4 — Cold
The Ultimate West Hollywood Weekend Shopping Guide,West Hollywood,California,USA,https://www.elle.com/culture/travel-food/a46030642/the-ultimate-west-hollywood-weekend-shopping-guide/,@elleusa,customercare@zadigetvoltaire.com,3646644135,,,2026-04-16,,,,,,-20,❄️ TIER 4 — Cold
5 Clothing Stores You NEED To Experience #departmento ...,West Hollywood,California,USA,https://www.instagram.com/reel/DMa5u1jyufG/,@rsrc.php,,1037486289,,,2026-04-16,,,,,,10,📋 TIER 3 — Warm
"Shop Streetwear Clothing, Sneakers, Jerseys and Hats ...",West Hollywood,California,USA,https://www.culturekings.com/?srsltid=AfmBOorJ5WXq38fw7C7DHKFWQcZQg71T62GUAgEVlP5ZyrC0onx1nlOr,@culturekings.usa,test@test.com,1775758390,,,2026-04-16,,,,,,20,⭐ TIER 2 — Strong
James Perse Los Angeles,West Hollywood,California,USA,https://www.jamesperse.com/?srsltid=AfmBOorpQVw-5F0LaY7Z7ao-SQfLsOFroeNxK4HPryrmv6J_ddv70jZk,@media,,8031568479,,,2026-04-16,,,,,,-30,❄️ TIER 4 — Cold
"Los Angeles, West Hollywood | JACQUEMUS | Official Store",West Hollywood,California,USA,https://www.jacquemus.com/en_us/store/losangeles.html,,,,,,2026-04-16,,,,,,-40,❄️ TIER 4 — Cold
HellStar X AE Adidas size 13.5 DS/NEW LA EXCLUSIVE 🔥 ...,Fairfax,California,USA,https://www.instagram.com/p/DVCBjTOEa8C/,@rsrc.php,,1037486289,,,2026-04-16,,,,,,35,⭐ TIER 2 — Strong
Hellstar | PIECES Los Angeles,Fairfax,California,USA,https://pieceslosangeles.com/collections/hellstar?srsltid=AfmBOooddNDgqQ4PpGNEjLVZeoiiThj_ADrOOHGTig7dyRglAeeAjBKl,@font,,1767727558,,,2026-04-16,,,,,,35,⭐ TIER 2 — Strong
"pull up !!! @hellstar Scavenger hunt Thursday, 4/1 at 2:30p",Fairfax,California,USA,https://www.instagram.com/p/DWm3zIficI_/,@hellstar,,1037486289,,,2026-04-16,,,,,,35,⭐ TIER 2 — Strong
👟👟👟👟👟👟👟👟 Adidas AE 2 ( Hellstar Desert Camo ) ...,Fairfax,California,USA,https://www.instagram.com/reel/DVjIw43grCs/,@rsrc.php,,1037486289,,,2026-04-16,,,,,,35,⭐ TIER 2 — Strong
How three former Burbank High teammates used fashion to ...,Fairfax,California,USA,https://www.dailynews.com/2024/02/06/how-three-former-burbank-high-teammates-used-fashion-to-create-a-7-on-7-football-program/,@media,bootstrap-icons@1.5.0,1666666667,,,2026-04-16,,,,,,10,📋 TIER 3 — Warm
Hellstar | Hellstar Hoodie & Shirt | Official Website,Fairfax,California,USA,https://hellstarwear.us/,,,,,,2026-04-16,,,,,,25,⭐ TIER 2 — Strong
"Supreme Closes Los Angeles Fairfax Shop, New Location ...",Fairfax,California,USA,https://www.flaunt.com/blog/fashion-supreme-closes-los-angeles-fairfax-store,@flauntmagazine,showdown@1.9.1,5292349524,,,2026-04-16,,,,,,25,⭐ TIER 2 — Strong
Is Fairfax Avenue Dead as the Streetwear Hub of L.A.?,Fairfax,California,USA,https://wwd.com/business-news/retail/supreme-move-fairfax-avenue-sunset-boulevard-affect-streetwear-hub-los-angeles-1235503654/,@wwd,Br7@-V.O,1945704925,,,2026-04-16,,,,,,25,⭐ TIER 2 — Strong
The Hundreds' Closure Caps Fairfax's OG Streetwear Scene,Fairfax,California,USA,https://www.highsnobiety.com/p/fairfax-los-angeles-streetwear/,@highsnobiety,info@highsnobiety.com,1589980701,,,2026-04-16,,,,,,20,⭐ TIER 2 — Strong
Supreme Have Closed Their LA Flagship Fairfax Store,Fairfax,California,USA,https://pausemag.co.uk/2017/08/supreme-have-closed-their-la-flagship-fairfax-store/,@pauseonline,samantha.ria@pausemag.co.uk,1758023316,,,2026-04-16,,,,,,35,⭐ TIER 2 — Strong
R H U D E,Fairfax,California,USA,https://rh-ude.com/?srsltid=AfmBOooQ4N7pwARjrVMWdHl79aP_UXKMtEC8vvJNy9ikOipNjEh5rPsW,@rhude,,1613580349,,,2026-04-16,,,,,,30,⭐ TIER 2 — Strong
Shop Rhude Online,Fairfax,California,USA,https://www.nordstrom.com/brands/rhude--18936?srsltid=AfmBOooFKfW4TywQLcNHF14OSzK2YOhnL3XXqV0XKiXCYI6YEgPhv_9I,@4GfJ,,123456789,,,2026-04-16,,,,,,30,⭐ TIER 2 — Strong
Guillermo Andrade Returns to Retail With 424 Flagship on ...,Fairfax,California,USA,https://www.yahoo.com/lifestyle/guillermo-andrade-returns-retail-424-223520592.html,@yahoolifestyle,,8108964313,,,2026-04-16,,,,,,-30,❄️ TIER 4 — Cold
UNION LOS ANGELES,Fairfax,California,USA,https://store.unionlosangeles.com/?srsltid=AfmBOooRBjuPWNRwARAmpFAQ66FeR-TLM2kOPlNTaRv9EkxpPLfQ-bJ4,@unionlosangeles,,1698448251,,,2026-04-16,,,,,,-30,❄️ TIER 4 — Cold
Contact Us,Fairfax,California,USA,https://rh-ude.com/pages/contact-us?srsltid=AfmBOor8HMOd3zsLs6MqXQj2LfO4EuVALTRAngefsgcYwaApf0yWD4F5,@rhude,ORDERS@RH-UDE.COM,1613580349,,,2026-04-16,,,,,,40,🔥 TIER 1 — Hot
Discover the Rhude Collection,Fairfax,California,USA,https://www.a-ma-maniere.com/collections/rhude?srsltid=AfmBOoqncCELS3hIlhiH1I6cmvAtoDyK6XGiIWjaoJUKYqmryS_0-JG4,@maniere_usa,,1422991689,,,2026-04-16,,,,,,30,⭐ TIER 2 — Strong
SHOP ALL,Fairfax,California,USA,https://rh-ude.com/collections/shop-all?srsltid=AfmBOooiaP2jYTKXr2spPpHKeZNjGR2k8RisNnMlhRc4PW_5PjCjUF13,@rhude,,1613580349,,,2026-04-16,,,,,,30,⭐ TIER 2 — Strong
The restock of everyone's favorite Vale Forever has landed ...,Fairfax,California,USA,https://www.instagram.com/reel/DQX597eARY8/,@rsrc.php,,1037486289,,,2026-04-16,,,,,,30,⭐ TIER 2 — Strong
Vale Forever | PIECES Los Angeles,Fairfax,California,USA,https://pieceslosangeles.com/collections/vale-forever?srsltid=AfmBOoraORfk1ZnFLgtd9cYlX1iIyl1d9mQiu-GzuxtHnMKXB0pFMfE_,@font,,1767727558,,,2026-04-16,,,,,,30,⭐ TIER 2 — Strong
Fabric Precuts,Fairfax,California,USA,https://www.hawthornesupplyco.com/fabric-precuts?srsltid=AfmBOorgAurE5dVQUuxSkAZj0OSRTH-eUxgAr1UNz9wtIJ-azIJkNkn2,,,,,,2026-04-16,,,,,,-40,❄️ TIER 4 — Cold
Vale Lives Clothing Store Locations,Fairfax,California,USA,https://www.instagram.com/popular/vale-lives-clothing-store-locations/,@rsrc.php,,1037486289,,,2026-04-16,,,,,,10,📋 TIER 3 — Warm
VALE FOREVER – Vale Forever,Fairfax,California,USA,https://www.valeforever.com/?srsltid=AfmBOoots0mkiBGbRKMA9h-Dbt-TIBLAS-fK0U5KXaOw3IxFKVIAk9Fe,@media,,1774299210,,,2026-04-16,,,,,,30,⭐ TIER 2 — Strong
"Nonstop on Instagram: "". Vale, one of the hottest brands out ...",Fairfax,California,USA,https://www.instagram.com/reel/DQpr2gukvOJ/,@rsrc.php,,1037486289,,,2026-04-16,,,,,,-30,❄️ TIER 4 — Cold
Location & Directions - Vale Auto Sales,Fairfax,California,USA,https://www.valeautosale.com/location-and-directions,@3.4.1,motion@11.11.13,1988408134,,,2026-04-16,,,,,,-30,❄️ TIER 4 — Cold
Vale: Home,Fairfax,California,USA,https://www.vale.com/,@valenobrasil,frontend-js-react-web@5.0.54,1761247930,,,2026-04-16,,,,,,-30,❄️ TIER 4 — Cold
VALE in 2016 vs 2026 #nyc #viral #thingstodoinny #fyp # ...,Fairfax,California,USA,https://www.instagram.com/p/DTvXbwAgN02/,@rsrc.php,,1037486289,,,2026-04-16,,,,,,-30,❄️ TIER 4 — Cold
BarbTailers,Fairfax,California,USA,https://thebarbshop.com/pages/barbtailers?srsltid=AfmBOopgw0o_IChDrSgVZW6D6qkYte6jLgmUoRy5UrwKyF4fNxe-w1M7,@thebarbshop,,1720640829,,,2026-04-16,,,,,,-30,❄️ TIER 4 — Cold
"Fairfax at Eastvale Square - New Houses in Eastvale, CA",Fairfax,California,USA,https://risewellhomes.com/southern-california/inland-empire-new-homes/neighborhoods/fairfax-at-eastvale-square,,,,,,2026-04-16,,,,,,-40,❄️ TIER 4 — Cold
Photos: The Dawn of LA's Fairfax Avenue Streetwear Scene,Fairfax,California,USA,https://urbmagazine.substack.com/p/photos-the-dawn-of-las-fairfax-avenue,@jessicaandclark,,1619891265,,,2026-04-16,,,,,,10,📋 TIER 3 — Warm
Conifer Shop,Fairfax,California,USA,https://www.conifershop.com/?srsltid=AfmBOoonsVhVuYqc6YF3lq-jPtKUX4n2W6n5ivry-1c7SbLBJN4Mjf4U,@conifershop,user@domain.com.,1505361017,,,2026-04-16,,,,,,-20,❄️ TIER 4 — Cold
SHOP | FARIFAX CALIFORNIA,Fairfax,California,USA,https://www.fairfaxcalifornia.com/shop,@fairfax_usa,focus-within-polyfill@5.0.9,2545352419,,,2026-04-16,,,,,,-30,❄️ TIER 4 — Cold
"4:30 Fairfax (@430fairfax) · Los Angeles, CA",Fairfax,California,USA,https://www.instagram.com/430fairfax/,@430fairfax,,1037486289,,,2026-04-16,,,,,,-30,❄️ TIER 4 — Cold
Take a Look at the Grailed on Fairfax Installation,Fairfax,California,USA,https://hypebeast.com/2016/12/grailed-on-fairfax-installation?amp=1,,,,,,2026-04-16,,,,,,0,❄️ TIER 4 — Cold
SOLESTAGE – Solestage,Fairfax,California,USA,https://www.solestage.com/,@solestage,,1712567275,,,2026-04-16,,,,,,-30,❄️ TIER 4 — Cold
Amazon's Supreme-Inspired Show Fairfax Opens Shop in LA,Fairfax,California,USA,https://www.adweek.com/creativity/amazons-supreme-inspired-show-fairfax-opens-shop-in-la/,@adweek,terry.stanley@adweek.com,1774626878,,,2026-04-16,,,,,,35,⭐ TIER 2 — Strong
Catwalk Designer Vintage – catwalk,Fairfax,California,USA,https://catwalkdesignervintage.com/,@catwalkfairfax,,1554769634,,,2026-04-16,,,,,,10,📋 TIER 3 — Warm
"FOURTWOFOUR ON FAIRFAX, Los Angeles",Fairfax,California,USA,https://trippin.world/spot/fourtwofour-on-fairfax,@fourtwofouronfairfax,hello@trippin.com,6441128080,,,2026-04-16,,,,,,-20,❄️ TIER 4 — Cold
Undefeated,Fairfax,California,USA,https://undefeated.com/,@undefeatedinc,orders@undefeated.com,1614295109,,,2026-04-16,,,,,,-20,❄️ TIER 4 — Cold
2nd STREET USA | Second Hand Clothing Store - Buy & Sell ...,Fairfax,California,USA,https://2ndstreetusa.com/,@2ndstreetusa,,1774963426,,,2026-04-16,,,,,,10,📋 TIER 3 — Warm
COOLKICKS – Coolkicks,Fairfax,California,USA,https://shopcoolkicks.com/?srsltid=AfmBOop_6HEGma7G09sHY6LTAE5e5Ef4wQIHFMRLx_CU7XP0N4nf_UZs,@coolkicks,,314952-0354,,,2026-04-16,,,,,,10,📋 TIER 3 — Warm
A Look Inside eBay's Wear 'Em Out Fairfax Sneaker Pop-Up,Fairfax,California,USA,https://dot.la/ebay-sneaker-shop-los-angeles-2657406856.html,@dotla,6b64f5cc8af542cbb920e0238864390a@sentry.io,2657406856,,,2026-04-16,,,,,,20,⭐ TIER 2 — Strong
EBay opens Wear 'Em Out pop-up sneaker store on Fairfax,Fairfax,California,USA,https://spectrumlocalnews.com/nc/coastal/business/2022/05/24/ebay-opens-wear--em-out-pop-up-sneaker-store-on-fairfax-memorial-day-weekend,@SpectrumNews1NC,,1653499560,,,2026-04-16,,,,,,10,📋 TIER 3 — Warm
Hellstar | PIECES Los Angeles,Beverly Hills,California,USA,https://pieceslosangeles.com/collections/hellstar?srsltid=AfmBOooh7Fg6QAI3O5TX8BDDo_BfdNhJ9ssefHdDpjXk6XO6g5xNNM8x,@font,,1767727558,,,2026-04-16,,,,,,35,⭐ TIER 2 — Strong
Hellstar,Beverly Hills,California,USA,https://showroomla.co/collections/hellstar?srsltid=AfmBOoqLUy0vAEMdjftX9pTLPhq3tcAknQ963YnxEArH5bMfdUS7Wpn1,@showroomla,u003eSupport@showroomla.co,1723185612,,,2026-04-16,,,,,,45,🔥 TIER 1 — Hot
Shop @hellstar in-store & online at pieceslosangeles.com ...,Beverly Hills,California,USA,https://www.instagram.com/reel/DDkOnNqvQOu/,@hellstar,,1037486289,,,2026-04-16,,,,,,35,⭐ TIER 2 — Strong
Hellstar Studios,Beverly Hills,California,USA,https://bullseyesb.com/collections/hellstar?srsltid=AfmBOop6SzDxWY1uX2e_Uk88xOGLudnGnQGFBvtZovT_-ntoKAMnBZEM,@bullseyesb,info@stagheaddesigns.com,9736354169,,,2026-04-16,,,,,,45,🔥 TIER 1 — Hot
Best Authenticated Streetwear Stores Near Beverly Hills - Pieces,Beverly Hills,California,USA,https://pieceslosangeles.com/blogs/news/best-authenticated-streetwear-stores-near-beverly-hills-1?srsltid=AfmBOorw0iS57bmzMUqx28UbEtJUXp6m1PDWOGcqOvU8YlnmkIy07ftt,@font,,1767727558,,,2026-04-16,,,,,,10,📋 TIER 3 — Warm
Hellstar Baseball Fitted Hat Green,Beverly Hills,California,USA,https://www.shopholyground.com/products/hellstar-baseball-fitted-hat-green?srsltid=AfmBOoqbGz-TYvx17h6UK__xG5-Oh3LQ3j8Ww6oMPtfYGEApLib4yEGM,@holygroundshop,,2868549642,,,2026-04-16,,,,,,35,⭐ TIER 2 — Strong
Contact Us,Beverly Hills,California,USA,https://hellstar.com/pages/contact-us,@HELLSTAR,,5230780330,,,2026-04-16,,,,,,35,⭐ TIER 2 — Strong
Supreme Jewelry: Designed in Los Angeles by Jirair Kiladjian,Beverly Hills,California,USA,https://www.supremejewelry.net/,@supremejewelry,,3858319594,,,2026-04-16,,,,,,25,⭐ TIER 2 — Strong
"Supreme, Beverly Hills, CA - Reviews, Ratings, Tips and ...",Beverly Hills,California,USA,https://wanderlog.com/place/details/745258/supreme,@34.090783,apm-rum@5.16.0,3026914942,,,2026-04-16,,,,,,25,⭐ TIER 2 — Strong
"Men's Rhude Clothing, Shoes, Accessories & Grooming",Beverly Hills,California,USA,https://www.nordstrom.com/browse/men?filterByBrand=rhude&srsltid=AfmBOoq-FdBxH42dw6YNL3EJYg3VcctvnRW3yz47su6VuWfDAc0A3X3o,@4GfJ,,123456789,,,2026-04-16,,,,,,30,⭐ TIER 2 — Strong
R H U D E,Beverly Hills,California,USA,https://rh-ude.com/?srsltid=AfmBOoq_6lVQe0JGDMy-uWW6K4j8tGxv9XkplrKN0g_wEAsJkdUmv2d1,@rhude,,1613580349,,,2026-04-16,,,,,,30,⭐ TIER 2 — Strong
"Maxfield LA - Luxury Designer Fashion, Art, Accessories ...",Beverly Hills,California,USA,https://www.maxfieldla.com/?srsltid=AfmBOormsUlTDGoPn06mdoncDQCVIxlvy5uY4W87tTnrFYb_phNmt-BE,@maxfieldla,,1689094229,,,2026-04-16,,,,,,10,📋 TIER 3 — Warm
Buy RHUDE Online at UNION LOS ANGELES,Beverly Hills,California,USA,https://store.unionlosangeles.com/collections/rhude?srsltid=AfmBOoqUlUHP7J86pLz5pxQpm8pfcfiYawNYtaWHJD-R3KJFuMKyETUL,@unionlosangeles,,1698448251,,,2026-04-16,,,,,,30,⭐ TIER 2 — Strong
Living the Rhude Life in Beverly Hills,Beverly Hills,California,USA,https://www.gq.com/story/rhude-ss-22,@samschube,help@newyorker.com,6069630293,,,2026-04-16,,,,,,40,🔥 TIER 1 — Hot
"The Webster: Curated Luxury Fashion, Beauty & Lifestyle",Beverly Hills,California,USA,https://thewebster.com/?srsltid=AfmBOorbIHfrDX4qQyr2TFuS0wxn7PBpYaEy2W5GOG_Ytg23V2HqIVV9,@thewebster,,2147483647,,,2026-04-16,,,,,,10,📋 TIER 3 — Warm
LA STORE Now open 8483 Melrose AV CA 90069 11AM,Beverly Hills,California,USA,https://www.instagram.com/p/DWHarMAjJBM/,@rsrc.php,,1037486289,,,2026-04-16,,,,,,-30,❄️ TIER 4 — Cold
Vale Forever | PIECES Los Angeles,Beverly Hills,California,USA,https://pieceslosangeles.com/collections/vale-forever?srsltid=AfmBOoq3ZEyYb_cuVKB2Mq91S0k-FpylyrtqO1o4PcQIz1U0mwxUgB8T,@font,,1767727558,,,2026-04-16,,,,,,30,⭐ TIER 2 — Strong
Our Stores & Stockists,Beverly Hills,California,USA,https://thisisthegreat.com/pages/stores-page?srsltid=AfmBOoq0xFAUhTvu5ZmDXU8FEwfjKNEZAaPE6ZXLcMsfCIFRQyW50Wca,@thisisthegreat_,lido@thisisthegreat.com,1727777490,,,2026-04-16,,,,,,-20,❄️ TIER 4 — Cold
VALE FOREVER,Beverly Hills,California,USA,https://endlesssupply.com/collections/vale?srsltid=AfmBOopfNDkvzXgqZrDy7ES1agj3Fiqbr8NdmYc3QjBbVsolg7B2ZSKD,@endlesssupply,,1719113949,,,2026-04-16,,,,,,30,⭐ TIER 2 — Strong
Vale Lives,Beverly Hills,California,USA,https://www.ebay.com/shop/vale-lives?_nkw=vale+lives,@ebay,,1026282131,,,2026-04-16,,,,,,-30,❄️ TIER 4 — Cold
"Vale Forever Clothing – Hoodie, Shirt, Shorts & Jeans for ...",Beverly Hills,California,USA,https://vale-clothing.com/,@media,,1776617013,,,2026-04-16,,,,,,30,⭐ TIER 2 — Strong
Beverly Hills,Beverly Hills,California,USA,https://boutiques.valentino.com/en-us/united-states/valentino-beverly-hills-usa,,,684135041,,,2026-04-16,,,,,,0,❄️ TIER 4 — Cold
Beverly Hills Shopping & Stores,Beverly Hills,California,USA,https://lovebeverlyhills.com/shopping,@lovebevhills,info@mindgruve.com,1788081461,,,2026-04-16,,,,,,-20,❄️ TIER 4 — Cold
RODEO DRIVE – THE INTERSECTION OF LUXURY ...,Beverly Hills,California,USA,https://www.rodeodrive-bh.com/,@rodeodrive,user@domain.com.,1774491810,,,2026-04-16,,,,,,20,⭐ TIER 2 — Strong
"Sole on Instagram: ""Tired of your wardrobe?? Come find your ...",Beverly Hills,California,USA,https://www.instagram.com/reel/DW4--sFkUQ3/,@rsrc.php,,1037486289,,,2026-04-16,,,,,,-30,❄️ TIER 4 — Cold
Impossible Kicks,Beverly Hills,California,USA,https://www.impossiblekicks.com/?srsltid=AfmBOoo6ARCRi2BriDz0QEzuoReeuu2HNDZftA7kZ0mSd36l4nNy3EtP,,,,,,2026-04-16,,,,,,0,❄️ TIER 4 — Cold
Blends Opens a New Beverly Hills Location,Beverly Hills,California,USA,https://hypebeast.com/2015/3/blends-opens-a-new-beverly-hills-location,,,,,,2026-04-16,,,,,,0,❄️ TIER 4 — Cold
ANTA Beverly Hills is now open! It was an honor to attend the ...,Beverly Hills,California,USA,https://www.instagram.com/reel/DUvrd_yE6EI/,@rsrc.php,,1037486289,,,2026-04-16,,,,,,-30,❄️ TIER 4 — Cold
"Los Angeles City Guide: Coffee, Art, Cheap Eats",Beverly Hills,California,USA,https://hypebeast.com/2016/8/los-angeles-city-guide-hypebeast,,,,,,2026-04-16,,,,,,0,❄️ TIER 4 — Cold
ASRV Private Event Beverly Hills Grand Opening,Beverly Hills,California,USA,https://hypebeast.com/2022/3/asrv-spring-2022-collection-transcend-beverly-hills-grand-opening,,,,,,2026-04-16,,,,,,0,❄️ TIER 4 — Cold
"My Art is now in Zensai, a Luxury Streetwear Fashion Store ...",Beverly Hills,California,USA,https://www.instagram.com/p/B8S2fNhAUPO/,@rsrc.php,,1037486289,,,2026-04-16,,,,,,10,📋 TIER 3 — Warm
Madison Maison an iconic specialty store in Beverly Hills,Beverly Hills,California,USA,https://www.madisonstyle.com/?srsltid=AfmBOorHsgx-dr6cCzLEi8OnKcA3yZCpKWvboa7JqypYIe_MoluCoC3W,@madisonstyle,,1746710984,,,2026-04-16,,,,,,-30,❄️ TIER 4 — Cold
RICK OWENS | OFFICIAL WEBSITE,Beverly Hills,California,USA,https://www.rickowens.eu/,@font,customercare@rickowens.eu,1770205777,,,2026-04-16,,,,,,-20,❄️ TIER 4 — Cold
Shoe & Sneaker Store in Los Angeles | JD Sports at Beverly ...,Beverly Hills,California,USA,https://stores.jdsports.com/ca/losangeles/beverly-center.html,@jdsportsus,,(310) 299-2487,,,2026-04-16,,,,,,10,📋 TIER 3 — Warm
Shop MadisonStyle Shoe Stores Beverly Hills Malibu California,Beverly Hills,California,USA,https://www.madisonstyle.com/pages/locations-beverly-hills-malibu-fred-segal-los-angeles?srsltid=AfmBOoqzbEvRLiF87hkQlUMSCxjwG_8rB1w5-4GT6Fcqwm54ahyq2Pqk,@madisonstyle,,1746710984,,,2026-04-16,,,,,,-30,❄️ TIER 4 — Cold
Beverly Hills Lingerie: First Streetwear Lingerie Brand,Beverly Hills,California,USA,https://beverlyhillslingerie.com/?srsltid=AfmBOophnwJ5g9xFwWd6uuKeh_DQHyNURa4-kGCQEDSpVHqFmhmCIlUf,@beverlyhillslingerie,Screen_Shot_2019-08-06_at_10.39.38_PM_f6fce90b-4675-4052-91f2-1896a2b60ca9_x63@2x.png,1613537804,,,2026-04-16,,,,,,20,⭐ TIER 2 — Strong
"Sportswear & Gym Clothing Store in Beverly Hills, CA",Beverly Hills,California,USA,https://asrv.com/blogs/locations/beverly-hills?srsltid=AfmBOopEQ2tVET169FwptqLW_Wc8JRTopnWEQe5Rc9D1r_Z1af54CM9W,@asrv,wings-grey_50x@2x.png,1197032873,,,2026-04-16,,,,,,20,⭐ TIER 2 — Strong
Hellstar - Levels SF,San Francisco,California,USA,https://levelssf.com/collections/hellstar?srsltid=AfmBOooYlvXU0F2mfYybNYzf_bHiqSQAXDW1mRjp9c9RG9JD0Z7ZJHvC,@levelssf,,1682737641,,,2026-04-16,,,,,,35,⭐ TIER 2 — Strong
"LEVELS SF on Instagram: ""Hellstar. Levels. 2146 3rd St. Now ...",San Francisco,California,USA,https://www.instagram.com/reel/DGEf2oRyhj_/,@hellstar,,1037486289,,,2026-04-16,,,,,,35,⭐ TIER 2 — Strong
"New Hellstar Uniform Zip-Up⭐️ Sizes: S, M, L ...",San Francisco,California,USA,https://www.instagram.com/p/DImvj3WT8PJ/,@rsrc.php,,1037486289,,,2026-04-16,,,,,,35,⭐ TIER 2 — Strong
Hellstar Studios,San Francisco,California,USA,https://bullseyesb.com/collections/hellstar?srsltid=AfmBOooyp-7BVEyQoIur3Q3gEpxhpPgm2hXosSxfaHOg32FgfEI23sL5,@bullseyesb,info@stagheaddesigns.com,4204079679,,,2026-04-16,,,,,,45,🔥 TIER 1 — Hot
"Hellstar Collection: Exclusive Apparel, Graphic Tees & ...",San Francisco,California,USA,https://wycovintagebroadway.com/collections/hellstar?srsltid=AfmBOooCU0x2A8KGAbChkWdBbfwO2wxl8zA4lG4jagsukuCLjjvDNYKo,@WyCoBroadway,,1679016109,,,2026-04-16,,,,,,35,⭐ TIER 2 — Strong
Hellstar,San Francisco,California,USA,https://thewebster.com/shop/designers/hellstar.html?srsltid=AfmBOop3-xEPlgdQsDueIbvzspDlIArqwHqDemw7olCUQhXp2wJbcPW9,@thewebster,,2147483647,,,2026-04-16,,,,,,35,⭐ TIER 2 — Strong
Hellstar out now !! Hoodies / Sweats ( DM to purchase ),San Francisco,California,USA,https://www.instagram.com/p/DVWcsfHCUYN/,@rsrc.php,,1037486289,,,2026-04-16,,,,,,35,⭐ TIER 2 — Strong
Last few @hellstar pieces available online. Get them before ...,San Francisco,California,USA,https://www.instagram.com/reel/DGmKbp0SfZc/,@hellstar,,1037486289,,,2026-04-16,,,,,,35,⭐ TIER 2 — Strong
"LEVELS SF (@levelssf) · San Francisco, CA",San Francisco,California,USA,https://www.instagram.com/levelssf/,@levelssf,,1037486289,,,2026-04-16,,,,,,-30,❄️ TIER 4 — Cold
San Francisco Bay Area Fashion Shops You Must Visit,San Francisco,California,USA,https://branciaga.substack.com/p/san-francisco-bay-area-fashion-shops,@chameleonvtg,denim@selfedge.com,569.5054945,,,2026-04-16,,,,,,20,⭐ TIER 2 — Strong
"Fresh Society on Instagram: ""New HellStar “beat us” T's now ...",San Francisco,California,USA,https://www.instagram.com/reel/C6pLV4ivtof/,@rsrc.php,,1037486289,,,2026-04-16,,,,,,35,⭐ TIER 2 — Strong
"Supreme in San Francisco, CA United States",San Francisco,California,USA,https://maps.apple.com/place?place-id=I4CADAA6416758C92,@context,button-foursquare-1@3x.png,122.4105001,,,2026-04-16,,,,,,35,⭐ TIER 2 — Strong
Peek inside Supreme's San Francisco store,San Francisco,California,USA,https://thespaces.com/supreme-san-francisco/,,,,,,2026-04-16,,,,,,15,📋 TIER 3 — Warm
Supreme San Francisco,San Francisco,California,USA,https://frameweb.com/project/supreme-san-francisco,@framepublishers,info@kbtsm.com,1613437237,,,2026-04-16,,,,,,35,⭐ TIER 2 — Strong
RHUDE stores in San Francisco,San Francisco,California,USA,https://www.shopenauer.com/en/brand/rhude/san-francisco,@shopenauer_official,,5682063865,,,2026-04-16,,,,,,30,⭐ TIER 2 — Strong
"Men's Rhude Clothing, Shoes, Accessories & Grooming",San Francisco,California,USA,https://www.nordstrom.com/browse/men?filterByBrand=rhude&srsltid=AfmBOoqGkr9PsOdMZcjPj9N8goLh1NL610EBTWWAf6VyaquC5UUQDT3k,@4GfJ,,123456789,,,2026-04-16,,,,,,30,⭐ TIER 2 — Strong
R H U D E,San Francisco,California,USA,https://rh-ude.com/?srsltid=AfmBOoo1HlSUcy1_jY2QEts6JeqGberuoGUqoVkzlZS-2T-I3TMwoPdF,@rhude,,1613580349,,,2026-04-16,,,,,,30,⭐ TIER 2 — Strong
Wilkes Bashford - Mitchell Stores,San Francisco,California,USA,https://wilkesbashford.mitchellstores.com/,,,,,,2026-04-16,,,,,,-40,❄️ TIER 4 — Cold
Contact Us,San Francisco,California,USA,https://rh-ude.com/pages/contact-us?srsltid=AfmBOooCVBJMfaQBBe5ZH-V_No8UJAxAPMLpKSot_q7KQ_pVDFmzBGwk,@rhude,ORDERS@RH-UDE.COM,1613580349,,,2026-04-16,,,,,,40,🔥 TIER 1 — Hot
New Vale Double Knees ❕ VALE FOREVER CHAIN ...,San Francisco,California,USA,https://www.instagram.com/p/DRU5ICSCb87/,@rsrc.php,,1037486289,,,2026-04-16,,,,,,30,⭐ TIER 2 — Strong
"Vale Forever | Shop Vale Clothing - Tees, Hoodies, & More",San Francisco,California,USA,https://restockar.com/collections/vale-forever?srsltid=AfmBOoreQh4N7kjAK5YeEAH7wGPwLW1S1LDh4J8uJ5VYrUnTrWH8chGy,@restock,splide-extension-auto-scroll@0.5.3,1694813899,,,2026-04-16,,,,,,30,⭐ TIER 2 — Strong
Live Shows — WELCOME TO NIGHT VALE,San Francisco,California,USA,https://www.welcometonightvale.com/live,@nightvaleofficial,user@domain.com.,1426613745,,,2026-04-16,,,,,,-20,❄️ TIER 4 — Cold
Home | Santa Clara Valley Water,San Francisco,California,USA,https://www.valleywater.org/,@scvwd,,9665155858,,,2026-04-16,,,,,,-30,❄️ TIER 4 — Cold
Showroom Locator,San Francisco,California,USA,https://thevalelondon.co.uk/pages/showroom-locator?srsltid=AfmBOoriGMG-nmsY2M4FDJMss2g7qpuCxxml5frQUewGtG4ebgiJkvYI,@thevalelondon,marketing@thevalelondon.co.uk,1742328323,,,2026-04-16,,,,,,-20,❄️ TIER 4 — Cold
Vale Auto Sales: Used Cars Novato | Used Car Dealers ...,San Francisco,California,USA,https://www.valeautosale.com/,@3.4.1,motion@11.11.13,1988408134,,,2026-04-16,,,,,,-30,❄️ TIER 4 — Cold
No.3 Fine Jewelry: San Francisco • 2354 Polk Street,San Francisco,California,USA,https://www.shopno3.com/?srsltid=AfmBOorEqiZysyOqN7nltddlNspcRMAnzxt_oYw1WJEkNHzojd45P27y,@no3.shop,,1614289458,,,2026-04-16,,,,,,-30,❄️ TIER 4 — Cold
Vale Spider Web Flannel size Large $99 available in store ...,San Francisco,California,USA,https://www.instagram.com/p/DWE6lGFj2hZ/,@rsrc.php,,1037486289,,,2026-04-16,,,,,,-30,❄️ TIER 4 — Cold
Privacy Policy,San Francisco,California,USA,https://edgevale.com/pages/privacy-policy?srsltid=AfmBOoqTRDXgXTlJxn9xTiGiIbyszMFkB5FkjtBOkMOL7bKRmXHJsNia,@edgevaleusa,byr_190x_2x_f2e0cdbf-43c8-4ae1-88ba-4562f169a76a_190x@2x.png,1613772916,,,2026-04-16,,,,,,-20,❄️ TIER 4 — Cold
Find a Stockist,San Francisco,California,USA,https://ereperez.com/en-us/apps/store-locator?srsltid=AfmBOop7OYkSqmq8kXLezBPry9syGa0afJ_c-MHmLhx-6eS4hvASUJwO,@ereperezcosmetics,online@ereperez.com,1775615587,,,2026-04-16,,,,,,-20,❄️ TIER 4 — Cold
"The Darkside Initiative - San Francisco, CA - Apparel and ...",San Francisco,California,USA,https://www.thedarksideinitiative.com/,@thedarksideinitiative,Nanamica-Hoodie-Black-1_d485c708-7c21-4612-b68a-f7d6795d2fb7_25x25@2x.jpg,1752475350,,,2026-04-16,,,,,,20,⭐ TIER 2 — Strong
State Of Flux | Clothing Brand & Store,San Francisco,California,USA,https://www.stateofflux.shop/,@stateoffluxshop,info@stateofflux.shop,2590526676,,,2026-04-16,,,,,,20,⭐ TIER 2 — Strong
True Clothing – Shop True Clothing,San Francisco,California,USA,https://www.trueclothing.net/?srsltid=AfmBOoo8azs3XrpAu6PgHbJW0GmFezSgBPaOp6ovd_IAYZCWC8P-qVrZ,@true_sf,,1661581586,,,2026-04-16,,,,,,10,📋 TIER 3 — Warm
Bay Area Streetwear Brands,San Francisco,California,USA,https://piedmontave.com/bay-area-streetwear-brands/,@media,chosen-sprite@2x.png,1541183126,,,2026-04-16,,,,,,20,⭐ TIER 2 — Strong
The City Guide to San Francisco,San Francisco,California,USA,https://hypebeast.com/2019/4/san-francisco-things-to-do-guide-restaurants-shopping-museums-food,,,,,,2026-04-16,,,,,,0,❄️ TIER 4 — Cold
Upper Playground | Shop Now,San Francisco,California,USA,https://upperplayground.com/,@upperplayground,upperplayproduction@gmail.com,8040009630,,,2026-04-16,,,,,,-20,❄️ TIER 4 — Cold
grails sf – Grails SF,San Francisco,California,USA,https://www.grailssf.com/?srsltid=AfmBOopB5SFPEFvl6yBWa-S6P1QCARM_ZP47UYUP9dwoOKl8CCoZNH0J,@grails.sf,alpinejs@3.13.0,1776212226,,,2026-04-16,,,,,,-30,❄️ TIER 4 — Cold
San Francisco,San Francisco,California,USA,https://hypebeast.com/tags/san-francisco,@hypebeast,screenshot-adblock-ultimate@2x.1f5b1723.png,3702846231,,,2026-04-16,,,,,,10,📋 TIER 3 — Warm
Hidden Hype Clothing,San Francisco,California,USA,https://hiddenhype.com/?srsltid=AfmBOopi8zzS5qWxErvv8A__fpoQBMRaQrU2XbhSeTflbEWGbV9KlugO,@hiddenhypeboutique,support@hiddenhype.com,8654104650,,,2026-04-16,,,,,,20,⭐ TIER 2 — Strong
Premium Footwear | Shoes & Sneakers | San Francisco ...,San Francisco,California,USA,https://stores.shoepalace.com/ca/sanfrancisco/,@shoepalace,,6157367176,,,2026-04-16,,,,,,10,📋 TIER 3 — Warm
Restyled SF: Home,San Francisco,California,USA,https://www.restyledsf.us/,@media,hi@mystore.com,2882222241,,,2026-04-16,,,,,,-20,❄️ TIER 4 — Cold
San Francisco Sneaker Stores - SneakerNews.com,San Francisco,California,USA,https://sneakernews.com/sneaker-shopping-guide/san-francisco-sneaker-stores/,,,,,,2026-04-16,,,,,,0,❄️ TIER 4 — Cold
Market Street,San Francisco,California,USA,https://www.shiekh.com/stores/sf-flagship?srsltid=AfmBOopnbn076YykI3DlctBy6OCxyrNtSKE3O6fK__cewXLxouZBQTK2,,,,,,2026-04-16,,,,,,-40,❄️ TIER 4 — Cold
citykickssd,San Diego,California,USA,https://citykickssd.com/,@citykickssd,Inquiries@CityKicksSD.com,1741849026,,,2026-04-16,,,,,,20,⭐ TIER 2 — Strong
Bunch of Hellstar Tees in Store‼️ Perfect for the Summer ...,San Diego,California,USA,https://www.instagram.com/reel/DJz0B5ETzwM/,@rsrc.php,,1037486289,,,2026-04-16,,,,,,35,⭐ TIER 2 — Strong
Store Locations - La Jolla,San Diego,California,USA,https://feature.com/pages/store-locations-la-jolla?srsltid=AfmBOopU3ZvzOAbWl9uij0rGWVMlh4xR5M8h_PsMp6SwSzak1a79lA3j,@feature,icon-paypal@2x.static.png,1554395407,,,2026-04-16,,,,,,-20,❄️ TIER 4 — Cold
Hellstar Clothing | Tees Hoodies Long Sleeves,San Diego,California,USA,https://www.stadiumgoods.com/collections/hellstar?srsltid=AfmBOorlu7ytdpwJAUOTLxnj6jstN13yfsWJReBuqztqSnTyXepXs7Ot,@stadiumgoods,hello@shopmail.stadiumgoods.com,8070339516,,,2026-04-16,,,,,,45,🔥 TIER 1 — Hot
Shop Overload | Premium Skate and Shoe Store | San Diego ...,San Diego,California,USA,https://shopoverload.com/?srsltid=AfmBOoprMx2agmJTaxH2f9Od8SY9fsaunHVq0g-2Gu0OPRztRaDhXg33,@shopoverload.com,shop@shopoverload.com,1737781903,,,2026-04-16,,,,,,20,⭐ TIER 2 — Strong
Hellstar Tee Sz M $179.99! 📍9809 Mira Mesa Blvd ⏰ Open ...,San Diego,California,USA,https://www.instagram.com/p/DBuZB_BSPyi/,@rsrc.php,,1037486289,,,2026-04-16,,,,,,35,⭐ TIER 2 — Strong
ShopMeta,San Diego,California,USA,https://shopmeta.com/?srsltid=AfmBOoqjPQuK8T8kBvpQCqLUB530-14aEuYwWsPu77wzSojSJIjdpADN,@shopmetasd,Group_1127_dc4e0ea3-781b-4b8a-8dfe-f44499968071_110x@2x.png,1643854612,,,2026-04-16,,,,,,-20,❄️ TIER 4 — Cold
Hellstar Studios Screaming Kid T-Shirt 'White' - YankeeKicks,San Diego,California,USA,https://store.yankeekicks.com/products/hellstar-studios-screaming-kid-t-shirt-white?srsltid=AfmBOoqYNqMdpOiCsuTgqYnnuQBPUtUeRWl6WdAjnpEgWyFFCrnqWWRi,@yankeekicks,support@starapps.studio,389-1650986,,,2026-04-16,,,,,,45,🔥 TIER 1 — Hot
Supreme Clothing,San Diego,California,USA,https://shopmeta.com/collections/supreme-clothing?srsltid=AfmBOoo8LHiSug1CuRnNKvSTtKXgqFOdhPSv_Avmg0_JT1bkjSvTt39K,@shopmetasd,Group_1127_dc4e0ea3-781b-4b8a-8dfe-f44499968071_110x@2x.png,1643854612,,,2026-04-16,,,,,,35,⭐ TIER 2 — Strong
Reign Supreme Clothing (@wereignsupreme),San Diego,California,USA,https://www.instagram.com/wereignsupreme/,@shopdablock,,1037486289,,,2026-04-16,,,,,,25,⭐ TIER 2 — Strong
Supremecardshop: Home,San Diego,California,USA,https://www.supremecardshop.com/,@supremecardshop,supremecardshop@gmail.com,1681623493,,,2026-04-16,,,,,,35,⭐ TIER 2 — Strong
"Introducing BPM Supply, a New Online Store for DJs",San Diego,California,USA,https://blog.bpmmusic.io/news/introducing-bpm-supply-a-new-online-store-for-djs/,@arocksworld,,1800264860,,,2026-04-16,,,,,,-30,❄️ TIER 4 — Cold
R H U D E,San Diego,California,USA,https://rh-ude.com/?srsltid=AfmBOorfp3E7h1pPOGF7aml_pO6si9TkPubmMjEqYVk-7sgPG7el1LkI,@rhude,,1613580349,,,2026-04-16,,,,,,30,⭐ TIER 2 — Strong
RHUDE stores in San Diego,San Diego,California,USA,https://www.shopenauer.com/en/brand/rhude/san-diego,@shopenauer_official,,5682063865,,,2026-04-16,,,,,,30,⭐ TIER 2 — Strong
"Men's Rhude Clothing, Shoes, Accessories & Grooming",San Diego,California,USA,https://www.nordstrom.com/browse/men?filterByBrand=rhude&srsltid=AfmBOorZ95_U0OO8Wd8gM6K56G_Pvr1CgZOYCoApUBN8OdsYle5s0wPW,@4GfJ,,123456789,,,2026-04-16,,,,,,30,⭐ TIER 2 — Strong
Rhude | Luxury Streetwear & West Coast Style - Jurgen,San Diego,California,USA,https://jurgenstore.com/brand/rhude/,@jurgenstoreclassic,info@jurgenlangezaal.nl,9007712507,,,2026-04-16,,,,,,40,🔥 TIER 1 — Hot
"Fashion Valley, San Diego, CA",San Diego,California,USA,https://www.urbanoutfitters.com/stores/urban-outfitters-fashion-valley,,,,,,2026-04-16,,,,,,0,❄️ TIER 4 — Cold
Westfield UTC,San Diego,California,USA,https://www.roddandgunn.com/us/stores/westfield-utc_5050?srsltid=AfmBOopohI8OQyiRec8qaLFpcv_OBxHIR6VikjWCdMzh6cZ5aj5RE3AL,@roddandgunn,customerservice@roddandgunn.com,1776366233,,,2026-04-16,,,,,,-20,❄️ TIER 4 — Cold
Shop RHUDE Streetwear | Luxury Style,San Diego,California,USA,https://www.stadiumgoods.com/collections/streetwear-other-brands-rhude?srsltid=AfmBOoouwLqUsYlfC7pfS24NMEGgWixP5d3zY1qUis44H1x14lPXHuQL,@stadiumgoods,hello@shopmail.stadiumgoods.com,8070339516,,,2026-04-16,,,,,,40,🔥 TIER 1 — Hot
We've been waiting for this one We officially now have ...,San Diego,California,USA,https://www.instagram.com/reel/DNi5dyoo1vM/,@rsrc.php,,1037486289,,,2026-04-16,,,,,,-30,❄️ TIER 4 — Cold
Vale Forever | PIECES Los Angeles,San Diego,California,USA,https://pieceslosangeles.com/collections/vale-forever?srsltid=AfmBOoqdPFZCQN7If5p1Ak6DEw8QTjXV9GP-LRnHXHkwfRjKX0HrPyRT,@font,,1767727558,,,2026-04-16,,,,,,30,⭐ TIER 2 — Strong
Contact Us,San Diego,California,USA,https://www.valeforever.com/pages/contact-us?srsltid=AfmBOorXSs-TZ9cbL07aPd4MvgWrm7SrdCjKHRzcpl7pSeI5h7Zs1KuL,@valeforever.com,Thamy@valeforever.comStylist,1774299210,,,2026-04-16,,,,,,-20,❄️ TIER 4 — Cold
DM TO SHOP🛍️ #explore #sandiego #raybanmeta ...,San Diego,California,USA,https://www.instagram.com/p/DTwwexJiUiq/,@rsrc.php,,1037486289,,,2026-04-16,,,,,,-30,❄️ TIER 4 — Cold
"Fashion Valley on Instagram: ""The first True Classic store in ...",San Diego,California,USA,https://www.instagram.com/reel/DRnIZYmCqF5/,@atlasstores,,1037486289,,,2026-04-16,,,,,,10,📋 TIER 3 — Warm
VALE FOREVER,San Diego,California,USA,https://endlesssupply.com/collections/vale?srsltid=AfmBOoq8zbkrRTQbpiqVn3Rhzc-Pre7JppuBwyxqVP2IUIYepD3F88jv,@endlesssupply,,1719113949,,,2026-04-16,,,,,,30,⭐ TIER 2 — Strong
New vale jhorts in store now! At both @holyhavensd and ...,San Diego,California,USA,https://www.instagram.com/reel/DWpCPYlgTYa/,@holyhavensd,,1037486289,,,2026-04-16,,,,,,-30,❄️ TIER 4 — Cold
"SHOEHABIT on Instagram: ""Just in ! Vale Jacket Sz XL ...",San Diego,California,USA,https://www.instagram.com/p/DWr5wCRkmdk/,@rsrc.php,,1037486289,,,2026-04-16,,,,,,-30,❄️ TIER 4 — Cold
Vale Soccer Club | Team.WeGotSoccer.com,San Diego,California,USA,https://www.wegotsoccer.com/valesc,@media,help@unisportsoccer.com,1044154415,,,2026-04-16,,,,,,-20,❄️ TIER 4 — Cold
"Fashion Valley® - A Shopping Center In San Diego, CA - Simon",San Diego,California,USA,https://www.simon.com/mall/fashion-valley,@Fashionvalleyca,,1766078725,,,2026-04-16,,,,,,10,📋 TIER 3 — Warm
Dealer Locator,San Diego,California,USA,https://locator.ttdealers.carrier.com/,,,,,,2026-04-16,,,,,,-40,❄️ TIER 4 — Cold
Caliwearsd: CaliWear San Diego - Online Clothing Store,San Diego,California,USA,https://caliwearsd.com/?srsltid=AfmBOoqP6uwYDKIJMfVTzEi8mQjpnXlNuvxB_JbOyN6JoZDEwyV0CngV,@caliwearsd,,1761163216,,,2026-04-16,,,,,,10,📋 TIER 3 — Warm
ACD GALLERY - San Diego,San Diego,California,USA,https://acdgallery.com/,@acdgallery,info@acdgallery.com,1614294546,,,2026-04-16,,,,,,-20,❄️ TIER 4 — Cold
Bait store - San Diego,San Diego,California,USA,https://www.baitme.com/stores-san-diego?srsltid=AfmBOopKtXH6N2OLyooRfouuCF7_VW3kd3ML47RkPSgRIP5FvD0EOPOb,@baitme,support@baitme.com,1775557925,,,2026-04-16,,,,,,-20,❄️ TIER 4 — Cold
Holy Haven VTG & Sneakers Store (@holyhavensd),San Diego,California,USA,https://www.instagram.com/holyhavensd/,@thekickbacksd,,1037486289,,,2026-04-16,,,,,,10,📋 TIER 3 — Warm
Gstyle Clothing,San Diego,California,USA,https://www.gstyleclothing.com/,@context,Back-print--Hustle_195x195@2x.gif,1614295213,,,2026-04-16,,,,,,20,⭐ TIER 2 — Strong
"Shop Streetwear Clothing, Sneakers, Jerseys and Hats ...",San Diego,California,USA,https://www.culturekings.com/?srsltid=AfmBOor4Caw7Z73NhAcJwNAZ82MDtZANu2hMWKDISo29g37IsClQ9a5I,@culturekings.usa,test@test.com,1775758390,,,2026-04-16,,,,,,20,⭐ TIER 2 — Strong
Sneaker Club San Diego,San Diego,California,USA,https://thesneakerclubsd.com/,@gmail.com,thesneakerclubsd@gmail.com,1618299147,,,2026-04-16,,,,,,20,⭐ TIER 2 — Strong
San Diego,San Diego,California,USA,https://hypebeast.com/tags/san-diego,@hypebeast,screenshot-adblock-ultimate@2x.1f5b1723.png,3702846231,,,2026-04-16,,,,,,10,📋 TIER 3 — Warm
"ELECT. (@electsandiego) · San Diego, CA",San Diego,California,USA,https://www.instagram.com/electsandiego/,@electsandiego,,1037486289,,,2026-04-16,,,,,,-30,❄️ TIER 4 — Cold
Shopping La Jolla Style - San Diego Tourism Authority,San Diego,California,USA,https://www.sandiego.org/article/shopping-la-jolla-style,,,,,,2026-04-16,,,,,,-40,❄️ TIER 4 — Cold
Discover Luxury at Fashion Valley - San Diego - Simon,San Diego,California,USA,https://www.simon.com/mall/fashion-valley/luxury,@fashionvalleyca,,1766078725,,,2026-04-16,,,,,,10,📋 TIER 3 — Warm
"City Kicks (@citykickssd) · San Diego, CA",San Diego,California,USA,https://www.instagram.com/citykickssd/,@citykickssd,,1037486289,,,2026-04-16,,,,,,10,📋 TIER 3 — Warm
Premium Footwear | Shoes & Sneakers | San Diego ...,San Diego,California,USA,https://stores.shoepalace.com/ca/sandiego/,@shoepalace,,6157367176,,,2026-04-16,,,,,,10,📋 TIER 3 — Warm
Shoe & Sneaker Store in San Diego | JD Sports at Fashion ...,San Diego,California,USA,https://stores.jdsports.com/ca/sandiego/fashion-valley.html,@jdsportsus,,(619) 567-5400,,,2026-04-16,,,,,,10,📋 TIER 3 — Warm
Shop Overload | Premium Skate and Shoe Store | San ...,San Diego,California,USA,https://shopoverload.com/?srsltid=AfmBOorvcOt3RfWYVVMrtxd-8RfcP5FdtLryWnBTyTnr7DThpTzGOGK1,@shopoverload.com,shop@shopoverload.com,1737781903,,,2026-04-16,,,,,,20,⭐ TIER 2 — Strong
Newly released @hellstar merchandise hit the shelves 🔥 ...,Melrose,California,USA,https://www.instagram.com/p/Cq6fD8lvzea/,@hellstar,,1037486289,,,2026-04-16,,,,,,35,⭐ TIER 2 — Strong
new hellstar tees available in store and online,Melrose,California,USA,https://www.instagram.com/p/C2Vur2ovJR1/,@rsrc.php,,1037486289,,,2026-04-16,,,,,,35,⭐ TIER 2 — Strong
HUNDREDS OF @hellstar IN AND OUT ✈️ CHECK OUT ...,Melrose,California,USA,https://www.instagram.com/reel/DTBcSn3Ek11/,@hellstar,,1037486289,,,2026-04-16,,,,,,35,⭐ TIER 2 — Strong
⭐️ @hellstar Owner hellstarseanie reflects on his past 2 ...,Melrose,California,USA,https://www.instagram.com/reel/C5GRMvnOEkU/,@hellstar,,1037486289,,,2026-04-16,,,,,,35,⭐ TIER 2 — Strong
Hellstar Studios The Path To Paradise Begins In Hell Tee,Melrose,California,USA,https://attic.city/item/JTL5/hellstar-studios-the-path-to-paradise-begins-in-hell-tee/wasteland,@example.org,,1775905109,,,2026-04-16,,,,,,35,⭐ TIER 2 — Strong
Banned LA Ruin My Life (@bannedla) - Instagram,Melrose,California,USA,https://www.instagram.com/bannedla/,@bannedla,,1037486289,,,2026-04-16,,,,,,-30,❄️ TIER 4 — Cold
Contact Us | Customer Support & Store Info,Melrose,California,USA,https://blackhellstarhoodie.com/contact.html,@context,support@blackhellstarhoodie.com,323-555-0198,,,2026-04-16,,,,,,45,🔥 TIER 1 — Hot
✖️ ALL BLACK EVERYTHING ✖️ Restock on all our Black ...,Melrose,California,USA,https://www.instagram.com/reel/CyHH4_VyVOj/,@rsrc.php,,1037486289,,,2026-04-16,,,,,,-30,❄️ TIER 4 — Cold
"ALLP STUDIOS on Instagram: ""How Hellstar sold $2 million ...",Melrose,California,USA,https://www.instagram.com/reel/C8DDK10yhtr/,@rsrc.php,,1037486289,,,2026-04-16,,,,,,35,⭐ TIER 2 — Strong
Terms & Conditions - Black Hellstar Hoodie Official Store,Melrose,California,USA,https://blackhellstarhoodie.com/terms-conditions.html,@blackhellstarhoodie.com,,323-555-0198,,,2026-04-16,,,,,,35,⭐ TIER 2 — Strong
'Supreme' store opening in WeHo brings big concerns ...,Melrose,California,USA,https://abc7.com/post/supreme-clothing-store-west-hollywood-controversy/11526658/,@abc7la,pr@abc7.com,1422894341,,,2026-04-16,,,,,,35,⭐ TIER 2 — Strong
Streetwear Brands Supreme Store Melrose Supreme Clothing ...,Melrose,California,USA,https://fundacionblazer.org/product/category/view_more/33614761041660,,,,,,2026-04-16,,,,,,15,📋 TIER 3 — Warm
Supreme store in L.A. draws fashion fanatics seeking 'dope ...,Melrose,California,USA,https://www.latimes.com/local/lanow/la-me-ln-fashion-fanatics-20150820-story.html,@latimes.404,benjamin.oreskes@latimes.com,2147483647,,,2026-04-16,,,,,,35,⭐ TIER 2 — Strong
Stockists,Melrose,California,USA,https://rh-ude.com/pages/stockists-1?srsltid=AfmBOorypCtiqv2N556XVU_Av0C9505TQzLH_rDwu1G0NpYhVz4UFTOl,@rhude,,1613580349,,,2026-04-16,,,,,,30,⭐ TIER 2 — Strong
"Maxfield LA - Luxury Designer Fashion, Art, Accessories ...",Melrose,California,USA,https://www.maxfieldla.com/?srsltid=AfmBOooFyfBLpUjVzAEmVz3iL1_45RDUU3f4BOidwcImVAyvAH6Lq9n0,@maxfieldla,,1689094229,,,2026-04-16,,,,,,10,📋 TIER 3 — Warm
L.A. streetwear brand Rhude pops into Maxfield's Melrose ...,Melrose,California,USA,https://www.latimes.com/fashion/la-ig-wwd-rhude-maxfield-pop-up-20180716-story.html,@latimes.404,,2147483647,,,2026-04-16,,,,,,30,⭐ TIER 2 — Strong
RHUDE x MAXFIELD POP UP,Melrose,California,USA,https://store2be.com/fr/events/rhude-x-maxfield-pop-up,@popupshopshq,,1010000080,,,2026-04-16,,,,,,30,⭐ TIER 2 — Strong
Rhude,Melrose,California,USA,https://shopthesample.com/collections/rhude,@shopthesample,,1775682776,,,2026-04-16,,,,,,30,⭐ TIER 2 — Strong
R H U D E,Melrose,California,USA,https://rh-ude.com/?srsltid=AfmBOooM_b02PaAtJonGhkPo6Rsg51f4DCYsc1aPNP9ZyrLTEFk_Oe5G,@rhude,,1613580349,,,2026-04-16,,,,,,30,⭐ TIER 2 — Strong
Contact Us,Melrose,California,USA,https://rh-ude.com/pages/contact-us?srsltid=AfmBOopR08FZLDRF9yfeDEXv-wi0lV1KxHMKZY1R6vTp4icAz0ILCWvs,@rhude,ORDERS@RH-UDE.COM,1613580349,,,2026-04-16,,,,,,40,🔥 TIER 1 — Hot
About The Brand,Melrose,California,USA,https://rh-ude.com/pages/information?srsltid=AfmBOooxQE9b66vhxo0EogbB4HQ1jLN1J1JQmOVDC5YYShw8ue-V5S4R,@rhude,,1613580349,,,2026-04-16,,,,,,30,⭐ TIER 2 — Strong
Our Stores & Stockists,Melrose,California,USA,https://thisisthegreat.com/pages/stores-page?srsltid=AfmBOopG1_25TBGet7BVaxC6ZqKX5p5Aa5LcUoS_SOs2dQwvBTtsmSGJ,@thisisthegreat_,lido@thisisthegreat.com,1727777490,,,2026-04-16,,,,,,-20,❄️ TIER 4 — Cold
Vale Forever | PIECES Los Angeles,Melrose,California,USA,https://pieceslosangeles.com/collections/vale-forever?srsltid=AfmBOooq4MBxJPVn9jWdz5Z2Xv05ad1wznlEMiBZbtGpWKPO4TkbfGl3,@font,,1767727558,,,2026-04-16,,,,,,30,⭐ TIER 2 — Strong
VALE FOREVER – Vale Forever,Melrose,California,USA,https://www.valeforever.com/?srsltid=AfmBOoqhHsq5GwKFrtI2OgzfNgbenzBbJuU-bIOGdZRig4jyBjBAf4n8,@media,,1774299210,,,2026-04-16,,,,,,30,⭐ TIER 2 — Strong
"Vale Hoodie - Zip Up in Pink, Yellow & Black ...",Melrose,California,USA,https://valehoodie.com/,@context,support@valehoodie.com,323-555-0189,,,2026-04-16,,,,,,-20,❄️ TIER 4 — Cold
"Vale Hoodie - Zip Up in Pink, Yellow & Black for Streetwear ...",Melrose,California,USA,https://valehoodie.com/,@context,support@valehoodie.com,323-555-0189,,,2026-04-16,,,,,,20,⭐ TIER 2 — Strong
"Vale Forever Clothing - Hoodie, Shirt, Shorts & Jeans ...",Melrose,California,USA,https://valef.org/,,,,,,2026-04-16,,,,,,20,⭐ TIER 2 — Strong
"Earthling on Instagram: ""TODAYS THE DAY! 11am-8pm ...",Melrose,California,USA,https://www.instagram.com/reel/DUtImZxjsJm/,@rsrc.php,,1037486289,,,2026-04-16,,,,,,-30,❄️ TIER 4 — Cold
"We're opening our new store on Melrose. April 3rd, 2026 7450 ...",Melrose,California,USA,https://www.instagram.com/reel/DWow7mHKeGO/,@rsrc.php,,1037486289,,,2026-04-16,,,,,,-30,❄️ TIER 4 — Cold
Melrose Showroom,Melrose,California,USA,https://valyoufurniture.com/pages/melrose-showroom?srsltid=AfmBOorurc8abN3xZpvhDR54MK4xA0w324Y3cMXaKpUqQwG1sRflJ7NR,@valyousofa,melrose@valyoufurniture.com,1749097525,,,2026-04-16,,,,,,-20,❄️ TIER 4 — Cold
"8441 melrose pl ste c - los angeles, ca",Melrose,California,USA,https://www.instagram.com/p/DWpCoPRE6Sg/,@rsrc.php,,1037486289,,,2026-04-16,,,,,,-30,❄️ TIER 4 — Cold
"7669 Melrose Ave Los Angeles Ca, 90046 Open 11-7pm (ON ...",Melrose,California,USA,https://www.instagram.com/reel/C7uQPtJPcOJ/,@rsrc.php,,1037486289,,,2026-04-16,,,,,,-30,❄️ TIER 4 — Cold
Posers Hollwood,Melrose,California,USA,http://www.weareposers.com/,@posers_hollywood,user@domain.com.,1577405439,,,2026-04-16,,,,,,-20,❄️ TIER 4 — Cold
Bait store - Los Angeles,Melrose,California,USA,https://www.baitme.com/stores-los-angeles?srsltid=AfmBOoruhCVirU58fKmY0oxQ45LuO9AaVe7Waonv-YDDHNf_LN3nFOyu,@baitme,support@baitme.com,1775557925,,,2026-04-16,,,,,,-20,❄️ TIER 4 — Cold
POP UP LA - MELROSE (@thepopupshopla),Melrose,California,USA,https://www.instagram.com/thepopupshopla/,@thepopupshopla,,1037486289,,,2026-04-16,,,,,,-30,❄️ TIER 4 — Cold
"Melrose Avenue Shopping: Best Boutiques, Vintage & ...",Melrose,California,USA,https://hypeach.com/blogs/news/melrose-avenue-shopping-guide-best-boutiques-vintage-stores?srsltid=AfmBOooGozNuxTPcvc3IUYUg5Gt5UVdW43Zb9ZdJgAXOjvXbIdBBJ37G,@hypeachboutique,HYPEACH_logo_black_919527ed-31a1-4b5d-bc95-c5f9a45f2dbc_200x@2x.png,1658452964,,,2026-04-16,,,,,,20,⭐ TIER 2 — Strong
The Pop up shop Los Angeles: Top Clothing Brands,Melrose,California,USA,https://thepopupshopla.com/?srsltid=AfmBOoqTKgrf5Gyn74A9uLoXzPmMA6Ice3WE-8r87N7BCBpx-K9EFCN7,@thepopupshopla,,1736991854,,,2026-04-16,,,,,,10,📋 TIER 3 — Warm
Clothing Archives,Melrose,California,USA,https://melroseartsdistrict.com/directory-melrose/categories/clothing/,,,,,,2026-04-16,,,,,,0,❄️ TIER 4 — Cold
Luke Fracher Opens Second Luke's Location in Los Angeles,Melrose,California,USA,https://hypebeast.com/2024/8/lukes-la-store-opening-luke-fracher,@hypebeast,google-play-en@2x.png,3702846231,,,2026-04-16,,,,,,20,⭐ TIER 2 — Strong
HYPEBEAST Los Angeles (@hypebeastla),Melrose,California,USA,https://www.instagram.com/hypebeastla/,@hypebeastla,,1037486289,,,2026-04-16,,,,,,10,📋 TIER 3 — Warm
Streetwear L.A.: Original Hypebeast,Melrose,California,USA,https://www.culturehoney.com/streetwear-l-a-original-hypebeast/,@culturehoneymag,,1776291384,,,2026-04-16,,,,,,10,📋 TIER 3 — Warm
"Moist Melrose (@m.premium_clothing) · Los Angeles, CA",Melrose,California,USA,https://www.instagram.com/m.premium_clothing/,@m.premium_clothing,,1037486289,,,2026-04-16,,,,,,10,📋 TIER 3 — Warm
RTA Brand: Luxury Streetwear Clothing for Men & Women ...,Melrose,California,USA,https://rta.com/?srsltid=AfmBOooHngiXVpGKNib6XU1hpW15xRHihGkmF405fErKZr8NFtmpkrae,@rtabrand,,9166543286,,,2026-04-16,,,,,,10,📋 TIER 3 — Warm
Sneakerhead Melrose (@sneakerheadmelrose),Melrose,California,USA,https://www.instagram.com/sneakerheadmelrose/?hl=en,@sneakerheadmelrose,,1037486289,,,2026-04-16,,,,,,10,📋 TIER 3 — Warm
LOS ANGELES MELROSE Store,Melrose,California,USA,https://www.goldengoose.com/us/en/stores/los-angeles/25,@goldengoose,accessibility.info@goldengoose.com,1776353947,,,2026-04-16,,,,,,-20,❄️ TIER 4 — Cold
UNION LOS ANGELES,Melrose,California,USA,https://store.unionlosangeles.com/?srsltid=AfmBOorwALfs9hNo4UWnPTdluB8-VDFd-FpoBLKFIlbNG2BLFidsxzRK,@unionlosangeles,,1698448251,,,2026-04-16,,,,,,-30,❄️ TIER 4 — Cold
Shop Hellstar Clothes | Distinctive Urban Fashion Styles,New York City,New York,USA,https://originsnyc.com/collections/hellstar-studios-fashion?srsltid=AfmBOorJH4Obyl-4iCT05nkEXnjEiwXQcvKcnINbKWDDX1_rodp0H11Y,@originsnyc,help@originsnyc.com,7919878242,,,2026-04-16,,,,,,45,🔥 TIER 1 — Hot
Hellstar Streetwear | Shop the Collection,New York City,New York,USA,https://capsule.nyc/collections/hellstar?srsltid=AfmBOooVXspdUWFD4VoOjPKcw6KLnv6-kATxU3aU6ItPW2f2mm8-8lwb,@capsule_nyc,icon-paypal@2x.static.png,4380278799,,,2026-04-16,,,,,,45,🔥 TIER 1 — Hot
"620 Broadway New York, NY 10012 COME SHOP!!!",New York City,New York,USA,https://www.instagram.com/p/DOOWtFnDXl7/,@rsrc.php,,1037486289,,,2026-04-16,,,,,,-30,❄️ TIER 4 — Cold
Hell Star,New York City,New York,USA,https://sammys.nyc/collections/hell-star?srsltid=AfmBOoq9pUJ0MPRuoKh9BTyt9vLc_5fmpGmIrMMgqH5c1nNVoV0xg_TI,@sammys.nyc.,Site-Logo-Black_300x@2x.png,1689133380,,,2026-04-16,,,,,,-20,❄️ TIER 4 — Cold
Hellstar,New York City,New York,USA,https://districtoneny.com/collections/hellstar?srsltid=AfmBOooUoRxmBfdENig1EAXm1f8zTR84S2Godbdd4KklP8v6X1STc9Va,@districtoneny,,1711118886,,,2026-04-16,,,,,,35,⭐ TIER 2 — Strong
New Hellstar Available In Store and Online Stealthny.com ...,New York City,New York,USA,https://www.instagram.com/reel/C7QLRyEoLPP/,@rsrc.php,,1037486289,,,2026-04-16,,,,,,35,⭐ TIER 2 — Strong
The Most Popular Streetwear Brand In NYC,New York City,New York,USA,https://sellstreetwearnyc.com/the-most-popular-streetwear-brand-in-nyc/,@eastvillagebuyers,Goldbuyers125@gmail.com,1917608893,,,2026-04-16,,,,,,20,⭐ TIER 2 — Strong
Empire Uptown. | HELLSTAR 💫 Available Now 📍124 ...,New York City,New York,USA,https://www.instagram.com/p/CmXAL_AuyQy/,@rsrc.php,,1037486289,,,2026-04-16,,,,,,35,⭐ TIER 2 — Strong
Hellstar Clothing | Tees Hoodies Long Sleeves,New York City,New York,USA,https://www.stadiumgoods.com/collections/hellstar?srsltid=AfmBOoqZ2TlcMM1AMnGku5tRXkzUwTopFvu6ZC8ruZt9KTPyl2wjRF-f,@stadiumgoods,hello@shopmail.stadiumgoods.com,8070339516,,,2026-04-16,,,,,,45,🔥 TIER 1 — Hot
"Supreme (@supremenewyork) · New York, NY",New York City,New York,USA,https://www.instagram.com/supremenewyork/,@supremenewyork,,1037486289,,,2026-04-16,,,,,,25,⭐ TIER 2 — Strong
Supreme | Your Guide to NYC Tourism,New York City,New York,USA,https://www.nyctourism.com/shopping/supreme-nolita/,@nyctourism,date-picker@1.4.0,240950843,,,2026-04-16,,,,,,25,⭐ TIER 2 — Strong
New - Shop,New York City,New York,USA,https://us.supreme.com/collections/new,,,1421991361,,,2026-04-16,,,,,,15,📋 TIER 3 — Warm
RHUDE stores in New York,New York City,New York,USA,https://www.shopenauer.com/en/brand/rhude/new-york,@shopenauer_official,,5682063865,,,2026-04-16,,,,,,30,⭐ TIER 2 — Strong
Rhude,New York City,New York,USA,https://capsule.nyc/collections/rhude?srsltid=AfmBOorp-fJ_6ENT2gppUVa9VSOtdixTOpubRBMG8H9gEBmXGleTEzS4,@capsule_nyc,icon-paypal@2x.static.png,4380278799,,,2026-04-16,,,,,,40,🔥 TIER 1 — Hot
R H U D E,New York City,New York,USA,https://rh-ude.com/?srsltid=AfmBOopsYU2yDSawKSpV3H-8oCPp2wzrjYFA_vk9tAl0IcfBSKMDAAfq,@rhude,,1613580349,,,2026-04-16,,,,,,30,⭐ TIER 2 — Strong
Rhude Collection - Origins NYC | Embrace Luxury Streetwear,New York City,New York,USA,https://originsnyc.com/collections/rhude?srsltid=AfmBOoo0Knd16tvdHaDhPXVoF2XV7mskQ5EaATG-kvPyakbXFnFjJWdj,@originsnyc,help@originsnyc.com,8691198755,,,2026-04-16,,,,,,40,🔥 TIER 1 — Hot
"Rhude's latest drop has arrived featuring Sweatshirts, Tees ...",New York City,New York,USA,https://www.instagram.com/p/DPKiJE-jdZF/,@rsrc.php,,1037486289,,,2026-04-16,,,,,,30,⭐ TIER 2 — Strong
rhude - Asphalt NYC,New York City,New York,USA,https://asphalt-nyc.com/collections/rhude?srsltid=AfmBOornsqlChN9HrLdAIGeEtCgQWv8PRPbFAAfX3binPAebYtOhD8Yp,@ASPHALT_NYC,2026.01.14.Rhude-119_600x@2x.progressive.jpg,1696367787,,,2026-04-16,,,,,,40,🔥 TIER 1 — Hot
RHUDE [hidden],New York City,New York,USA,https://ateliernewyork.com/collections/rhude?srsltid=AfmBOoq5PJEeR3m3C-cTWQg9RnKQ_FptAMBC3W7iredj03_JjmnF3Ayd,@keyframes,vue@2.6.10,1467327775,,,2026-04-16,,,,,,30,⭐ TIER 2 — Strong
RHUDE | READY-TO-WEAR LUXURY CLOTHING BRAND,New York City,New York,USA,https://probus.nyc/collections/rhude?srsltid=AfmBOorM0xbInLpHmmjMs7oXUZ81yeQyf9M6QtuQJvg0MYpaA08M-88I,@probus.nyc,,1761659328,,,2026-04-16,,,,,,30,⭐ TIER 2 — Strong
RHUDE — VIP SAMPLE SALE,New York City,New York,USA,https://www.vipsamplesale.com/rhude,@vipsamplesalenewyork,user@domain.com.,3141925352,,,2026-04-16,,,,,,40,🔥 TIER 1 — Hot
Capsule NYC,New York City,New York,USA,https://capsule.nyc/?srsltid=AfmBOoplCNZ74kO0g0Hzn3RA52KM2aXgmRTda2Yi3LQhG7KZVJlUfwJF,@capsule_nyc,icon-paypal@2x.static.png,4380278799,,,2026-04-16,,,,,,-20,❄️ TIER 4 — Cold
VALE FORVER NYC RETAIL – VALE NYC FLAGSHIP,New York City,New York,USA,https://nyc-valeforever.com/,@font,,1732719664,,,2026-04-16,,,,,,-30,❄️ TIER 4 — Cold
"Vale NYC Flagship Store (@valelivesnyc) · New York, NY",New York City,New York,USA,https://www.instagram.com/valelivesnyc/,@valelives,,1037486289,,,2026-04-16,,,,,,-30,❄️ TIER 4 — Cold
@valelives recently opened their New York store ...,New York City,New York,USA,https://www.instagram.com/reel/DKc-vD6Pzuk/,@valelives,,1037486289,,,2026-04-16,,,,,,-30,❄️ TIER 4 — Cold
Contact,New York City,New York,USA,https://nyc-valeforever.com/pages/contact,@font,,1732719664,,,2026-04-16,,,,,,-30,❄️ TIER 4 — Cold
Vale NYC Flagship Store | The Return Of Vale At Our New ...,New York City,New York,USA,https://www.instagram.com/p/DDLGkBGyFfX/?hl=en,@rsrc.php,,1037486289,,,2026-04-16,,,,,,-30,❄️ TIER 4 — Cold
VALE FOREVER – Vale Forever,New York City,New York,USA,https://www.valeforever.com/?srsltid=AfmBOooeJhopLBIUKj0okttTsWvPiNJTqX8MRkWKOzTvt5eq8KmA_jYP,@media,,1774299210,,,2026-04-16,,,,,,30,⭐ TIER 2 — Strong
JC Vale Flagship Store – VALE JERSEY CITY,New York City,New York,USA,https://jc-valeforever.com/,@valeflagship,,1722281455,,,2026-04-16,,,,,,-30,❄️ TIER 4 — Cold
Vale Forever Nyc Invasion Big Tee Black,New York City,New York,USA,https://vipclothingstores.com/products/vale-forever-nyc-invasion-big-tee-black?srsltid=AfmBOorfHCOy_9QHv3TwzoIs7hLHB8YQNGS9clrNhR6r7yiwWrhAes30,@vipnashville,csr@vipclothingstores.com,7715935179,,,2026-04-16,,,,,,40,🔥 TIER 1 — Hot
Vale Jewelry - Handcrafted Fine Jewelry,New York City,New York,USA,https://shopvale.com/?srsltid=AfmBOop1caWhL5ocS8SA5TdLMlvvYxMRC8JVsAMHQsRYphfuGsI3XAH_,@context,u003einfo@shopvale.com,1747059558,,,2026-04-16,,,,,,-20,❄️ TIER 4 — Cold
Dover Street Market New York | DSM New York,New York City,New York,USA,https://newyork.doverstreetmarket.com/,@doverstreetmarketnewyork,info@dsm-ny.com,7519344772,,,2026-04-16,,,,,,-20,❄️ TIER 4 — Cold
The Best Streetwear Boutiques in NYC,New York City,New York,USA,https://maps.apple.com/guides?curated=3051781674638227305&_provider=9902,@procell,button-tripadvisor-logo-5@3x.png,3051781674,,,2026-04-16,,,,,,20,⭐ TIER 2 — Strong
UP NYC - New York City's Premier Clothing & Sneaker Store,New York City,New York,USA,https://upnycstore.com/,@upnyc,,1690304974,,,2026-04-16,,,,,,10,📋 TIER 3 — Warm
Only NY,New York City,New York,USA,https://onlyny.com/?srsltid=AfmBOoqmkIHgfYfwrCg7bo3JQVSE7ufjpPLiD566xQBHIgVjE-bYNlQm,@onlyny,info@onlyny.com,1114316446,,,2026-04-16,,,,,,-20,❄️ TIER 4 — Cold
Noah: Home,New York City,New York,USA,https://noahny.com/?srsltid=AfmBOoqDpsh_yQzM5RIUZFLyQFvxrYnf6mMyuz9H8uiejpxkmHaDSNNX,@noahny,alpine@v2.8.2,7102313590,,,2026-04-16,,,,,,-30,❄️ TIER 4 — Cold
Origins NYC: Sneakers Store | Designer Streetwear Brands,New York City,New York,USA,https://originsnyc.com/?srsltid=AfmBOopJCFWT9ufPa6gUwfSlYJ_WiTB3-_KrkxqHd8SjzUtBzMglLgXc,@originsnyc,help@originsnyc.com,1746223637,,,2026-04-16,,,,,,20,⭐ TIER 2 — Strong
HYPEBEAST NYC (@hypebeastnyc),New York City,New York,USA,https://www.instagram.com/hypebeastnyc/,@hypebeastnyc,,1037486289,,,2026-04-16,,,,,,10,📋 TIER 3 — Warm
New York City,New York City,New York,USA,https://hypebeast.com/tags/new-york-city,@hypebeast,screenshot-adblock-ultimate@2x.1f5b1723.png,3702846231,,,2026-04-16,,,,,,10,📋 TIER 3 — Warm
HBX New York City Flagship Store Opening Info,New York City,New York,USA,https://hypebeast.com/2022/6/hbx-new-york-city-store-opening-41-division-street-inside-look,,,,,,2026-04-16,,,,,,0,❄️ TIER 4 — Cold
Laced Up Hypebeast Streetwear Store in New York - Original ...,New York City,New York,USA,https://lacedup.com/?srsltid=AfmBOor71JNWmMQdvrfiDaKsve4F_cWP74NminlUmVTRae7mEH6qzxW-,@LacedUpManhattan,lacedupnewyork@gmail.com,6720713479,,,2026-04-16,,,,,,20,⭐ TIER 2 — Strong
Hypebeast. Driving Culture Forward,New York City,New York,USA,https://hypebeast.com/,@hypebeast,screenshot-adblock-ultimate@2x.1f5b1723.png,3702846231,,,2026-04-16,,,,,,10,📋 TIER 3 — Warm
Atelier New York,New York City,New York,USA,https://ateliernewyork.com/?srsltid=AfmBOopsIYet5NPWpGT0GWbNiOFdjHICgUJ5sjABn7FgaYD165Otz9yu,@keyframes,vue@2.6.10,1467327775,,,2026-04-16,,,,,,-30,❄️ TIER 4 — Cold
The Ultimate NYC Streetwear and Sneaker Store Guide ...,New York City,New York,USA,https://snkrdunk.com/en/magazine/2024/12/27/the-ultimate-nyc-streetwear-and-sneaker-store-guide-for-2025/,@snkrdunk,,4298112987,,,2026-04-16,,,,,,10,📋 TIER 3 — Warm
Blue Jeans – Top Streetwear Clothing Store in New York City,New York City,New York,USA,https://bluejeans.nyc/?srsltid=AfmBOoqPRHdiljVXQTBzl5hfI5FOqZQRpdBVAn1k6nWiOqzF7ASTTeCT,@bluejeans.nyc,info@bluejeans.nyc,1702503332,,,2026-04-16,,,,,,20,⭐ TIER 2 — Strong
West NYC - Upper West Side Sneaker Boutique,New York City,New York,USA,https://www.westnyc.com/?srsltid=AfmBOor6Wq2plNNiOCGbTcshYQOnRhBfulfXcvxIO8zRawa4OSgqJSD5,@westnyc,,1650315540,,,2026-04-16,,,,,,10,📋 TIER 3 — Warm
Sneaker Stores You Must Visit in New York City - Features,New York City,New York,USA,https://www.sneakerfreaker.com/features/sneaker-stores-you-must-visit-in-new-york-city,@sneakerfreakermag,,5181905723,,,2026-04-16,,,,,,10,📋 TIER 3 — Warm
Shoe & Sneaker Store in New York | JD Sports at NY Times ...,New York City,New York,USA,https://stores.jdsports.com/ny/newyork/ny-times-square.html,@jdsportsus,,(332) 219-8100,,,2026-04-16,,,,,,10,📋 TIER 3 — Warm
Yankeekicks Store | Footwear | Apparel | Sneaker Care ...,New York City,New York,USA,https://store.yankeekicks.com/?srsltid=AfmBOorTsNxGL8ccJ0hajPFUBWM501uzC7r4jfdnkv3EOOJctXIoLsAY,@yankeekicks,support@starapps.studio,389-1650986,,,2026-04-16,,,,,,20,⭐ TIER 2 — Strong
A Sneakerhead's Guide to NYC's Coolest Sneaker Stores,New York City,New York,USA,https://www.cntraveler.com/video/watch/locals-guide-a-sneakerheads-guide-to-nycs-coolest-sneaker-stores,@cntraveler,help@newyorker.com,1693825450,,,2026-04-16,,,,,,20,⭐ TIER 2 — Strong
Hellstar,Brooklyn,New York,USA,https://cliqueapparell.com/collections/hellstar?srsltid=AfmBOoo9pNKmobwKRoKGkCm43OqUiJCG_7lblOHQHWpg92a2nlA-y_6B,@cliqueapparell,info@cliqueapparell.com,1326660501,,,2026-04-16,,,,,,45,🔥 TIER 1 — Hot
Shop Hellstar Clothes | Distinctive Urban Fashion Styles,Brooklyn,New York,USA,https://originsnyc.com/collections/hellstar-studios-fashion?srsltid=AfmBOoqR3A00fGyp55_NtfYNwCuPc3u8-2v7Uxk4yJqETFMqq1uvm_kr,@originsnyc,help@originsnyc.com,7919878242,,,2026-04-16,,,,,,45,🔥 TIER 1 — Hot
️ HELLSTAR ⭐️ Capsule 10 items,Brooklyn,New York,USA,https://www.instagram.com/p/Cyg4dc9uyUh/,@rsrc.php,,1037486289,,,2026-04-16,,,,,,35,⭐ TIER 2 — Strong
StealthNY,Brooklyn,New York,USA,https://www.stealthny.com/?srsltid=AfmBOoqx0-Xk-EN33Kaw_wuWj0tRMjJBpwqmQT3wVWL4B9spkFFiwqAq,@stealth.ny,,1677447934,,,2026-04-16,,,,,,-30,❄️ TIER 4 — Cold
Capsule NYC,Brooklyn,New York,USA,https://capsule.nyc/?srsltid=AfmBOooLP-uTxpDqpiNt4lq6AWqAAJJQNvIRIZRCaR4Qlu1IkIVGtCEQ,@capsule_nyc,icon-paypal@2x.static.png,4380278799,,,2026-04-16,,,,,,-20,❄️ TIER 4 — Cold
Hellstar's I❤️NY POP-UP IS ALMOST HERE! Take a closer ...,Brooklyn,New York,USA,https://www.instagram.com/reel/DOMsiknjTGv/,@rsrc.php,,1037486289,,,2026-04-16,,,,,,35,⭐ TIER 2 — Strong
I❤️NY!!! Hellstar Pop Up tomorrow! First few people in line ...,Brooklyn,New York,USA,https://www.instagram.com/p/DOMHMpTCb55/,@rsrc.php,,1037486289,,,2026-04-16,,,,,,35,⭐ TIER 2 — Strong
Hellstar Hoodie SL XL XXL🏴‍☠️ Jeans 38,Brooklyn,New York,USA,https://www.instagram.com/p/CyEl2dFRxES/,@rsrc.php,,1037486289,,,2026-04-16,,,,,,35,⭐ TIER 2 — Strong
Asphalt NYC,Brooklyn,New York,USA,https://asphalt-nyc.com/?srsltid=AfmBOoo0IN3z0uFcGZ-TmbBW-Bpqt3sKdSuoBgG4BQYV9UEvO5ej4JTu,@ASPHALT_NYC,1178110-FDJ_1_600x@3x.progressive.jpg,1696367787,,,2026-04-16,,,,,,-20,❄️ TIER 4 — Cold
"supreme comes to brooklyn, we photograph the best fan ...",Brooklyn,New York,USA,https://i-d.co/article/supreme-comes-to-brooklyn-we-photograph-the-best-fan-looks/,@i_d,,1507240872,,,2026-04-16,,,,,,25,⭐ TIER 2 — Strong
"Supreme in Brooklyn, NY United States",Brooklyn,New York,USA,https://maps.apple.com/place?place-id=IA9E9A7F2430C4D1D,@context,button-foursquare-1@3x.png,89933000,,,2026-04-16,,,,,,35,⭐ TIER 2 — Strong
Supreme open a new Brooklyn location,Brooklyn,New York,USA,https://hero-magazine.com/article/108154/supreme-open-a-new-brooklyn-location,@ludovicdesaintserninx,,1725241374,,,2026-04-16,,,,,,25,⭐ TIER 2 — Strong
Stockists,Brooklyn,New York,USA,https://rh-ude.com/pages/stockists-1?srsltid=AfmBOooKiJcrUWQOQEcssz3CbWzKpaSOgUkFXvp7qszxCIgdDIZ_CB8T,@rhude,,1613580349,,,2026-04-16,,,,,,30,⭐ TIER 2 — Strong
R H U D E,Brooklyn,New York,USA,https://rh-ude.com/?srsltid=AfmBOooRwsS0ySJtwbmCLm9IP-nqqGFUX1jjnMt5TGh67XqV0nWpwurf,@rhude,,1613580349,,,2026-04-16,,,,,,30,⭐ TIER 2 — Strong
Rhude,Brooklyn,New York,USA,https://capsule.nyc/collections/rhude?srsltid=AfmBOoqXWt2dKlFX12_PxZSD0FqL0cLhbDByIPyjhMzYdO2o9MesHXDx,@capsule_nyc,icon-paypal@2x.static.png,4380278799,,,2026-04-16,,,,,,40,🔥 TIER 1 — Hot
Rhude Collection - Origins NYC | Embrace Luxury Streetwear,Brooklyn,New York,USA,https://originsnyc.com/collections/rhude?srsltid=AfmBOoriNIWazCORIdo5KF4EojClHVrXTP_FZxsv6MyXHw8qFHk4FoCh,@originsnyc,help@originsnyc.com,8691198755,,,2026-04-16,,,,,,40,🔥 TIER 1 — Hot
rhude - Asphalt NYC,Brooklyn,New York,USA,https://asphalt-nyc.com/collections/rhude?srsltid=AfmBOoozSg7XejBQTlIDhTmZU_THZx6IZkd-ShEQqpqO7Z94luKpIA56,@ASPHALT_NYC,2026.01.14.Rhude-119_600x@2x.progressive.jpg,1696367787,,,2026-04-16,,,,,,40,🔥 TIER 1 — Hot
Shop RHUDE Streetwear | Luxury Style,Brooklyn,New York,USA,https://www.stadiumgoods.com/collections/streetwear-other-brands-rhude?srsltid=AfmBOopWEXNk-W_x0cfEJtTY1hu1L-shIxfmM4BXiWB1B0IHM_0S9qX4,@stadiumgoods,hello@shopmail.stadiumgoods.com,8070339516,,,2026-04-16,,,,,,40,🔥 TIER 1 — Hot
"Rhude: Tees, Outerwear, Footwear, Accessories, Rhuigi",Brooklyn,New York,USA,https://kith.com/collections/rhude?srsltid=AfmBOoplzkQV5qCu74yosuPGUHMrBe5H-0uTjc17JMBFiIobDORbkkPt,@kith,,200.0310135,,,2026-04-16,,,,,,30,⭐ TIER 2 — Strong
Rhude just touched down at Backend NY. 🚨 If you know ...,Brooklyn,New York,USA,https://www.instagram.com/p/DRX0E8MjmOY/,@rsrc.php,,1037486289,,,2026-04-16,,,,,,30,⭐ TIER 2 — Strong
Origins NYC: Sneakers Store | Designer Streetwear Brands,Brooklyn,New York,USA,https://originsnyc.com/?srsltid=AfmBOorjEg3bo0FidTrzBBiVt4eH-7sSOhmgEYSuycPBQ2H80CgM5cHz,@originsnyc,help@originsnyc.com,1746223637,,,2026-04-16,,,,,,20,⭐ TIER 2 — Strong
"Men's Rhude Clothing, Shoes, Accessories & Grooming",Brooklyn,New York,USA,https://www.nordstrom.com/browse/men?filterByBrand=rhude&srsltid=AfmBOor3sQiW9734Ztu4aRi2fLDmGIBwosnkWPn9Sv5P-iBZOf4_6ZIq,@4GfJ,,123456789,,,2026-04-16,,,,,,30,⭐ TIER 2 — Strong
"KICKZNASION BROOKLYN on Instagram: ""Vale Lives Tees In ...",Brooklyn,New York,USA,https://www.instagram.com/reel/DArG0UvvK37/,@rsrc.php,,1037486289,,,2026-04-16,,,,,,-30,❄️ TIER 4 — Cold
About Us - Vale Forever Clothing,Brooklyn,New York,USA,https://vale-forever.org/about-us/,,,,,,2026-04-16,,,,,,20,⭐ TIER 2 — Strong
Vale Tees Available ‼️🛍️ Shop In store at 9803 4th Ave ...,Brooklyn,New York,USA,https://www.instagram.com/p/DRQPArADpNZ/,@rsrc.php,,1037486289,,,2026-04-16,,,,,,-30,❄️ TIER 4 — Cold
Clique Apparel - Today's Hottest Streetwear Brands!,Brooklyn,New York,USA,https://cliqueapparell.com/?srsltid=AfmBOorCLLCHVOnEdSUVhdCKodHBbF9GOgioaKm7G_XkFDb2U16fLYvB,@cliqueapparell,info@cliqueapparell.com,1326660501,,,2026-04-16,,,,,,20,⭐ TIER 2 — Strong
Come shop our vale collection. We always adding in new stuff ...,Brooklyn,New York,USA,https://www.instagram.com/reel/DM_SwmxxohK/,@rsrc.php,,1037486289,,,2026-04-16,,,,,,-30,❄️ TIER 4 — Cold
VALE Available Now ‼️ Make sure to stop by 9803 4th Ave ...,Brooklyn,New York,USA,https://www.instagram.com/reel/C6FJjgNrSlx/,@rsrc.php,,1037486289,,,2026-04-16,,,,,,-30,❄️ TIER 4 — Cold
Vale Forever Nyc Store Locations,Brooklyn,New York,USA,https://www.instagram.com/popular/vale-forever-nyc-store-locations/,@rsrc.php,,1037486289,,,2026-04-16,,,,,,30,⭐ TIER 2 — Strong
VALE available in store 😮‍💨 🕗10AM-8PM 📍471 Fulton ...,Brooklyn,New York,USA,https://www.instagram.com/p/DIox5WUObB_/,@rsrc.php,,1037486289,,,2026-04-16,,,,,,-30,❄️ TIER 4 — Cold
Vale tees in store come get right for the summer‼️ 9803 4th ...,Brooklyn,New York,USA,https://www.instagram.com/reel/DKlAutKRLB7/?hl=ne,@rsrc.php,,1037486289,,,2026-04-16,,,,,,-30,❄️ TIER 4 — Cold
"The Vale Collective | Shopping in Williamsburg, New York",Brooklyn,New York,USA,https://www.timeout.com/newyork/shopping/the-vale-collective,@timeoutnewyork,,1105237622,,,2026-04-16,,,,,,-30,❄️ TIER 4 — Cold
Vale Jewelry - Handcrafted Fine Jewelry,Brooklyn,New York,USA,https://shopvale.com/?srsltid=AfmBOoqxo0DhWqV5xyIL3lMlef-oUn6N_tevd7lDAY-6rEcb7S5ORI_Z,@context,u003einfo@shopvale.com,1747059558,,,2026-04-16,,,,,,-20,❄️ TIER 4 — Cold
"Brooklyn Projects: Shop Streetwear, Skateboarding Gear ...",Brooklyn,New York,USA,https://brooklynprojects.com/?srsltid=AfmBOorvK2a-eHvvohg8vdtX4h6DPTLJYbCMFekVcrcH13yBpTlMHYc8,@brooklynprojects,,1687026035,,,2026-04-16,,,,,,10,📋 TIER 3 — Warm
Brooklyn Cloth - Latest Streetwear Styles & Clothing,Brooklyn,New York,USA,https://www.brooklyncloth.com/?srsltid=AfmBOopK_xpVma-ReoibjpwCfsS_fMqk5nd24Dh7mQqovcy6z5m4G5zm,@brooklyncloth,info@brooklyncloth.com,5743044463,,,2026-04-16,,,,,,20,⭐ TIER 2 — Strong
brooklynstreetwearcompany,Brooklyn,New York,USA,https://www.instagram.com/brooklynstreetwearcompany/,@rsrc.php,,1037486289,,,2026-04-16,,,,,,10,📋 TIER 3 — Warm
Only NY,Brooklyn,New York,USA,https://onlyny.com/?srsltid=AfmBOoofoQodUdG1YVGt-w270hSLSqCKfhqt0WYouU_O4J53tHqMreXM,@onlyny,info@onlyny.com,1114316446,,,2026-04-16,,,,,,-20,❄️ TIER 4 — Cold
Brooklyn,Brooklyn,New York,USA,https://hypebeast.com/tags/brooklyn,@hypebeast,screenshot-adblock-ultimate@2x.1f5b1723.png,3702846231,,,2026-04-16,,,,,,10,📋 TIER 3 — Warm
Laced Up Hypebeast Streetwear Store in New York - Original ...,Brooklyn,New York,USA,https://lacedup.com/?srsltid=AfmBOoqIXDR7LMb-sDLVZFznr2LTlz26Q0GLdoIlCJgMeHkAPVNyxSuD,@LacedUpManhattan,lacedupnewyork@gmail.com,6720713479,,,2026-04-16,,,,,,20,⭐ TIER 2 — Strong
New York | City,Brooklyn,New York,USA,https://hypemaps.com/cities/new-york,@media,3x2-hypemaps@2x.jpg,1610445488,,,2026-04-16,,,,,,20,⭐ TIER 2 — Strong
Hypebeast Flea New York is underway at Greenpoint ...,Brooklyn,New York,USA,https://nbktimes.com/en/fashion/hypebeast-flea-new-york/,@nbktimes,,5700105482,,,2026-04-16,,,,,,10,📋 TIER 3 — Warm
2nd Street Dumbo for Designer Thrifts & Hypebeast Finds,Brooklyn,New York,USA,https://www.lemon8-app.com/genevievebrown/7246182044571861509?region=us,@Lemon8,contact@lemon8-app.com,4267865815,,,2026-04-16,,,,,,20,⭐ TIER 2 — Strong
Atelier New York,Brooklyn,New York,USA,https://ateliernewyork.com/?srsltid=AfmBOopPogwvADxdLhfViptaTbm7TQfygOV37A-8oESY9OukYY1XZA8Q,@keyframes,vue@2.6.10,1467327775,,,2026-04-16,,,,,,-30,❄️ TIER 4 — Cold
Aimé Leon Dore,Brooklyn,New York,USA,https://www.aimeleondore.com/,@aimeleondore,search-insights@2.17.3,1390524438,,,2026-04-16,,,,,,-30,❄️ TIER 4 — Cold
Noah: Home,Brooklyn,New York,USA,https://noahny.com/?srsltid=AfmBOoreXkuHGEiIZ2vEvoFfFav517dbgXaaD4zUS2YADh_y8CkPQ6SP,@noahny,alpine@v2.8.2,7102313590,,,2026-04-16,,,,,,-30,❄️ TIER 4 — Cold
Impeccable Fashion.. Quality Boutique.. Brooklyn where ...,Brooklyn,New York,USA,https://www.instagram.com/reel/DS0jSgFCSRi/,@maisonbullion,,1037486289,,,2026-04-16,,,,,,10,📋 TIER 3 — Warm
Pluggedin Sneaker Boutique (@pluggedinbk_official),Brooklyn,New York,USA,https://www.instagram.com/pluggedinbk_official/?hl=en,@pluggedinbk_official,,1037486289,,,2026-04-16,,,,,,10,📋 TIER 3 — Warm
"Top 10 Best Sneaker Shops in Brooklyn, NY",Brooklyn,New York,USA,https://www.brooklyncloth.com/blogs/thepipeline/top-10-best-sneaker-shops-in-brklyn?srsltid=AfmBOoodI4soZ7KvEvx4WxB4MmbBqhLgAMKYtOwyy7olLBJIHjgOkjd1,@font,info@brooklyncloth.com,1745436656,,,2026-04-16,,,,,,20,⭐ TIER 2 — Strong
Shoe & Sneaker Store in Brooklyn | JD Sports at Fulton Street,Brooklyn,New York,USA,https://stores.jdsports.com/ny/brooklyn/fulton-street.html,@jdsportsus,,(347) 410-5424,,,2026-04-16,,,,,,10,📋 TIER 3 — Warm
https://guides.apple.com/?pg=3051781674638227305&l...,Brooklyn,New York,USA,https://guides.apple.com/?pg=3051781674638227305&lsp=9902&name=the-best-streetwear-boutiques-in-nyc,@procell,button-tripadvisor-logo-5@3x.png,3051781674,,,2026-04-16,,,,,,20,⭐ TIER 2 — Strong
"Men's Tailored Casual Clothing, Sportswear and Accessories.",Brooklyn,New York,USA,https://thebkcircus.com/,@thebkcircus.com.,ny@thebkcircus.com,718 858 0919,,,2026-04-16,,,,,,20,⭐ TIER 2 — Strong
Shop Hellstar Clothes | Distinctive Urban Fashion Styles,Soho,New York,USA,https://originsnyc.com/collections/hellstar-studios-fashion?srsltid=AfmBOoqsSEFcnp_X8lxVBrTHaw1n1cOCqE2ahjx_8RaTcfKhTtpwB0PS,@originsnyc,help@originsnyc.com,7919878242,,,2026-04-16,,,,,,45,🔥 TIER 1 — Hot
Hellstar Streetwear | Shop the Collection,Soho,New York,USA,https://capsule.nyc/collections/hellstar?srsltid=AfmBOormzYnjGfhA7CCkuOxfh5eynIrxgc4PFH8_fpP_cdFy1rq34H75,@capsule_nyc,icon-paypal@2x.static.png,4380278799,,,2026-04-16,,,,,,45,🔥 TIER 1 — Hot
Hellstar,Soho,New York,USA,https://www.stealthny.com/collections/hellstar?srsltid=AfmBOopby_01hfxsdcLTIOWKcWPON5l8kfbOlIv3MSrExJRibuekjoDy,@stealth.ny,,1722620629,,,2026-04-16,,,,,,35,⭐ TIER 2 — Strong
COMPLEX & ESPN TEAM UP FOR GRAND OPENING OF ...,Soho,New York,USA,https://www.prnewswire.com/news-releases/complex--espn-team-up-for-grand-opening-of-complex-new-york-store-302535381.html,@PRNewswire,,7505635404,,,2026-04-16,,,,,,-30,❄️ TIER 4 — Cold
Hell Star,Soho,New York,USA,https://sammys.nyc/collections/hell-star?srsltid=AfmBOoolwTI0ZR-gQK_35DicwJ7WvHnjZQijmY0xfONImScY3znYZbIc,@sammysnyc,Site-Logo-Black_300x@2x.png,1689133380,,,2026-04-16,,,,,,-20,❄️ TIER 4 — Cold
"Supreme in New York, NY United States",Soho,New York,USA,https://maps.apple.com/place?place-id=I1BB7DFCFF8AC5819,@context,button-foursquare-1@3x.png,89933000,,,2026-04-16,,,,,,35,⭐ TIER 2 — Strong
UniqueHype,Soho,New York,USA,https://www.uniquehypenyc.com/,@uniquehypecollection,hi@beeketing.com.,4251544180,,,2026-04-16,,,,,,20,⭐ TIER 2 — Strong
Rhude,Soho,New York,USA,https://capsule.nyc/collections/rhude?srsltid=AfmBOoqr9BJH_ZKl9jeT0cETTlZQzqUSzzqap9gg3LLg_bP512uJAigw,@capsule_nyc,icon-paypal@2x.static.png,4380278799,,,2026-04-16,,,,,,40,🔥 TIER 1 — Hot
R H U D E,Soho,New York,USA,https://rh-ude.com/?srsltid=AfmBOoofAV-s0VIAruxt6CQrJmxCtGoUz_rnzX1SXAasRGWl5m9XFBrY,@rhude,,1613580349,,,2026-04-16,,,,,,30,⭐ TIER 2 — Strong
The Webster in SoHo,Soho,New York,USA,https://thewebster.com/our-stores/soho-new-york?srsltid=AfmBOoopveBm8inS196it4Y8XTV7mM0iZXaQoB_SH6CJoxJeP7Y4NrRm,@THEWEBSTER.COM.,shop@thewebster.com,1771410634,,,2026-04-16,,,,,,-20,❄️ TIER 4 — Cold
Rhude Collection - Origins NYC | Embrace Luxury Streetwear,Soho,New York,USA,https://originsnyc.com/collections/rhude?srsltid=AfmBOookCp7j7TmVGzwOma0483xcga5vHG4FVRfCZ6dNnx5PVj5A4HKs,@originsnyc,help@originsnyc.com,8691198755,,,2026-04-16,,,,,,40,🔥 TIER 1 — Hot
rhude - Asphalt NYC,Soho,New York,USA,https://asphalt-nyc.com/collections/rhude?srsltid=AfmBOoryahcvue86PlRVaazJEhMrnGKc9E2qssFeEVKwYeOdd_d148qN,@ASPHALT_NYC,2026.01.14.Rhude-119_600x@2x.progressive.jpg,1696367787,,,2026-04-16,,,,,,40,🔥 TIER 1 — Hot
RHUDE | READY-TO-WEAR LUXURY CLOTHING BRAND,Soho,New York,USA,https://probus.nyc/collections/rhude?srsltid=AfmBOooeR-QHKUgSHgKaQJamhvZlgZKqsvDHYQvecRQq93Vb2BmtuwWG,@probus.nyc,,1761659328,,,2026-04-16,,,,,,30,⭐ TIER 2 — Strong
Vale Lives Forever 🦅 (@valelives),Soho,New York,USA,https://www.instagram.com/valelives/reels/?hl=en,@valelives,,1037486289,,,2026-04-16,,,,,,-30,❄️ TIER 4 — Cold
Vale Vs The World 🗺️🌐 Releasing In-Stores This Friday ...,Soho,New York,USA,https://www.instagram.com/p/DWUTPacFOLP/,@rsrc.php,,1037486289,,,2026-04-16,,,,,,-30,❄️ TIER 4 — Cold
Vale,Soho,New York,USA,https://www.stealthny.com/collections/vale?srsltid=AfmBOopZfcHsaeVE6Kxr5tbxIacyLXf_xphs-_O3gxvLtIexsCgyKEu7,@stealth.ny,,1722614092,,,2026-04-16,,,,,,-30,❄️ TIER 4 — Cold
Where to go streetwear shopping in NYC [With Maps] | Soho ...,Soho,New York,USA,https://backwardfashion.com/streetwear/nyc/,,,,,,2026-04-16,,,,,,0,❄️ TIER 4 — Cold
Top 10 best streetwear stores to visit in Nyc,Soho,New York,USA,https://eastvillagebuyers.com/top-10-best-streetwear-stores-to-visit-in-nyc/,@eastvillagebuyers,Goldbuyers125@gmail.com,(917) 608-8939,,,2026-04-16,,,,,,20,⭐ TIER 2 — Strong
Origins NYC: Sneakers Store | Designer Streetwear Brands,Soho,New York,USA,https://originsnyc.com/?srsltid=AfmBOoq67ZBSFh3m9iOWojso-yRVHCUALLoX7D7xQIeB0dmtqYrJ5OPO,@originsnyc,help@originsnyc.com,1746223637,,,2026-04-16,,,,,,20,⭐ TIER 2 — Strong
Shop at SoHo's Best Stores & Boutiques,Soho,New York,USA,https://www.nyctourism.com/itineraries/essential-soho-shopping-guide/,@nyctourism,date-picker@1.4.0,240950843,,,2026-04-16,,,,,,10,📋 TIER 3 — Warm
Only NY,Soho,New York,USA,https://onlyny.com/?srsltid=AfmBOoqeuRO6wy0xRD97Ny0_F2Too1KEV4nZ-V_5pQtEIEMqyqupXRfS,@onlyny,info@onlyny.com,1114316446,,,2026-04-16,,,,,,-20,❄️ TIER 4 — Cold
SOHO HYPEBEAST (@sohohypebeast),Soho,New York,USA,https://www.instagram.com/sohohypebeast/,@sohohypebeast,,1037486289,,,2026-04-16,,,,,,10,📋 TIER 3 — Warm
Soho,Soho,New York,USA,https://hypebeast.com/tags/soho,@hypebeast,screenshot-adblock-ultimate@2x.1f5b1723.png,3702846231,,,2026-04-16,,,,,,10,📋 TIER 3 — Warm
PURPLE Opens Flagship Store in New York's Soho,Soho,New York,USA,https://hypebeast.com/2024/8/purple-flagship-store-soho-new-york,@hypebeast,google-play-en@2x.png,3702846231,,,2026-04-16,,,,,,20,⭐ TIER 2 — Strong
The best shops in Soho to visit right now,Soho,New York,USA,https://www.timeout.com/newyork/shopping/where-to-shop-in-soho,@timeoutnewyork,,1105237622,,,2026-04-16,,,,,,-30,❄️ TIER 4 — Cold
The 10 Best Sneaker Stores in New York City,Soho,New York,USA,https://www.highsnobiety.com/p/sneaker-stores-new-york-city/,@highsnobiety,u002F@40.7399361,1589980701,,,2026-04-16,,,,,,10,📋 TIER 3 — Warm
A Sneaker City Soho (@asneakercitysoho),Soho,New York,USA,https://www.instagram.com/asneakercitysoho/,@HatClub.,,1037486289,,,2026-04-16,,,,,,10,📋 TIER 3 — Warm
Best Sneaker Stores in New York City,Soho,New York,USA,https://www.designscene.net/2024/08/best-sneaker-stores-new-york.html,@designscene,info@designscene.net,2147483647,,,2026-04-16,,,,,,20,⭐ TIER 2 — Strong
NYC – LacedUp,Soho,New York,USA,https://lacedup.com/pages/nyc?srsltid=AfmBOor_0QLeuzrLXLVB-vbWFjSaQyiV2kSdRc9BgkwsQTizbfk2oLrs,@LacedUpManhattan,lacedupnewyork@gmail.com,6720713479,,,2026-04-16,,,,,,-20,❄️ TIER 4 — Cold
Noah: Home,Soho,New York,USA,https://noahny.com/?srsltid=AfmBOoqzGCWvQ8SZFfKgllqSQELzZNGeqpbkiNYC8xQSFrJtn8ulCTed,@noahny,alpine@v2.8.2,7102313590,,,2026-04-16,,,,,,-30,❄️ TIER 4 — Cold
Shop Hellstar Clothes | Distinctive Urban Fashion Styles,Lower East Side,New York,USA,https://originsnyc.com/collections/hellstar-studios-fashion?srsltid=AfmBOorYdAWXG46uHkSmI5o4Aam2MCqpgmCs4aYFNmjWTdiH40yGS8FJ,@originsnyc,help@originsnyc.com,7919878242,,,2026-04-16,,,,,,45,🔥 TIER 1 — Hot
Hellstar Streetwear | Shop the Collection,Lower East Side,New York,USA,https://capsule.nyc/collections/hellstar?srsltid=AfmBOooKOzXLX38MHO2jsROAm_sWcJGzGrhc2gqSbv6FvCyUyhpVATIv,@capsule_nyc,icon-paypal@2x.static.png,4380278799,,,2026-04-16,,,,,,45,🔥 TIER 1 — Hot
DISTRICT ONE NY,Lower East Side,New York,USA,https://districtoneny.com/?srsltid=AfmBOorcU4v68ZDHoxzXzGWiwL-I6eCoQ0PzK9xEJvk9X7b2hm_LWExx,@districtoneny,,1711118886,,,2026-04-16,,,,,,-30,❄️ TIER 4 — Cold
Hell Star,Lower East Side,New York,USA,https://sammys.nyc/collections/hell-star?srsltid=AfmBOooHPY8_FiHFKY5JcDroFSFZrQctUvBXVPxzWpo6-0tOdA0lt63Q,@sammys.nyc.,Site-Logo-Black_300x@2x.png,1689133380,,,2026-04-16,,,,,,-20,❄️ TIER 4 — Cold
Brand New Hellstar Tees Available In Store Now!,Lower East Side,New York,USA,https://www.instagram.com/p/Cw0dDHuOp3v/,@rsrc.php,,1037486289,,,2026-04-16,,,,,,35,⭐ TIER 2 — Strong
the old Germania Bank turned Supreme store. ...,Lower East Side,New York,USA,https://www.instagram.com/p/DTlOmNuESNX/,@rsrc.php,,1037486289,,,2026-04-16,,,,,,25,⭐ TIER 2 — Strong
Stockists,Lower East Side,New York,USA,https://rh-ude.com/pages/stockists-1?srsltid=AfmBOopELgyW9PV1X2SwqIlNqALaJOhCM7vx7Kj0WceCvVA5sGefjySl,@rhude,,1613580349,,,2026-04-16,,,,,,30,⭐ TIER 2 — Strong
RHUDE,Lower East Side,New York,USA,https://extrabutterny.com/collections/rhude,@extrabutter,,1637338128,,,2026-04-16,,,,,,30,⭐ TIER 2 — Strong
Rhude Collection - Origins NYC | Embrace Luxury Streetwear,Lower East Side,New York,USA,https://originsnyc.com/collections/rhude?srsltid=AfmBOoodX376WxfseLl_IBHMmXj3ek8zBRAopA6f-D3B9T_pDkgJfGBS,@originsnyc,help@originsnyc.com,8691198755,,,2026-04-16,,,,,,40,🔥 TIER 1 — Hot
R H U D E,Lower East Side,New York,USA,https://rh-ude.com/?srsltid=AfmBOooIg6fH38s0Lf21_5a9KFfKjaqF53ZbXdCLIvY7ysJ7NS-q6vim,@rhude,,1613580349,,,2026-04-16,,,,,,30,⭐ TIER 2 — Strong
RHUDE [hidden],Lower East Side,New York,USA,https://ateliernewyork.com/collections/rhude?srsltid=AfmBOor5xCIymTGHaoSy-IeFmMc6MN76WiSSVxkRZl85e5hygN4wE5qB,@keyframes,vue@2.6.10,1467327775,,,2026-04-16,,,,,,30,⭐ TIER 2 — Strong
rhude - Asphalt NYC,Lower East Side,New York,USA,https://asphalt-nyc.com/collections/rhude?srsltid=AfmBOop2xdEedubZgiNi7ltOTFU2uoFTSse8ajQxskdnC2fkUd4Qcd8F,@ASPHALT_NYC,2026.01.14.Rhude-119_600x@2x.progressive.jpg,1696367787,,,2026-04-16,,,,,,40,🔥 TIER 1 — Hot
Rhude Mens Hopps SS Tee,Lower East Side,New York,USA,https://extrabutterny.com/products/rhude-mens-hopps-ss-tee,@extrabutter,,1637338128,,,2026-04-16,,,,,,30,⭐ TIER 2 — Strong
(@thespotnewyorkcity) • Instagram photos and videos,Lower East Side,New York,USA,https://www.instagram.com/thespotnewyorkcity/,@thespotnewyorkcity,,1037486289,,,2026-04-16,,,,,,-30,❄️ TIER 4 — Cold
Store Locations,Lower East Side,New York,USA,https://districtoneny.com/pages/store-locations?srsltid=AfmBOopbk3R0SLdNb8FsOhQLh6XxEfzcX06R1faYD1vf4ehwIgmrVLKc,@districtoneny,,1711118886,,,2026-04-16,,,,,,-30,❄️ TIER 4 — Cold
Opening This Friday At 11:00 AM Eastern Time,Lower East Side,New York,USA,https://www.instagram.com/p/DDK8ahHRc-3/,@rsrc.php,,1037486289,,,2026-04-16,,,,,,-30,❄️ TIER 4 — Cold
Vale NYC Flagship Store | Gotta Lineup Of Heavy Hitters ...,Lower East Side,New York,USA,https://www.instagram.com/p/DQuQcsbDV8H/,@rsrc.php,,1037486289,,,2026-04-16,,,,,,-30,❄️ TIER 4 — Cold
Vale Jewelry - Handcrafted Fine Jewelry,Lower East Side,New York,USA,https://shopvale.com/?srsltid=AfmBOooBqNDv3KcQDVHjQy_eFev2OFsHbS0ZZA9wxea9aXjgH3n33sY3,@context,u003einfo@shopvale.com,1747059558,,,2026-04-16,,,,,,-20,❄️ TIER 4 — Cold
The Return Of Vale At Our New Flagship in NYC 🗽 Grand ...,Lower East Side,New York,USA,https://www.instagram.com/p/DDLGkBGyFfX/the-return-of-vale-at-our-new-flagship-in-nyc-grand-opening-this-fridaydec-6th-a/,@rsrc.php,,1037486289,,,2026-04-16,,,,,,-30,❄️ TIER 4 — Cold
Vale Forever Anthem Tracks Black/Red,Lower East Side,New York,USA,https://www.ebay.com/itm/306701234001,@ebay,,2026041602,,,2026-04-16,,,,,,30,⭐ TIER 2 — Strong
Only NY,Lower East Side,New York,USA,https://onlyny.com/?srsltid=AfmBOooCYogIFtHe-z4x0x8KFEG0sxtZWA2LjGfAMdsOFU6syyt4xgYT,@onlyny,info@onlyny.com,1114316446,,,2026-04-16,,,,,,-20,❄️ TIER 4 — Cold
LOWER EAST SIDE 2026,Lower East Side,New York,USA,http://thelocalartisanguide.com/lower-east-side,@larakoleji,user@domain.com.,1455146958,,,2026-04-16,,,,,,-20,❄️ TIER 4 — Cold
New York City Shopping Guide: Lower East Side Edition,Lower East Side,New York,USA,https://creators.yahoo.com/lifestyle/story/new-york-city-shopping-guide-lower-east-side-edition-174950980.html,@yahoonews,,8108964313,,,2026-04-16,,,,,,-30,❄️ TIER 4 — Cold
Top 5 Clothing Stores in the Lower East Side,Lower East Side,New York,USA,https://conbud.com/top-5-clothing-stores-in-the-lower-east-side/,@ludlowflea,,1775254766,,,2026-04-16,,,,,,10,📋 TIER 3 — Warm
"HYPEBEAST on Instagram: ""From SoHo to the Lower East ...",Lower East Side,New York,USA,https://www.instagram.com/reel/C6y1YJxL_YY/,@grupofrontera,,1037486289,,,2026-04-16,,,,,,10,📋 TIER 3 — Warm
Lower East Side,Lower East Side,New York,USA,https://hypebeast.com/tags/lower-east-side,@hypebeast,screenshot-adblock-ultimate@2x.1f5b1723.png,3702846231,,,2026-04-16,,,,,,10,📋 TIER 3 — Warm
Laced Up Hypebeast Streetwear Store in New York - Original ...,Lower East Side,New York,USA,https://lacedup.com/?srsltid=AfmBOoqW4kiCW4GzYLYldSuTYsVmKuewpHoc5v22T5y3b2S5hJyBPhws,@LacedUpManhattan,lacedupnewyork@gmail.com,6720713479,,,2026-04-16,,,,,,20,⭐ TIER 2 — Strong
Hypebeast opening flagship store in Chinatown (and other ...,Lower East Side,New York,USA,https://www.bizjournals.com/newyork/news/2022/06/16/hypebeast-opening-flagship-store-nyc-real-estate.html,,,,,,2026-04-16,,,,,,0,❄️ TIER 4 — Cold
"ESSX NYC - Men's and Women's Designer Clothing, Shoes ...",Lower East Side,New York,USA,https://essxnyc.com/?srsltid=AfmBOoptruQDdwDdio9vltSwnXXzaUbkOXvsyxwJ-ZBJGw11O_mGEzWs,@essxnyc,canvas-confetti@1.9.3,7477205430,,,2026-04-16,,,,,,10,📋 TIER 3 — Warm
New York - Lower East Side,Lower East Side,New York,USA,https://thefrankieshop.com/pages/new-york-lower-east-side,@thefrankieshop,custom-elements@1.0.0,1663657338,,,2026-04-16,,,,,,-30,❄️ TIER 4 — Cold
The Singular Lower East Side,Lower East Side,New York,USA,https://www.newyorksocialdiary.com/the-singular-lower-east-side/,,,,,,2026-04-16,,,,,,-40,❄️ TIER 4 — Cold
"The Loop NYC (@theloopnewyork) · New York, NY",Lower East Side,New York,USA,https://www.instagram.com/theloopnewyork/?hl=en,@theloopjc,,1037486289,,,2026-04-16,,,,,,-30,❄️ TIER 4 — Cold
Extra Butter,Lower East Side,New York,USA,https://extrabutterny.com/,@extrabutter,info@extrabutterny.com,1637338128,,,2026-04-16,,,,,,-20,❄️ TIER 4 — Cold
Mannahatta NYC,Lower East Side,New York,USA,https://mhny.nyc/?srsltid=AfmBOoqQxBkcSDQ7DaqjIoQCRKSZ-9dQK02i_zbKouqKfAnjQ4-IsShh,@mannahatta_nyc,,1752625192,,,2026-04-16,,,,,,-30,❄️ TIER 4 — Cold
New Hellstar available in store 💫 2907 S Shepherd ...,Houston,Texas,USA,https://www.instagram.com/p/C0FIalfLnBB/,@rsrc.php,,1037486289,,,2026-04-16,,,,,,35,⭐ TIER 2 — Strong
Social Status | Contemporary Menswear & Footwear,Houston,Texas,USA,https://www.socialstatuspgh.com/?srsltid=AfmBOorJtSLT7mdMyey73qwR6rasgJNmY0FsgrITD8RW17OR0ESUZnXq,@thesocialstatus,fancybox@3.5.7,1750102237,,,2026-04-16,,,,,,-30,❄️ TIER 4 — Cold
🔥BRAND NEW HELLSTAR DROP @flawlesshouston 🔥 ...,Houston,Texas,USA,https://www.instagram.com/p/DKA0W7Oy73L/,@flawlesshouston,,1037486289,,,2026-04-16,,,,,,35,⭐ TIER 2 — Strong
"Sneakers, Premium Vintage and Streetwear Clothing Shop in ...",Houston,Texas,USA,https://www.centrlsply.com/?srsltid=AfmBOopUd8jNAI_k0ZAzl9FLvGwnfOPLLqaPd4t44_Hcu76Yp6sJPMlx,@centrlsply,,1689782825,,,2026-04-16,,,,,,10,📋 TIER 3 — Warm
HELLSTAR,Houston,Texas,USA,https://sneakerhaven.shop/collections/hellstar?srsltid=AfmBOooXZnn6Nrfa65Ura2cyiWJhEbTdCPrnZQVy9Ezc4nZ224XvQsc2,@keyframes,management@sneakerhaven.shop,1320255817,,,2026-04-16,,,,,,45,🔥 TIER 1 — Hot
New Hellstar Just Landed Instore! ⚡️ Come Shop Mon-Sat ...,Houston,Texas,USA,https://www.instagram.com/p/DBAJabxSkA3/,@rsrc.php,,1037486289,,,2026-04-16,,,,,,35,⭐ TIER 2 — Strong
Club Never - Houston,Houston,Texas,USA,https://clubnever.com/,@context,info@clubnever.com,5751450968,,,2026-04-16,,,,,,-20,❄️ TIER 4 — Cold
Stockists,Houston,Texas,USA,https://rh-ude.com/pages/stockists-1?srsltid=AfmBOop-cJMfVLAWydK3Bn0iM4SMPuPY5JbsKIo_ww96ztbs3k7-FsO5,@rhude,,1613580349,,,2026-04-16,,,,,,30,⭐ TIER 2 — Strong
A Ma Maniére Houston Store,Houston,Texas,USA,https://www.a-ma-maniere.com/pages/a-ma-maniere-houston-store?srsltid=AfmBOoqHlWkRsTxRBdQpt83qHdwtxH2Y-Z0ZppMIwv74ZrAVQleVLF1X,@maniere_usa,,1422991689,,,2026-04-16,,,,,,-30,❄️ TIER 4 — Cold
R H U D E,Houston,Texas,USA,https://rh-ude.com/?srsltid=AfmBOoqI_nN4z5oj3OwWZ772CLcUgRChauOTupk1zn60NkfNIhCp0xjv,@rhude,,1613580349,,,2026-04-16,,,,,,30,⭐ TIER 2 — Strong
"The Webster: Curated Luxury Fashion, Beauty & Lifestyle",Houston,Texas,USA,https://thewebster.com/?srsltid=AfmBOopyWF8LqBJ-rKCMsnx1AmXtS4Hl-lmirDINxxePrnE6tMjapjAK,@thewebster,,2147483647,,,2026-04-16,,,,,,10,📋 TIER 3 — Warm
Shop Rhude Online,Houston,Texas,USA,https://www.nordstrom.com/brands/rhude--18936?srsltid=AfmBOoo3IK5gXae0oOPfyG1gj5fg5Il51Ycw5C-ve9PQ5L_2d5ghh4NG,@4GfJ,,123456789,,,2026-04-16,,,,,,30,⭐ TIER 2 — Strong
Sneaker Politics,Houston,Texas,USA,https://sneakerpolitics.com/,@sneakerpolitics,,1691764186,,,2026-04-16,,,,,,10,📋 TIER 3 — Warm
Vale Houston Flagship Store 🎖️ (@valelives.htx),Houston,Texas,USA,https://www.instagram.com/valelives.htx/,@valelives,,1037486289,,,2026-04-16,,,,,,-30,❄️ TIER 4 — Cold
STORES,Houston,Texas,USA,https://www.valeforever.com/pages/stores?srsltid=AfmBOor64v4sKAA9nBdSvKgYw7I-MdSjZ8XZL8Rd740NZ4MCDgZbgzlp,@valelivesnyc,,1774299210,,,2026-04-16,,,,,,-30,❄️ TIER 4 — Cold
Vale Houston Flagship,Houston,Texas,USA,https://htx-valeforever.com/,@valelives.htx,,1721146457,,,2026-04-16,,,,,,-30,❄️ TIER 4 — Cold
FAQ,Houston,Texas,USA,https://htx-valeforever.com/pages/faq,@valelives.htx,connect@valeforever.com,1721146457,,,2026-04-16,,,,,,-20,❄️ TIER 4 — Cold
Dustin Lee - Vale Forever,Houston,Texas,USA,https://www.linkedin.com/in/dustin-lee-994989235,,,,,,2026-04-16,,,,,,20,⭐ TIER 2 — Strong
News,Houston,Texas,USA,https://htx-valeforever.com/blogs/news,@valelives.htx,,1721146457,,,2026-04-16,,,,,,-30,❄️ TIER 4 — Cold
Contact,Houston,Texas,USA,https://htx-valeforever.com/pages/contact,@valelives.htx,,1721146457,,,2026-04-16,,,,,,-30,❄️ TIER 4 — Cold
Premium Goods Houston | Sneaker Store & Streetwear Boutique,Houston,Texas,USA,https://premiumgoods.com/,@premiumgoodshtx,PG_logo_blk_140x@2x.png,1656379684,,,2026-04-16,,,,,,20,⭐ TIER 2 — Strong
HYPE (@hype_galleria) • Instagram photos and videos,Houston,Texas,USA,https://www.instagram.com/hype_galleria/,@hype_galleria,,1037486289,,,2026-04-16,,,,,,10,📋 TIER 3 — Warm
Here are 7 Houston-based brands bringing streetwear ...,Houston,Texas,USA,https://www.chron.com/culture/article/Here-7-Houston-brands-bringing-streetwear-back-16063321.php,,,,,,2026-04-16,,,,,,0,❄️ TIER 4 — Cold
HypeBeast GarSal LLC (@hypebeastgarsal),Houston,Texas,USA,https://www.instagram.com/hypebeastgarsal/,@hypebeastgarsal,,1037486289,,,2026-04-16,,,,,,10,📋 TIER 3 — Warm
Houston,Houston,Texas,USA,https://hypebeast.com/tags/houston,@hypebeast,screenshot-adblock-ultimate@2x.1f5b1723.png,3702846231,,,2026-04-16,,,,,,10,📋 TIER 3 — Warm
Premium Goods Houston | Sneaker Store & Streetwear ...,Houston,Texas,USA,https://premiumgoods.com/,@premiumgoodshtx,PG_logo_blk_140x@2x.png,1656379684,,,2026-04-16,,,,,,20,⭐ TIER 2 — Strong
Sneaker Summit,Houston,Texas,USA,https://shop.sneakersummit.com/,@sneakersummit.com.,,4491502798,,,2026-04-16,,,,,,10,📋 TIER 3 — Warm
A Sneaker City Houston (@asneakercityhouston),Houston,Texas,USA,https://www.instagram.com/asneakercityhouston/,@asneakercityhouston,,1037486289,,,2026-04-16,,,,,,10,📋 TIER 3 — Warm
JD Sports at Houston Galleria,Houston,Texas,USA,https://stores.jdsports.com/tx/houston/houston-galleria.html,@jdsportsus,,(832) 603-4516,,,2026-04-16,,,,,,-30,❄️ TIER 4 — Cold
Hell Star tees available at both of our locations,Dallas,Texas,USA,https://www.instagram.com/p/Cv88b_gsdil/,@rsrc.php,,1037486289,,,2026-04-16,,,,,,-30,❄️ TIER 4 — Cold
HELLSTAR,Dallas,Texas,USA,https://sneakerhaven.shop/collections/hellstar?srsltid=AfmBOopQehVDvMdCWyntxGU2zMchYK4WIAGxgf_JV3URog4yhgDwmBnd,@keyframes,management@sneakerhaven.shop,1320255817,,,2026-04-16,,,,,,45,🔥 TIER 1 — Hot
HELLSTAR TEES ARE IN ☄️ BOTH LOCATIONS # ...,Dallas,Texas,USA,https://www.instagram.com/p/CwYUeWIRwnZ/,@1finesse2tymes,,1037486289,,,2026-04-16,,,,,,35,⭐ TIER 2 — Strong
SOLEPLIER | Sneakers. Streetwear. Culture.,Dallas,Texas,USA,https://soleplier.com/?srsltid=AfmBOortWHm2iECZSx0we4mUEdGftORFcd45Tp3KltLyUp7b1MDXS-xl,@SOLEPLIER,tuffselectph@gmail.com,9166543286,,,2026-04-16,,,,,,20,⭐ TIER 2 — Strong
A Few HELLSTAR Tees That Will Be Available Friday At ...,Dallas,Texas,USA,https://www.instagram.com/p/DPCOvvICXu5/,@rsrc.php,,1037486289,,,2026-04-16,,,,,,35,⭐ TIER 2 — Strong
New HellStar Available 🔥,Dallas,Texas,USA,https://www.instagram.com/p/DQpjKM3CfR9/,@rsrc.php,,1037486289,,,2026-04-16,,,,,,35,⭐ TIER 2 — Strong
HELLSTAR CLASSIC TEE BLACK/GREEN (GEL PRINT),Dallas,Texas,USA,https://royaltydfw.com/products/hellstar-classic-tee-black-green-gel-print?srsltid=AfmBOoqJOkGFUgbkDnx3GsqGko2XBovMB1q3ysAwBDr3GFbVPtQR-fi8,@rylty.dfw,xxx@xxx.xxx,1725919116,,,2026-04-16,,,,,,45,🔥 TIER 1 — Hot
SUPREME stores in Dallas,Dallas,Texas,USA,https://www.shopenauer.com/en/brand/supreme/dallas,@supremenewyork,,5682063865,,,2026-04-16,,,,,,25,⭐ TIER 2 — Strong
Social Status | Contemporary Menswear & Footwear,Dallas,Texas,USA,https://www.socialstatuspgh.com/?srsltid=AfmBOoqsF6fNFNfrAVw-xFZVC4aLfhEdLNPYWQLW7C3Rz-8BMxI8XYgl,@thesocialstatus,fancybox@3.5.7,1750102237,,,2026-04-16,,,,,,-30,❄️ TIER 4 — Cold
Supreme Hair & Beauty DFW (@supremebeautydfw),Dallas,Texas,USA,https://www.instagram.com/supremebeautydfw/,@supremebeautydfw,,1037486289,,,2026-04-16,,,,,,25,⭐ TIER 2 — Strong
Stockists,Dallas,Texas,USA,https://rh-ude.com/pages/stockists-1?srsltid=AfmBOopGrilx76k-G693fXm2zHoowO8wwPFvljXnno81Um3iuwh91s1w,@rhude,,1613580349,,,2026-04-16,,,,,,30,⭐ TIER 2 — Strong
The Cool Guy's Guide To Shopping in Dallas,Dallas,Texas,USA,https://www.dmagazine.com/style-beauty-wellness/2025/06/the-cool-guys-guide-to-shopping-in-dallas/,,,,,,2026-04-16,,,,,,-40,❄️ TIER 4 — Cold
更多,Dallas,Texas,USA,https://www.instagram.com/p/DHECEYmRTzm/?hl=zh-cn,@rsrc.php,,1037486289,,,2026-04-16,,,,,,-30,❄️ TIER 4 — Cold
R H U D E,Dallas,Texas,USA,https://rh-ude.com/?srsltid=AfmBOorWXgXPe7VcP3m3lTPB1eeX_0uTbL0qz-V0fV04a4Phk-21wnLf,@rhude,,1613580349,,,2026-04-16,,,,,,30,⭐ TIER 2 — Strong
"The Webster: Curated Luxury Fashion, Beauty & Lifestyle",Dallas,Texas,USA,https://thewebster.com/?srsltid=AfmBOopvR497H4Tquyis1qoSc2Nrs2PHL3PbQe3MpTX_L7tna1i7hlTi,@thewebster,,2147483647,,,2026-04-16,,,,,,10,📋 TIER 3 — Warm
"Luxury Men's Apparel, Footwear & Accessories",Dallas,Texas,USA,https://www.a-ma-maniere.com/?srsltid=AfmBOoo0JGaIO1T9jZcb4rf39z6rp0TcCVoCjI4lEny3dGg1jyvi66od,@maniere_usa,,1422991689,,,2026-04-16,,,,,,10,📋 TIER 3 — Warm
Shop Rhude Online,Dallas,Texas,USA,https://www.nordstrom.com/brands/rhude--18936?srsltid=AfmBOooQK0aPStVxGRa43wGjQCneFa_YMaOiH6KSHT2RWzqFp9FX7-r8,@4GfJ,,123456789,,,2026-04-16,,,,,,30,⭐ TIER 2 — Strong
Contact Us,Dallas,Texas,USA,https://rh-ude.com/pages/contact-us?srsltid=AfmBOoqftAjmu1mWQviuqnpWagnlIVQv4yIw8j9jp3jR1XhY5mM2SKnV,@rhude,ORDERS@RH-UDE.COM,1613580349,,,2026-04-16,,,,,,40,🔥 TIER 1 — Hot
SHOP ALL,Dallas,Texas,USA,https://rh-ude.com/collections/shop-all?srsltid=AfmBOooEgEn-giS_lrrMFjjKLZqEWlIBeGM-2rWXU3CLintCzXsKVUs1,@rhude,,1613580349,,,2026-04-16,,,,,,30,⭐ TIER 2 — Strong
VALE FOREVER,Dallas,Texas,USA,https://sneakerhaven.shop/collections/vale-forever?srsltid=AfmBOoqjEQSBY_9G6_OUQe_fCgBzMvuY5IfGGKBu7sviZVV5Z42mddPS,@keyframes,management@sneakerhaven.shop,1320255817,,,2026-04-16,,,,,,40,🔥 TIER 1 — Hot
⚡️LA VIE WAREHOUSE SALE ⚡️ Our most-anticipated ...,Dallas,Texas,USA,https://www.instagram.com/reel/DNi502gxWjZ/,@rsrc.php,,1037486289,,,2026-04-16,,,,,,-30,❄️ TIER 4 — Cold
NEW @VALELIVES FLANNELS AVAILABLE NOW IN STORE ...,Dallas,Texas,USA,https://www.instagram.com/reel/DOMzmf1EZBH/,@Valabasas,,1037486289,,,2026-04-16,,,,,,-30,❄️ TIER 4 — Cold
Vale Forever. Forever in stock ‼️ New Vale just landed ...,Dallas,Texas,USA,https://www.instagram.com/p/DUloLg4DkBP/,@valelives,,1037486289,,,2026-04-16,,,,,,30,⭐ TIER 2 — Strong
The Vale Group LLC,Dallas,Texas,USA,https://www.linkedin.com/company/the-vale-group-llc,@linkedin,,1659795776,,,2026-04-16,,,,,,-30,❄️ TIER 4 — Cold
NEW @VALELIVES COLLECTION AVAILABLE NOW‍♂️ ...,Dallas,Texas,USA,https://www.instagram.com/reel/DOM0GmZkTGG/,@VALELIVES,,1037486289,,,2026-04-16,,,,,,-30,❄️ TIER 4 — Cold
VALE Anthem set just landed 🐝🔥 Pullover + track pants,Dallas,Texas,USA,https://www.instagram.com/p/DTjP5L9jWpK/,@rsrc.php,,1037486289,,,2026-04-16,,,,,,-30,❄️ TIER 4 — Cold
Private Selection: Shop The Latest Streetwear Fashion ...,Dallas,Texas,USA,https://www.prvtselection.com/?srsltid=AfmBOoqlmxyf9ql7vGzHzlDk-p0kfoa8oWyskr0HSssyLwg1vzHbDxVS,@prvt.selection,f14faca962674f149161045845b21b35@sentry.zipify.com,9166543286,,,2026-04-16,,,,,,20,⭐ TIER 2 — Strong
VALE FOREVER TARGET TEE BLACK Near me in Dallas TX,Dallas,Texas,USA,https://www.rawapparels.com/products/vale-forever-target-tee-black?srsltid=AfmBOoqfeqDRcn500XBZEfyXiScaoCpyIxNQoh11X_EW0xxkSzAx8lBt,@raw.dfw,,8601549602,,,2026-04-16,,,,,,30,⭐ TIER 2 — Strong
"Contact Our Dallas, TX Office",Dallas,Texas,USA,https://www.tvaleg.com/locations/dallas-texas/,@wearebrightfire,,(469) 458-0024,,,2026-04-16,,,,,,-30,❄️ TIER 4 — Cold
Vale Forever @valelives Cheetah Sweatsuit now available ...,Dallas,Texas,USA,https://www.instagram.com/p/DQFBx31kWRX/,@valelives,,1037486289,,,2026-04-16,,,,,,30,⭐ TIER 2 — Strong
Sneaker Haven,Dallas,Texas,USA,https://sneakerhaven.shop/?srsltid=AfmBOopw68YdGw8PsibOwAoPnmzElv-8Xwfbwz05zqii9FqwHI3fUBaK,@keyframes,management@sneakerhaven.shop,1320255817,,,2026-04-16,,,,,,20,⭐ TIER 2 — Strong
"Private Selection (@prvt.selection) · Dallas, TX",Dallas,Texas,USA,https://www.instagram.com/prvt.selection/,@prvt.selection,,1037486289,,,2026-04-16,,,,,,-30,❄️ TIER 4 — Cold
Heights District,Dallas,Texas,USA,https://www.theheightsdistrict.com/?srsltid=AfmBOoqb1dDhtLu1RW_cqLI3ht57wLtQa67Wi68nA2W7b_uMdX5Ushyl,@heightsdistrict,info@theheightsdistrict.com,1752078995,,,2026-04-16,,,,,,-20,❄️ TIER 4 — Cold
Dallas Streetwear,Dallas,Texas,USA,https://www.instagram.com/dallas.streetwear/,@rsrc.php,,1037486289,,,2026-04-16,,,,,,10,📋 TIER 3 — Warm
Urban Clothing Stores | Urban Stylez Fashion And Apparel ...,Dallas,Texas,USA,https://www.shopurbanstylez.com/?srsltid=AfmBOoqhoHmZvFmQjPbsBe_WOKp5RCyI8xiACco_twNuqt-Iar16zqoB,@urbanstylez_214,focus-within-polyfill@5.0.9,968-7758814,,,2026-04-16,,,,,,10,📋 TIER 3 — Warm
Clutch Vintage Streetwear – Clutch Vintage•Streetwear ...,Dallas,Texas,USA,https://theclutchvintage.com/?srsltid=AfmBOoolCkT6Qa3Vj5gnvQ3n_VKa6z3MGIX9IlLDZnJTqL6o3KbB3fpW,@clutchdallas,,1739334398,,,2026-04-16,,,,,,10,📋 TIER 3 — Warm
"PROJECT (@project.dallas) · Dallas, TX",Dallas,Texas,USA,https://www.instagram.com/project.dallas/,@project.dallas,,1037486289,,,2026-04-16,,,,,,-30,❄️ TIER 4 — Cold
Dallas,Dallas,Texas,USA,https://hypebeast.com/tags/dallas,@hypebeast,screenshot-adblock-ultimate@2x.1f5b1723.png,3702846231,,,2026-04-16,,,,,,10,📋 TIER 3 — Warm
HUMAN DIOR,Dallas,Texas,USA,https://humandior.com/,@keyframes,humandior@gmail.com,4070210449,,,2026-04-16,,,,,,-20,❄️ TIER 4 — Cold
FORTY FIVE TEN,Dallas,Texas,USA,https://fortyfiveten.com/?srsltid=AfmBOoplZLK7arIL7jooERgc6WYoEXqORA5-VWCasAOFyDziHRRFyTMj,@context,HELP@FORTYFIVETEN.COM,8800171246,,,2026-04-16,,,,,,-20,❄️ TIER 4 — Cold
"BluPrint (@bluprint.tx) · Dallas, TX",Dallas,Texas,USA,https://www.instagram.com/bluprint.tx/,@bluprint.tx,,1037486289,,,2026-04-16,,,,,,-30,❄️ TIER 4 — Cold
The 24 Most Beautiful Independent Stores in Dallas,Dallas,Texas,USA,https://www.papercitymag.com/fashion/shopping/best-shopping-dallas/,@papercityhouston,colleen@greenwoodking.com,3333333333,,,2026-04-16,,,,,,20,⭐ TIER 2 — Strong
Shoe & Sneaker Store in Dallas | JD Sports at Dallas Galleria,Dallas,Texas,USA,https://stores.jdsports.com/tx/dallas/dallas-galleria.html,@jdsportsus,,(972) 980-8553,,,2026-04-16,,,,,,10,📋 TIER 3 — Warm
"Sneaker Haven (@sneakerhaven.tx) · Dallas, TX",Dallas,Texas,USA,https://www.instagram.com/sneakerhaven.tx/,@watterscreek,,1037486289,,,2026-04-16,,,,,,10,📋 TIER 3 — Warm
hellstar,Austin,Texas,USA,https://www.privatestockonline.com/brands/hellstar/,@privatestockatx,,2022111215,,,2026-04-16,,,,,,35,⭐ TIER 2 — Strong
Hellstar Clothing | Tees Hoodies Long Sleeves,Austin,Texas,USA,https://www.stadiumgoods.com/collections/hellstar?srsltid=AfmBOooGf5f0N9MQRFgBgPdNb9jmC4kmwmmH8WCNcm8jLlW70zVFqkQ3,@stadiumgoods,hello@shopmail.stadiumgoods.com,8070339516,,,2026-04-16,,,,,,45,🔥 TIER 1 — Hot
Shop Hellstar clothing,Austin,Texas,USA,https://www.theatticstreetwear.com/collections/hellstar?srsltid=AfmBOoqILYOWb9EvAu4z7RNWaz1HvoutAwSbl8qxboslCuneSo-Q3V6A,@theatticstreetwear,info@theatticstreetwear.com,4690952252,,,2026-04-16,,,,,,45,🔥 TIER 1 — Hot
Private Stock Premium Boutique - Private Stock,Austin,Texas,USA,https://www.privatestockonline.com/,@privatestockatx,,2022111215,,,2026-04-16,,,,,,10,📋 TIER 3 — Warm
All new HellStar Apparel available in store!,Austin,Texas,USA,https://www.instagram.com/p/DWb8adUDxl3/,@rsrc.php,,1037486289,,,2026-04-16,,,,,,35,⭐ TIER 2 — Strong
SUPREME stores in Austin,Austin,Texas,USA,https://www.shopenauer.com/en/brand/supreme/austin,@supremenewyork,,5682063865,,,2026-04-16,,,,,,25,⭐ TIER 2 — Strong
Supreme Beauty Supply (@supremebeauty_austin),Austin,Texas,USA,https://www.instagram.com/supremebeauty_austin/,@supremebeauty_austin,,1037486289,,,2026-04-16,,,,,,25,⭐ TIER 2 — Strong
"Private Stock - A Shopping Center in Austin, TX - Simon",Austin,Texas,USA,https://www.simon.com/mall/the-domain/stores/private-stock,@thedomainaustin,,1766078725,,,2026-04-16,,,,,,-30,❄️ TIER 4 — Cold
"Supreme Beauty Supply in Austin, TX – Reviews, Hours ...",Austin,Texas,USA,https://local.yahoo.com/info-19405765-supreme-beauty-supply-austin/,@yahoo,,155-9803257,,,2026-04-16,,,,,,25,⭐ TIER 2 — Strong
RHUDE stores in Austin,Austin,Texas,USA,https://www.shopenauer.com/en/brand/rhude/austin,@shopenauer_official,,5682063865,,,2026-04-16,,,,,,30,⭐ TIER 2 — Strong
"The Webster: Curated Luxury Fashion, Beauty & Lifestyle",Austin,Texas,USA,https://thewebster.com/?srsltid=AfmBOorTpYe-dxPtzV5JGZXihxxxqv6qUJG5PiU68Q5HAarlcZkT6WJh,@thewebster,,2147483647,,,2026-04-16,,,,,,10,📋 TIER 3 — Warm
R H U D E,Austin,Texas,USA,https://rh-ude.com/?srsltid=AfmBOopKMN6etEsYJEmnIVL_Hch3LRdgGrus-8oquGH9XBCKy95RNmu9,@rhude,,1613580349,,,2026-04-16,,,,,,30,⭐ TIER 2 — Strong
Shop Rhude Online,Austin,Texas,USA,https://www.nordstrom.com/brands/rhude--18936?srsltid=AfmBOoq1soDRx9MEUFvBxkPqVI5hFPHKQX-qwkuuVXl6kUQTYbMRvHRA,@4GfJ,,123456789,,,2026-04-16,,,,,,30,⭐ TIER 2 — Strong
Hutson Clothing Co.,Austin,Texas,USA,https://hutsonclothing.com/,@HutsonClothing.com,micah@micahrich.com,5212014134,,,2026-04-16,,,,,,20,⭐ TIER 2 — Strong
Contact Us,Austin,Texas,USA,https://rh-ude.com/pages/contact-us?srsltid=AfmBOop31ZM-XHQhrFDEhRQTw-5APorX6ekKWddHej2WxR0WojZe4r4r,@rhude,ORDERS@RH-UDE.COM,1613580349,,,2026-04-16,,,,,,40,🔥 TIER 1 — Hot
Vale Houston Flagship Store 🎖️ (@valelives.htx),Austin,Texas,USA,https://secure.instagram.com/valelives.htx/?hl=el,@valelives.htx,,1037486289,,,2026-04-16,,,,,,-30,❄️ TIER 4 — Cold
"on Instagram: ""Vale tees S,M,L,XL AVAILABLE""",Austin,Texas,USA,https://www.instagram.com/reel/DTI9-knEfAn/,@rsrc.php,,1037486289,,,2026-04-16,,,,,,-30,❄️ TIER 4 — Cold
Cookies Clothing | Retailers,Austin,Texas,USA,https://cookiessf.com/pages/retailers?srsltid=AfmBOorgCq0U6fRzNmfR7c8r03kDoeDJ7UQD-SGIJBHO1vHRBiCkCdiu,@cookiessf,,1656805369,,,2026-04-16,,,,,,10,📋 TIER 3 — Warm
"STAX ATX (@staxaustin) · Austin, TX",Austin,Texas,USA,https://www.instagram.com/staxaustin/,@staxaustin,,1037486289,,,2026-04-16,,,,,,-30,❄️ TIER 4 — Cold
Aisle 5: Home,Austin,Texas,USA,https://www.theaisle5.com/,@gmail.com,hi@mystore.com,7222075137,,,2026-04-16,,,,,,-20,❄️ TIER 4 — Cold
Bloody Rose Boutique,Austin,Texas,USA,https://bloodyroseboutique.com/,@bloodyroseboutique,,7823523422,,,2026-04-16,,,,,,10,📋 TIER 3 — Warm
STAX AUSTIN,Austin,Texas,USA,https://staxaustinonline.com/,@font,,5825154475,,,2026-04-16,,,,,,-30,❄️ TIER 4 — Cold
Austin,Austin,Texas,USA,https://hypebeast.com/tags/austin,@hypebeast,screenshot-adblock-ultimate@2x.1f5b1723.png,3702846231,,,2026-04-16,,,,,,10,📋 TIER 3 — Warm
ByGeorge Luxury Boutique | Designer Fashion and High-End ...,Austin,Texas,USA,https://bygeorgeaustin.com/?srsltid=AfmBOoqBipmvHoX71DRQZM5oWaV8b_F9SosalKGUzxQ7G7Jv765gZM1G,@bygeorge,,1775595304,,,2026-04-16,,,,,,10,📋 TIER 3 — Warm
Explore These 9 Austin Boutiques | Blog,Austin,Texas,USA,https://kathrynscarborough.com/blog/explore-these-9-austin-boutiques,@kathrynscarboroughatx,handlebars-intl@1.1.2,1512970135,,,2026-04-16,,,,,,10,📋 TIER 3 — Warm
"Estilo Boutique: Estilo - Women's, Men's, and Kids Boutique ...",Austin,Texas,USA,https://estiloboutique.com/?srsltid=AfmBOopjiid0pypHtA2OwqMv9aIXy0Paj1dYz3RVcyh60irukpWtzxr0,@estilo_austin,,7877537688,,,2026-04-16,,,,,,10,📋 TIER 3 — Warm
"Where to Shop Local Clothing Brands | Visit Austin, TX",Austin,Texas,USA,https://www.austintexas.org/austin-insider-blog/blog/post/local-clothing-brands/,@personalvintage,glide@3.4.1,9999999999,,,2026-04-16,,,,,,10,📋 TIER 3 — Warm
"Kicking It ATX: Trendy clothing, accessories, & sneakers in ...",Austin,Texas,USA,https://kickingit.com/?srsltid=AfmBOorZ7HULfMQ8vITTTyo0BA5jtq16K1tSpYbTvJ22S1sRGMxhKkNO,@kickingit,,5142983320,,,2026-04-16,,,,,,10,📋 TIER 3 — Warm
Sneaker Politics - Austin,Austin,Texas,USA,https://www.2ndstreetdistrict.com/sneaker-politics,@2ndstdistrict,user@domain.com.,1655914806,,,2026-04-16,,,,,,20,⭐ TIER 2 — Strong
Austin Location | Shop Nice Kicks – ShopNiceKicks.com,Austin,Texas,USA,https://shopnicekicks.com/pages/austin-location,@shopnicekicks,nicekicks.small_140x@2x.png,1613152017,,,2026-04-16,,,,,,20,⭐ TIER 2 — Strong
"Karavel Shoes | Running, Walking, and Comfort Shoes in ...",Austin,Texas,USA,https://karavelshoes.com/?srsltid=AfmBOorGNdpcHXbp6qAmYgr12E063PbjIMwXDBxl852bOATIcIMa1HNu,@karavelshoes,,1760393966,,,2026-04-16,,,,,,-30,❄️ TIER 4 — Cold
What Stores Sell Hellstar,San Antonio,Texas,USA,https://www.instagram.com/popular/what-stores-sell-hellstar/,@stockroom.oc,,1037486289,,,2026-04-16,,,,,,35,⭐ TIER 2 — Strong
Hellstar Capsule 9 & 10 Available in store Sizes S - XL FCFS ...,San Antonio,Texas,USA,https://www.instagram.com/reel/CzE57sHvHPN/,@rsrc.php,,1037486289,,,2026-04-16,,,,,,35,⭐ TIER 2 — Strong
💫 Hellstar Patch Shorts Black L XXXL Available Now In ...,San Antonio,Texas,USA,https://www.instagram.com/p/DQNCH-mDm1s/,@rsrc.php,,1037486289,,,2026-04-16,,,,,,35,⭐ TIER 2 — Strong
San Antonio - San Pedro Store,San Antonio,Texas,USA,https://www.bootbarn.com/stores?StoreID=0381&srsltid=AfmBOorcrr3pZ74tmtwuKKDEv03qXcVqx-eQIaR2ywOzKk5m0YA0nw7Y,@boot_barn_official,custserv@bootbarn.com,1776370351,,,2026-04-16,,,,,,-20,❄️ TIER 4 — Cold
Private Selection: Shop The Latest Streetwear Fashion ...,San Antonio,Texas,USA,https://www.prvtselection.com/?srsltid=AfmBOoqk6osuMKprkChfhJ0KM0vYWcSzS45COFeYSfTLJcNSQfL8NUPO,@prvt.selection,f14faca962674f149161045845b21b35@sentry.zipify.com,9166543286,,,2026-04-16,,,,,,20,⭐ TIER 2 — Strong
NEW* HELLSTAR PIECES IN STORE SOON‼️ ONLY AT ...,San Antonio,Texas,USA,https://www.instagram.com/p/C2Ltp8js5IY/,@rsrc.php,,1037486289,,,2026-04-16,,,,,,35,⭐ TIER 2 — Strong
HELLSTAR size S-M-L new & original ٣٠،٠٠٠ للحجز دايركت ...,San Antonio,Texas,USA,https://www.instagram.com/p/DXKcHifDclK/,@rsrc.php,,1037486289,,,2026-04-16,,,,,,35,⭐ TIER 2 — Strong
Social Status | Contemporary Menswear & Footwear,San Antonio,Texas,USA,https://www.socialstatuspgh.com/?srsltid=AfmBOoq1G9EqcRbxkxHiDKpqIIvUXuge-1D4hZIzmD_c9_9gEQ-istkn,@thesocialstatus,fancybox@3.5.7,1750102237,,,2026-04-16,,,,,,-30,❄️ TIER 4 — Cold
Supreme Meat Purveyors: Creating Tomorrow's Protein ...,San Antonio,Texas,USA,https://suprememeat.com/,@context,,1776188044,,,2026-04-16,,,,,,25,⭐ TIER 2 — Strong
"WearHouse (@wearhouse.tx) · San Antonio, TX",San Antonio,Texas,USA,https://www.instagram.com/wearhouse.tx/,@wearhouse.tx,,1037486289,,,2026-04-16,,,,,,-30,❄️ TIER 4 — Cold
Supreme Beauty Supply Store Locations Near You,San Antonio,Texas,USA,https://www.supremebeauty.com/pages/find-supreme-hair-beauty-supply-store-locations-near-you?srsltid=AfmBOorA-zhFjIiyZPQvq4ufdTyBWj0zn3r5JWzMpXvZCZmTOoj4UJ4E,@supremebeautyonline,info@supremebeauty.com,1158951114,,,2026-04-16,,,,,,35,⭐ TIER 2 — Strong
SUPREME – tdkrivercenter,San Antonio,Texas,USA,https://tdkriverwalk.com/collections/supreme?srsltid=AfmBOoq7SqKYdoVoLwNZspJhiereYqRpUq0JXBFFAojngyDyY1II86DH,@font,,1681423793,,,2026-04-16,,,,,,25,⭐ TIER 2 — Strong
Hype Shops That Sell Supreme Near Me TOP 10 BEST ...,San Antonio,Texas,USA,https://fundacionblazer.org/?p=95656951041660,,,,,,2026-04-16,,,,,,15,📋 TIER 3 — Warm
Stockists,San Antonio,Texas,USA,https://rh-ude.com/pages/stockists-1?srsltid=AfmBOopUKgEk1zl4vvWTu3BShiJaEFtzGrkEj0oN6gjkEouhBCes8bBS,@rhude,,1613580349,,,2026-04-16,,,,,,30,⭐ TIER 2 — Strong
Rhude Tee ~ Available in Store📍Open From 11-7 weekdays,San Antonio,Texas,USA,https://www.instagram.com/p/DToT6V4DjmW/,@rsrc.php,,1037486289,,,2026-04-16,,,,,,30,⭐ TIER 2 — Strong
Shop Rhude Online,San Antonio,Texas,USA,https://www.nordstrom.com/brands/rhude--18936?srsltid=AfmBOorpfonkxIAsU9ZZL9fNy0gsUZnAyAV0WYw8g-Qv-OxyGT6OUFas,@4GfJ,,123456789,,,2026-04-16,,,,,,30,⭐ TIER 2 — Strong
R H U D E,San Antonio,Texas,USA,https://rh-ude.com/?srsltid=AfmBOor_D3l_Tns5GSDpTrYpj-7DqPFkk15twCsvXxZy4GmeG2G8qqws,@rhude,,1613580349,,,2026-04-16,,,,,,30,⭐ TIER 2 — Strong
SHOP ALL,San Antonio,Texas,USA,https://rh-ude.com/collections/shop-all?srsltid=AfmBOoruf77XDiVpp0DR_2knQnIJDMMi5AdCQriqkFh_b6yFUDx8KwL4,@rhude,,1613580349,,,2026-04-16,,,,,,30,⭐ TIER 2 — Strong
"The Webster: Curated Luxury Fashion, Beauty & Lifestyle",San Antonio,Texas,USA,https://thewebster.com/?srsltid=AfmBOopJFIOrhpVa7uW8BD0gT9XqYEANT4CEfXSzos03XVWonTsSzOj1,@thewebster,,2147483647,,,2026-04-16,,,,,,10,📋 TIER 3 — Warm
Nothing Bundt Cakes: Delicious Cakes for Birthdays ...,San Antonio,Texas,USA,https://www.nothingbundtcakes.com/?srsltid=AfmBOop3snhm2dIEp36udTwEV2rpLTrKXd4_ZM_8Dme38MCopjbQ-7hZ,@nothingbundtcakes,,1775617646,,,2026-04-16,,,,,,-30,❄️ TIER 4 — Cold
"Checkers & Rally's - Order Online | Burgers, Fries, Cola ...",San Antonio,Texas,USA,https://checkersandrallys.com/,,,,,,2026-04-16,,,,,,-40,❄️ TIER 4 — Cold
Season Passes | Page | Six Flags Over Texas,San Antonio,Texas,USA,https://www.sixflags.com/overtexas/season-passes,@sixflagsovertexas,,8539475137,,,2026-04-16,,,,,,-30,❄️ TIER 4 — Cold
Whataburger | Order Online with Curbside and Delivery,San Antonio,Texas,USA,https://whataburger.com/,@font,systemjs@0.19.27,1141643627,,,2026-04-16,,,,,,-30,❄️ TIER 4 — Cold
VALE FOREVER,San Antonio,Texas,USA,https://endlesssupply.com/collections/vale?srsltid=AfmBOoqLa6sNtKy3BUs1FHqNPt0BxODC-RVNuvt2pa3LlvysSoZADLi1,@endlesssupply,,1719113949,,,2026-04-16,,,,,,30,⭐ TIER 2 — Strong
Vale Forever New Store Locations,San Antonio,Texas,USA,https://www.instagram.com/popular/vale-forever-new-store-locations/,@rsrc.php,,1037486289,,,2026-04-16,,,,,,30,⭐ TIER 2 — Strong
"Robert Vale spirit wear, San Antonio, TX, Stingrays",San Antonio,Texas,USA,https://1stplacespiritwear.com/schools/TX/San%20Antonio/Robert%20Vale%20Middle%20School?srsltid=AfmBOoo9rAXIHsY8qfY237AjkjRTxawgckafGknN9sutZKwb7cUiMhLh,,,1125899911,,,2026-04-16,,,,,,-40,❄️ TIER 4 — Cold
Find a Gas Station Near You,San Antonio,Texas,USA,https://www.valero.com/find-gas-station,@valeroenergy,CustomerSupport@Valero.com,8191404076,,,2026-04-16,,,,,,-20,❄️ TIER 4 — Cold
Showroom Locator,San Antonio,Texas,USA,https://thevalelondon.co.uk/pages/showroom-locator?srsltid=AfmBOooySNSrARVJUo3si8AdH7vQnsU_awDwO2pW5p7WViIwFLdUIBJ_,@thevalelondon,marketing@thevalelondon.co.uk,1742328323,,,2026-04-16,,,,,,-20,❄️ TIER 4 — Cold
"Street Gear (@street_gearshop) · San Antonio, TX",San Antonio,Texas,USA,https://www.instagram.com/street_gearshop/,@street_gearshop,,1037486289,,,2026-04-16,,,,,,-30,❄️ TIER 4 — Cold
fresh start is a 👟 one of a kind streetwear store,San Antonio,Texas,USA,https://daviesentertainment.com/streetwear-store/,@daviesentertainment,info@daviesentertainment.com,1776363259,,,2026-04-16,,,,,,20,⭐ TIER 2 — Strong
Countdown SA,San Antonio,Texas,USA,https://www.countdownsa.com/,@countdownsa_,,1349954065,,,2026-04-16,,,,,,-30,❄️ TIER 4 — Cold
Tier One Sneaker Boutique: Home,San Antonio,Texas,USA,https://tier-one-sneaker-boutique.square.site/,@media,13e49d785d8d4f828038b6136f3b48ba@sentry.io,773-8161119,,,2026-04-16,,,,,,20,⭐ TIER 2 — Strong
"iRun Texas, San Antonio Local Running and Fitness Store",San Antonio,Texas,USA,https://iruntexas.net/,@300,bootstrap@4.3.1,6884696416,,,2026-04-16,,,,,,-30,❄️ TIER 4 — Cold
"Store Directory - 1 Store in San Antonio, Texas",San Antonio,Texas,USA,https://www.hibbett.com/stores/TX/San%20Antonio,@hibbettofficial,,1776364785,,,2026-04-16,,,,,,-30,❄️ TIER 4 — Cold
The 44 coolest clothing stores and boutiques in San Antonio,San Antonio,Texas,USA,https://wanderlog.com/list/geoCategory/123425/coolest-clothing-stores-and-boutiques-in-san-antonio,@7p.m.,apm-rum@5.16.0,3026914942,,,2026-04-16,,,,,,10,📋 TIER 3 — Warm
"Shop Streetwear Clothing, Sneakers, Jerseys and Hats ...",San Antonio,Texas,USA,https://www.culturekings.com/?srsltid=AfmBOopFs51yNcCnQFWHjOCn8Ep85q2gU7ilDfpW8esbTC-hnbkxFSxf,@culturekings.usa,test@test.com,1775758390,,,2026-04-16,,,,,,20,⭐ TIER 2 — Strong
Heights District,San Antonio,Texas,USA,https://www.theheightsdistrict.com/?srsltid=AfmBOoqUbuzOaneDEOVAb5dyNKo14WQFC6MoOm1WAczL8bO21owcJwAS,@heightsdistrict,info@theheightsdistrict.com,1752078995,,,2026-04-16,,,,,,-20,❄️ TIER 4 — Cold
HELLSTAR,Fort Worth,Texas,USA,https://sneakerhaven.shop/collections/hellstar?srsltid=AfmBOoo-5zSEWpAHIOTQNOG9B2I74Uj7fUgr-jAN-5yviPYZEdEiujvt,@keyframes,management@sneakerhaven.shop,1320255817,,,2026-04-16,,,,,,45,🔥 TIER 1 — Hot
"Dillard's Hulen Mall, Fort Worth, Texas",Fort Worth,Texas,USA,https://www.dillards.com/stores/texas/hulen-mall-fort-worth/0704?srsltid=AfmBOoofGh7xAyrzAWxZ7Gu383vkE9ql2YDz21QgImuwzBsSTMPhYTHE,,,117.177637,,,2026-04-16,,,,,,-40,❄️ TIER 4 — Cold
Hulen Mall - Hollister Stores,Fort Worth,Texas,USA,https://www.hollisterco.com/shop/us/clothing-stores/US/Fort%20Worth/TX/30147,,,,,,2026-04-16,,,,,,0,❄️ TIER 4 — Cold
ALL NEW PIECES FROM OUR STREETWEAR BRANDS ...,Fort Worth,Texas,USA,https://www.instagram.com/p/DW9XCYolVI1/,@rsrc.php,,1037486289,,,2026-04-16,,,,,,10,📋 TIER 3 — Warm
Come Shop Dallas-Fort Worth's #1 Sneaker & Streetwear ...,Fort Worth,Texas,USA,https://www.instagram.com/reel/DGD5Pp1uK1H/,@rsrc.php,,1037486289,,,2026-04-16,,,,,,10,📋 TIER 3 — Warm
Fort Worth,Fort Worth,Texas,USA,https://supreme-appliances.com/fort-worth/,@supreme.appliances,info@supreme-appliances.com,945-3546321,,,2026-04-16,,,,,,35,⭐ TIER 2 — Strong
Supreme Beauty Supply Store Locations Near You,Fort Worth,Texas,USA,https://www.supremebeauty.com/pages/find-supreme-hair-beauty-supply-store-locations-near-you?srsltid=AfmBOor7PLxJAdq65YbFzepqraGuHzvhto8cQt2FGXcHLISRFb08_xcA,@supremebeautyonline,info@supremebeauty.com,1158951114,,,2026-04-16,,,,,,35,⭐ TIER 2 — Strong
Supreme Appliances: BIG SALE in DFW | Open-Box & Scratch ...,Fort Worth,Texas,USA,https://supreme-appliances.com/,@supreme.appliances,info@supreme-appliances.com,3333333333,,,2026-04-16,,,,,,35,⭐ TIER 2 — Strong
"Supreme Hair & Beauty in Fort Worth, TX United States",Fort Worth,Texas,USA,https://maps.apple.com/place?place-id=IB736F3FD5C5CFB20,@context,,89933000,,,2026-04-16,,,,,,25,⭐ TIER 2 — Strong
R H U D E,Fort Worth,Texas,USA,https://rh-ude.com/?srsltid=AfmBOooBkeICztFkEUF6GSPOO5WCPyVe41AFfqe1IHcuGjBJ2HomO0qE,@rhude,,1613580349,,,2026-04-16,,,,,,30,⭐ TIER 2 — Strong
Rhude,Fort Worth,Texas,USA,https://www.walmart.com/c/brand/rhude,@media,,8278416249,,,2026-04-16,,,,,,30,⭐ TIER 2 — Strong
Shop Rhude Online,Fort Worth,Texas,USA,https://www.nordstrom.com/brands/rhude--18936?srsltid=AfmBOoptveKOyOSOrSiCkSrLUlEOy58vllcjFEQAyAgtsbdERfjB4yVf,@4GfJ,,123456789,,,2026-04-16,,,,,,30,⭐ TIER 2 — Strong
The Shops at Clearfork | Men's Clothing Store,Fort Worth,Texas,USA,https://www.mizzenandmain.com/stores/the-shops-at-clearfork?srsltid=AfmBOoovll7--ZlMgXJA2Nga0rKf_uYNEJqEBxbolTJADrroqBynUPWN,@MizzenAndMain,info@mizzenandmain.com,682-499-2180,,,2026-04-16,,,,,,20,⭐ TIER 2 — Strong
The Squire Shop – Serving Fort Worth & Norman's Finest ...,Fort Worth,Texas,USA,https://thesquireshop.net/,@thesquireshopfw,,1776370992,,,2026-04-16,,,,,,-30,❄️ TIER 4 — Cold
"Fort Worth, TX Store",Fort Worth,Texas,USA,https://www.overland.com/stores/fort-worth-tx?srsltid=AfmBOore1MEGg3yTRbZt01OXSqddjvMLUjXLD8hqEbYHt738cX_dCVWb,,,,,,2026-04-16,,,,,,-40,❄️ TIER 4 — Cold
SHOP ALL,Fort Worth,Texas,USA,https://rh-ude.com/collections/shop-all?srsltid=AfmBOopQsohpmZUynoDmsHYOTaTURP60OXO1l-ZzHdgI0x8gV7M4pON4,@rhude,,1613580349,,,2026-04-16,,,,,,30,⭐ TIER 2 — Strong
Shop Rhude's latest summer offering which includes graphic ...,Fort Worth,Texas,USA,https://www.instagram.com/reel/DJeTNpZOtY3/,@rsrc.php,,1037486289,,,2026-04-16,,,,,,30,⭐ TIER 2 — Strong
@rhude @lostshdws 🌪️,Fort Worth,Texas,USA,https://www.instagram.com/p/DN8qjhOEeel/,@rhude,,1037486289,,,2026-04-16,,,,,,30,⭐ TIER 2 — Strong
"Culwell & Son on Instagram: ""Don't wait to elevate your style ...",Fort Worth,Texas,USA,https://www.instagram.com/reel/DU0n0GMFPOx/,@rsrc.php,,1037486289,,,2026-04-16,,,,,,-30,❄️ TIER 4 — Cold
STORES,Fort Worth,Texas,USA,https://www.valeforever.com/pages/stores?srsltid=AfmBOopexplT033-AYQcptZErG8o1YjwSn9ctZEJBWAOy3LRbF-op9TF,@valelivesnyc,,1774299210,,,2026-04-16,,,,,,-30,❄️ TIER 4 — Cold
VALE FOREVER FAITH BLING TEE - BLACK,Fort Worth,Texas,USA,https://royaltydfw.com/products/vale-forever-faith-bling-tee-black?srsltid=AfmBOoo31jOpzUxrVFpZZMBHqb1K19GfEfkmL-kf2Suyo1aMTrY9fU67,@rylty.dfw,xxx@xxx.xxx,1725919116,,,2026-04-16,,,,,,40,🔥 TIER 1 — Hot
VALE FOREVER,Fort Worth,Texas,USA,https://sneakerhaven.shop/collections/vale-forever?srsltid=AfmBOorxOcTdQI78mKBXLpNyHZFg_zMC0jwtb98CeWuNZO3bBAO1ufJ5,@keyframes,management@sneakerhaven.shop,1320255817,,,2026-04-16,,,,,,40,🔥 TIER 1 — Hot
Private Selection: Shop The Latest Streetwear Fashion ...,Fort Worth,Texas,USA,https://www.prvtselection.com/?srsltid=AfmBOorCUwDCPD0x0Oq0YjX5zWRDXCk4J5Rfq-AY3Pe2zcw3kl3YphN6,@prvt.selection,f14faca962674f149161045845b21b35@sentry.zipify.com,9166543286,,,2026-04-16,,,,,,20,⭐ TIER 2 — Strong
Locals Only: Home,Fort Worth,Texas,USA,https://localsonlyshop.square.site/,@gmail.com.,Localsonly.Texas@gmail.com,8002591795,,,2026-04-16,,,,,,-20,❄️ TIER 4 — Cold
817 Vintage Hype,Fort Worth,Texas,USA,https://817vintagehype.com/?srsltid=AfmBOooWDMjU330SI22N98JzYrQzgEfn5OdP1BjBeMgmAS5tFV8NIR10,@media,UNADJUSTEDNONRAW_thumb_28c5_1280x@2x.jpg,3595290796,,,2026-04-16,,,,,,20,⭐ TIER 2 — Strong
Fort Worth Locals: Fort Worth T-Shirts,Fort Worth,Texas,USA,https://shopfwlocals.com/?srsltid=AfmBOooo3TEl9S8SXX8UCF_NBSX-t1lBJLijpxRgxotDYdXvNgA0RtD5,@fwlocals,hello@fwlocals.com,7909584425,,,2026-04-16,,,,,,-20,❄️ TIER 4 — Cold
Monkee's of Fort Worth: MONKEE'S | Shop Clothing ...,Fort Worth,Texas,USA,https://monkeesoffortworth.com/?srsltid=AfmBOooxJUiUudv1eozBr11XXQ21mBrSN6cj0apokaNuN7ND3vj198PF,@monkeesoffortworth,,1775665412,,,2026-04-16,,,,,,10,📋 TIER 3 — Warm
5 sneaker boutiques in Fort Worth - FTWtoday,Fort Worth,Texas,USA,https://ftwtoday.6amcity.com/sneaker-stores-fort-worth-tx,@ftwtoday,rmcrobbie@ftwtoday.com,2147483647,,,2026-04-16,,,,,,20,⭐ TIER 2 — Strong
Shoe & Sneaker Store in Fort Worth | JD Sports at Hulen Mall,Fort Worth,Texas,USA,https://stores.jdsports.com/tx/fortworth/hulen-mall.html,@jdsportsus,,(817) 370-0441,,,2026-04-16,,,,,,10,📋 TIER 3 — Warm
"6pm. 4226 W Vickery Blvd, Fort Worth, TX 76107 BUY / ...",Fort Worth,Texas,USA,https://www.instagram.com/p/DPCOkhtibYN/,@rsrc.php,,1037486289,,,2026-04-16,,,,,,-30,❄️ TIER 4 — Cold
Elite Footwear,Fort Worth,Texas,USA,https://elitefootweardfw.com/,@elitefootweardfw,filler@godaddy.com,3333333333,,,2026-04-16,,,,,,-20,❄️ TIER 4 — Cold
"Shoe Store Fort Worth, TX | Sneakers and Apparel",Fort Worth,Texas,USA,https://www.hibbett.com/storedetails/TX/Fort%20Worth/1162,@hibbett1162_ftworth,,1776364785,,,2026-04-16,,,,,,10,📋 TIER 3 — Warm
FORTY FIVE TEN,Fort Worth,Texas,USA,https://fortyfiveten.com/?srsltid=AfmBOooTEfqJGvvlXidF_mnGnHJoA9iqw8b0hZhD42nI2j57cN9zOEbV,@context,HELP@FORTYFIVETEN.COM,8800171246,,,2026-04-16,,,,,,-20,❄️ TIER 4 — Cold
Lux (Fashion. Culture. Lifestyle.) (@luxfashiondfw),Fort Worth,Texas,USA,https://www.instagram.com/luxfashiondfw/,@luxfashiondfw,,1037486289,,,2026-04-16,,,,,,10,📋 TIER 3 — Warm
The Fort Worth Boutique Guide,Fort Worth,Texas,USA,https://thescoutguide.com/fort-worth/editorial/the-fort-worth-boutique-guide/,,,,,,2026-04-16,,,,,,0,❄️ TIER 4 — Cold
"Hale House Boutique | Fort Worth, TX",Fort Worth,Texas,USA,https://shophalehouse.com/,@shophalehouse,customerservice@shophalehouse.com,1588243550,,,2026-04-16,,,,,,20,⭐ TIER 2 — Strong
"You Are Here | Fort Worth, TX | Women's Clothing and ...",Fort Worth,Texas,USA,https://youareherefw.com/,@youareherefortworth,accounting@youareherefw.com,2023496374,,,2026-04-16,,,,,,20,⭐ TIER 2 — Strong
94 Vintage•Sneakers (@94vintagestore),Fort Worth,Texas,USA,https://www.instagram.com/94vintagestore/,@94vintagestore,,1037486289,,,2026-04-16,,,,,,10,📋 TIER 3 — Warm
Union Station is Fort Worth's hub for homegrown streetwear,Fort Worth,Texas,USA,https://www.dfwi.org/item/union-station-is-fort-worths-hub-for-homegrown-streetwear,@downtownfortworth,,1776371083,,,2026-04-16,,,,,,10,📋 TIER 3 — Warm
Royalty DFW,Fort Worth,Texas,USA,https://royaltydfw.com/?srsltid=AfmBOorvCkI8cxxKjcrP3EcITWXxYLqFxS_SfPe9R08VX2teQ9jaVmWL,@rylty.dfw,xxx@xxx.xxx,1725919116,,,2026-04-16,,,,,,-20,❄️ TIER 4 — Cold
HELLSTAR - PureAtlanta.com,Atlanta,Georgia,USA,https://www.pureatlanta.com/collections/hellstar?srsltid=AfmBOoosLcTQygDa-NCJpriL3gDNhqqtgncJ_Wf3hl2Djm9X_VmZVPpz,@pureatlanta.com.,cs@pureatlanta.com,1009528156,,,2026-04-16,,,,,,45,🔥 TIER 1 — Hot
Hellstar,Atlanta,Georgia,USA,https://www.showroomatl.com/collections/hellstar?srsltid=AfmBOooRqOkYyUs-45Cfw-n-meVC_rz212CzWeJyOdgjHC8sfdydcAWI,@showroom.atl,,1720536824,,,2026-04-16,,,,,,35,⭐ TIER 2 — Strong
Hellstar Is This What Heaven Sounds Like? Tee ...,Atlanta,Georgia,USA,https://www.instagram.com/showroom_atlanta/p/DH6YByfgCPU/,@rsrc.php,,1037486289,,,2026-04-16,,,,,,35,⭐ TIER 2 — Strong
"New Hellstar is IN! Available In Store & Online, Only At The Box",Atlanta,Georgia,USA,https://www.instagram.com/reel/DACHcaEpulg/?hl=en,@rsrc.php,,1037486289,,,2026-04-16,,,,,,35,⭐ TIER 2 — Strong
Light Hellstar Restock! Multiple Sizes and Colors Available! All ...,Atlanta,Georgia,USA,https://www.instagram.com/reel/C4i5W2WAQgV/,@rsrc.php,,1037486289,,,2026-04-16,,,,,,35,⭐ TIER 2 — Strong
Repeat Atlanta – Repeat ATL,Atlanta,Georgia,USA,https://repeatatlanta.com/?srsltid=AfmBOorABkxLrxu9B59GGb1EswpZUIJbniMEj2Xz5hEkHxWQcP6BNXzn,@repeatatlanta,,5183871936,,,2026-04-16,,,,,,-30,❄️ TIER 4 — Cold
Brand New Hellstar Available In Store Now! White ...,Atlanta,Georgia,USA,https://www.instagram.com/p/C6MYmNZO102/,@goodtimes.atlanta.,,1037486289,,,2026-04-16,,,,,,35,⭐ TIER 2 — Strong
Our Stores,Atlanta,Georgia,USA,https://www.a-ma-maniere.com/pages/our-stores?srsltid=AfmBOop-sVP_wGiEjfue5y6So-Z8PYmvBCxqrUTEjxRVM5lnRsmsuJub,@maniere_usa,ui@5.0,1422991689,,,2026-04-16,,,,,,-30,❄️ TIER 4 — Cold
Hellstar Black Hoodie - M,Atlanta,Georgia,USA,https://highstakesatlanta.com/products/hellstar-black-hoodie-m?srsltid=AfmBOookjmgH5xXfLS_LN0TMIj2Z7UtSoO30yB91H5MbGRoCkevR8JPW,@font,,1762121638,,,2026-04-16,,,,,,35,⭐ TIER 2 — Strong
Contact Us - Hellstar,Atlanta,Georgia,USA,https://officialhellstaar.com/contact-us/,,,,,,2026-04-16,,,,,,25,⭐ TIER 2 — Strong
Hellstar Hoodies,Atlanta,Georgia,USA,https://luxuryboxatl.com/collections/hellstar-hoodies?srsltid=AfmBOooRPlBHrP78c9cpLpqDHeFIJzQ_Gcev7HskJ5foyDNC4gxTu9tf,@luxboxatl,,1759960285,,,2026-04-16,,,,,,35,⭐ TIER 2 — Strong
Brand New Red Hellstar Tee - L,Atlanta,Georgia,USA,https://highstakesatlanta.com/products/brand-new-red-hellstar-tee-l?srsltid=AfmBOooGeILodR1ad-9Qtg-7LhSSuMLflTqVr19GTkrQGEOsY4xWXBqu,@font,,1748288413,,,2026-04-16,,,,,,35,⭐ TIER 2 — Strong
Supreme ATL (@supremeatlanta),Atlanta,Georgia,USA,https://www.instagram.com/supremeatlanta/,@supremeatlanta,,1037486289,,,2026-04-16,,,,,,25,⭐ TIER 2 — Strong
SUPREME stores in Atlanta,Atlanta,Georgia,USA,https://www.shopenauer.com/en/brand/supreme/atlanta,@supremenewyork,,5682063865,,,2026-04-16,,,,,,25,⭐ TIER 2 — Strong
Supreme,Atlanta,Georgia,USA,https://luxuryboxatl.com/collections/supreme-1?srsltid=AfmBOooVzCWvF4k1hQP-4UP7WQM7zdW1Dtaa_q4AR9Ij5G1UoLhIdaZ3,@luxboxatl,,1759960285,,,2026-04-16,,,,,,25,⭐ TIER 2 — Strong
"Repeat Atlanta on Instagram: ""Supreme accessories always ...",Atlanta,Georgia,USA,https://www.instagram.com/reel/DUt8QUOjfc8/?hl=en,@rsrc.php,,1037486289,,,2026-04-16,,,,,,25,⭐ TIER 2 — Strong
RHUDE,Atlanta,Georgia,USA,https://wishatl.com/collections/rhude?srsltid=AfmBOooi4tH2JANGH5s6s_SiM4MzNZV-bEduMojJCIV1gtIuyRxCk1pb,@wishatl,,1614741952,,,2026-04-16,,,,,,30,⭐ TIER 2 — Strong
RHUDE stores in Atlanta,Atlanta,Georgia,USA,https://www.shopenauer.com/en/brand/rhude/atlanta,@shopenauer_official,,5682063865,,,2026-04-16,,,,,,30,⭐ TIER 2 — Strong
Shop Rhude Online,Atlanta,Georgia,USA,https://www.nordstrom.com/brands/rhude--18936?srsltid=AfmBOoqjnYDMMxQBsUD6aE6phlLSFy-IhvCAwOBuOoQfAsFhHuwke4hv,@4GfJ,,123456789,,,2026-04-16,,,,,,30,⭐ TIER 2 — Strong
R H U D E,Atlanta,Georgia,USA,https://rh-ude.com/?srsltid=AfmBOorV2cucdeszppH5GFKyBEYedvoz4Gg63ObqJKMSrJX8JtXb-Nbw,@rhude,,1613580349,,,2026-04-16,,,,,,30,⭐ TIER 2 — Strong
"The Webster: Curated Luxury Fashion, Beauty & Lifestyle",Atlanta,Georgia,USA,https://thewebster.com/?srsltid=AfmBOorPn9FPwhxdGh5BOQv_Wi5ePArtlaoenhmyEjU2Pxzcdy5LwyAh,@thewebster,,2147483647,,,2026-04-16,,,,,,10,📋 TIER 3 — Warm
"lenox square in atlanta, georgia",Atlanta,Georgia,USA,https://thewebster.com/shop/atlanta?srsltid=AfmBOoooMXZWqRqOQmMDp74Qj4T3nxHfF-qDR3tVp0bDr-UD3KtebkYs,@THEWEBSTER.COM.,ATLTEAM@THEWEBSTER.COM,1771410634,,,2026-04-16,,,,,,-20,❄️ TIER 4 — Cold
"Repeat Atlanta on Instagram: ""Best selection of Denim Tears ...",Atlanta,Georgia,USA,https://www.instagram.com/reel/Cyt-cSygiNK/,@rsrc.php,,1037486289,,,2026-04-16,,,,,,25,⭐ TIER 2 — Strong
Just In! Rhude Steel Tee Black XXL ...,Atlanta,Georgia,USA,https://www.instagram.com/p/DI4LWUQADFy/,@rsrc.php,,1037486289,,,2026-04-16,,,,,,30,⭐ TIER 2 — Strong
Vale Lives,Atlanta,Georgia,USA,https://www.showroomatl.com/collections/vale-lives?srsltid=AfmBOoqOA7-GZFpR_i4oStJM0uVnVYkoWpSdBiiYvn9Bemzx-WZqNHBg,@showroom.atl,,1720536824,,,2026-04-16,,,,,,-30,❄️ TIER 4 — Cold
✨ VALE Forever Tees Now Available Sizes S-XL ...,Atlanta,Georgia,USA,https://www.instagram.com/p/DDKlSTdJSoA/,@rsrc.php,,1037486289,,,2026-04-16,,,,,,30,⭐ TIER 2 — Strong
VALE,Atlanta,Georgia,USA,https://luxuryboxatl.com/collections/vale?srsltid=AfmBOooBETwcSc9VDO6N71oeduuxnaIw4-Cm7N3YuHIWW4r1XJv-TiNq,@luxboxatl,,1759960285,,,2026-04-16,,,,,,10,📋 TIER 3 — Warm
"Vale Lives Zip Hoodie | Verus ATL - Atlanta, GA",Atlanta,Georgia,USA,https://attic.city/item/7WXo/vale-lives-zip-hoodie/versus-atl,@example.org,,1775905109,,,2026-04-16,,,,,,-30,❄️ TIER 4 — Cold
VALE FOREVER BLACK 1980S PAINTERS🔥 New clothing ...,Atlanta,Georgia,USA,https://www.instagram.com/p/DPUdsjIklTK/,@rsrc.php,,1037486289,,,2026-04-16,,,,,,30,⭐ TIER 2 — Strong
VALE Forever,Atlanta,Georgia,USA,https://www.solepriorities.com/collections/vale-forever?srsltid=AfmBOoq08svhaeS8ylDAJcwuXwTZ3pl8uIUdEDa9GTtmrTf3JUMXqQPN,@solepriorities,,1685489957,,,2026-04-16,,,,,,30,⭐ TIER 2 — Strong
Vale set S-XL Pick up available in Atlanta area also ship ...,Atlanta,Georgia,USA,https://www.instagram.com/p/DNBwJCkRuqm/,@rsrc.php,,1037486289,,,2026-04-16,,,,,,-30,❄️ TIER 4 — Cold
Sizes From 30 - 38 Only At 3210 Roswell Rd - Instagram,Atlanta,Georgia,USA,https://www.instagram.com/p/DOypE4sjqtR/,@rsrc.php,,1037486289,,,2026-04-16,,,,,,-30,❄️ TIER 4 — Cold
Vale Outfits Sweatpants Tees Available Instore 243 Central ...,Atlanta,Georgia,USA,https://www.instagram.com/reel/DNY5IW3xoo-/,@rsrc.php,,1037486289,,,2026-04-16,,,,,,-30,❄️ TIER 4 — Cold
Sixth Ave,Atlanta,Georgia,USA,https://shopsixthave.com/,@6xth.ave,,1758317085,,,2026-04-16,,,,,,-30,❄️ TIER 4 — Cold
Variety of Vale State Bottoms Available Now At PriceTag ...,Atlanta,Georgia,USA,https://www.instagram.com/p/DOypE4sjqtR/,@rsrc.php,,1037486289,,,2026-04-16,,,,,,-30,❄️ TIER 4 — Cold
AVAILABLE NOW A Selection Of Vale Tee's In-Store & Online,Atlanta,Georgia,USA,https://www.instagram.com/p/DWFWpIeESK7/,@rsrc.php,,1037486289,,,2026-04-16,,,,,,-30,❄️ TIER 4 — Cold
Showroom Locator,Atlanta,Georgia,USA,https://thevalelondon.co.uk/pages/showroom-locator?srsltid=AfmBOooxbln17vjOEWOvSkbZ-QlJ5ldi_-0tP-doqPLSigb_dL0s31Ed,@thevalelondon,marketing@thevalelondon.co.uk,1742328323,,,2026-04-16,,,,,,-20,❄️ TIER 4 — Cold
Fly Gear ATL - Hottest streetwear clothing in the country,Atlanta,Georgia,USA,https://flygearatl.com/?srsltid=AfmBOooyKrTSvnatid3Eo3ZvCw4EMc1JHOuuExAfVDTumjCRAsFeZ9cN,@flygearatl,sales@flygearatl.com,1672267803,,,2026-04-16,,,,,,20,⭐ TIER 2 — Strong
Wish Atlanta Boutique - WishATL.com,Atlanta,Georgia,USA,https://wishatl.com/?srsltid=AfmBOopc2uSlmafyf0q2TwhsJEk486TpOZxzPI6aIoKeMRwAgwQwju7F,@wishatl,,1614741952,,,2026-04-16,,,,,,10,📋 TIER 3 — Warm
Pure Atlanta | Luxury Contemporary Style,Atlanta,Georgia,USA,https://www.pureatlanta.com/?srsltid=AfmBOoodyY5Na0mn2CQtsKQw-4FNtKmWPOa_KFHYZRscNniyWxaO7KAg,@pureatlanta.,cs@pureatlanta.com,1009528156,,,2026-04-16,,,,,,20,⭐ TIER 2 — Strong
The Atlanta Streetwear Market ® (@atlantastreetwearmarket),Atlanta,Georgia,USA,https://www.instagram.com/atlantastreetwearmarket/?hl=en,@atlantastreetwearmarket,,1037486289,,,2026-04-16,,,,,,10,📋 TIER 3 — Warm
10 Essential Atlanta Shops for Contemporary & Streetwear ...,Atlanta,Georgia,USA,https://www.oberonasscher.com/blogs/sweet-auburn-ave/the-10-coolest-clothing-stores-boutiques-in-atlanta-you-need-to-know?srsltid=AfmBOop4-wt4GuFmZv9ibmV6GkgprUqZZGn-mHS1N8g8wyqHNWODR1EQ,@closette323,,1642484360,,,2026-04-16,,,,,,10,📋 TIER 3 — Warm
City Wide Fashions - Atlanta's Best Big & Tall Streetwear Store,Atlanta,Georgia,USA,https://citywidefashions.com/?srsltid=AfmBOooVB0Psc2afUhFc6fUFmXngJKaJNJjRcw6a7R-NAPwp6CtMc7Y7,@whatshappeningatl,,1591373623,,,2026-04-16,,,,,,10,📋 TIER 3 — Warm
Full Circle ATL,Atlanta,Georgia,USA,https://fullcircleatl.shop/?srsltid=AfmBOopB3sUBNjhAqwldUDhXcsd4LgUEqZw0ky0sXJgKCSDLCuxbuztn,@fullcircle.atl,,1663349557,,,2026-04-16,,,,,,-30,❄️ TIER 4 — Cold
"Hype24/7: Buy, Sell, Trade Exclusive Sneaker Shop in Atlanta ...",Atlanta,Georgia,USA,https://hype2407.com/?srsltid=AfmBOoqxYE4oV14ejjGdqvmykgEQawo5IQsfqsr_7MpPqhN7ukApp6ap,@hype2407,HYPE247_150x@2x.jpg,9029999862,,,2026-04-16,,,,,,20,⭐ TIER 2 — Strong
Atlanta,Atlanta,Georgia,USA,https://hypebeast.com/tags/atlanta,@hypebeast,screenshot-adblock-ultimate@2x.1f5b1723.png,3702846231,,,2026-04-16,,,,,,10,📋 TIER 3 — Warm
Hype 24/7,Atlanta,Georgia,USA,https://www.atlantadowntown.com/go/hype-24-7,@hype2407,,1776371306,,,2026-04-16,,,,,,10,📋 TIER 3 — Warm
HYPE 24/7 Atlanta (@hype2407),Atlanta,Georgia,USA,https://www.instagram.com/hype2407/,@hype247snvl.,,1037486289,,,2026-04-16,,,,,,10,📋 TIER 3 — Warm
VERSUS ATL,Atlanta,Georgia,USA,https://vsatl.com/,@vsatl,E8A8B739-42AA-48B7-9DAD-6AC54242D569_195x195@2x.jpg,1614309785,,,2026-04-16,,,,,,-20,❄️ TIER 4 — Cold
Luxury Box: Curated High-Fashion – Luxury Box Atl,Atlanta,Georgia,USA,https://luxuryboxatl.com/?srsltid=AfmBOoqx8R16Wv-ts-z7lLHHdDQqkpx7GXdN4foQNjPc0jMG53iXiEiQ,@luxboxatl,info@luxuryboxatl.com,1759960285,,,2026-04-16,,,,,,20,⭐ TIER 2 — Strong
Atlanta Sneakers & Clothing | Shop Walter's Clothing Online,Atlanta,Georgia,USA,https://waltersclothing.com/,@waltersclothing,walters_logo_140x@2x.png,1633541555,,,2026-04-16,,,,,,20,⭐ TIER 2 — Strong
SOLE PLAY ATL – Sole Play,Atlanta,Georgia,USA,https://www.soleplayatl.com/?srsltid=AfmBOoou-PCPQOolsJlfQG9M_SqNXP8Iau_OxNGWn1EfSggU-h04FMDU,@https,,1769452592,,,2026-04-16,,,,,,-30,❄️ TIER 4 — Cold
Shoe & Sneaker Store in Atlanta | JD Sports at Cumberland Mall,Atlanta,Georgia,USA,https://stores.jdsports.com/ga/atlanta/cumberland-mall.html,@jdsportsus,,(770) 434-0024,,,2026-04-16,,,,,,10,📋 TIER 3 — Warm
ATLANTA Shoes & Sneaker Store | 5 Points Plaza City Gear,Atlanta,Georgia,USA,https://locations.dtlr.com/ga/atlanta/5-points-plaza.html,@dtlrofficial,custserv@dtlr.com,1537521453,,,2026-04-16,,,,,,20,⭐ TIER 2 — Strong
Full Circle Atlanta (@fullcircle.atl),Atlanta,Georgia,USA,https://www.instagram.com/fullcircle.atl/?hl=en,@fullcircle.ath,,1037486289,,,2026-04-16,,,,,,-30,❄️ TIER 4 — Cold
BLK FRVR | Atlanta bred & based Streetwear,Atlanta,Georgia,USA,https://www.blkfrvr.com/?srsltid=AfmBOoqxeWdg5VqYuYj8naQd0JkLjpBsedRC43pDFil63Kt58EB99ALy,@blkfrvr,thespokenwood@gmail.com,1770172486,,,2026-04-16,,,,,,20,⭐ TIER 2 — Strong
Atlanta Streetwear Market,Atlanta,Georgia,USA,https://www.atlantastreetwearmarket.com/,@atlantastreetwearmarket,user@domain.com.,5908890519,,,2026-04-16,,,,,,20,⭐ TIER 2 — Strong
Hellstar,Chicago,Illinois,USA,https://theshop147.com/collections/hellstar?srsltid=AfmBOoq6KOzK4bot62fpXqihpY_dxb-iBucAaDtw7vJfjdxj6gExTGUU,@theshop147.com.,Info@theshop147.com,1715094626,,,2026-04-16,,,,,,45,🔥 TIER 1 — Hot
Hellstar Hoodies & Pants Available Instore,Chicago,Illinois,USA,https://www.instagram.com/p/DQu2S2agYUE/,@rsrc.php,,1037486289,,,2026-04-16,,,,,,35,⭐ TIER 2 — Strong
Contact Us | Customer Support & Store Location,Chicago,Illinois,USA,https://redhellstarhoodie.com/contact.html,@media,,323-555-0198,,,2026-04-16,,,,,,35,⭐ TIER 2 — Strong
🔥 Hellstar Fit Available -Hoodie Size XL -Jeans ...,Chicago,Illinois,USA,https://www.instagram.com/p/DEdexwMOKBY/,@endlesssupply.wickerpark,,1037486289,,,2026-04-16,,,,,,35,⭐ TIER 2 — Strong
Endless Supply,Chicago,Illinois,USA,https://endlesssupply.com/?srsltid=AfmBOoo4fl-yLGEkqD_fSPI8UD77IyDWQaK8dQSIBcd2LYhL3D_2yrSd,@endlesssupply,,1719113949,,,2026-04-16,,,,,,-30,❄️ TIER 4 — Cold
🔥 New Hellstar Collection Is Here! 🔥 Level up your street ...,Chicago,Illinois,USA,https://www.instagram.com/p/DTlIYNIEwPt/,@rsrc.php,,1037486289,,,2026-04-16,,,,,,35,⭐ TIER 2 — Strong
Hellstar SnapBack Available in-store & online! SHOP NOW ...,Chicago,Illinois,USA,https://www.instagram.com/p/C6hJXQ2O7M6/,@rsrc.php,,1037486289,,,2026-04-16,,,,,,35,⭐ TIER 2 — Strong
Supreme Chicago – Gallery,Chicago,Illinois,USA,https://supreme.com/news/905/images,,,(312) 300 0562,,,2026-04-16,,,,,,15,📋 TIER 3 — Warm
Supreme opens first Chicago store,Chicago,Illinois,USA,"https://us.fashionnetwork.com/news/Supreme-opens-first-chicago-store,1462304.html",,,,,,2026-04-16,,,,,,15,📋 TIER 3 — Warm
Take a Look Inside Supreme's New Chicago Store,Chicago,Illinois,USA,https://hypebae.com/2022/11/supreme-chicago-store-opening-images-location-info,,,,,,2026-04-16,,,,,,15,📋 TIER 3 — Warm
Stockists,Chicago,Illinois,USA,https://rh-ude.com/pages/stockists-1?srsltid=AfmBOoqws1d9LgsiCPm0iGZBTrNzWmyALnnV0x-AZ0NJHg-QgIxQHwb6,@rhude,,1613580349,,,2026-04-16,,,,,,30,⭐ TIER 2 — Strong
RHUDE stores in Chicago,Chicago,Illinois,USA,https://www.shopenauer.com/en/brand/rhude/chicago,@shopenauer_official,,5682063865,,,2026-04-16,,,,,,30,⭐ TIER 2 — Strong
Rhude Tees In Stock❗️🔥 -Size S-XL Available in-store & ...,Chicago,Illinois,USA,https://www.instagram.com/p/DEnQEMWuPBS/,@rsrc.php,,1037486289,,,2026-04-16,,,,,,30,⭐ TIER 2 — Strong
RSVP Gallery,Chicago,Illinois,USA,https://rsvpgallery.com/?srsltid=AfmBOop93EujYx8FG0-pa9RwKR0axzWEQwqMEwiqTK0TPy3WJFFkjVqz,@rsvpgallery,,1613731237,,,2026-04-16,,,,,,-30,❄️ TIER 4 — Cold
New RHUDE tees just landed for a STEAL!‍♂️ Sizes S–XL ...,Chicago,Illinois,USA,https://www.instagram.com/reel/DTTEe_ODa-J/?hl=en,@rsrc.php,,1037486289,,,2026-04-16,,,,,,30,⭐ TIER 2 — Strong
Burdeens Chicago,Chicago,Illinois,USA,https://burdeenschicago.com/?srsltid=AfmBOor2-HzESzgAxLvnRkg7cCqU7z5Wv9rOKksOaM9YvapIWKU7fbKE,@burdeenschicago,liga_mx_home_page_480x480@2x.png,1614343759,,,2026-04-16,,,,,,-20,❄️ TIER 4 — Cold
New Rhude Tee Collection ‼️ Available In-Store & Online ...,Chicago,Illinois,USA,https://www.instagram.com/p/DPKBv-Dgcd7/,@rsrc.php,,1037486289,,,2026-04-16,,,,,,30,⭐ TIER 2 — Strong
R H U D E,Chicago,Illinois,USA,https://rh-ude.com/?srsltid=AfmBOopaomjDLjs_OhvdfcrrkgpFM_0MJepCEqwdkhHHtWnAiHNE_2lx,@rhude,,1613580349,,,2026-04-16,,,,,,30,⭐ TIER 2 — Strong
Shop Rhude Online,Chicago,Illinois,USA,https://www.nordstrom.com/brands/rhude--18936?srsltid=AfmBOoq3NXhdR25AUJAJeZxehyzBQw_2DqPoSGRub28cL8aVfhL6LkKh,@4GfJ,,123456789,,,2026-04-16,,,,,,30,⭐ TIER 2 — Strong
Unique Chicago,Chicago,Illinois,USA,https://shopuniquechicago.com/,@uniquechicago,shopuniquechicago@gmail.com,1772573808,,,2026-04-16,,,,,,-20,❄️ TIER 4 — Cold
NEW Vale Shorts In Store & Online Now | 1839 S State St.,Chicago,Illinois,USA,https://www.instagram.com/p/DMlmg-UvCBD/,@rsrc.php,,1037486289,,,2026-04-16,,,,,,-30,❄️ TIER 4 — Cold
"Vale hoodies available now! New styles restocked daily, pull ...",Chicago,Illinois,USA,https://www.instagram.com/reel/DMasidqMVrc/,@rsrc.php,,1037486289,,,2026-04-16,,,,,,-30,❄️ TIER 4 — Cold
The Gallery Online: Step Up Your Style with our Extensive ...,Chicago,Illinois,USA,https://thegallery630.com/?srsltid=AfmBOorhK3NlN_bJKlIrnCQ2mEJycNYIAcT8ECirBc0R5wU7hPxQNApk,@font,xxx@xxx.xxx,1681500872,,,2026-04-16,,,,,,-20,❄️ TIER 4 — Cold
Vale Forever Chicago Store Location,Chicago,Illinois,USA,https://www.instagram.com/popular/vale-forever-chicago-store-location/,@rsrc.php,,1037486289,,,2026-04-16,,,,,,30,⭐ TIER 2 — Strong
New @valelives Pieces Featuring Our 2 Best Sellers VALE ...,Chicago,Illinois,USA,https://www.instagram.com/reel/DPbiZRfDjQi/,@valelives,,1037486289,,,2026-04-16,,,,,,-30,❄️ TIER 4 — Cold
Vale Lives Chicago Store,Chicago,Illinois,USA,https://www.instagram.com/popular/vale-lives-chicago-store/,@VALELIVES,,1037486289,,,2026-04-16,,,,,,-30,❄️ TIER 4 — Cold
New arrivals from VALE now available in store @valelives,Chicago,Illinois,USA,https://www.instagram.com/reel/DTdVv5hETQv/,@valelives,,1037486289,,,2026-04-16,,,,,,-30,❄️ TIER 4 — Cold
"""Vale hoodies available now! New styles restocked daily, pull ...",Chicago,Illinois,USA,https://www.instagram.com/diplomatic1750/reel/DMasidqMVrc/?hl=ja,@rsrc.php,,1037486289,,,2026-04-16,,,,,,-30,❄️ TIER 4 — Cold
We've got the Vale! Hoodies starting at $185! Sizes Small ...,Chicago,Illinois,USA,https://www.instagram.com/reel/DVjPKisDd4s/,@rsrc.php,,1037486289,,,2026-04-16,,,,,,-30,❄️ TIER 4 — Cold
Vale just DOESN'T MISS!! #theshop147 #fashion #chicago ...,Chicago,Illinois,USA,https://www.instagram.com/p/DPXOvZekTsh/,@culturedowntown,,1037486289,,,2026-04-16,,,,,,10,📋 TIER 3 — Warm
Vale's Chicago Store Location,Chicago,Illinois,USA,https://www.instagram.com/popular/Vale's-Chicago-Store-Location/,@rsrc.php,,1037486289,,,2026-04-16,,,,,,-30,❄️ TIER 4 — Cold
Vale tees available now! ☀️ Perfect for the summer heat. ...,Chicago,Illinois,USA,https://www.instagram.com/p/DL71TGPs4jw/,@rsrc.php,,1037486289,,,2026-04-16,,,,,,-30,❄️ TIER 4 — Cold
Full Vale restock is officially HERE! All sizes available ...,Chicago,Illinois,USA,https://www.instagram.com/reel/DVCnJ_HETSO/,@rsrc.php,,1037486289,,,2026-04-16,,,,,,-30,❄️ TIER 4 — Cold
Valee shirts available at #BpcLockerRoom DM for sizes ...,Chicago,Illinois,USA,https://www.instagram.com/reel/DUyjGDykWcD/,@moniebagsz.,,1037486289,,,2026-04-16,,,,,,-30,❄️ TIER 4 — Cold
Vale Hoodies Always In Stock DM Us To Purchase Prices ...,Chicago,Illinois,USA,https://www.instagram.com/reel/DVHToUEDn1m/,@rsrc.php,,1037486289,,,2026-04-16,,,,,,-30,❄️ TIER 4 — Cold
Showroom Locator,Chicago,Illinois,USA,https://thevalelondon.co.uk/pages/showroom-locator?srsltid=AfmBOoqW0kX5MpDxLjqSSqNIq8ZwdSEe1QcTrtrM-WCthKFyUwNtnOI3,@thevalelondon,marketing@thevalelondon.co.uk,1742328323,,,2026-04-16,,,,,,-20,❄️ TIER 4 — Cold
Jugrnaut Clothing - Jugrnaut,Chicago,Illinois,USA,https://store.jugrnaut.com/,@jugrnaut,jugrnautchicago@gmail.com,2504202501,,,2026-04-16,,,,,,20,⭐ TIER 2 — Strong
Notre Shop,Chicago,Illinois,USA,https://www.notre-shop.com/?srsltid=AfmBOooxbV6lbvZdfh8IXr-3-eRA1SZ2y0eIusHF6ZcQQM_t6ckui-2j,@notre_shop,,(312)-600-9757,,,2026-04-16,,,,,,-30,❄️ TIER 4 — Cold
Exploring Chicago's Best Streetwear Brands and Stores,Chicago,Illinois,USA,https://theghettoflower.com/blog-lifestyle/exploring-chicagos-best-streetwear-brands-and-stores,@theghettoflower,user@domain.com.,1742432760,,,2026-04-16,,,,,,20,⭐ TIER 2 — Strong
The Shop 147 | # 1 Streetwear Clothing Store In America,Chicago,Illinois,USA,https://theshop147.com/?srsltid=AfmBOoq-hH3grqfHeqPlCzXlf14CQGoxVpz6RxXbMjJ0c2U5gDoqd3Co,@theshop_147,Info@theshop147.com,1715094626,,,2026-04-16,,,,,,20,⭐ TIER 2 — Strong
The best streetwear and vintage stores in Chicago,Chicago,Illinois,USA,https://www.timeout.com/chicago/shopping/the-best-streetwear-and-vintage-stores-in-chicago,@timeoutchicago,,1105237622,,,2026-04-16,,,,,,10,📋 TIER 3 — Warm
Urban Style Clothing Online Store - Iridium Clothing Company,Chicago,Illinois,USA,https://iridiumclothingco.com/?srsltid=AfmBOop4gtFx5FBO-ECxcbgtkNn02-zYkSo8y3QR5P-DT7Tk94kWycoh,@iridiumclothingco,,1741614952,,,2026-04-16,,,,,,10,📋 TIER 3 — Warm
"Boneyard Chicago | Sneakers, Streetwear & Vintage ...",Chicago,Illinois,USA,https://boneyardchicago.com/?srsltid=AfmBOooN-Om1_pSbFgEkgZa7CsPMaV2_QLmC2Xoj5GaRwZ3KswD7DS_Z,@boneyard_chicago,,1759155885,,,2026-04-16,,,,,,10,📋 TIER 3 — Warm
Eugene Chicago,Chicago,Illinois,USA,https://www.shopwatertower.com/store/eugene-chicago,@eugene.chicago,info@shopwatertower.com,1872329794,,,2026-04-16,,,,,,-20,❄️ TIER 4 — Cold
Eugene.Chicago,Chicago,Illinois,USA,https://www.instagram.com/eugene.chicago/,@eugenechicago.hipmall.,,1037486289,,,2026-04-16,,,,,,-30,❄️ TIER 4 — Cold
Hell Star Tee,Las Vegas,Nevada,USA,https://www.nobleoaksapparel.com/products/hell-star-tee?srsltid=AfmBOoqOIRw5c-M_BVwTlkmB7mpbepwA0EM7pdDrWcWIBYaXfBC0s30t,@nobleoaksapparel,,1727744244,,,2026-04-16,,,,,,10,📋 TIER 3 — Warm
Hellstar Black Las Vegas Long Sleeve ComplexCon ...,Las Vegas,Nevada,USA,https://solesdistrict.com/products/hellstar-black-las-vegas-long-sleeve-complexcon-exclusive?srsltid=AfmBOoroXxef5mdSSLmTOLliwsuj0dRvU80BIKQTRS0dtZksQWVxEf61,@soles.district,info@solesdistrict.com,1691506684,,,2026-04-16,,,,,,45,🔥 TIER 1 — Hot
HELLSTAR Powered By The Star Tee - Black Cotton Shirt,Las Vegas,Nevada,USA,https://freshsociety.co/products/hellstar-star-tee-black,@freshsocietyco,,7609886146,,,2026-04-16,,,,,,35,⭐ TIER 2 — Strong
Hellstar Las Vegas 2025 convention tee,Las Vegas,Nevada,USA,https://www.instagram.com/p/DWrDOZxjSlu/,@rsrc.php,,1037486289,,,2026-04-16,,,,,,35,⭐ TIER 2 — Strong
"Shop Authentic Hellstar Clothing - Hoodies, Shirts & More",Las Vegas,Nevada,USA,https://restockar.com/collections/hellstar?srsltid=AfmBOorhO1GLNR98laooR7ZnqPcxLgFlmj52MrW9mVLqifEzB7VKtoYG,@restock,splide-extension-auto-scroll@0.5.3,1694813899,,,2026-04-16,,,,,,35,⭐ TIER 2 — Strong
$100 Gallery ATK Night Tee size Large,Las Vegas,Nevada,USA,https://www.instagram.com/p/DOhGydOEiM0/,@rsrc.php,,1037486289,,,2026-04-16,,,,,,-30,❄️ TIER 4 — Cold
SUPREME stores in Las Vegas,Las Vegas,Nevada,USA,https://www.shopenauer.com/en/brand/supreme/las-vegas,@supremenewyork,,5682063865,,,2026-04-16,,,,,,25,⭐ TIER 2 — Strong
7pm Store Hours Las Vegas Everyday 10am - 8pm #rhude ...,Las Vegas,Nevada,USA,https://www.instagram.com/p/DNBZT42ps4n/,@rsrc.php,,1037486289,,,2026-04-16,,,,,,30,⭐ TIER 2 — Strong
RHUDE stores in Las Vegas,Las Vegas,Nevada,USA,https://www.shopenauer.com/en/brand/rhude/las-vegas,@shopenauer_official,,5682063865,,,2026-04-16,,,,,,30,⭐ TIER 2 — Strong
The Webster in Las Vegas,Las Vegas,Nevada,USA,https://thewebster.com/shop/las-vegas?srsltid=AfmBOopPxo3Ud0P2_7vOmXQRP181i1fMIZ8lKg21WVAZasckAQvt_gJ9,@thewebster,,1771410634,,,2026-04-16,,,,,,-30,❄️ TIER 4 — Cold
Store Locations - Wynn,Las Vegas,Nevada,USA,https://feature.com/pages/store-locations-wynn?srsltid=AfmBOor0rlL_iasRqTYponjY-gcXO0mQ_CH-UcEbty9BdsB9yhS2npvG,@feature,icon-paypal@2x.static.png,1554395407,,,2026-04-16,,,,,,-20,❄️ TIER 4 — Cold
@loudeezi9 pulled up to our Las Vegas location & cashed out ...,Las Vegas,Nevada,USA,https://www.instagram.com/centralkicksca/reel/DK4_xEiv-28/,@centralkicksvegassouth,,1037486289,,,2026-04-16,,,,,,10,📋 TIER 3 — Warm
Rhude,Las Vegas,Nevada,USA,https://www.exclusivefashion.vip/product-page/rhude,@exclusive_fashion_boutique__,focus-within-polyfill@5.0.9,2545352419,,,2026-04-16,,,,,,30,⭐ TIER 2 — Strong
New arrivals from @rhude are available now at our Wynn ...,Las Vegas,Nevada,USA,https://www.instagram.com/p/CMi8AUtlkhD/,@rhude,,1037486289,,,2026-04-16,,,,,,30,⭐ TIER 2 — Strong
R H U D E,Las Vegas,Nevada,USA,https://rh-ude.com/?srsltid=AfmBOoqqH4RKqE0FLltSiVqlC5QRGF11zSbJpKNlp7wA6zIj6_0fw0RM,@rhude,,1613580349,,,2026-04-16,,,,,,30,⭐ TIER 2 — Strong
One of the hottest brands out right now — VALE is officially in ...,Las Vegas,Nevada,USA,https://www.instagram.com/reel/DQfPTZ0EeS3/,@rsrc.php,,1037486289,,,2026-04-16,,,,,,-30,❄️ TIER 4 — Cold
Valley Forever Store Locations,Las Vegas,Nevada,USA,https://www.instagram.com/popular/valley-forever-store-locations/,@sun_kenm,,1037486289,,,2026-04-16,,,,,,-30,❄️ TIER 4 — Cold
L & XL $285 each Vale Forever Pluto Custered Zip Up 'Black',Las Vegas,Nevada,USA,https://www.instagram.com/reel/DSGOLO8k6fX/,@rsrc.php,,1037486289,,,2026-04-16,,,,,,30,⭐ TIER 2 — Strong
New Vale Hoodies Now Available!,Las Vegas,Nevada,USA,https://www.instagram.com/p/DUomriiEroa/,@rsrc.php,,1037486289,,,2026-04-16,,,,,,-30,❄️ TIER 4 — Cold
🔥🚨New Vale Hoodies Now Available🚨🔥 Vale Forever ...,Las Vegas,Nevada,USA,https://www.instagram.com/p/DUwa4eTEtM4/,@rsrc.php,,1037486289,,,2026-04-16,,,,,,30,⭐ TIER 2 — Strong
"New Vale Forever, Bravest Studios & HMDD now in stock ...",Las Vegas,Nevada,USA,https://www.instagram.com/reel/DTfyk6KkU8c/,@rsrc.php,,1037486289,,,2026-04-16,,,,,,30,⭐ TIER 2 — Strong
$150 each Vale Forever Chopper Tee size Small-XL,Las Vegas,Nevada,USA,https://www.instagram.com/p/DW4ZbP5D5Tg/,@rsrc.php,,1037486289,,,2026-04-16,,,,,,30,⭐ TIER 2 — Strong
Brand New Vale Now Available ! Vale Forever Candy Jorts ...,Las Vegas,Nevada,USA,https://www.instagram.com/reel/DW2Oc-5klst/,@rsrc.php,,1037486289,,,2026-04-16,,,,,,30,⭐ TIER 2 — Strong
Verified | New Selection Of Vale Forever Just Touched Down ...,Las Vegas,Nevada,USA,https://www.instagram.com/reel/DNLpCpVuT4y/,@rsrc.php,,1037486289,,,2026-04-16,,,,,,30,⭐ TIER 2 — Strong
Vale Forever Forest Sun Denim Jacket size XL,Las Vegas,Nevada,USA,https://www.instagram.com/p/DWcqQ0bD7JO/,@rsrc.php,,1037486289,,,2026-04-16,,,,,,30,⭐ TIER 2 — Strong
On The Arm,Las Vegas,Nevada,USA,https://onthearm.lv/?srsltid=AfmBOooDRB425X6UYJ4-2Nic-u_jc_c5jaTpuJNtBLqr7y8HYghlWGmP,@onthearm.lv,,1613518489,,,2026-04-16,,,,,,-30,❄️ TIER 4 — Cold
The Hause Collective Las Vegas (@thehausecollectivelv),Las Vegas,Nevada,USA,https://www.instagram.com/thehausecollectivelv/,@thehausecollectivelv,,1037486289,,,2026-04-16,,,,,,-30,❄️ TIER 4 — Cold
Las Vegas United States | Culture Kings US,Las Vegas,Nevada,USA,https://www.culturekings.com/pages/las-vegas-united-states?srsltid=AfmBOoqFyzKbhLw-tDSElQpZDuqzv3tyq0GQyDV7JrZ_ph5aQzQcBJgB,@culturekings.usa,test@test.com,1759860680,,,2026-04-16,,,,,,-20,❄️ TIER 4 — Cold
Bring It Back LLC,Las Vegas,Nevada,USA,https://www.bringitbackworldwide.com/,@bringitbackworldwide.com.,admin@bringitbackworldwide.com,2504202501,,,2026-04-16,,,,,,-20,❄️ TIER 4 — Cold
"Las Vegas Rave Shop | Streetwear, Festival Gear & Exotic ...",Las Vegas,Nevada,USA,https://thedroplv.com/?srsltid=AfmBOopkIrXpY26mz0rkpM9rKoQIGXHJ3448JFo3ZvQHEAcJarsWv54P,,,,,,2026-04-16,,,,,,0,❄️ TIER 4 — Cold
– Urban Necessities,Las Vegas,Nevada,USA,https://urbannecessities.com/,@urban_necessities,,1661223891,,,2026-04-16,,,,,,-30,❄️ TIER 4 — Cold
"Feature: Sneaker Culture, Designer Apparel + Lifestyle",Las Vegas,Nevada,USA,https://feature.com/?srsltid=AfmBOooWqcrZcdiJZz-3iGwU36AWtwZyJDaUauL0KSvTDehyH74yQucs,@feature,icon-paypal@2x.static.png,1554395407,,,2026-04-16,,,,,,20,⭐ TIER 2 — Strong
Fresh Society Las Vegas (@freshsocietylv),Las Vegas,Nevada,USA,https://www.instagram.com/freshsocietylv/,@freshsocietyco,,1037486289,,,2026-04-16,,,,,,-30,❄️ TIER 4 — Cold
Exclusive Fashion Boutique | luxury streetwear boutique ...,Las Vegas,Nevada,USA,https://www.exclusivefashion.vip/,@exclusive_fashion_boutique__,focus-within-polyfill@5.0.9,2545352419,,,2026-04-16,,,,,,10,📋 TIER 3 — Warm
The Shops at Wynn & Encore,Las Vegas,Nevada,USA,https://www.wynnlasvegas.com/shops,@wynnlasvegas,,3718940920,,,2026-04-16,,,,,,-30,❄️ TIER 4 — Cold
Las Vegas Sneaker Stores - SneakerNews.com,Las Vegas,Nevada,USA,https://sneakernews.com/sneaker-shopping-guide/las-vegas-sneaker-stores/,,,,,,2026-04-16,,,,,,0,❄️ TIER 4 — Cold
Town Square - Las Vegas,Las Vegas,Nevada,USA,https://stores.finishline.com/nv/lasvegas/town-square.html,@finishline,,(702) 263-6023,,,2026-04-16,,,,,,-30,❄️ TIER 4 — Cold
Hellstar,Seattle,Washington,USA,https://www.soleseattle.com/brands/hellstar/,@soleseattle,,2024073017,,,2026-04-16,,,,,,35,⭐ TIER 2 — Strong
Hearth,Seattle,Washington,USA,https://www.seattlesouthside.com/directory/hearth/,@seattlesouthside,info@seattlesouthside.com,1774450725,,,2026-04-16,,,,,,-20,❄️ TIER 4 — Cold
Rush Hour – Rush Hour,Seattle,Washington,USA,https://rushhour206.com/?srsltid=AfmBOoq6pC_n-_DtuLaX3Fdb0LkmVMfIkoEF_C28X3jhvyQ2v-Q9iC0N,@rush_hour206.,,1726257724,,,2026-04-16,,,,,,-30,❄️ TIER 4 — Cold
Ablaj,Seattle,Washington,USA,https://ablaj.com/,@gmail.com.,ablajnw@gmail.com,1736312362,,,2026-04-16,,,,,,-20,❄️ TIER 4 — Cold
HELLSTAR RECORDS TEE S-XL Available now in Victory ...,Seattle,Washington,USA,https://www.instagram.com/p/Cu7AkJ8L6py/,@rsrc.php,,1037486289,,,2026-04-16,,,,,,35,⭐ TIER 2 — Strong
Hellstar Flame Purple Brown Shorts,Seattle,Washington,USA,https://modells.com/products/hellstar-flame-shorts-purple-brown?srsltid=AfmBOoogxWfbqtOC0twhKvDiqPN4vINgTblelkabJ2ZGqQ2t7YYL0ZZh,@modells,hello@modells.com,1761829112,,,2026-04-16,,,,,,45,🔥 TIER 1 — Hot
Hellstar Clothing | Tees Hoodies Long Sleeves,Seattle,Washington,USA,https://www.stadiumgoods.com/collections/hellstar?srsltid=AfmBOoq_bGVh91UBLTuQfr0E9MIehwh50Als8EJgD29aMqYcmaiQbJIs,@stadiumgoods,hello@shopmail.stadiumgoods.com,8070339516,,,2026-04-16,,,,,,45,🔥 TIER 1 — Hot
Hellstar Clothing | Hellstar Official Website | UP To 35% Off,Seattle,Washington,USA,https://hellstarstores.us/,,,,,,2026-04-16,,,,,,25,⭐ TIER 2 — Strong
"Seattle, get ready for the Hellstar Retail Drop at Sneaker ...",Seattle,Washington,USA,https://www.instagram.com/p/C3tF2eTyOZm/,@rsrc.php,,1037486289,,,2026-04-16,,,,,,35,⭐ TIER 2 — Strong
"Hellstar Classic Tee Green Size Large, DS BRAND NEW",Seattle,Washington,USA,https://www.soleseattle.com/hellstar-classic-tee-green-size-large-ds-brand-new.html,@soleseattle,,2024073017,,,2026-04-16,,,,,,35,⭐ TIER 2 — Strong
Hellstar Studios,Seattle,Washington,USA,https://bullseyesb.com/collections/hellstar?srsltid=AfmBOopwngeOpkZIHoxcnw_ttXDcKozAjfbwod0S75XcD_JjUNYiHi2y,@bullseyesb,info@stagheaddesigns.com,4204079679,,,2026-04-16,,,,,,45,🔥 TIER 1 — Hot
Shop Hellstar clothing,Seattle,Washington,USA,https://www.theatticstreetwear.com/collections/hellstar?srsltid=AfmBOopti61H_kcbsxdNtYqcs5JsyrJXEqhGyhB7jiOyaUOtnPbGPG3c,@theatticstreetwear,info@theatticstreetwear.com,4690952252,,,2026-04-16,,,,,,45,🔥 TIER 1 — Hot
ARCH RIVALS STUDIOS 🏴 (@archrivalsstudios),Seattle,Washington,USA,https://www.instagram.com/archrivalsstudios/,@archrivalsstudios,,1037486289,,,2026-04-16,,,,,,-30,❄️ TIER 4 — Cold
Supreme,Seattle,Washington,USA,https://www.soleseattle.com/brands/supreme/,@soleseattle,,2024073017,,,2026-04-16,,,,,,25,⭐ TIER 2 — Strong
SUPREME stores in Seattle,Seattle,Washington,USA,https://www.shopenauer.com/en/brand/supreme/seattle,@supremenewyork,,5682063865,,,2026-04-16,,,,,,25,⭐ TIER 2 — Strong
Stockists,Seattle,Washington,USA,https://rh-ude.com/pages/stockists-1?srsltid=AfmBOormsjj-t11QqumXGJGOksWJ1ot_HH1BGGzaZ2IKXhCdXWkpyLDi,@rhude,,1613580349,,,2026-04-16,,,,,,30,⭐ TIER 2 — Strong
"Toure Apparel 9000 B Rainier Ave south seattle,wa 98118 ...",Seattle,Washington,USA,https://toureapparel.square.site/,@media,toureapparel@yahoo.com,9829539066,,,2026-04-16,,,,,,20,⭐ TIER 2 — Strong
Shop Rhude Online,Seattle,Washington,USA,https://www.nordstrom.com/brands/rhude--18936?srsltid=AfmBOop_kvvvGUMBwtE468WpxZ62UXqEY9B_2h8hcco4zXZ3AzgYXjZF,@4GfJ,,123456789,,,2026-04-16,,,,,,30,⭐ TIER 2 — Strong
R H U D E,Seattle,Washington,USA,https://rh-ude.com/?srsltid=AfmBOop7FY4tlVp7Ru0i22FjhLSLhbbR6obk9zdjmkVswCmdkf11zHFc,@rhude,,1613580349,,,2026-04-16,,,,,,30,⭐ TIER 2 — Strong
Rhude for Men,Seattle,Washington,USA,https://www.mrporter.com/en-us/mens/designer/rhude,,,,,,2026-04-16,,,,,,20,⭐ TIER 2 — Strong
Hearth.SEA,Seattle,Washington,USA,https://www.instagram.com/hearth.sea/,@beastmode,,1037486289,,,2026-04-16,,,,,,-30,❄️ TIER 4 — Cold
"Seattle Premium Outlets® - A Shopping Center In Tulalip, WA",Seattle,Washington,USA,https://www.premiumoutlets.com/outlet/seattle,@seattlepo,,1766078725,,,2026-04-16,,,,,,-30,❄️ TIER 4 — Cold
Casa di LaValle: Welcome,Seattle,Washington,USA,https://casadilavalle.com/,@casadilavalle,slick-carousel@1.8.1,1774947450,,,2026-04-16,,,,,,-30,❄️ TIER 4 — Cold
Suunto Service Centers & Authorized Battery Change Points,Seattle,Washington,USA,https://www.suunto.com/Support/Service-Centers/suunto-service-centers/,@tiendatiburonlibre,info@gergert.kg,855 258 0900,,,2026-04-16,,,,,,-20,❄️ TIER 4 — Cold
"Light Friday Pack, All Dropping Tomorrow In-Stores",Seattle,Washington,USA,https://www.instagram.com/p/DXM5AFUjirm/,@rsrc.php,,1037486289,,,2026-04-16,,,,,,-30,❄️ TIER 4 — Cold
🛍️SEATTLE CLOSET SALE POP-UP @valematcha this ...,Seattle,Washington,USA,https://www.instagram.com/reel/DWp_HFBkhj4/,@valematcha,,1037486289,,,2026-04-16,,,,,,-30,❄️ TIER 4 — Cold
Local schools honored as Washington Distinguished Schools,Seattle,Washington,USA,https://www.kxly.com/news/local-schools-honored-as-washington-distinguished-schools/article_0c683966-4b21-407f-bf42-1c8d757e8445.html,@4newsnow,News4@kxly.com,1748374882,,,2026-04-16,,,,,,-20,❄️ TIER 4 — Cold
Independent bookstores are key to Seattle's literary scene,Seattle,Washington,USA,https://www.greaterseattleonthecheap.com/independent-bookstores/,@SeattleOTC,info@greaterseattleonthecheap.com,1512020740,,,2026-04-16,,,,,,-20,❄️ TIER 4 — Cold
Vale Forever Restock ‼️#cityswagfashionboutique ...,Seattle,Washington,USA,https://www.instagram.com/reel/DU6EWtjEVMo/,@rsrc.php,,1037486289,,,2026-04-16,,,,,,30,⭐ TIER 2 — Strong
Stüssy,Seattle,Washington,USA,https://www.stussy.com/,@stussy,support@stussy.com,8761933920,,,2026-04-16,,,,,,20,⭐ TIER 2 — Strong
Vale Forever,Seattle,Washington,USA,https://www.sneakertownmia.com/collections/vale-forever?srsltid=AfmBOorbI9Hm0hjzgYfLlpTnNACDYp301SVcLiJBVRxqAxJGuU9JWX3m,@sneakertown,help@sneakertown.com,1613663062,,,2026-04-16,,,,,,40,🔥 TIER 1 — Hot
FAQ,Seattle,Washington,USA,https://www.valeforever.com/pages/faq?srsltid=AfmBOorhsYfLGdGMLDV5YZdnI6uPTyOAm68MJSMJ3buCsk69viCKK-bc,@valeforever.com,connect@valeforever.com,1774299210,,,2026-04-16,,,,,,-20,❄️ TIER 4 — Cold
Vale Matcha & Coffee | Ceremonial-Grade Matcha in Seattle,Seattle,Washington,USA,https://www.valematcha.com/,@vale_now,,1221643346,,,2026-04-16,,,,,,-30,❄️ TIER 4 — Cold
Vale Concepts,Seattle,Washington,USA,https://www.linkedin.com/company/vale-concepts,@linkedin,,1754748884,,,2026-04-16,,,,,,-30,❄️ TIER 4 — Cold
retail vale (@retailvaleshop),Seattle,Washington,USA,https://www.instagram.com/retailvaleshop/,@retailvaleshop,,1037486289,,,2026-04-16,,,,,,-30,❄️ TIER 4 — Cold
Showroom Locator,Seattle,Washington,USA,https://thevalelondon.co.uk/pages/showroom-locator?srsltid=AfmBOopEGyDTdNnxQBgRAO0cZW_xGyxx866VcWM8SD0bbqwyY4cH1pPP,@thevalelondon,marketing@thevalelondon.co.uk,1742328323,,,2026-04-16,,,,,,-20,❄️ TIER 4 — Cold
Vale Group LLC | Office of the Insurance Commissioner,Seattle,Washington,USA,https://www.insurance.wa.gov/vale-group-llc,@regence.com,bootstrap@5.2.0,206-332-6077,,,2026-04-16,,,,,,-30,❄️ TIER 4 — Cold
Fantagraphics Bookstore & Gallery,Seattle,Washington,USA,https://www.fantagraphics.com/pages/fantagraphics-bookstore-gallery?srsltid=AfmBOoptQKoSCDk-qubWVs2hL9j5oLhdiVz6yTwKL5Fvphf_qkyqtAOz,@fantagraphics,cohen@fantagraphics.com,1614348809,,,2026-04-16,,,,,,-20,❄️ TIER 4 — Cold
A Seattle Shop – Glasswing,Seattle,Washington,USA,https://glasswingshop.com/?srsltid=AfmBOop08DYiT8PUusxNYCFEcNM3tQ3ZJxBGW_6Zg2IpR1BNkkVMnmx7,@glasswingshop,u003ehello@glasswingshop.com,1701725157,,,2026-04-16,,,,,,-20,❄️ TIER 4 — Cold
"SoleSeattle | Lynnwood, WA | Shop Sneakers & Streetwear ...",Seattle,Washington,USA,https://www.soleseattle.com/,@soleseattle,,2024073017,,,2026-04-16,,,,,,10,📋 TIER 3 — Warm
LIKELIHOOD. Hello Gorgeous is the standard. Sneakers are ...,Seattle,Washington,USA,https://likelihood.us/?srsltid=AfmBOoob7jUCIun05R8IY6A0p6nDCG1Qyq7mArO4HKU2ysC41amoEsow,@lklihood,Daniel@likelihood.us,1771529931,,,2026-04-16,,,,,,20,⭐ TIER 2 — Strong
Maestro Athletics - Seattle inspired Streetwear Clothing ...,Seattle,Washington,USA,https://www.instagram.com/maestroathletics/,@rsrc.php,,1037486289,,,2026-04-16,,,,,,10,📋 TIER 3 — Warm
Get the LA Streetwear Look at These 6 Seattle Stores,Seattle,Washington,USA,https://www.seattlemet.com/style-and-shopping/2017/05/get-the-la-streetwear-look-at-these-6-seattle-stores,@seattlemet,,9184417761,,,2026-04-16,,,,,,10,📋 TIER 3 — Warm
Sadō Room,Seattle,Washington,USA,https://sadoroom.com/,@media,,1441184376,,,2026-04-16,,,,,,-30,❄️ TIER 4 — Cold
Seattle,Seattle,Washington,USA,https://hypebeast.com/tags/seattle,@hypebeast,screenshot-adblock-ultimate@2x.1f5b1723.png,3702846231,,,2026-04-16,,,,,,10,📋 TIER 3 — Warm
Zebraclub – ZEBRACLUB,Seattle,Washington,USA,https://zebraclub.com/?srsltid=AfmBOorb5Zv-DtDI41lqsQt5kogfQHHQWySJzzddxrDc3VKv9X-Itf6k,@zebraclub.com.,customer.service@zebraclub.com,5825154475,,,2026-04-16,,,,,,-20,❄️ TIER 4 — Cold
Sneak City,Seattle,Washington,USA,https://thesneakcity.com/,@context,,1649801541,,,2026-04-16,,,,,,-30,❄️ TIER 4 — Cold
Mediums Collective | 705 E Pike St – M E D I U M S,Seattle,Washington,USA,https://mediumscollective.com/?srsltid=AfmBOooHPVl9Ri40KpXH2dlmucT_f2kIae09oukEurqQ4bKJoMbAcvmF,@mediumscollective,Connect@Mediumscollective.com,1613673254,,,2026-04-16,,,,,,-20,❄️ TIER 4 — Cold
Lucky Dog Clothing - Premium Thrift Shop - Seattle WA ...,Seattle,Washington,USA,https://luckydog.clothing/,@luckydogontheave,Screenshot_2024-07-21_at_1.34.03_PM_x60@2x.png,1613791487,,,2026-04-16,,,,,,20,⭐ TIER 2 — Strong
Urbanity Shop: Urbanity Streetwear,Seattle,Washington,USA,https://urbanityshop.com/?srsltid=AfmBOop_tI-0na7iMRt-xJSSkWz0dV2UWuZr-taJoKzL6eSC9FEzloZn,@font,info@urbanityshop.com,1739904111,,,2026-04-16,,,,,,20,⭐ TIER 2 — Strong
HOMETEAM SEATTLE | Seattle's Premier Sneaker Shop,Seattle,Washington,USA,https://www.hometeamsea.com/,@h.o.m.e.t.e.a.m,,1311395097,,,2026-04-16,,,,,,10,📋 TIER 3 — Warm
Seattle Sneaker Stores - SneakerNews.com,Seattle,Washington,USA,https://sneakernews.com/sneaker-shopping-guide/seattle-sneaker-stores/,,,,,,2026-04-16,,,,,,0,❄️ TIER 4 — Cold
Shoe & Sneaker Store in Seattle | JD Sports at Southcenter Mall,Seattle,Washington,USA,https://stores.jdsports.com/wa/seattle/southcenter-mall.html,@jdsportsus,,(206) 431-5510,,,2026-04-16,,,,,,10,📋 TIER 3 — Warm
Seattle Sneaker City (@seattlesneakercity),Seattle,Washington,USA,https://www.instagram.com/seattlesneakercity/,@seattlesneakercity,,1037486289,,,2026-04-16,,,,,,10,📋 TIER 3 — Warm
Maestro Athletics - Seattle inspired Streetwear ... - Instagram,Seattle,Washington,USA,https://www.instagram.com/maestroathletics/,@rsrc.php,,1037486289,,,2026-04-16,,,,,,10,📋 TIER 3 — Warm
"SoleSeattle | Lynnwood, WA | Shop Sneakers & Streetwear",Seattle,Washington,USA,https://www.soleseattle.com/,@soleseattle,,2024073017,,,2026-04-16,,,,,,10,📋 TIER 3 — Warm
Hellstar,Oklahoma City,Oklahoma,USA,https://legalastore.com/collections/hellstar?srsltid=AfmBOop9rhQm7ll2nDowDiXr_e7HaB55swHVY9x-fV2QWuJO8fKYh-E-,@legalastoreokc,,1699931254,,,2026-04-16,,,,,,35,⭐ TIER 2 — Strong
Hellstar Clothing,Oklahoma City,Oklahoma,USA,https://www.walmart.com/c/kp/hellstar-clothing,@context,,1052230495,,,2026-04-16,,,,,,35,⭐ TIER 2 — Strong
Hellstar Clothing | Tees Hoodies Long Sleeves,Oklahoma City,Oklahoma,USA,https://www.stadiumgoods.com/collections/hellstar?srsltid=AfmBOopOBGYx7byHSNY88W93wuArs5BqXfdt2ONQtJouyPQRIbcXdooX,@stadiumgoods,hello@shopmail.stadiumgoods.com,8070339516,,,2026-04-16,,,,,,45,🔥 TIER 1 — Hot
Not everyone in Oklahoma City knows about this closet 👀🔌 ...,Oklahoma City,Oklahoma,USA,https://www.instagram.com/p/DO-aIggjp-h/,@rsrc.php,,1037486289,,,2026-04-16,,,,,,-30,❄️ TIER 4 — Cold
Exclusive Sneakers & Streetwear at Le Gala – Le Gala,Oklahoma City,Oklahoma,USA,https://legalastore.com/?srsltid=AfmBOorvybf_6FY2EX8XdtL1XNySD4pGoF2orQMENGP26YW8-2xjx-X7,@legalastoreokc,,1773953626,,,2026-04-16,,,,,,10,📋 TIER 3 — Warm
Social Status | Contemporary Menswear & Footwear,Oklahoma City,Oklahoma,USA,https://www.socialstatuspgh.com/?srsltid=AfmBOoq91YS2druTCiul-OySYklUwqVnJs_3Fruy1TgxhVGS8aa-Eq6j,@thesocialstatus,fancybox@3.5.7,1750102237,,,2026-04-16,,,,,,-30,❄️ TIER 4 — Cold
Fresh New Arrivals In Store & Online Now! [Swipe Left] 📍 ...,Oklahoma City,Oklahoma,USA,https://www.instagram.com/p/DQ7HIYMkZvb/,@rsrc.php,,1037486289,,,2026-04-16,,,,,,-30,❄️ TIER 4 — Cold
Gallery Dept. Official Site | Disruptive Art & Classic ...,Oklahoma City,Oklahoma,USA,https://gallerydept.com/,@font,info@stagheaddesigns.com,1158951114,,,2026-04-16,,,,,,35,⭐ TIER 2 — Strong
"Clothing Stores in Oklahoma City, OK",Oklahoma City,Oklahoma,USA,https://local.yahoo.com/retail-shopping/clothing-stores/ok/oklahoma-city/93/,@yahoo,pam@goldstarok.com,155-9803257,,,2026-04-16,,,,,,20,⭐ TIER 2 — Strong
Supreme Trailer Sales | Trailer Sales near Oklahoma City,Oklahoma City,Oklahoma,USA,https://www.supremetrailersales.com/,@supremetrailersales_,mcclainadam@hotmail.com,866.259.0026,,,2026-04-16,,,,,,35,⭐ TIER 2 — Strong
Supreme,Oklahoma City,Oklahoma,USA,https://legalastore.com/collections/supreme?srsltid=AfmBOooJMVf53w1TnyK5_dyYQ3fnyDKrQ0A3aooWamLiNwl-rfqRopQ4,@legalastoreokc,,1681774333,,,2026-04-16,,,,,,25,⭐ TIER 2 — Strong
Oklahoma City,Oklahoma City,Oklahoma,USA,https://www.supremeroofing.com/locations/oklahoma/,@supremeroofingdoneright,,1776366839,,,2026-04-16,,,,,,25,⭐ TIER 2 — Strong
Supreme is an American clothing brand established ...,Oklahoma City,Oklahoma,USA,https://www.instagram.com/p/DEh_A6BxxDN/,@rsrc.php,,1037486289,,,2026-04-16,,,,,,25,⭐ TIER 2 — Strong
"SUPREME AUTO BODY SHOP, OKLAHOMA CITY, OK",Oklahoma City,Oklahoma,USA,https://sportsbarfinder.com/details/supreme-auto-body-shop-oklahoma-city-ok,@media,Group712@2x.png,1726725798,,,2026-04-16,,,,,,35,⭐ TIER 2 — Strong
"Streetwear in OKC | Top Fashion Brands, Shops, and Outfits",Oklahoma City,Oklahoma,USA,https://www.visitokc.com/blog/all-posts/post/streetwear-in-okc/,@visitokc,contact@visitokc.com,9999999999,,,2026-04-16,,,,,,20,⭐ TIER 2 — Strong
Stockists,Oklahoma City,Oklahoma,USA,https://rh-ude.com/pages/stockists-1?srsltid=AfmBOoozS5IEVRJpAr2dx7YQo1kY797P27CPiRb4p2ehAjHUsQnZrUd2,@rhude,,1613580349,,,2026-04-16,,,,,,30,⭐ TIER 2 — Strong
R H U D E,Oklahoma City,Oklahoma,USA,https://rh-ude.com/?srsltid=AfmBOoqa1nha1vmzXC5iMIyjCHyqLhA5REzJms2PudWqJMtrA2bMSymy,@rhude,,1613580349,,,2026-04-16,,,,,,30,⭐ TIER 2 — Strong
Rhude Apparel | Exclusive Styles That Elevate,Oklahoma City,Oklahoma,USA,https://www.socialstatuspgh.com/collections/rhude-1?srsltid=AfmBOooDqzTNq7r6UZXrGrZTDg3E44JMWpsffx5DFLz2YwGR2u2DQnQG,@thesocialstatus,fancybox@3.5.7,1750102237,,,2026-04-16,,,,,,30,⭐ TIER 2 — Strong
Rhude - Monnier Paris,Oklahoma City,Oklahoma,USA,https://www.monnierparis.com/collections/rhude,@monnier.paris,cookieconsent@v2.9.2,917-722-6038,,,2026-04-16,,,,,,30,⭐ TIER 2 — Strong
Rhude Oklahoma Hoodie - Black,Oklahoma City,Oklahoma,USA,https://kith.com/products/rhu07ms20041-blk?srsltid=AfmBOopunhysQuqM6boAYTibccNr5WdAO2AtUmu8htkhxdZ08rIebhw8,@kith,,200.0310135,,,2026-04-16,,,,,,30,⭐ TIER 2 — Strong
"Luxury Men's Apparel, Footwear & Accessories",Oklahoma City,Oklahoma,USA,https://www.a-ma-maniere.com/?srsltid=AfmBOoohMylM5ggbedIU14IgdXt3n5tiO1BzwZhVt9ENdowyzGvd0efx,@maniere_usa,,1422991689,,,2026-04-16,,,,,,10,📋 TIER 3 — Warm
In-store and always online #1032space,Oklahoma City,Oklahoma,USA,https://www.instagram.com/p/CNavGFDhOCH/,@shoeslavender.,,1037486289,,,2026-04-16,,,,,,-30,❄️ TIER 4 — Cold
Shop Rhude Online,Oklahoma City,Oklahoma,USA,https://www.nordstrom.com/brands/rhude--18936?srsltid=AfmBOoq8Py_FROsDNp50j620jiUsdnHnW5F4k5A7W2aUkeGfTxHFrftE,@4GfJ,,123456789,,,2026-04-16,,,,,,30,⭐ TIER 2 — Strong
new Vale Forever pack just landed in store & online ✅🌐 We ...,Oklahoma City,Oklahoma,USA,https://www.instagram.com/p/DLxoyDwxuNE/,@midtownokc,,1037486289,,,2026-04-16,,,,,,30,⭐ TIER 2 — Strong
STORES,Oklahoma City,Oklahoma,USA,https://www.valeforever.com/pages/stores?srsltid=AfmBOop1MpGqmh8QErCLLhCZ46RERwAvV2LMejWzQRjr2EM9wpLBUQ8_,@valelivesnyc,,1774299210,,,2026-04-16,,,,,,-30,❄️ TIER 4 — Cold
Uniting to Save and Sustain Lives | Baxter,Oklahoma City,Oklahoma,USA,https://www.baxterhealthcare.com.au/,,,6285848631,,,2026-04-16,,,,,,-40,❄️ TIER 4 — Cold
SHIMANO BIKE HOME,Oklahoma City,Oklahoma,USA,https://bike.shimano.com/home.html,,,,,,2026-04-16,,,,,,-40,❄️ TIER 4 — Cold
Thales Group: Building a future,Oklahoma City,Oklahoma,USA,https://www.thalesgroup.com/en,,,,,,2026-04-16,,,,,,-40,❄️ TIER 4 — Cold
Read Customer Service Reviews of valeforever.com,Oklahoma City,Oklahoma,USA,https://www.trustpilot.com/review/valeforever.com,@trustpilot,businessunitprofile-consumersite@2.6570.0,1608392803,,,2026-04-16,,,,,,-30,❄️ TIER 4 — Cold
Garmin Official Site,Oklahoma City,Oklahoma,USA,https://www.garmin.com/en-US/,@garmin,,136 352.1428,,,2026-04-16,,,,,,-30,❄️ TIER 4 — Cold
Masonite Residential | Interior & Exterior Doors,Oklahoma City,Oklahoma,USA,https://www.masonite.com/,@masonitedoors,wght@200..700,2263364138,,,2026-04-16,,,,,,-30,❄️ TIER 4 — Cold
Starbucks® Rewards account,Oklahoma City,Oklahoma,USA,https://www.starbucks.com/rewards,@starbucks,,176448998,,,2026-04-16,,,,,,-30,❄️ TIER 4 — Cold
"Target Optical: Contact Lenses, Prescription Glasses ...",Oklahoma City,Oklahoma,USA,https://www.targetoptical.com/,@1.8.1,slick-carousel@1.8.1,2026040907,,,2026-04-16,,,,,,-30,❄️ TIER 4 — Cold
VALE FOREVER – Vale Forever,Oklahoma City,Oklahoma,USA,https://www.valeforever.com/?srsltid=AfmBOooWVKvXZXA6ZcH2SMuY5Ha8s5Vs3WjtKvbhaCw_eOvKZS-OZSqw,@media,,1774299210,,,2026-04-16,,,,,,30,⭐ TIER 2 — Strong
Getting ready for NBA YoungBoy in OKC? Pull up fresh ...,Oklahoma City,Oklahoma,USA,https://www.instagram.com/reel/DQXvS6BEYgp/,@legalastoreokc,,1037486289,,,2026-04-16,,,,,,-30,❄️ TIER 4 — Cold
"Vale Clothing Official | Streetwear Hoodies, T-Shirts & Essentials",Oklahoma City,Oklahoma,USA,https://www.valewears.com/,@supports,997ed588b4b24ed4b821c4194a72cce2@sentry.shoplazza.com,1638950411,,,2026-04-16,,,,,,20,⭐ TIER 2 — Strong
"Vale Cannabis Co. | Dispensary Menu, Reviews & Photos",Oklahoma City,Oklahoma,USA,https://www.leafly.com/dispensary-info/vale-cannabis-co,@leafly,,3234670467,,,2026-04-16,,,,,,-30,❄️ TIER 4 — Cold
"Val's Distributing Company - Oklahoma City, OK",Oklahoma City,Oklahoma,USA,https://nextdoor.com/pages/vals-distributing-company-oklahoma-city-ok/,@supports,mood-like-off_16@3x-1298283633a0f2ffc7d073c5c4b14338.png,1146116819,,,2026-04-16,,,,,,-20,❄️ TIER 4 — Cold
Suppliers,Oklahoma City,Oklahoma,USA,https://www.vale.com/suppliers,@valenobrasil,frontend-js-react-web@5.0.54,1776350708,,,2026-04-16,,,,,,-30,❄️ TIER 4 — Cold
Varley's Auto & Performance 3114 N Western Ave ...,Oklahoma City,Oklahoma,USA,https://simpletire.com/tire-shops/shop/varley's-auto-%26-performance/85319?srsltid=AfmBOorW_GtJBSXraun4D5GvnBuxA3scAiZIvmvnWGbtQ65SNaZC1GyH,@simple_tire,,1672839114,,,2026-04-16,,,,,,-30,❄️ TIER 4 — Cold
GRINMORE – Fashion Apparel & Streetwear Style Boutique,Oklahoma City,Oklahoma,USA,https://www.grinmorestore.com/,@grinmorestore,xxx@xxx.xxx,1395917692,,,2026-04-16,,,,,,20,⭐ TIER 2 — Strong
Berks vintage & streetwear OKC ( ...,Oklahoma City,Oklahoma,USA,https://www.instagram.com/berks.vintage/,@rsrc.php,,1037486289,,,2026-04-16,,,,,,10,📋 TIER 3 — Warm
Berks Vintage & Streetwear - Oklahoma City,Oklahoma City,Oklahoma,USA,https://downtownokc.com/directory/berks-vintage-streetwear/,@berks.vintage,info@downtownokc.com,2739178840,,,2026-04-16,,,,,,20,⭐ TIER 2 — Strong
10th St Sneaks,Oklahoma City,Oklahoma,USA,https://10thstsneaks.biz/,,,,,,2026-04-16,,,,,,-40,❄️ TIER 4 — Cold
Embassykicks – EmbassyKicks,Oklahoma City,Oklahoma,USA,https://embassykicks.com/,@font,,1660794627,,,2026-04-16,,,,,,10,📋 TIER 3 — Warm
OKC Things To Do 📍 | If you're looking for a sneaker store ...,Oklahoma City,Oklahoma,USA,https://www.instagram.com/reel/DHLzYeLOeFC/,@rsrc.php,,1037486289,,,2026-04-16,,,,,,10,📋 TIER 3 — Warm
Shoe & Sneaker Store in Oklahoma City | JD Sports at Penn ...,Oklahoma City,Oklahoma,USA,https://stores.jdsports.com/ok/oklahomacity/penn-square.html,@jdsportsus,,(405) 879-2331,,,2026-04-16,,,,,,10,📋 TIER 3 — Warm
Stop by @legalastoreokc to check out their updated space ...,Oklahoma City,Oklahoma,USA,https://www.instagram.com/reel/DOAOnspjamc/,@legalastoreokc,,1037486289,,,2026-04-16,,,,,,-30,❄️ TIER 4 — Cold
FRESH at Penn Square Mall - Oklahoma City - Simon,Oklahoma City,Oklahoma,USA,https://www.simon.com/mall/penn-square-mall/stores/fresh,,,,,,2026-04-16,,,,,,-40,❄️ TIER 4 — Cold
"Le Gala | Oklahoma City, OK",Oklahoma City,Oklahoma,USA,https://www.visitokc.com/listing/le-gala/2619/,@visitokc,contact@visitokc.com,9999999999,,,2026-04-16,,,,,,-20,❄️ TIER 4 — Cold
Variant Sneakers And Apparel (@variantokc),Oklahoma City,Oklahoma,USA,https://www.instagram.com/variantokc/,@variantvault.co,,1037486289,,,2026-04-16,,,,,,10,📋 TIER 3 — Warm
Betsy King Shoes - A Shoe Boutique - Betsy King Shoes,Oklahoma City,Oklahoma,USA,https://www.betsykingshoes.com/,@betsykingshoes,,2020051417,,,2026-04-16,,,,,,10,📋 TIER 3 — Warm
"embassykicks · Oklahoma City, OK",Oklahoma City,Oklahoma,USA,https://www.instagram.com/embassykicks/,@rsrc.php,,1037486289,,,2026-04-16,,,,,,10,📋 TIER 3 — Warm
To Le Gala and Beyond! The OKC streetwear store,Oklahoma City,Oklahoma,USA,https://luxiere.co/editorials/community/le-gala-okc-streetwear,@luxieremagazine,lenis@1.0.23,,,,2026-04-16,,,,,,10,📋 TIER 3 — Warm
Opolis Clothing,Oklahoma City,Oklahoma,USA,https://opolisclothing.com/?srsltid=AfmBOooCnVDw7ZfV7dOt_XxwlZ8Ke_DBLxQxIcqSoul5fMwe_NzQyDB4,@opolisclothing,,9681747299,,,2026-04-16,,,,,,10,📋 TIER 3 — Warm
Berks vintage & streetwear OKC ( ... - Instagram,Oklahoma City,Oklahoma,USA,https://www.instagram.com/berks.vintage/,@rsrc.php,,1037486289,,,2026-04-16,,,,,,10,📋 TIER 3 — Warm
Ten Toes Tulsa at Woodland Hills Mall,Tulsa,Oklahoma,USA,https://www.simon.com/mall/woodland-hills-mall/stores/ten-toes-tulsa,,,,,,2026-04-16,,,,,,-40,❄️ TIER 4 — Cold
Rally House Tulsa Outlets | Sooners & OSU Cowboys Shop,Tulsa,Oklahoma,USA,https://www.rallyhouse.com/stores/jenks/801-east-outlet-drive?srsltid=AfmBOophBTzjMndI-ji4CgpHIRHMEYP-H59dtUCcfvVbauvv3FBUFVBR,@rally_house,rallytulsapremium@rallyhouse.com,1774452326,,,2026-04-16,,,,,,-20,❄️ TIER 4 — Cold
Hellstar Clothing,Tulsa,Oklahoma,USA,https://thewebster.com/shopv/hellstar-clothing?srsltid=AfmBOorOOL3VLkiAtoBJizTBuvFw0FEKqiLj8SHlQKVgOp1L60Tm6MLA,@thewebster,,2026030308,,,2026-04-16,,,,,,35,⭐ TIER 2 — Strong
Rally House Tulsa Hills | Oklahoma Sooners & OSU Store,Tulsa,Oklahoma,USA,https://www.rallyhouse.com/stores/tulsa/7422-s-olympia-ave?srsltid=AfmBOoomMfY99sreG83_BHRcsIIshBKfMGy7NaMA2L4mUAzl0g8_6_ay,@rally_house,TulsaHills@rallyhouse.com,1774452326,,,2026-04-16,,,,,,-20,❄️ TIER 4 — Cold
Store Directory for Woodland Hills Mall - Simon,Tulsa,Oklahoma,USA,https://www.simon.com/mall/woodland-hills-mall/stores,,,,,,2026-04-16,,,,,,-40,❄️ TIER 4 — Cold
New @hellstar hats in stock now!! Available while supplies ...,Tulsa,Oklahoma,USA,https://www.instagram.com/p/C5JbIdTuffZ/?hl=bg,@hellstar,,1037486289,,,2026-04-16,,,,,,35,⭐ TIER 2 — Strong
SCHEELS at Woodland Hills Mall - Tulsa - Simon,Tulsa,Oklahoma,USA,https://www.simon.com/mall/woodland-hills-mall/stores/scheels,,,,,,2026-04-16,,,,,,-40,❄️ TIER 4 — Cold
Uptown Cheapskate Tulsa | Resale & Thrift Clothing Store,Tulsa,Oklahoma,USA,https://www.uptowncheapskate.com/location/tulsa/,@uptowncheapskate,cure@bcfranchise.com,3771977781,,,2026-04-16,,,,,,20,⭐ TIER 2 — Strong
Woodland Hills Mall,Tulsa,Oklahoma,USA,https://www.hollisterco.com/shop/us/clothing-stores/US/Tulsa/OK/31415,,,,,,2026-04-16,,,,,,0,❄️ TIER 4 — Cold
HELLSTAR INNER PEACE SHIRT (BRAND NEW),Tulsa,Oklahoma,USA,https://a-list-tulsa.com/products/hellstar-inner-peace-shirt-brand-new?srsltid=AfmBOooxPcQv1A67z3zppYF_MIWlMwVKXAtQbcfbsGF-9-S8RNRAmDfq,@font,,1722299705,,,2026-04-16,,,,,,35,⭐ TIER 2 — Strong
went down to the farmers market this morning and this store ...,Tulsa,Oklahoma,USA,https://www.instagram.com/reel/DWuGmsdEkeK/,@rsrc.php,,1037486289,,,2026-04-16,,,,,,-30,❄️ TIER 4 — Cold
Ten Toes Tulsa (@tentoestulsa),Tulsa,Oklahoma,USA,https://www.instagram.com/tentoestulsa/?hl=en,@tentoestulsa,,1037486289,,,2026-04-16,,,,,,-30,❄️ TIER 4 — Cold
"New Year, New Supreme🔥🥶 Shop hundreds of hype clothing ...",Tulsa,Oklahoma,USA,https://www.instagram.com/reel/C1cv0ygPW7r/,@rsrc.php,,1037486289,,,2026-04-16,,,,,,25,⭐ TIER 2 — Strong
Shop Streetwear,Tulsa,Oklahoma,USA,https://www.rackstulsa.com/shop/shop-streetwear/LRWRP65TICPJL7VVT62XDN3O,@media,13e49d785d8d4f828038b6136f3b48ba@sentry.io,9841457916,,,2026-04-16,,,,,,20,⭐ TIER 2 — Strong
Wing Supreme,Tulsa,Oklahoma,USA,https://www.wingsupreme.com/,@thewingsupreme,user@domain.com.,1708110296,,,2026-04-16,,,,,,35,⭐ TIER 2 — Strong
Stockists,Tulsa,Oklahoma,USA,https://rh-ude.com/pages/stockists-1?srsltid=AfmBOoo6FVhw46mv1ENJhpqUBxhFtUsipN-KgSKPOmqAww7xs6w4vHvs,@rhude,,1613580349,,,2026-04-16,,,,,,30,⭐ TIER 2 — Strong
R H U D E,Tulsa,Oklahoma,USA,https://rh-ude.com/?srsltid=AfmBOoo-nGJzRRGJRVmtt3F9hQfzoKDu2FwbxlGADYGR_aAjclFIVoIb,@rhude,,1613580349,,,2026-04-16,,,,,,30,⭐ TIER 2 — Strong
Shop Rhude Online,Tulsa,Oklahoma,USA,https://www.nordstrom.com/brands/rhude--18936?srsltid=AfmBOorhZmQ2vYzHYfdouiAviM-dSOKv_EU1lFeOJX1XwsPTK5uJ9d8N,@4GfJ,,123456789,,,2026-04-16,,,,,,30,⭐ TIER 2 — Strong
SHOP ALL,Tulsa,Oklahoma,USA,https://rh-ude.com/collections/shop-all?srsltid=AfmBOoqtMMoyi53XXZ0cqV7Nla5N09ojzkCkrIVlBGxzS0Mg-0NpqV0v,@rhude,,1613580349,,,2026-04-16,,,,,,30,⭐ TIER 2 — Strong
Dior,Tulsa,Oklahoma,USA,https://www.saksfifthavenue.com/c/content/designer-landing-pages/dior-landing,,,,,,2026-04-16,,,,,,0,❄️ TIER 4 — Cold
"Men's Wearhouse in Tulsa, E 71St St",Tulsa,Oklahoma,USA,https://www.menswearhouse.com/store-locator/1251?srsltid=AfmBOorTtUq3uLt3M2okbyk_LQgGCi3MNX9CMACCvcM0NY_k1DrMBxcC,,,,,,2026-04-16,,,,,,-40,❄️ TIER 4 — Cold
Gearhead Outfitters,Tulsa,Oklahoma,USA,https://gearheadoutfitters.com/?srsltid=AfmBOorf1QKvFKhSQBiWGxQZ70Frk6Ji4cWkVtmK13aellk6qGGJYNE-,@gearheadoutfitters,mllegeorgesand@gmail.com,1200098592,,,2026-04-16,,,,,,-20,❄️ TIER 4 — Cold
RHUDE SEVEN FALLS SNAKE CORE BEIGE WHITE ...,Tulsa,Oklahoma,USA,https://www.ebay.com/itm/187448714056,@ebay,,2026041602,,,2026-04-16,,,,,,30,⭐ TIER 2 — Strong
Vale Lives Forever Store,Tulsa,Oklahoma,USA,https://www.instagram.com/popular/vale-lives-forever-store/,@rsrc.php,,1037486289,,,2026-04-16,,,,,,-30,❄️ TIER 4 — Cold
Peloton | Find a Store Near You,Tulsa,Oklahoma,USA,https://stores.onepeloton.com/,@onepeloton,,,,,2026-04-16,,,,,,-30,❄️ TIER 4 — Cold
Store Locator,Tulsa,Oklahoma,USA,https://kershaw.kaiusa.com/storelocator/,@kershawknives,,1775563004,,,2026-04-16,,,,,,-30,❄️ TIER 4 — Cold
Fabricut,Tulsa,Oklahoma,USA,https://fabricut.com/,@fabricut,3c95bae9904047abb357eaa0bef097db@sentry.io,5684193739,,,2026-04-16,,,,,,-20,❄️ TIER 4 — Cold
Locations,Tulsa,Oklahoma,USA,https://buc-ees.com/locations/,@bucees,,1776184546,,,2026-04-16,,,,,,-30,❄️ TIER 4 — Cold
Shop All Departments,Tulsa,Oklahoma,USA,https://www.harborfreight.com/shop-all-departments,@harborfreight,,1002349783,,,2026-04-16,,,,,,-30,❄️ TIER 4 — Cold
Styling our new Vale Forever Delivery!!!,Tulsa,Oklahoma,USA,https://www.instagram.com/reel/DTWL39TDkZF/,@rsrc.php,,1037486289,,,2026-04-16,,,,,,30,⭐ TIER 2 — Strong
Vale Painting,Tulsa,Oklahoma,USA,https://m.valepainting.com/,@valepainting.com,info@valepainting.com,1888507748,,,2026-04-16,,,,,,-20,❄️ TIER 4 — Cold
"Vale Painting Company, Inc. | Tulsa, OK",Tulsa,Oklahoma,USA,https://www.procore.com/network/p/vale-painting-company-inc-tulsa,,,,,,2026-04-16,,,,,,-40,❄️ TIER 4 — Cold
"Commercial Painting, Painting Services | Tulsa, OK",Tulsa,Oklahoma,USA,http://www.valepainting.com/,,,(888) 507-7483,,,2026-04-16,,,,,,-40,❄️ TIER 4 — Cold
"Open daily at Woodland Hills Mall in Tulsa, OK 🛍️ Shop ...",Tulsa,Oklahoma,USA,https://www.instagram.com/reel/CkljrpVPjoU/,@rsrc.php,,1037486289,,,2026-04-16,,,,,,-30,❄️ TIER 4 — Cold
Showroom Locator,Tulsa,Oklahoma,USA,https://thevalelondon.co.uk/pages/showroom-locator?srsltid=AfmBOoqYRyUs3io2nIE_gArHf-nGwzbPYo-Fzx2OT0cyalk4o9pbLVuE,@thevalelondon,marketing@thevalelondon.co.uk,1742328323,,,2026-04-16,,,,,,-20,❄️ TIER 4 — Cold
Umber – umber,Tulsa,Oklahoma,USA,https://umbershoppe.com/?srsltid=AfmBOoqLM46Ya8QYkFKiroMhz78OmwH0ecoGth-ask6-SVPr25Dvkvel,@umberthelabel,Umber.Tulsa@gmail.com,1653665613,,,2026-04-16,,,,,,-20,❄️ TIER 4 — Cold
A-list Tulsa,Tulsa,Oklahoma,USA,https://a-list-tulsa.com/?srsltid=AfmBOormALToIV9KvdZe1sXcLa9ytow4I8SVPKfUZDQ-ZZJGVKn0_W9C,@font,,1722299705,,,2026-04-16,,,,,,-30,❄️ TIER 4 — Cold
The Racks Tulsa,Tulsa,Oklahoma,USA,https://www.rackstulsa.com/,@media,13e49d785d8d4f828038b6136f3b48ba@sentry.io,9841457916,,,2026-04-16,,,,,,-20,❄️ TIER 4 — Cold
"MAC Collection - Tulsa, OK Clothing & Accessory Boutique",Tulsa,Oklahoma,USA,https://shopmaccollection.com/?srsltid=AfmBOooBqL15aaN29sTItusZC83SjeqPl9CwqrNCPA6M3_3PSl2nGJyg,@shopmaccollection,,1205984890,,,2026-04-16,,,,,,10,📋 TIER 3 — Warm
Designer Clothing and Luxury Fashion Boutique | abersons,Tulsa,Oklahoma,USA,https://abersonstyle.com/,@abersonstyle,,(918) 742-7335,,,2026-04-16,,,,,,10,📋 TIER 3 — Warm
Silhouette Sneakers & Art,Tulsa,Oklahoma,USA,https://www.silhouettetulsa.com/,@silhouettetulsa,Help@SilhouetteTulsa.com,1686941681,,,2026-04-16,,,,,,20,⭐ TIER 2 — Strong
The ultimate sneaker store in Oklahoma is HERE! Silhouette ...,Tulsa,Oklahoma,USA,https://www.instagram.com/reel/DD4joJ-J9Bu/,@rsrc.php,,1037486289,,,2026-04-16,,,,,,10,📋 TIER 3 — Warm
Luxury boutique Willamina offers high-end apparel and ...,Tulsa,Oklahoma,USA,https://www.tulsapeople.com/lifestyle/unique-boutique-luxury-boutique-willamina-offers-high-end-apparel-and-accessory-brands-not-accessible-within/article_e387967f-0cb2-4031-af82-59f00d3ac026.html,@tulsapeople,contactus@langdonpublishing.com,758030105,,,2026-04-16,,,,,,20,⭐ TIER 2 — Strong
Black Sheep Boutique - Tulsa,Tulsa,Oklahoma,USA,https://shopblacksheepboutique.com/,@shopblacksheepboutique,,1755278287,,,2026-04-16,,,,,,10,📋 TIER 3 — Warm
The Tulsa Shopping Guide,Tulsa,Oklahoma,USA,https://thescoutguide.com/tulsa/editorial/the-tulsa-shopping-guide-2/,,,,,,2026-04-16,,,,,,-40,❄️ TIER 4 — Cold
Clothing Boutique Tulsa Oklahoma 💕 (@suiteoneboutique),Tulsa,Oklahoma,USA,https://www.instagram.com/suiteoneboutique/,@suiteoneboutique,,1037486289,,,2026-04-16,,,,,,10,📋 TIER 3 — Warm
"Tulsa, Oklahoma",Tulsa,Oklahoma,USA,https://www.store5a.com/pages/location-tulsa-oklahoma?srsltid=AfmBOopk6zFBkNx-odpZD2ahClBkp17I8mJHBtX-ChhfxQHb0fBo_mMx,@store5a,11.13-MKT-15_370x230@2x.png,1138838843,,,2026-04-16,,,,,,-20,❄️ TIER 4 — Cold
Shoe & Sneaker Store in Tulsa | JD Sports at Wodland Hills Mall,Tulsa,Oklahoma,USA,https://stores.jdsports.com/ok/tulsa/wodland-hills-mall.html,@jdsportsus,,(918) 294-1047,,,2026-04-16,,,,,,10,📋 TIER 3 — Warm
"Silhouette Sneakers & Art (@silhouettetulsa) · Tulsa, OK",Tulsa,Oklahoma,USA,https://www.instagram.com/silhouettetulsa/,@silhouettetulsa,,1037486289,,,2026-04-16,,,,,,10,📋 TIER 3 — Warm
"J.Cole Shoes | Tulsa | Stillwater | Women's Shoes, Clothes ...",Tulsa,Oklahoma,USA,https://www.jcoleshoes.com/?srsltid=AfmBOorvFeU211aJr7ZrHDPQiwhJK5IvLOO0KqCWzXwp3w3ItfW7mPKZ,@font,,8654104650,,,2026-04-16,,,,,,-30,❄️ TIER 4 — Cold
"CITITRENDS at 2329 W. Edison Tulsa, OK",Tulsa,Oklahoma,USA,https://locations.cititrends.com/ok/tulsa/2329-w--edison.html,@wearecititrends,,2079328097,,,2026-04-16,,,,,,-30,❄️ TIER 4 — Cold
McCain Mall,Little Rock,Arkansas,USA,https://www.zumiez.com/stores/us537?srsltid=AfmBOoq9gdTjW2XWQNELSi-OSy4Jr9726ifOQxJJW2X-RQYrfwmeS79e,@original,,1120080485,,,2026-04-16,,,,,,-30,❄️ TIER 4 — Cold
Underground Clothing (@undergroundclothinglr),Little Rock,Arkansas,USA,https://www.instagram.com/undergroundclothinglr/,@undergroundclothinglr,,1037486289,,,2026-04-16,,,,,,10,📋 TIER 3 — Warm
Mablevale Plaza - LITTLE ROCK Footwear & Apparel Store,Little Rock,Arkansas,USA,https://locations.dtlr.com/ar/littlerock/mablevale-plaza.html,@dtlrofficial,custserv@dtlr.com,1537521453,,,2026-04-16,,,,,,20,⭐ TIER 2 — Strong
Shop Authentic Hellstar Hats & Accessories,Little Rock,Arkansas,USA,https://restockar.com/collections/hellstar-accessories?srsltid=AfmBOorhQMQdInEBDEnrBi1K4wRnQ4IkIvQyEbz72v5G8z2ynButIJP5,@restock,splide-extension-auto-scroll@0.5.3,1694813899,,,2026-04-16,,,,,,35,⭐ TIER 2 — Strong
"Gee'sSpot (@_geespotboutique) · North Little Rock, AR",Little Rock,Arkansas,USA,https://www.instagram.com/_geespotboutique/,@_geespotboutique,,1037486289,,,2026-04-16,,,,,,10,📋 TIER 3 — Warm
"All New Hellstar Studios, NFC Authenticated – Don't Play ...",Little Rock,Arkansas,USA,https://www.instagram.com/reel/C9ko_MjPb60/,@rsrc.php,,1037486289,,,2026-04-16,,,,,,35,⭐ TIER 2 — Strong
#little rock Arkansas,Little Rock,Arkansas,USA,https://www.instagram.com/reel/DQzy8lXCX4A/,@bpclockerroom.,,1037486289,,,2026-04-16,,,,,,-30,❄️ TIER 4 — Cold
Shop Authentic Hellstar Clothing & Shirts,Little Rock,Arkansas,USA,https://restockar.com/collections/hellstar-shirts?srsltid=AfmBOopmrZcmwR3OMmTr4n-Lt1Vb6UyYBrd2c6hJx60T251E6Vas4lZZ,@restock,splide-extension-auto-scroll@0.5.3,1694813899,,,2026-04-16,,,,,,35,⭐ TIER 2 — Strong
Supreme Fixture Store,Little Rock,Arkansas,USA,https://supremefixture.com/index.php/store/,,,,,,2026-04-16,,,,,,15,📋 TIER 3 — Warm
Supreme Beauty Supply Store Locations Near You,Little Rock,Arkansas,USA,https://www.supremebeauty.com/pages/find-supreme-hair-beauty-supply-store-locations-near-you?srsltid=AfmBOoqaJTlk1fcOLdXyFoMonxb3iS1be4yNFA_IzjegpGOBlIkGf2UW,@supremebeautyonline,info@supremebeauty.com,1158951114,,,2026-04-16,,,,,,35,⭐ TIER 2 — Strong
Supreme Styles Barber & Beauty Supply Depot,Little Rock,Arkansas,USA,https://www.vagaro.com/supremestylesbarberandbeautysupplies,,,,,,2026-04-16,,,,,,15,📋 TIER 3 — Warm
Stockists,Little Rock,Arkansas,USA,https://rh-ude.com/pages/stockists-1?srsltid=AfmBOopZ_mituZMB7NdSi-mJxmD_9lcvC4DZRaYJQDisiQrVbiH4WBX2,@rhude,,1613580349,,,2026-04-16,,,,,,30,⭐ TIER 2 — Strong
R H U D E,Little Rock,Arkansas,USA,https://rh-ude.com/?srsltid=AfmBOooIiaKkWULNKWehqBEMKDsiQOoV7VlSQ20-NIGct16eHgBIf4g0,@rhude,,1613580349,,,2026-04-16,,,,,,30,⭐ TIER 2 — Strong
"Dillard's Mccain Mall, North Little Rock, Arkansas",Little Rock,Arkansas,USA,https://www.dillards.com/stores/arkansas/mccain-mall-north-little-rock/0407?srsltid=AfmBOop50rJ_ftzl5357stNzot1Y35Ph_DCnGa6D7sEhjVyUFP1DESdB,,,117.1776372,,,2026-04-16,,,,,,-40,❄️ TIER 4 — Cold
Shop Rhude Online,Little Rock,Arkansas,USA,https://www.nordstrom.com/brands/rhude--18936?srsltid=AfmBOoolmzNlcZSfXinJD9cRLdev0iNezEbyL1MfrG2TVzE2GbFPpNbc,@4GfJ,,123456789,,,2026-04-16,,,,,,30,⭐ TIER 2 — Strong
Dolce Vesta Locations,Little Rock,Arkansas,USA,https://www.dolcevesta.com/pages/locations?srsltid=AfmBOopRPgjshjDkfMA6ZNKIMdqHmikJef_sqV9SZUVbHjpvDC63LfHk,@dolce_vesta_menswear,sales@dolcevesta.com,(501) 420-1443,,,2026-04-16,,,,,,-20,❄️ TIER 4 — Cold
Rhude Men's Sale,Little Rock,Arkansas,USA,https://www.endclothing.com/row/sale/rhude?srsltid=AfmBOoprZG-uYh3bHYazhB6AGrD2xPcD9D5l2UdZvNSEqBBGeSymYyHx,@endclothing,506debe00a79ca2a8b2ea420e73c8475@o4509078657302528.ingest.de.sentry.io,1120663921,,,2026-04-16,,,,,,40,🔥 TIER 1 — Hot
Mining Industry,Little Rock,Arkansas,USA,https://www.idahogeology.org/Uploads/Data/ISMIR/1929_ISMIR.pdf,@CXx,W@p.m,100040200,,,2026-04-16,,,,,,-30,❄️ TIER 4 — Cold
STORES,Little Rock,Arkansas,USA,https://www.valeforever.com/pages/stores?srsltid=AfmBOoozFGJxQRqZWgXzCi5vHddmxV2WyHxGfQFZV-pPHWf_s5EFB31R,@valelivesnyc,,1774299210,,,2026-04-16,,,,,,-30,❄️ TIER 4 — Cold
"Vale Forever | Shop Vale Clothing - Tees, Hoodies, & More",Little Rock,Arkansas,USA,https://restockar.com/collections/vale-forever?srsltid=AfmBOooK5b7Q8XP2elpeq9562TCVtBAe2i89dV3kPCZKpmwS5HuN0BIF,@RESTOCK,splide-extension-auto-scroll@0.5.3,1694813899,,,2026-04-16,,,,,,30,⭐ TIER 2 — Strong
VALE FOREVER Zip-Up 'Carver' Size S/M/XL/XXL ...,Little Rock,Arkansas,USA,https://www.instagram.com/p/DVJ_fb-AWGz/,@rsrc.php,,1037486289,,,2026-04-16,,,,,,30,⭐ TIER 2 — Strong
"VALENTINE HANSEN - LITTLE ROCK, 72227-2496 Real ...",Little Rock,Arkansas,USA,https://www.realtor.com/realestateagents/5673495dbb954c0100676d42,,,,,,2026-04-16,,,,,,-40,❄️ TIER 4 — Cold
Contact Us,Little Rock,Arkansas,USA,https://www.valeforever.com/pages/contact-us?srsltid=AfmBOoqBpvBp3O8j8G81m1EbG4LnVP_TOIqaleNezv6rpvX4QKgZ4izb,@valeforever.com,Thamy@valeforever.comStylist,1774299210,,,2026-04-16,,,,,,-20,❄️ TIER 4 — Cold
New Vale Forever INSTORE 🔥 Vale Forever Bolt Tee White ...,Little Rock,Arkansas,USA,https://www.instagram.com/p/DAbXQWhJKDL/,@rsrc.php,,1037486289,,,2026-04-16,,,,,,30,⭐ TIER 2 — Strong
NEW ARRIVALS IN STORE‼️🚨 Vale Forever Ether Zip Up ...,Little Rock,Arkansas,USA,https://www.instagram.com/p/DSLVPpdkTRM/,@rsrc.php,,1037486289,,,2026-04-16,,,,,,30,⭐ TIER 2 — Strong
New VALE items available in store & online • • • #repeatatlanta ...,Little Rock,Arkansas,USA,https://www.instagram.com/reel/DTwBN1cDfYJ/,@valelives,,1037486289,,,2026-04-16,,,,,,-30,❄️ TIER 4 — Cold
Restock AR Vale Forever Classic Rugby L/S Tee Green,Little Rock,Arkansas,USA,https://shop.app/products/11999910691134/vale-forever-classic-rugby-l-s-tee-green,,,,,,2026-04-16,,,,,,20,⭐ TIER 2 — Strong
"Bale Chevrolet | Best Deals on Chevrolet Cars in Little Rock, AR",Little Rock,Arkansas,USA,https://www.balechevrolet.com/?srsltid=AfmBOooGBtHJ38HWMPh6UvtdxwdebtSXGj1eMMSegsHmhSKEgfKeUWC-,@bale_chevrolet,flags@2x.png,501-588-7570,,,2026-04-16,,,,,,-20,❄️ TIER 4 — Cold
Mabelvale Wholesale Cars: Used Cars Little Rock AR | Used ...,Little Rock,Arkansas,USA,https://mabelvalewholesalecars.com/,@34.716203,,501-813-6709,,,2026-04-16,,,,,,-30,❄️ TIER 4 — Cold
"SWM Mabelvale Plaza | Store in Little Rock, AR",Little Rock,Arkansas,USA,https://www.gamestop.com/store/us/ar/little-rock/6540/swm-mabelvale-plaza-gamestop,,,,,,2026-04-16,,,,,,-40,❄️ TIER 4 — Cold
Specialty Shops and Boutiques Make Chenal Valley a ...,Little Rock,Arkansas,USA,https://www.littlerocksoiree.com/specialty-shops-and-boutiques-make-chenal-valley-a-retail-destination/,@littlerocksoiree,info@littlerocksoiree.com,5098186727,,,2026-04-16,,,,,,20,⭐ TIER 2 — Strong
"Mablevale Plaza Shopping Center in Little Rock, AR",Little Rock,Arkansas,USA,https://locations.dollartree.com/ar/little-rock/10215-mablevale-plaza-dr-ste-201,@dollartree,,1501243087,,,2026-04-16,,,,,,-30,❄️ TIER 4 — Cold
Hustle Gear | Men's Clothing Store: Hustle Gear | Premium ...,Little Rock,Arkansas,USA,https://hustlegear.us/?srsltid=AfmBOopkYAoZo1I0dushB0OtU17kQt9c9NCl2jeEeHK3F5fg7ZonR6Mj,@hustlegear2024,help@hustlegear.us,1654545122,,,2026-04-16,,,,,,20,⭐ TIER 2 — Strong
"streetwear (@cultureclothingcompany_lr) · Little Rock, AR",Little Rock,Arkansas,USA,https://www.instagram.com/cultureclothingcompany_lr/,@cultureclothingcompany_lr,,1037486289,,,2026-04-16,,,,,,10,📋 TIER 3 — Warm
Men's Clothing | 88Move | Little Rock,Little Rock,Arkansas,USA,https://www.shop88move.com/,@gmail.com,focus-within-polyfill@5.0.9,2545352419,,,2026-04-16,,,,,,10,📋 TIER 3 — Warm
House of Hype - Luxury Streetwear,Little Rock,Arkansas,USA,https://houseofhype.co/,,,,,,2026-04-16,,,,,,0,❄️ TIER 4 — Cold
Drip Clothing at McCain Mall - Simon,Little Rock,Arkansas,USA,https://www.simon.com/mall/mccain-mall/stores/drip-clothing,,,,,,2026-04-16,,,,,,0,❄️ TIER 4 — Cold
E.Leigh's Boutique,Little Rock,Arkansas,USA,https://www.shopeleighs.com/?srsltid=AfmBOorH1kOD-kGMm5Ou-mkQfQirBvbGj6JC71Kjxh6UrZEqM-cytjnU,@eleighsboutique,,1689368553,,,2026-04-16,,,,,,10,📋 TIER 3 — Warm
Clothing store (@houseofhypelr),Little Rock,Arkansas,USA,https://www.instagram.com/houseofhypelr/,@poundgamebell.,,1037486289,,,2026-04-16,,,,,,10,📋 TIER 3 — Warm
Markham Square - LITTLE ROCK Footwear & Apparel Store,Little Rock,Arkansas,USA,https://locations.dtlr.com/ar/littlerock/markham-square.html,@dtlrofficial,custserv@dtlr.com,1537521453,,,2026-04-16,,,,,,20,⭐ TIER 2 — Strong
Drip Clothing,Little Rock,Arkansas,USA,https://www.parkplazamall.com/stores/drip-clothing/,@600,,,,,2026-04-16,,,,,,10,📋 TIER 3 — Warm
park plaza mall - Little Rock - JD Sports Store Locator,Little Rock,Arkansas,USA,https://stores.jdsports.com/ar/littlerock/park-plaza-mall.html,@jdsportsus,,(501) 663-1909,,,2026-04-16,,,,,,-30,❄️ TIER 4 — Cold
"House of Hype Little Rock, come experience the hype! Shot by ...",Little Rock,Arkansas,USA,https://www.instagram.com/reel/CxnvVz-Lrwi/,@rsrc.php,,1037486289,,,2026-04-16,,,,,,10,📋 TIER 3 — Warm
Rock City Kicks,Little Rock,Arkansas,USA,https://rockcitykicks.com/?srsltid=AfmBOopeEkQY686Q6TsipGKwmSvj-9UjsXIjYmwSAqCkKShJ3sMFyyjt,@rockcitykicks,,4758705893,,,2026-04-16,,,,,,10,📋 TIER 3 — Warm
Remix Shoe Store Little Rock (@remixshoe_littlerock),Little Rock,Arkansas,USA,https://www.instagram.com/remixshoe_littlerock/?hl=en,@remixshoe_littlerock,,1037486289,,,2026-04-16,,,,,,-30,❄️ TIER 4 — Cold
Rock City Running - Little Rock Specialty Running & Walking ...,Little Rock,Arkansas,USA,https://www.rockcityrunning.com/,@RockCityRunning,info@rockcityrunning.com,1770227395,,,2026-04-16,,,,,,-20,❄️ TIER 4 — Cold
"Shoe Store North Little Rock, AR | Sneakers and Apparel",Little Rock,Arkansas,USA,https://www.hibbett.com/storedetails/AR/North%20Little%20Rock/1424,@hibbettnorthlittlerockar,,1776364785,,,2026-04-16,,,,,,10,📋 TIER 3 — Warm
Underground Clothing,Little Rock,Arkansas,USA,https://undergroundclothing.com/?srsltid=AfmBOoqvNNzcbf45d9jjZfiTuixzuKBB_RTJKU5Ew3Hn6t6nkyAbKcFJ,@Undergroundclothinglr,info@undergroundclothing.com,1663009043,,,2026-04-16,,,,,,20,⭐ TIER 2 — Strong
Hellstar fit for the warmer weather ☀️ - nwahype,Fayetteville,Arkansas,USA,https://www.instagram.com/p/C4tnsJYJn7O/,@rsrc.php,,1037486289,,,2026-04-16,,,,,,35,⭐ TIER 2 — Strong
"Shop Authentic Hellstar Clothing - Hoodies, Shirts & More",Fayetteville,Arkansas,USA,https://restockar.com/collections/hellstar?srsltid=AfmBOopcJlgY9h1NhdfSN_dMs67r8kAffvYIAXZ7yV7tELhlx88ClTHG,@restock,splide-extension-auto-scroll@0.5.3,1694813899,,,2026-04-16,,,,,,35,⭐ TIER 2 — Strong
Essentials Hoodie Resellers Online,Fayetteville,Arkansas,USA,https://www.instagram.com/popular/essentials-hoodie-resellers-online/,@rsrc.php,,1037486289,,,2026-04-16,,,,,,10,📋 TIER 3 — Warm
Sp5der Worldwide Thailand,Fayetteville,Arkansas,USA,https://www.instagram.com/popular/sp5der-worldwide-thailand/,@rsrc.php,,1037486289,,,2026-04-16,,,,,,25,⭐ TIER 2 — Strong
#1 Sneaker & Streetwear Store in Arkansas – NWAHYPE,Fayetteville,Arkansas,USA,https://nwahype.com/?srsltid=AfmBOoprbGyJow58sYcyt67we8MAB3ZeieneyR42NrfLgrguBXAYJ4ix,@nwahype,,1724109644,,,2026-04-16,,,,,,10,📋 TIER 3 — Warm
Come check out the Dickson St store's selection in HELLSTAR ...,Fayetteville,Arkansas,USA,https://www.instagram.com/reel/DBPfO-1v4I7/,@bigxthaplug,,1037486289,,,2026-04-16,,,,,,35,⭐ TIER 2 — Strong
These new Hellstar hats go too hard Amazing quality on these ...,Fayetteville,Arkansas,USA,https://www.instagram.com/reel/C6r0ODPPmEa/,@rsrc.php,,1037486289,,,2026-04-16,,,,,,35,⭐ TIER 2 — Strong
Shop new Hellstar & Lost Intricacy in store & online‼️ ...,Fayetteville,Arkansas,USA,https://www.instagram.com/p/C_gGRwIvTVr/?hl=en,@rsrc.php,,1037486289,,,2026-04-16,,,,,,35,⭐ TIER 2 — Strong
"NWA HYPE on Instagram: ""Up close look at the Supreme x ...",Fayetteville,Arkansas,USA,https://www.instagram.com/reel/DBCguEXvBF0/,@rsrc.php,,1037486289,,,2026-04-16,,,,,,25,⭐ TIER 2 — Strong
Northwest Arkansas Shopping | Fayetteville Boutiques,Fayetteville,Arkansas,USA,https://www.experiencefayetteville.com/experience/shop,@fayettevillear,info@experiencefayetteville.com,9294989014,,,2026-04-16,,,,,,20,⭐ TIER 2 — Strong
Stockists,Fayetteville,Arkansas,USA,https://rh-ude.com/pages/stockists-1?srsltid=AfmBOorDxd1okbAxdmmLRM2o0BTroIXQ6PaJQ56E3JKai6guXZR4gEnk,@rhude,,1613580349,,,2026-04-16,,,,,,30,⭐ TIER 2 — Strong
R H U D E,Fayetteville,Arkansas,USA,https://rh-ude.com/?srsltid=AfmBOoqwwGKTEO8sN5rtJRBcra3el7s4wpAKwpygcwEGkX88Jdi786Zp,@rhude,,1613580349,,,2026-04-16,,,,,,30,⭐ TIER 2 — Strong
Shop Rhude Online,Fayetteville,Arkansas,USA,https://www.nordstrom.com/brands/rhude--18936?srsltid=AfmBOoo1kcSvPmGVdT7zZjP1zhOFr8wvIl3jS5F7fgMATGNzjc6aFXwO,@4GfJ,,123456789,,,2026-04-16,,,,,,30,⭐ TIER 2 — Strong
Northwest Arkansas Mall,Fayetteville,Arkansas,USA,https://www.hottopic.com/store-details?StoreId=0320&srsltid=AfmBOop24vpxcMnZ21ImFagH08_7ZjemplrGIhqV10Ss7LByPwuPd3bE,@hottopic,htonline@hottopic.com,1776355247,,,2026-04-16,,,,,,-20,❄️ TIER 4 — Cold
Rhude,Fayetteville,Arkansas,USA,https://www.neimanmarcus.com/c/designers-rhude-cat81650731?srsltid=AfmBOooF7arhlTakERyqINRaMAeHJ8J7OVN4n28qd3FeflYxqzZ3veZD,,,,,,2026-04-16,,,,,,20,⭐ TIER 2 — Strong
Gearhead Outfitters Fayetteville 72701 - Locally,Fayetteville,Arkansas,USA,https://www.locally.com/store/11475/gearhead-outfitters-fayetteville,@gearheadoutfitters,,3083708593,,,2026-04-16,,,,,,-30,❄️ TIER 4 — Cold
SHOP ALL,Fayetteville,Arkansas,USA,https://rh-ude.com/collections/shop-all?srsltid=AfmBOooxGRY4lAxnEJNCe54WrGUEayMC2qLlPxLAyp9cDWn97sI-Ph26,@rhude,,1613580349,,,2026-04-16,,,,,,30,⭐ TIER 2 — Strong
Walker Brothers,Fayetteville,Arkansas,USA,https://walkerbrothers.com/?srsltid=AfmBOooUugmopdB07ERbfqTxD_fV_MaR_HkPJc17JmQY4rxIRAgsOmXo,@shopwalkerbrothers,,1731000841,,,2026-04-16,,,,,,-30,❄️ TIER 4 — Cold
Men's Designer T-Shirts | Rhude,Fayetteville,Arkansas,USA,https://www.saksfifthavenue.com/c/men/apparel/t-shirts/rhude,,,,,,2026-04-16,,,,,,20,⭐ TIER 2 — Strong
News Drip in store‼️ Dickson St open until 6pm NWA Mall ...,Fayetteville,Arkansas,USA,https://www.instagram.com/reel/DSNr1XEEVgu/,@rsrc.php,,1037486289,,,2026-04-16,,,,,,-30,❄️ TIER 4 — Cold
@onlyfreshpieces CRAZY NEW LOAD JUST LANDED ‼️ ...,Fayetteville,Arkansas,USA,https://www.instagram.com/reel/DKm0kVExB2V/,@onlyfreshpieces,,1037486289,,,2026-04-16,,,,,,-30,❄️ TIER 4 — Cold
"Vale Forever | Shop Vale Clothing - Tees, Hoodies, & More",Fayetteville,Arkansas,USA,https://restockar.com/collections/vale-forever?srsltid=AfmBOoo7G4EOCVjmbt-8tbq2naN-bWyqZK0VVNxpRpz52-qENFJHiwlR,@restock,splide-extension-auto-scroll@0.5.3,1694813899,,,2026-04-16,,,,,,30,⭐ TIER 2 — Strong
Vale Forever United Futbol White Jersey ⚽️⁠ Size: S-XXL ...,Fayetteville,Arkansas,USA,https://www.instagram.com/p/DQR3Cu_E3WJ/,@rsrc.php,,1037486289,,,2026-04-16,,,,,,30,⭐ TIER 2 — Strong
Tons of New Vale Forever just landed in store & online Sizes ...,Fayetteville,Arkansas,USA,https://www.instagram.com/reel/DE0x47WuxNp/,@rsrc.php,,1037486289,,,2026-04-16,,,,,,30,⭐ TIER 2 — Strong
Vale Forever Moshpit Tee Cream 🤘⁠ Size,Fayetteville,Arkansas,USA,https://www.instagram.com/p/DPhFLcMCqiL/,@rsrc.php,,1037486289,,,2026-04-16,,,,,,30,⭐ TIER 2 — Strong
An Up-CloseLook at the New Vale Forever Shorts that just hit ...,Fayetteville,Arkansas,USA,https://www.instagram.com/reel/DN9UKDODyBE/,@rsrc.php,,1037486289,,,2026-04-16,,,,,,30,⭐ TIER 2 — Strong
Restock AR: Shop The Latest Streetwear Fashion & Sneakers,Fayetteville,Arkansas,USA,https://restockar.com/?srsltid=AfmBOoqy0uA5k6wOLTTTdTH352kgs56fmNlkFViWb-gk4c6nhL5ZMRol,@restock,splide-extension-auto-scroll@0.5.3,1694813899,,,2026-04-16,,,,,,10,📋 TIER 3 — Warm
NEW VALE HOODIE 'Seacluster' Blue IN STOCK,Fayetteville,Arkansas,USA,https://www.instagram.com/p/DO357k0DrTT/,@rsrc.php,,1037486289,,,2026-04-16,,,,,,-30,❄️ TIER 4 — Cold
Contact Us,Fayetteville,Arkansas,USA,https://www.valeforever.com/pages/contact-us?srsltid=AfmBOooCKi2ERx6NW-FL0TsPJR5IAdCasObIt182lIMkr5h6S2Jc9oBH,@valeforever.com,Thamy@valeforever.comStylist,1774299210,,,2026-04-16,,,,,,-20,❄️ TIER 4 — Cold
Vale Forever - The Back Door,Fayetteville,Arkansas,USA,https://thebackdoorar.com/collections/vale-forever,@thebackdoorar,,1749698759,,,2026-04-16,,,,,,30,⭐ TIER 2 — Strong
Come Checkout our new arrivals Vale Forever Classic Bling ...,Fayetteville,Arkansas,USA,https://www.instagram.com/reel/DJ7mUKAJ52U/,@rsrc.php,,1037486289,,,2026-04-16,,,,,,30,⭐ TIER 2 — Strong
"NWA HYPE (@nwahypedickson) · Fayetteville, AR",Fayetteville,Arkansas,USA,https://www.instagram.com/nwahypedickson/reels/,@nwahypedickson,,1037486289,,,2026-04-16,,,,,,10,📋 TIER 3 — Warm
rockcitykicks - Fayetteville - Sneaker Boutique in Northwest ...,Fayetteville,Arkansas,USA,https://rockcitykicksfay.myshopify.com/?srsltid=AfmBOooaCufMLSYl8z5DR8PD_JTj2O3rf79kOyKur1Iw5gkSrxbJm3dk,@rckfay,AURORA_HV4484-405_PHSLH000-2000_450x@2x.jpg,1613684153,,,2026-04-16,,,,,,20,⭐ TIER 2 — Strong
Black Market Arkansas,Fayetteville,Arkansas,USA,https://blkmktark.com/,@blkmktark,cutfortyTSBRside_1000x_89e53f0e-22bf-4134-9fee-6feee7e2e527_320x@2x.jpg,1614734509,,,2026-04-16,,,,,,-20,❄️ TIER 4 — Cold
ShopRiffraff.com - Online Women's Boutique Clothing Shop,Fayetteville,Arkansas,USA,https://shopriffraff.com/?srsltid=AfmBOooiqdG0n8FF9cb24dMrFMWUQAlAoKn4An3mIKsNjdMnWbG65jbE,@shopriffraff,info@stagheaddesigns.com,1660932051,,,2026-04-16,,,,,,20,⭐ TIER 2 — Strong
"Southern Trend Clothing | Fayetteville, AR",Fayetteville,Arkansas,USA,https://southerntrend.com/,@southerntrendclothing,,1757082516,,,2026-04-16,,,,,,10,📋 TIER 3 — Warm
"Streetwear Store in Fayetteville, AR",Fayetteville,Arkansas,USA,https://www.instagram.com/p/DPhCPIMiFZy/,@rsrc.php,,1037486289,,,2026-04-16,,,,,,10,📋 TIER 3 — Warm
Blythe Fayetteville Boutique,Fayetteville,Arkansas,USA,https://www.buyblythe.com/?srsltid=AfmBOop4iWEMjFeMbUkMKxPZ8F0KNaQKQPIpQLAkP3_09_8dKExjnc1F,@buyblythe,,1723422535,,,2026-04-16,,,,,,10,📋 TIER 3 — Warm
Whimsy Whoo | Arkansas Boutique & Razorback Store in ...,Fayetteville,Arkansas,USA,https://shopwhimsywhoo.com/?srsltid=AfmBOors7qg_AvqMc9GmjVSm9sZ7jT8A8iFSAhSzF1sPPvTVltGPEBLS,@shopwhimsywhoo,hello@shopwhimsywhoo.com,1762965243,,,2026-04-16,,,,,,20,⭐ TIER 2 — Strong
By Request: Women's and Men's Clothing,Fayetteville,Arkansas,USA,https://www.byrequestnwa.com/,@byrequestnwa,Untitled-1_46f38aa6-cd33-4cf3-b569-cdbe18e8c744_1280x@2x.jpg,1154807831,,,2026-04-16,,,,,,20,⭐ TIER 2 — Strong
"Style Encore Fayetteville, AR (@styleencorefayettevillear)",Fayetteville,Arkansas,USA,https://www.instagram.com/styleencorefayettevillear/,@styleencorefayettevillear,,1037486289,,,2026-04-16,,,,,,-30,❄️ TIER 4 — Cold
"Boutique Shopping in Fayetteville, Arkansas: Where to ...",Fayetteville,Arkansas,USA,https://www.experiencefayetteville.com/experience/shop/item/298-best-clothing-boutiques-in-fayetteville,@nwa.fashionweek,info@experiencefayetteville.com,9294989014,,,2026-04-16,,,,,,20,⭐ TIER 2 — Strong
"Fox Trot Boutique | Women's apparel, accessories, and artisan ...",Fayetteville,Arkansas,USA,https://www.foxtrotboutique.com/,@foxtrotboutique,,1720711034,,,2026-04-16,,,,,,10,📋 TIER 3 — Warm
lola – LOLA,Fayetteville,Arkansas,USA,https://shoplola.com/?srsltid=AfmBOoo9aZMef8Ln4DkoLc7wEaZNm4ZxPsiJ5VbWUHEjw1M2vYRpS_-i,@lolaboutique,ecom-swiper@11.0.5.js,1596683411,,,2026-04-16,,,,,,10,📋 TIER 3 — Warm
Northwest Arkansas - Fayetteville,Fayetteville,Arkansas,USA,https://stores.finishline.com/ar/fayetteville/northwest-arkansas.html,@finishline,,(479) 571-0284,,,2026-04-16,,,,,,-30,❄️ TIER 4 — Cold
"rockcitykicks - Fayetteville on Instagram: ""Welcome to ...",Fayetteville,Arkansas,USA,https://www.instagram.com/reel/DNTjhCDvzRL/,@rsrc.php,,1037486289,,,2026-04-16,,,,,,10,📋 TIER 3 — Warm
NEW HELLSTAR AND RETRO 4 JUST ARRIVED‼️ Only ...,Detroit,Michigan,USA,https://www.instagram.com/p/C95tPRYxAk4/,@culturedetroit.,,1037486289,,,2026-04-16,,,,,,35,⭐ TIER 2 — Strong
OPEN 7 DAYS A WEEK | HELLSTAR YOU NEED IT WE GOT ...,Detroit,Michigan,USA,https://www.instagram.com/reel/DDKivhrpM7Q/,@hellstar,,1037486289,,,2026-04-16,,,,,,35,⭐ TIER 2 — Strong
"Come shop 19638 W 7 MILE RD DETROIT, MI 48219",Detroit,Michigan,USA,https://www.instagram.com/p/DICA2DNA42X/?hl=en,@rsrc.php,,1037486289,,,2026-04-16,,,,,,-30,❄️ TIER 4 — Cold
NEW HELLSTAR AVAILABLE IN STORE AT OUR MICHIGAN ...,Detroit,Michigan,USA,https://www.instagram.com/reel/C_oQheayLXB/,@rsrc.php,,1037486289,,,2026-04-16,,,,,,35,⭐ TIER 2 — Strong
Social Status | Contemporary Menswear & Footwear,Detroit,Michigan,USA,https://www.socialstatuspgh.com/?srsltid=AfmBOoraMgUPfSdNcUIVzNXFcrfY2Vdm9t8NkqcXpgVWHRapMd2LpTkg,@thesocialstatus,fancybox@3.5.7,1750102237,,,2026-04-16,,,,,,-30,❄️ TIER 4 — Cold
@ossdetroit | The only store in Michigan to find these 〽️🔥 pr ...,Detroit,Michigan,USA,https://www.instagram.com/reel/C35g5oXraqw/,@ossdetroit,,1037486289,,,2026-04-16,,,,,,-30,❄️ TIER 4 — Cold
Rkive | HellStar | 0.5g | All In-One Rosin Pod,Detroit,Michigan,USA,https://weedmaps.com/dispensaries/the-cake-house-detroit/menu/rkive-hellstar-5-g,@weedmaps,amarques_mobile@weedmaps.com,5068966960,,,2026-04-16,,,,,,45,🔥 TIER 1 — Hot
New Hellstar Tees Have Arrived🔥🔥🔥 Don't forget to Follow ...,Detroit,Michigan,USA,https://www.instagram.com/p/CxA7ruWOl89/,@Sonnysgr,,1037486289,,,2026-04-16,,,,,,35,⭐ TIER 2 — Strong
HELL STAR STYLES AVAILABLE AT THE STORE IN ALL SIZES,Detroit,Michigan,USA,https://www.instagram.com/reel/CwGONleBR_Q/,@rsrc.php,,1037486289,,,2026-04-16,,,,,,-30,❄️ TIER 4 — Cold
@hellstar Available in store now 🏃🏻‍♂️💨 M $120‼️ . . . 🏃🏻‍♂️ ...,Detroit,Michigan,USA,https://www.instagram.com/p/DLYruSeNJWA/,@hellstar,,1037486289,,,2026-04-16,,,,,,35,⭐ TIER 2 — Strong
Social Status Detroit,Detroit,Michigan,USA,https://www.socialstatuspgh.com/pages/social-status-detroit?srsltid=AfmBOopne89yIgEe8PLz2MlrY3Scj-0nxuZjGn06zKLQw7nBuVhizw6y,@thesocialstatus,fancybox@3.5.7,1750102237,,,2026-04-16,,,,,,-30,❄️ TIER 4 — Cold
(@ossdetroit) • Instagram photos and videos,Detroit,Michigan,USA,https://www.instagram.com/ossdetroit/?hl=en,@ossdetroit,,1037486289,,,2026-04-16,,,,,,-30,❄️ TIER 4 — Cold
"Supreme Liquor Shop - Detroit, MI",Detroit,Michigan,USA,https://nextdoor.com/pages/supreme-liquor-shop-detroit-mi/,@supports,mood-like-off_16@3x-1298283633a0f2ffc7d073c5c4b14338.png,1146116819,,,2026-04-16,,,,,,35,⭐ TIER 2 — Strong
Six local spots to let your hypebeast flag fly,Detroit,Michigan,USA,https://www.metrotimes.com/arts/six-local-spots-to-let-your-hypebeast-flag-fly-4898367/,@metrotimes,letters@metrotimes.com,9999999999,,,2026-04-16,,,,,,20,⭐ TIER 2 — Strong
Supreme Liquor Shop Inc. in Detroit - Liquor store,Detroit,Michigan,USA,https://www.atly.com/location/Supreme-Liquor-Shop-Inc,@context,,4344710999,,,2026-04-16,,,,,,25,⭐ TIER 2 — Strong
Stockists,Detroit,Michigan,USA,https://rh-ude.com/pages/stockists-1?srsltid=AfmBOorYWW3KZFH468WA3Pgnd9aGldK1-bAq9VFvBtiVwkUvLj01luCL,@rhude,,1613580349,,,2026-04-16,,,,,,30,⭐ TIER 2 — Strong
Come Check Our Our Newest Pieces From @rhude 🛍️ We ...,Detroit,Michigan,USA,https://www.instagram.com/reel/DPJ5v2gkag5/,@ruedbutrich.,,1037486289,,,2026-04-16,,,,,,30,⭐ TIER 2 — Strong
Shop Rhude Online,Detroit,Michigan,USA,https://www.nordstrom.com/brands/rhude--18936?srsltid=AfmBOopGBgsJ4qOL0nyrStuEr-9Sp4qu-hvdbd211817fev4AxMqRQv7,@4GfJ,,123456789,,,2026-04-16,,,,,,30,⭐ TIER 2 — Strong
R H U D E,Detroit,Michigan,USA,https://rh-ude.com/?srsltid=AfmBOopqukXwHw20WLtFmQiChkrTur1xeS_4pJM1jsJ2wun6m0ncoX1F,@rhude,,1613580349,,,2026-04-16,,,,,,30,⭐ TIER 2 — Strong
New season rhude just touched down! Most sizes available ...,Detroit,Michigan,USA,https://www.instagram.com/reel/DWPKqEeDDE-/,@rsrc.php,,1037486289,,,2026-04-16,,,,,,30,⭐ TIER 2 — Strong
House of Drip,Detroit,Michigan,USA,https://houseofdripmi.com/,@layer,abuse@company.site,9999999999,,,2026-04-16,,,,,,-20,❄️ TIER 4 — Cold
"rhude – Tagged ""size-l"" - Dearborn",Detroit,Michigan,USA,https://kravatmenswear.com/collections/vendors?q=rhude&constraint=size-l,@kravat.menswear,Kravatmenswear@gmail.com,1193359624,,,2026-04-16,,,,,,40,🔥 TIER 1 — Hot
Fairlane Town Center,Detroit,Michigan,USA,https://www.hottopic.com/store-details?StoreId=0730&srsltid=AfmBOopRUwF9w5XUY86dzfocOxLOX7wlnoOhoEMag1tksrCkNQ_Sjtly,@hottopic,htonline@hottopic.com,1776355247,,,2026-04-16,,,,,,-20,❄️ TIER 4 — Cold
New Vale Just Landed 🛬 in-store. Only at @culturedetroit,Detroit,Michigan,USA,https://www.instagram.com/p/DPmVGM5kR26/,@culturedetroit,,1037486289,,,2026-04-16,,,,,,-30,❄️ TIER 4 — Cold
Vale Fits Ready To Go For You 😮‍💨👟 Vale hoodies priced,Detroit,Michigan,USA,https://www.instagram.com/p/DWmQ3CsFRnm/,@kicksncuts,,1037486289,,,2026-04-16,,,,,,10,📋 TIER 3 — Warm
"Greyson Clothiers: Performance Golf, Lifestyle & Activewear",Detroit,Michigan,USA,https://greysonclothiers.com/?srsltid=AfmBOoroeRyu7nlIrVQLvDtl4V0fOgK0EbOHLPZbBj4oqwmkJsuAQ0rG,@greysonclothiers,info@greysonclothiers.com,4110188642,,,2026-04-16,,,,,,20,⭐ TIER 2 — Strong
VALÉ | HOME,Detroit,Michigan,USA,https://www.valeinallcaps.com/,@valeinallcaps,user@domain.com.,1661278895,,,2026-04-16,,,,,,-20,❄️ TIER 4 — Cold
Annual Back to School Sale Starts NOW! Vale Tees – $114.99 ...,Detroit,Michigan,USA,https://www.instagram.com/reel/DNV9ORptak3/,@rsrc.php,,1037486289,,,2026-04-16,,,,,,-30,❄️ TIER 4 — Cold
Active NPDES Permits,Detroit,Michigan,USA,https://www.michigan.gov/-/media/Project/Websites/egle/Documents/Programs/WRD/NPDES/permit-inventory.xlsx?rev=96a94e5a5b8a4ad4a6124ada1cf68262,@jPQ,,,,,2026-04-16,,,,,,-30,❄️ TIER 4 — Cold
ossdetroit | New arrivals from Vale now available 📦 📺 Mon ...,Detroit,Michigan,USA,https://www.instagram.com/p/DQKfxOBkggv/,@ossdetroit,,1037486289,,,2026-04-16,,,,,,-30,❄️ TIER 4 — Cold
"New VALE HOODIES , come hop on the trim side ‼️ All ...",Detroit,Michigan,USA,https://www.instagram.com/reel/DV_3TwqDynZ/,@rsrc.php,,1037486289,,,2026-04-16,,,,,,-30,❄️ TIER 4 — Cold
New Vale Hoodies Instore ! If you tryna be on the trim side ...,Detroit,Michigan,USA,https://www.instagram.com/p/DV1O0ubj3il/?__d=11,@rsrc.php,,1037486289,,,2026-04-16,,,,,,-30,❄️ TIER 4 — Cold
VALE FOREVER – Vale Forever,Detroit,Michigan,USA,https://www.valeforever.com/?srsltid=AfmBOop4dnMdTquDgG5NDmGQ1on-g-_NEMhozObx0pQzzv0qeB1yUVLb,@media,,1774299210,,,2026-04-16,,,,,,30,⭐ TIER 2 — Strong
Vintage March Madness Tees ‍ Tees start at $50 • All Brand ...,Detroit,Michigan,USA,https://www.instagram.com/reel/DW6rpaCjS9x/,@rsrc.php,,1037486289,,,2026-04-16,,,,,,-30,❄️ TIER 4 — Cold
"Unique Chicago on Instagram: ""Brand New Vale Flannels In ...",Detroit,Michigan,USA,https://www.instagram.com/reel/DJaj9e7xhqe/,@unique.detroit.,,1037486289,,,2026-04-16,,,,,,-30,❄️ TIER 4 — Cold
"Value World: Thrifting in Detroit MI, Cleveland OH, and ...",Detroit,Michigan,USA,https://valueworld.com/,@ValueWorldThrift,payroll@crownedeagle.com,1763746449,,,2026-04-16,,,,,,-20,❄️ TIER 4 — Cold
new vale drip just came in more coming ...,Detroit,Michigan,USA,https://www.instagram.com/p/DKPuyprxHL5/,@rsrc.php,,1037486289,,,2026-04-16,,,,,,-30,❄️ TIER 4 — Cold
BUY•SELL•TRADE (@staytriim) - Instagram,Detroit,Michigan,USA,https://www.instagram.com/staytriim/,@staytriim,,1037486289,,,2026-04-16,,,,,,-30,❄️ TIER 4 — Cold
Xhibition — Contemporary Fashion & Exclusive Streetwear,Detroit,Michigan,USA,https://www.xhibition.co/,@xhibition_,support@xhibition.co,1698177333,,,2026-04-16,,,,,,20,⭐ TIER 2 — Strong
"CultureDet • Streetwear (@culturedetroit) · Detroit, MI",Detroit,Michigan,USA,https://www.instagram.com/culturedetroit/,@culturedetroit,,1037486289,,,2026-04-16,,,,,,10,📋 TIER 3 — Warm
Krispy Addicts: America's Dopest Clothing Boutique,Detroit,Michigan,USA,https://krispyaddicts.com/?srsltid=AfmBOopPhKbMO5GYa8nU8oZb3uCh8ZLp30kQ61DpLwFNBnxReapmirhb,@krispy_addicts,info@krispyaddicts.com,1740178145,,,2026-04-16,,,,,,20,⭐ TIER 2 — Strong
Two 18 - Sneaker & Clothing Boutique,Detroit,Michigan,USA,https://two18.com/?srsltid=AfmBOopjvOKBYPVgqAMbJ2dXfEJ44M4dICW2b0rbhHBsft24vtD1VbjI,@shoptwo18,,1640038558,,,2026-04-16,,,,,,10,📋 TIER 3 — Warm
MTVTN.com: Motivation | Streetwear & University of Michigan ...,Detroit,Michigan,USA,https://mtvtn.com/?srsltid=AfmBOooUKK8_Ndg2YGUho6PlOQmTLm3YitoWmIOPlcn8ZO01vt3vVl0M,@mtvtn,,1269916960,,,2026-04-16,,,,,,10,📋 TIER 3 — Warm
Survived Streetwear,Detroit,Michigan,USA,https://survivedstreetwear.com/,@survivedappareldetroit,Website_single_logo_2_180x@2x.png,8821957473,,,2026-04-16,,,,,,20,⭐ TIER 2 — Strong
Hype Stew Sneakers Detroit,Detroit,Michigan,USA,https://hypestew.com/?srsltid=AfmBOoq6NRkKu4D781If-HDdmR2TYKBWXMNpsoCIsyV75aeGa1UjSGEo,@hypestew,hypestewdetroit@gmail.com,1246846374,,,2026-04-16,,,,,,20,⭐ TIER 2 — Strong
Hypehouse (@hypehouse_royaloak),Detroit,Michigan,USA,https://www.instagram.com/hypehouse_royaloak/,@hypehouse_royaloak,,1037486289,,,2026-04-16,,,,,,10,📋 TIER 3 — Warm
City Man - America's Best Mens Streetwear Clothing Stores,Detroit,Michigan,USA,https://citymanusa.com/?srsltid=AfmBOoop9WJkCDX4PUyA6s5IHIyUf9qebYEhnVL6tzYqg8ZQGQaxhvAQ,@context,swiper@9.2.2,1738665192,,,2026-04-16,,,,,,10,📋 TIER 3 — Warm
Three Thirteen Store: DETROITS BRAND NAME,Detroit,Michigan,USA,https://www.threethirteenstore.com/?srsltid=AfmBOorLSe2S3FzK5xKjUK5zX1i6BhXMSac7vGJwetH-QP2l-cWn04NA,@font,,2925728515,,,2026-04-16,,,,,,-30,❄️ TIER 4 — Cold
Sneakerhead's Paradise: Detroit's Footwear Culture ...,Detroit,Michigan,USA,https://visitdetroit.com/inside-the-d/sneakerhead/,@embed.js,info@visitdetroit.com,1773776011,,,2026-04-16,,,,,,20,⭐ TIER 2 — Strong
Burn Rubber Sneaker Boutique,Detroit,Michigan,USA,https://burnrubbersneakers.com/,@burnrubberdetroit,,1626189672,,,2026-04-16,,,,,,10,📋 TIER 3 — Warm
"Deadstock Retro Jordans, Rare Nike & Adidas Sneakers in ...",Detroit,Michigan,USA,https://www.nojokicks.com/,@nojokicksdetroit,info@nojokicks.com,1487422398,,,2026-04-16,,,,,,20,⭐ TIER 2 — Strong
SANA Detroit,Detroit,Michigan,USA,https://sanadetroit.com/?srsltid=AfmBOoqpUNPmhOH6QXKEa_mNE80dHDiFrjbFpFwF7Tu4NaodOv1pPP8i,@sanadetroit,dev@jpillora.com,1738690871,,,2026-04-16,,,,,,-20,❄️ TIER 4 — Cold
"Reynolds & Sons | 12 Monroe Center St NE, Grand Rapids, MI",Grand Rapids,Michigan,USA,https://reynoldsandsons.com/?srsltid=AfmBOooAwN4hr1RA0Koe8GCn4iH_dQFUSLAjsWchnbi_k93e3GJdOU1-,@reynolds_n_sons,,1737741346,,,2026-04-16,,,,,,-30,❄️ TIER 4 — Cold
☠️ New Hellstar available in-store today. Call in for for prices ...,Grand Rapids,Michigan,USA,https://www.instagram.com/reel/C7ZxBDFuGCc/,@rsrc.php,,1037486289,,,2026-04-16,,,,,,35,⭐ TIER 2 — Strong
Hellstar Clothing | Tees Hoodies Long Sleeves,Grand Rapids,Michigan,USA,https://www.stadiumgoods.com/collections/hellstar?srsltid=AfmBOoqZhJc9kKJUcPxpIfNh-DMyz0DVGHKVzV8KlgQRZpd1s29HEGg7,@stadiumgoods,hello@shopmail.stadiumgoods.com,8070339516,,,2026-04-16,,,,,,45,🔥 TIER 1 — Hot
Hollister Stores - Woodland Mall,Grand Rapids,Michigan,USA,https://www.hollisterco.com/shop/us/clothing-stores/us/grandrapids/mi/30516,,,,,,2026-04-16,,,,,,0,❄️ TIER 4 — Cold
All Brands,Grand Rapids,Michigan,USA,https://www.nordstrom.com/brands-list/?srsltid=AfmBOop4Yxk6jl5WEJPdt1ZddofUGjD5jk-hPkQrBH_vO-lgxJEa_jqA,@4GfJ,,123456789,,,2026-04-16,,,,,,-30,❄️ TIER 4 — Cold
"Love Supreme Craft Cannabis | Grand Rapids, MI",Grand Rapids,Michigan,USA,https://www.lovesupremecultivations.com/,@lovesupremecc,user@domain.com.,1648055126,,,2026-04-16,,,,,,35,⭐ TIER 2 — Strong
new Supreme tees in store! All sizes and colors up to XXL. ...,Grand Rapids,Michigan,USA,https://www.instagram.com/p/C8z_D-0PLJt/,@rsrc.php,,1037486289,,,2026-04-16,,,,,,25,⭐ TIER 2 — Strong
Premier,Grand Rapids,Michigan,USA,https://thepremierstore.com/?srsltid=AfmBOorH12bpxXHKvLr9lAGjuM5lK1xFnIMTjaUuxbZzcz8l4r10rd8w,@premierskate,numbro@2.3.1,1639060251,,,2026-04-16,,,,,,10,📋 TIER 3 — Warm
Shop Rhude Online,Grand Rapids,Michigan,USA,https://www.nordstrom.com/brands/rhude--18936?srsltid=AfmBOoqxwlGs-P65Wt3R2zvtmGrkmFiS7h2M_3gG1_GDUa3n2LlPpYn4,@4GfJ,,123456789,,,2026-04-16,,,,,,30,⭐ TIER 2 — Strong
R H U D E,Grand Rapids,Michigan,USA,https://rh-ude.com/?srsltid=AfmBOoo9S2sx0PBp_1m4rIprAhwCNfOc7iWxMdnusqU0WZbVgIsB7fd-,@rhude,,1613580349,,,2026-04-16,,,,,,30,⭐ TIER 2 — Strong
SHOP ALL,Grand Rapids,Michigan,USA,https://rh-ude.com/collections/shop-all?srsltid=AfmBOoqBGA5loJCAOwa8A_4o_1ZaRmZduw2h9wimP49D6YihpIdAvTmt,@rhude,,1613580349,,,2026-04-16,,,,,,30,⭐ TIER 2 — Strong
Popular Demand Clothing Store,Grand Rapids,Michigan,USA,https://popular-demand.com/,@populardemandstore,info@popular-demand.com,9460289072,,,2026-04-16,,,,,,20,⭐ TIER 2 — Strong
"Retail & Wholesale Companies in La Vale, MD",Grand Rapids,Michigan,USA,"https://www.indeed.com/companies/best-Retail-&-Wholesale-companies-in-La-Vale,-MD",,,,,,2026-04-16,,,,,,-40,❄️ TIER 4 — Cold
Auto Value,Grand Rapids,Michigan,USA,https://www.autovalue.com/,@autovalue_bumpertobumper,,,,,2026-04-16,,,,,,-30,❄️ TIER 4 — Cold
Green Vale Farm - Grand Haven Area,Grand Rapids,Michigan,USA,https://visitgrandhaven.com/listings/green-vale-farm/,@visitgrandhavenarea,green.vale.farm.creamery@gmail.com,4855063027,,,2026-04-16,,,,,,-20,❄️ TIER 4 — Cold
"4352 Valley Vale Dr NE, Grand Rapids, MI 49525",Grand Rapids,Michigan,USA,https://www.zillow.com/homedetails/4352-Valley-Vale-Dr-NE-Grand-Rapids-MI-49525/23764290_zpid/,,,,,,2026-04-16,,,,,,-40,❄️ TIER 4 — Cold
VALE FOREVER – Vale Forever,Grand Rapids,Michigan,USA,https://www.valeforever.com/?srsltid=AfmBOorF6CnMLLJhmHS1SwuTJBtvvvRt-uEGlHafdOH_spnxnYzfE6WM,@media,,1774299210,,,2026-04-16,,,,,,30,⭐ TIER 2 — Strong
"Value City Furniture - Furniture Stores in Grand Rapids, ...",Grand Rapids,Michigan,USA,https://www.furniture.com/stores/michigan/grand-rapids/value-city-furniture,@furnituredotcom,customercenter@starfurniture.com,089.835.0562,,,2026-04-16,,,,,,-20,❄️ TIER 4 — Cold
Electra Vale Go! 9D EQ,Grand Rapids,Michigan,USA,https://www.westmichiganbike.com/product/electra-vale-go-9d-eq-402200-1.htm,@TwitterTag,,1769762267,,,2026-04-16,,,,,,-30,❄️ TIER 4 — Cold
"Veurink's RV and Marine Center in Grand Rapids, MI",Grand Rapids,Michigan,USA,https://www.veurinksrv.com/locations/grand-rapids,@veurinksrv,,1680129395,,,2026-04-16,,,,,,-30,❄️ TIER 4 — Cold
✨Retail Highlights✨ 🧀 We're excited to include @green. ...,Grand Rapids,Michigan,USA,https://www.instagram.com/p/DDs5vKdtsbE/,@green.vale.farm,,1037486289,,,2026-04-16,,,,,,-30,❄️ TIER 4 — Cold
"Auto Value Locations in Grand Rapids, MI",Grand Rapids,Michigan,USA,https://locations.autovalue.com/mi/grand-rapids/,@context,,616-301-7850,,,2026-04-16,,,,,,-30,❄️ TIER 4 — Cold
FERAL Grand Rapids | New & Used Outdoor Gear Shop,Grand Rapids,Michigan,USA,https://liveferal.com/pages/feral-grand-rapids?srsltid=AfmBOoqWtuNyDWu2mrrQdealD3XLSPu5hCK7KTxd75Cm6YC7ybFz9l8b,@feraldenver,,1768398599,,,2026-04-16,,,,,,-30,❄️ TIER 4 — Cold
"A.K. Rikk's | Luxury Clothing, Shoes & Accessories",Grand Rapids,Michigan,USA,https://akrikks.com/?srsltid=AfmBOorzNEOTOeirogV4NybU4N79-xklB0MkS8F2k77KXKRuemrFdV0t,@akrikks,,1741869100,,,2026-04-16,,,,,,10,📋 TIER 3 — Warm
Woodland Mall ::: Popular Demand,Grand Rapids,Michigan,USA,https://shopwoodlandmall.com/store/popular-demand,@woodlandmall,WoodlandMallMarketing@preit.com,1616206101,,,2026-04-16,,,,,,-20,❄️ TIER 4 — Cold
Unique Shopping in Grand Rapids,Grand Rapids,Michigan,USA,https://www.experiencegr.com/articles/post/unique-shopping/,@experiencegrandrapids,,9999999999,,,2026-04-16,,,,,,-30,❄️ TIER 4 — Cold
Popular Demand (@populardemandstore),Grand Rapids,Michigan,USA,https://www.instagram.com/populardemandstore/?hl=en,@populardemandstore,,1037486289,,,2026-04-16,,,,,,-30,❄️ TIER 4 — Cold
Summit Lane Boutique,Grand Rapids,Michigan,USA,https://shopsummitlane.com/?srsltid=AfmBOooyR7Gikv7AdUGEP1wa2zmQ9xalM_0ohDwE_2goLxucw6kUOtMO,@shop_summit_lane,,1736196494,,,2026-04-16,,,,,,10,📋 TIER 3 — Warm
Jefes (@jefes.mi) • Instagram photos and videos,Grand Rapids,Michigan,USA,https://www.instagram.com/jefes.mi/,@jefes.mi,,1037486289,,,2026-04-16,,,,,,-30,❄️ TIER 4 — Cold
Sonnys Sneaker Shop,Grand Rapids,Michigan,USA,https://sonnysgr.com/,@sonnysgr,Customersupport@sonnysgr.com,1724902169,,,2026-04-16,,,,,,20,⭐ TIER 2 — Strong
"We just restocked 100+ new clothing pieces for you, stop ...",Grand Rapids,Michigan,USA,https://www.instagram.com/p/C7AHHcFvszB/,@rsrc.php,,1037486289,,,2026-04-16,,,,,,10,📋 TIER 3 — Warm
Second Vibess: Reworked Vintage Clothing,Grand Rapids,Michigan,USA,https://www.secondvibess.com/,@second_vibess,focus-within-polyfill@5.0.9,2545352419,,,2026-04-16,,,,,,10,📋 TIER 3 — Warm
"Shakedown Street: Local Head Shop in Grand Rapids, MI",Grand Rapids,Michigan,USA,https://shakedowngr.com/,@shakedownstreetinc,,1684958780,,,2026-04-16,,,,,,-30,❄️ TIER 4 — Cold
No Limit (@nolimit.gr),Grand Rapids,Michigan,USA,https://www.instagram.com/nolimit.gr/?hl=en,@nolimit.gr,,1037486289,,,2026-04-16,,,,,,-30,❄️ TIER 4 — Cold
Hellstar Clothing | Tees Hoodies Long Sleeves,Ann Arbor,Michigan,USA,https://www.stadiumgoods.com/collections/hellstar?srsltid=AfmBOoqR2I6mq3Xn3Lyb-vM9fkyxUxAvwqR0D27TbcaqP71fFAQEz0Xi,@stadiumgoods,hello@shopmail.stadiumgoods.com,8070339516,,,2026-04-16,,,,,,45,🔥 TIER 1 — Hot
Hollister Co. at Briarwood Mall - Ann Arbor - Simon,Ann Arbor,Michigan,USA,https://www.simon.com/mall/briarwood-mall/stores/hollister-co,@hollister,,1766078725,,,2026-04-16,,,,,,-30,❄️ TIER 4 — Cold
HELLSTAR HSTAR T-SHIRT,Ann Arbor,Michigan,USA,https://www.a-ma-maniere.com/products/hellstar-hstar-t-shirt?srsltid=AfmBOoqYygFQvt2Gig2CBA2F0HEhL54MDoxumR7qFdqoPaGYJ8kgknjU,@maniere_usa,,1422991689,,,2026-04-16,,,,,,35,⭐ TIER 2 — Strong
Briarwood,Ann Arbor,Michigan,USA,https://www.hollisterco.com/shop/us/clothing-stores/US/AnnArbor/MI/31987,,,,,,2026-04-16,,,,,,0,❄️ TIER 4 — Cold
"Order Supreme Cheesy Breads - Ann Arbor, MI ...",Ann Arbor,Michigan,USA,https://www.doordash.com/store/supreme-cheesy-breads-ann-arbor-1614003/?srsltid=AfmBOopqk2uf57k60g6ZlJgy3eL2bQCKR07tnA8vD8ZG38QGhPCaWuB5,,,,,,2026-04-16,,,,,,15,📋 TIER 3 — Warm
Supreme Cheesy Breads & More,Ann Arbor,Michigan,USA,https://postmates.com/store/supreme-cheesy-breads-%26-more/Vxz6AWtBSXKYTLqFRufIpA/12975c51-be66-42c4-992f-f1939b5204a8/dcaede8b-2262-4ee2-89be-8408be710517?mod=storeInfo&modctx=%257B%2522storeSlug%2522%253A%2522supreme-cheesy-breads-%252526-more%2522%252C%2522storeUuid%2522%253A%2522571cfa01-6b41-4972-984c-ba8546e7c8a4%2522%252C%2522sectionUuid%2522%253A%252212975c51-be66-42c4-992f-f1939b5204a8%2522%257D&ps=1,@postmates,badge_check@3x.png,065-4057625,,,2026-04-16,,,,,,35,⭐ TIER 2 — Strong
Order Supreme Cheesy Breads & More - Menu & Prices,Ann Arbor,Michigan,USA,https://www.ubereats.com/store/supreme-cheesy-breads-%26-more/Vxz6AWtBSXKYTLqFRufIpA?srsltid=AfmBOoqDjA1ZOagvIadqMmuFzWbQCHt7yu55gOoVGwGWIoB0NX7UO9YJ,@ubereats,badge_check@3x.png,065-4057625,,,2026-04-16,,,,,,35,⭐ TIER 2 — Strong
"Local Streetwear Boutique, Motivation, hosts Supreme pop ...",Ann Arbor,Michigan,USA,https://www.ecurrent.com/news/local-streetwear-boutique-motivation-hosts-supreme-pop-up/,@current_mag,,2166679213,,,2026-04-16,,,,,,25,⭐ TIER 2 — Strong
R H U D E,Ann Arbor,Michigan,USA,https://rh-ude.com/?srsltid=AfmBOoqxCK90KN3Pb1G82biA1sxZioQoZKLgtXyjghiwgrc3t6XQWuzc,@rhude,,1613580349,,,2026-04-16,,,,,,30,⭐ TIER 2 — Strong
Shop Rhude Online,Ann Arbor,Michigan,USA,https://www.nordstrom.com/brands/rhude--18936?srsltid=AfmBOop2NGFF2U81MP5mmSKc3dhWz1Wqfeo9B6TYuJUTsjDZnO9K0JvN,@4GfJ,,123456789,,,2026-04-16,,,,,,30,⭐ TIER 2 — Strong
Rally House Ann Arbor Main Street,Ann Arbor,Michigan,USA,https://www.rallyhouse.com/stores/ann-arbor/315-south-main-street?srsltid=AfmBOopTNj6EVNsX2asifFA8NNMeDN092eKNXuWsx2knnYHNvQNFclt6,@rally_house,rallyaamainstreet@rallyhouse.com,1774452326,,,2026-04-16,,,,,,-20,❄️ TIER 4 — Cold
Bivouac Ann Arbor,Ann Arbor,Michigan,USA,https://www.bivouacannarbor.com/?srsltid=AfmBOorNkm0i1xhQE_hkgMxlI5MH0nMNeH8c8rI19ovUe0_9Jh9rYwLz,@bivouacboutique,info@bivouacannarbor.com,1583337852,,,2026-04-16,,,,,,20,⭐ TIER 2 — Strong
Contact Us,Ann Arbor,Michigan,USA,https://rh-ude.com/pages/contact-us?srsltid=AfmBOorvPIhXR5I4YJ2ASA8qDmYvd2ixiQ0kE3JQQkGFlcq-_RzJHZHL,@rhude,ORDERS@RH-UDE.COM,1613580349,,,2026-04-16,,,,,,40,🔥 TIER 1 — Hot
Lane Bryant Stores: Women's Plus Size Clothing Store ...,Ann Arbor,Michigan,USA,https://stores.lanebryant.com/,@lanebryant,,866-886-4731,,,2026-04-16,,,,,,10,📋 TIER 3 — Warm
Find Your Local Budget Blinds | Budget Blinds Locations,Ann Arbor,Michigan,USA,https://www.budgetblinds.com/locations/,@budgetblinds,,007679-1000,,,2026-04-16,,,,,,-30,❄️ TIER 4 — Cold
Location Directory,Ann Arbor,Michigan,USA,https://vcahospitals.com/find-a-hospital/location-directory,@vca,,1126933456,,,2026-04-16,,,,,,-30,❄️ TIER 4 — Cold
Vale Hoodie Restock In!🔥 Come Shop The Best Selection ...,Ann Arbor,Michigan,USA,https://www.instagram.com/p/DSDnNPSD2oj/,@rsrc.php,,1037486289,,,2026-04-16,,,,,,-30,❄️ TIER 4 — Cold
Vale Forever,Ann Arbor,Michigan,USA,https://www.sneakertownmia.com/collections/vale-forever?srsltid=AfmBOorZyYzZyglQF7ue39z_tPN2wncfIjJsGMZj-FG9krlGX10MjvZk,@sneakertown,help@sneakertown.com,1613663062,,,2026-04-16,,,,,,40,🔥 TIER 1 — Hot
MTVTN.com: Motivation | Streetwear & University of Michigan ...,Ann Arbor,Michigan,USA,https://mtvtn.com/?srsltid=AfmBOorq9sD3Sd6xzgqoi2Mi9D1c7bWmdfQMUVq3wFC6ExeitBEF6VkD,@mtvtn,,1269916960,,,2026-04-16,,,,,,10,📋 TIER 3 — Warm
"Value City Furniture - Furniture Stores in Ann Arbor, Michigan",Ann Arbor,Michigan,USA,https://www.furniture.com/stores/michigan/ann-arbor/value-city-furniture,@furnituredotcom,customercenter@starfurniture.com,089.835.0562,,,2026-04-16,,,,,,-20,❄️ TIER 4 — Cold
Auto Value Ann Arbor,Ann Arbor,Michigan,USA,https://locations.autovalue.com/mi/ann-arbor/1871012/,@context,,734-769-4900,,,2026-04-16,,,,,,-30,❄️ TIER 4 — Cold
"True Value Store Locations in Ann Arbor, Michigan",Ann Arbor,Michigan,USA,https://stores.truevalue.com/mi/ann-arbor/,@context,,734-663-8704,,,2026-04-16,,,,,,-30,❄️ TIER 4 — Cold
"Value City Furniture in Ann Arbor, MI United States",Ann Arbor,Michigan,USA,https://maps.apple.com/place?place-id=IE24E334516E192D6,@context,snippet-yelp-logo-6@2x.png,89933000,,,2026-04-16,,,,,,-20,❄️ TIER 4 — Cold
"Thrift Store in Ypsilanti, MI | Value World on E Michigan Ave",Ann Arbor,Michigan,USA,https://valueworld.com/blog/locations/ypsilanti/,@ValueWorldThrift,payroll@crownedeagle.com,1763746449,,,2026-04-16,,,,,,-20,❄️ TIER 4 — Cold
The Vapor Shoppe: Michigan's Top Vape and Smoke Shop,Ann Arbor,Michigan,USA,https://thevaporshoppeusa.com/,@font,Logo_f953bc88-27da-48f6-a254-2069b0793719_180x@2x.png,1635777489,,,2026-04-16,,,,,,-20,❄️ TIER 4 — Cold
TODAY CLOTHING,Ann Arbor,Michigan,USA,https://www.todayclothing.com/,@todayclothing,store@todayclothing.com,1200478660,,,2026-04-16,,,,,,20,⭐ TIER 2 — Strong
8 Men's Boutiques Around Ann Arbor,Ann Arbor,Michigan,USA,https://www.ecurrent.com/feature/8-mens-boutiques-around-ann-arbor/,@current_mag,,9999999999,,,2026-04-16,,,,,,10,📋 TIER 3 — Warm
Motivation Boutique,Ann Arbor,Michigan,USA,https://www.annarbor.org/listing/motivation-boutique/1097/,@annarbor,glide@3.4.1,9999999999,,,2026-04-16,,,,,,10,📋 TIER 3 — Warm
Our new Motivation store is now open 7 days a week! Take a ...,Ann Arbor,Michigan,USA,https://www.instagram.com/reel/DTlCPidES6f/,@rsrc.php,,1037486289,,,2026-04-16,,,,,,-30,❄️ TIER 4 — Cold
Motivation - Ann Arbor,Ann Arbor,Michigan,USA,https://mtvtn.com/?srsltid=AfmBOop6BRshe82_lFidmKFyUrge95bMsU7lSFm3IKpw4KO73h9NBvjV,@mtvtn,,1269916960,,,2026-04-16,,,,,,-30,❄️ TIER 4 — Cold
5 Ann Arbor Clothing Stores that Will Elevate Your Style,Ann Arbor,Michigan,USA,https://themich.org/2021/04/13/5-ann-arbor-clothing-stores-that-will-elevate-your-style/,@media,,1194984363,,,2026-04-16,,,,,,10,📋 TIER 3 — Warm
Selections from the Museum of Peace And Quiet FW25 ...,Ann Arbor,Michigan,USA,https://www.instagram.com/p/DTq6j82Ecbt/,@rsrc.php,,1037486289,,,2026-04-16,,,,,,-30,❄️ TIER 4 — Cold
Rally House Ann Arbor State Street,Ann Arbor,Michigan,USA,https://www.rallyhouse.com/stores/ann-arbor/303-south-state-street?srsltid=AfmBOorDpYmfaeBHISGG6e7Qtohvy985EtVvWgk_uIZ7qbkY3UCIilFD,@rally_house,rallyaastatestreet@rallyhouse.com,1774452326,,,2026-04-16,,,,,,-20,❄️ TIER 4 — Cold
City Man - America's Best Mens Streetwear Clothing Stores,Ann Arbor,Michigan,USA,https://citymanusa.com/?srsltid=AfmBOors8hmSZJLu_ZfzfzV9RR1Gi2FJby8qaeiBLDyasbR8qpXWA5mH,@context,swiper@9.2.2,1738665192,,,2026-04-16,,,,,,10,📋 TIER 3 — Warm
Shoe & Sneaker Store in Ann Arbor | JD Sports at Briarwood ...,Ann Arbor,Michigan,USA,https://stores.jdsports.com/mi/annarbor/briarwood-mall.html,@jdsportsus,,(734) 492-4136,,,2026-04-16,,,,,,10,📋 TIER 3 — Warm
"Ann Arbor Running Company - Shoes, Apparel and More",Ann Arbor,Michigan,USA,https://www.annarborrunningcompany.com/?srsltid=AfmBOorLa_xHULgxemTY2Ss_I5cUDMLhp6V7rxNnTedmRIm2rjAM3uA-,@annarbor_rc,orders@annarborrunningcompany.com,1738632969,,,2026-04-16,,,,,,20,⭐ TIER 2 — Strong
